id_modelo_nwp,latitude,longitude,data_hora_rodada,data_hora_previsao,valor
GFS,-12.5,-44.0,2025-06-03 00:00:00+00:00,2025-06-03 00:00:00+00:00,0.0
GFS,-12.5,-44.0,2025-06-03 00:00:00+00:00,2025-06-03 00:30:00+00:00,0.0
GFS,-12.5,-44.0,2025-06-03 00:00:00+00:00,2025-06-03 01:00:00+00:00,0.0
GFS,-12.5,-44.0,2025-06-03 00:00:00+00:00,2025-06-03 01:30:00+00:00,0.0
GFS,-12.5,-44.0,2025-06-03 00:00:00+00:00,2025-06-03 02:00:00+00:00,0.0
GFS,-12.5,-44.0,2025-06-03 00:00:00+00:00,2025-06-03 02:30:00+00:00,0.0
GFS,-12.5,-44.0,2025-06-03 00:00:00+00:00,2025-06-03 03:00:00+00:00,0.0
GFS,-12.5,-44.0,2025-06-03 00:00:00+00:00,2025-06-03 03:30:00+00:00,0.0
GFS,-12.5,-44.0,2025-06-03 00:00:00+00:00,2025-06-03 04:00:00+00:00,0.0
GFS,-12.5,-44.0,2025-06-03 00:00:00+00:00,2025-06-03 04:30:00+00:00,0.0
GFS,-12.5,-44.0,2025-06-03 00:00:00+00:00,2025-06-03 05:00:00+00:00,0.0
GFS,-12.5,-44.0,2025-06-03 00:00:00+00:00,2025-06-03 05:30:00+00:00,3.64
GFS,-12.5,-44.0,2025-06-03 00:00:00+00:00,2025-06-03 06:00:00+00:00,7.28
GFS,-12.5,-44.0,2025-06-03 00:00:00+00:00,2025-06-03 06:30:00+00:00,28.68
GFS,-12.5,-44.0,2025-06-03 00:00:00+00:00,2025-06-03 07:00:00+00:00,50.08
GFS,-12.5,-44.0,2025-06-03 00:00:00+00:00,2025-06-03 07:30:00+00:00,81.33
GFS,-12.5,-44.0,2025-06-03 00:00:00+00:00,2025-06-03 08:00:00+00:00,112.58
GFS,-12.5,-44.0,2025-06-03 00:00:00+00:00,2025-06-03 08:30:00+00:00,354.79
GFS,-12.5,-44.0,2025-06-03 00:00:00+00:00,2025-06-03 09:00:00+00:00,597.0
GFS,-12.5,-44.0,2025-06-03 00:00:00+00:00,2025-06-03 09:30:00+00:00,632.26
GFS,-12.5,-44.0,2025-06-03 00:00:00+00:00,2025-06-03 10:00:00+00:00,667.52
GFS,-12.5,-44.0,2025-06-03 00:00:00+00:00,2025-06-03 10:30:00+00:00,686.83
GFS,-12.5,-44.0,2025-06-03 00:00:00+00:00,2025-06-03 11:00:00+00:00,706.14
GFS,-12.5,-44.0,2025-06-03 00:00:00+00:00,2025-06-03 11:30:00+00:00,713.95
GFS,-12.5,-44.0,2025-06-03 00:00:00+00:00,2025-06-03 12:00:00+00:00,721.76
GFS,-12.5,-44.0,2025-06-03 00:00:00+00:00,2025-06-03 12:30:00+00:00,718.81
GFS,-12.5,-44.0,2025-06-03 00:00:00+00:00,2025-06-03 13:00:00+00:00,715.86
GFS,-12.5,-44.0,2025-06-03 00:00:00+00:00,2025-06-03 13:30:00+00:00,704.52
GFS,-12.5,-44.0,2025-06-03 00:00:00+00:00,2025-06-03 14:00:00+00:00,693.18
GFS,-12.5,-44.0,2025-06-03 00:00:00+00:00,2025-06-03 14:30:00+00:00,530.4
GFS,-12.5,-44.0,2025-06-03 00:00:00+00:00,2025-06-03 15:00:00+00:00,367.62
GFS,-12.5,-44.0,2025-06-03 00:00:00+00:00,2025-06-03 15:30:00+00:00,312.96
GFS,-12.5,-44.0,2025-06-03 00:00:00+00:00,2025-06-03 16:00:00+00:00,258.3
GFS,-12.5,-44.0,2025-06-03 00:00:00+00:00,2025-06-03 16:30:00+00:00,218.14
GFS,-12.5,-44.0,2025-06-03 00:00:00+00:00,2025-06-03 17:00:00+00:00,177.98
GFS,-12.5,-44.0,2025-06-03 00:00:00+00:00,2025-06-03 17:30:00+00:00,155.73
GFS,-12.5,-44.0,2025-06-03 00:00:00+00:00,2025-06-03 18:00:00+00:00,133.48
GFS,-12.5,-44.0,2025-06-03 00:00:00+00:00,2025-06-03 18:30:00+00:00,120.13
GFS,-12.5,-44.0,2025-06-03 00:00:00+00:00,2025-06-03 19:00:00+00:00,106.78
GFS,-12.5,-44.0,2025-06-03 00:00:00+00:00,2025-06-03 19:30:00+00:00,97.885
GFS,-12.5,-44.0,2025-06-03 00:00:00+00:00,2025-06-03 20:00:00+00:00,88.99
GFS,-12.5,-44.0,2025-06-03 00:00:00+00:00,2025-06-03 20:30:00+00:00,44.495
GFS,-12.5,-44.0,2025-06-03 00:00:00+00:00,2025-06-03 21:00:00+00:00,0.0
GFS,-12.5,-44.0,2025-06-03 00:00:00+00:00,2025-06-03 21:30:00+00:00,0.0
GFS,-12.5,-44.0,2025-06-03 00:00:00+00:00,2025-06-03 22:00:00+00:00,0.0
GFS,-12.5,-44.0,2025-06-03 00:00:00+00:00,2025-06-03 22:30:00+00:00,0.0
GFS,-12.5,-44.0,2025-06-03 00:00:00+00:00,2025-06-03 23:00:00+00:00,0.0
GFS,-12.5,-44.0,2025-06-03 00:00:00+00:00,2025-06-03 23:30:00+00:00,0.0
GFS,-12.5,-44.0,2025-06-03 00:00:00+00:00,2025-06-04 00:00:00+00:00,0.0
GFS,-12.5,-44.0,2025-06-03 00:00:00+00:00,2025-06-04 00:30:00+00:00,0.0
GFS,-12.5,-44.0,2025-06-03 00:00:00+00:00,2025-06-04 01:00:00+00:00,0.0
GFS,-12.5,-44.0,2025-06-03 00:00:00+00:00,2025-06-04 01:30:00+00:00,0.0
GFS,-12.5,-44.0,2025-06-03 00:00:00+00:00,2025-06-04 02:00:00+00:00,0.0
GFS,-12.5,-44.0,2025-06-03 00:00:00+00:00,2025-06-04 02:30:00+00:00,0.0
GFS,-12.5,-44.0,2025-06-03 00:00:00+00:00,2025-06-04 03:00:00+00:00,0.0
GFS,-12.5,-44.0,2025-06-03 00:00:00+00:00,2025-06-04 03:30:00+00:00,0.0
GFS,-12.5,-44.0,2025-06-03 00:00:00+00:00,2025-06-04 04:00:00+00:00,0.0
GFS,-12.5,-44.0,2025-06-03 00:00:00+00:00,2025-06-04 04:30:00+00:00,0.0
GFS,-12.5,-44.0,2025-06-03 00:00:00+00:00,2025-06-04 05:00:00+00:00,0.0
GFS,-12.5,-44.0,2025-06-03 00:00:00+00:00,2025-06-04 05:30:00+00:00,4.2
GFS,-12.5,-44.0,2025-06-03 00:00:00+00:00,2025-06-04 06:00:00+00:00,8.4
GFS,-12.5,-44.0,2025-06-03 00:00:00+00:00,2025-06-04 06:30:00+00:00,29.77
GFS,-12.5,-44.0,2025-06-03 00:00:00+00:00,2025-06-04 07:00:00+00:00,51.14
GFS,-12.5,-44.0,2025-06-03 00:00:00+00:00,2025-06-04 07:30:00+00:00,83.22
GFS,-12.5,-44.0,2025-06-03 00:00:00+00:00,2025-06-04 08:00:00+00:00,115.3
GFS,-12.5,-44.0,2025-06-03 00:00:00+00:00,2025-06-04 08:30:00+00:00,366.11
GFS,-12.5,-44.0,2025-06-03 00:00:00+00:00,2025-06-04 09:00:00+00:00,616.92
GFS,-12.5,-44.0,2025-06-03 00:00:00+00:00,2025-06-04 09:30:00+00:00,649.14
GFS,-12.5,-44.0,2025-06-03 00:00:00+00:00,2025-06-04 10:00:00+00:00,681.36
GFS,-12.5,-44.0,2025-06-03 00:00:00+00:00,2025-06-04 10:30:00+00:00,702.78
GFS,-12.5,-44.0,2025-06-03 00:00:00+00:00,2025-06-04 11:00:00+00:00,724.2
GFS,-12.5,-44.0,2025-06-03 00:00:00+00:00,2025-06-04 11:30:00+00:00,734.125
GFS,-12.5,-44.0,2025-06-03 00:00:00+00:00,2025-06-04 12:00:00+00:00,744.05
GFS,-12.5,-44.0,2025-06-03 00:00:00+00:00,2025-06-04 12:30:00+00:00,742.345
GFS,-12.5,-44.0,2025-06-03 00:00:00+00:00,2025-06-04 13:00:00+00:00,740.64
GFS,-12.5,-44.0,2025-06-03 00:00:00+00:00,2025-06-04 13:30:00+00:00,727.935
GFS,-12.5,-44.0,2025-06-03 00:00:00+00:00,2025-06-04 14:00:00+00:00,715.23
GFS,-12.5,-44.0,2025-06-03 00:00:00+00:00,2025-06-04 14:30:00+00:00,557.225
GFS,-12.5,-44.0,2025-06-03 00:00:00+00:00,2025-06-04 15:00:00+00:00,399.22
GFS,-12.5,-44.0,2025-06-03 00:00:00+00:00,2025-06-04 15:30:00+00:00,345.36
GFS,-12.5,-44.0,2025-06-03 00:00:00+00:00,2025-06-04 16:00:00+00:00,291.5
GFS,-12.5,-44.0,2025-06-03 00:00:00+00:00,2025-06-04 16:30:00+00:00,245.16
GFS,-12.5,-44.0,2025-06-03 00:00:00+00:00,2025-06-04 17:00:00+00:00,198.82
GFS,-12.5,-44.0,2025-06-03 00:00:00+00:00,2025-06-04 17:30:00+00:00,173.97
GFS,-12.5,-44.0,2025-06-03 00:00:00+00:00,2025-06-04 18:00:00+00:00,149.12
GFS,-12.5,-44.0,2025-06-03 00:00:00+00:00,2025-06-04 18:30:00+00:00,134.21
GFS,-12.5,-44.0,2025-06-03 00:00:00+00:00,2025-06-04 19:00:00+00:00,119.3
GFS,-12.5,-44.0,2025-06-03 00:00:00+00:00,2025-06-04 19:30:00+00:00,109.355
GFS,-12.5,-44.0,2025-06-03 00:00:00+00:00,2025-06-04 20:00:00+00:00,99.41
GFS,-12.5,-44.0,2025-06-03 00:00:00+00:00,2025-06-04 20:30:00+00:00,49.705
GFS,-12.5,-44.0,2025-06-03 00:00:00+00:00,2025-06-04 21:00:00+00:00,0.0
GFS,-12.5,-44.0,2025-06-03 00:00:00+00:00,2025-06-04 21:30:00+00:00,0.0
GFS,-12.5,-44.0,2025-06-03 00:00:00+00:00,2025-06-04 22:00:00+00:00,0.0
GFS,-12.5,-44.0,2025-06-03 00:00:00+00:00,2025-06-04 22:30:00+00:00,0.0
GFS,-12.5,-44.0,2025-06-03 00:00:00+00:00,2025-06-04 23:00:00+00:00,0.0
GFS,-12.5,-44.0,2025-06-03 00:00:00+00:00,2025-06-04 23:30:00+00:00,0.0
GFS,-12.5,-44.0,2025-06-03 00:00:00+00:00,2025-06-05 00:00:00+00:00,0.0
GFS,-12.5,-44.0,2025-06-03 00:00:00+00:00,2025-06-05 00:30:00+00:00,0.0
GFS,-12.5,-44.0,2025-06-03 00:00:00+00:00,2025-06-05 01:00:00+00:00,0.0
GFS,-12.5,-44.0,2025-06-03 00:00:00+00:00,2025-06-05 01:30:00+00:00,0.0
GFS,-12.5,-44.0,2025-06-03 00:00:00+00:00,2025-06-05 02:00:00+00:00,0.0
GFS,-12.5,-44.0,2025-06-03 00:00:00+00:00,2025-06-05 02:30:00+00:00,0.0
GFS,-12.5,-44.0,2025-06-03 00:00:00+00:00,2025-06-05 03:00:00+00:00,0.0
GFS,-12.5,-44.0,2025-06-03 00:00:00+00:00,2025-06-05 03:30:00+00:00,0.0
GFS,-12.5,-44.0,2025-06-03 00:00:00+00:00,2025-06-05 04:00:00+00:00,0.0
GFS,-12.5,-44.0,2025-06-03 00:00:00+00:00,2025-06-05 04:30:00+00:00,0.0
GFS,-12.5,-44.0,2025-06-03 00:00:00+00:00,2025-06-05 05:00:00+00:00,0.0
GFS,-12.5,-44.0,2025-06-03 00:00:00+00:00,2025-06-05 05:30:00+00:00,4.23
GFS,-12.5,-44.0,2025-06-03 00:00:00+00:00,2025-06-05 06:00:00+00:00,8.46
GFS,-12.5,-44.0,2025-06-03 00:00:00+00:00,2025-06-05 06:30:00+00:00,29.96
GFS,-12.5,-44.0,2025-06-03 00:00:00+00:00,2025-06-05 07:00:00+00:00,51.46
GFS,-12.5,-44.0,2025-06-03 00:00:00+00:00,2025-06-05 07:30:00+00:00,83.67
GFS,-12.5,-44.0,2025-06-03 00:00:00+00:00,2025-06-05 08:00:00+00:00,115.88
GFS,-12.5,-44.0,2025-06-03 00:00:00+00:00,2025-06-05 08:30:00+00:00,368.11
GFS,-12.5,-44.0,2025-06-03 00:00:00+00:00,2025-06-05 09:00:00+00:00,620.34
GFS,-12.5,-44.0,2025-06-03 00:00:00+00:00,2025-06-05 09:30:00+00:00,652.96
GFS,-12.5,-44.0,2025-06-03 00:00:00+00:00,2025-06-05 10:00:00+00:00,685.58
GFS,-12.5,-44.0,2025-06-03 00:00:00+00:00,2025-06-05 10:30:00+00:00,707.56
GFS,-12.5,-44.0,2025-06-03 00:00:00+00:00,2025-06-05 11:00:00+00:00,729.54
GFS,-12.5,-44.0,2025-06-03 00:00:00+00:00,2025-06-05 11:30:00+00:00,739.83
GFS,-12.5,-44.0,2025-06-03 00:00:00+00:00,2025-06-05 12:00:00+00:00,750.12
GFS,-12.5,-44.0,2025-06-03 00:00:00+00:00,2025-06-05 12:30:00+00:00,748.73
GFS,-12.5,-44.0,2025-06-03 00:00:00+00:00,2025-06-05 13:00:00+00:00,747.34
GFS,-12.5,-44.0,2025-06-03 00:00:00+00:00,2025-06-05 13:30:00+00:00,734.775
GFS,-12.5,-44.0,2025-06-03 00:00:00+00:00,2025-06-05 14:00:00+00:00,722.21
GFS,-12.5,-44.0,2025-06-03 00:00:00+00:00,2025-06-05 14:30:00+00:00,564.295
GFS,-12.5,-44.0,2025-06-03 00:00:00+00:00,2025-06-05 15:00:00+00:00,406.38
GFS,-12.5,-44.0,2025-06-03 00:00:00+00:00,2025-06-05 15:30:00+00:00,351.87
GFS,-12.5,-44.0,2025-06-03 00:00:00+00:00,2025-06-05 16:00:00+00:00,297.36
GFS,-12.5,-44.0,2025-06-03 00:00:00+00:00,2025-06-05 16:30:00+00:00,250.85
GFS,-12.5,-44.0,2025-06-03 00:00:00+00:00,2025-06-05 17:00:00+00:00,204.34
GFS,-12.5,-44.0,2025-06-03 00:00:00+00:00,2025-06-05 17:30:00+00:00,178.79
GFS,-12.5,-44.0,2025-06-03 00:00:00+00:00,2025-06-05 18:00:00+00:00,153.24
GFS,-12.5,-44.0,2025-06-03 00:00:00+00:00,2025-06-05 18:30:00+00:00,137.915
GFS,-12.5,-44.0,2025-06-03 00:00:00+00:00,2025-06-05 19:00:00+00:00,122.59
GFS,-12.5,-44.0,2025-06-03 00:00:00+00:00,2025-06-05 19:30:00+00:00,112.375
GFS,-12.5,-44.0,2025-06-03 00:00:00+00:00,2025-06-05 20:00:00+00:00,102.16
GFS,-12.5,-44.0,2025-06-03 00:00:00+00:00,2025-06-05 20:30:00+00:00,51.08
GFS,-12.5,-44.0,2025-06-03 00:00:00+00:00,2025-06-05 21:00:00+00:00,0.0
GFS,-12.5,-44.0,2025-06-03 00:00:00+00:00,2025-06-05 21:30:00+00:00,0.0
GFS,-12.5,-44.0,2025-06-03 00:00:00+00:00,2025-06-05 22:00:00+00:00,0.0
GFS,-12.5,-44.0,2025-06-03 00:00:00+00:00,2025-06-05 22:30:00+00:00,0.0
GFS,-12.5,-44.0,2025-06-03 00:00:00+00:00,2025-06-05 23:00:00+00:00,0.0
GFS,-12.5,-44.0,2025-06-03 00:00:00+00:00,2025-06-05 23:30:00+00:00,0.0
GFS,-12.5,-44.0,2025-06-03 00:00:00+00:00,2025-06-06 00:00:00+00:00,0.0
GFS,-12.5,-44.0,2025-06-03 00:00:00+00:00,2025-06-06 00:30:00+00:00,0.0
GFS,-12.5,-44.0,2025-06-03 00:00:00+00:00,2025-06-06 01:00:00+00:00,0.0
GFS,-12.5,-44.0,2025-06-03 00:00:00+00:00,2025-06-06 01:30:00+00:00,0.0
GFS,-12.5,-44.0,2025-06-03 00:00:00+00:00,2025-06-06 02:00:00+00:00,0.0
GFS,-12.5,-44.0,2025-06-03 00:00:00+00:00,2025-06-06 02:30:00+00:00,0.0
GFS,-12.5,-44.0,2025-06-03 00:00:00+00:00,2025-06-06 03:00:00+00:00,0.0
GFS,-12.5,-44.0,2025-06-03 00:00:00+00:00,2025-06-06 03:30:00+00:00,0.0
GFS,-12.5,-44.0,2025-06-03 00:00:00+00:00,2025-06-06 04:00:00+00:00,0.0
GFS,-12.5,-44.0,2025-06-03 00:00:00+00:00,2025-06-06 04:30:00+00:00,0.0
GFS,-12.5,-44.0,2025-06-03 00:00:00+00:00,2025-06-06 05:00:00+00:00,0.0
GFS,-12.5,-44.0,2025-06-03 00:00:00+00:00,2025-06-06 05:30:00+00:00,4.31
GFS,-12.5,-44.0,2025-06-03 00:00:00+00:00,2025-06-06 06:00:00+00:00,8.62
GFS,-12.5,-44.0,2025-06-03 00:00:00+00:00,2025-06-06 06:30:00+00:00,30.48
GFS,-12.5,-44.0,2025-06-03 00:00:00+00:00,2025-06-06 07:00:00+00:00,52.34
GFS,-12.5,-44.0,2025-06-03 00:00:00+00:00,2025-06-06 07:30:00+00:00,84.99
GFS,-12.5,-44.0,2025-06-03 00:00:00+00:00,2025-06-06 08:00:00+00:00,117.64
GFS,-12.5,-44.0,2025-06-03 00:00:00+00:00,2025-06-06 08:30:00+00:00,372.87
GFS,-12.5,-44.0,2025-06-03 00:00:00+00:00,2025-06-06 09:00:00+00:00,628.1
GFS,-12.5,-44.0,2025-06-03 00:00:00+00:00,2025-06-06 09:30:00+00:00,660.31
GFS,-12.5,-44.0,2025-06-03 00:00:00+00:00,2025-06-06 10:00:00+00:00,692.52
GFS,-12.5,-44.0,2025-06-03 00:00:00+00:00,2025-06-06 10:30:00+00:00,714.03
GFS,-12.5,-44.0,2025-06-03 00:00:00+00:00,2025-06-06 11:00:00+00:00,735.54
GFS,-12.5,-44.0,2025-06-03 00:00:00+00:00,2025-06-06 11:30:00+00:00,745.665
GFS,-12.5,-44.0,2025-06-03 00:00:00+00:00,2025-06-06 12:00:00+00:00,755.79
GFS,-12.5,-44.0,2025-06-03 00:00:00+00:00,2025-06-06 12:30:00+00:00,754.2
GFS,-12.5,-44.0,2025-06-03 00:00:00+00:00,2025-06-06 13:00:00+00:00,752.61
GFS,-12.5,-44.0,2025-06-03 00:00:00+00:00,2025-06-06 13:30:00+00:00,739.935
GFS,-12.5,-44.0,2025-06-03 00:00:00+00:00,2025-06-06 14:00:00+00:00,727.26
GFS,-12.5,-44.0,2025-06-03 00:00:00+00:00,2025-06-06 14:30:00+00:00,568.62
GFS,-12.5,-44.0,2025-06-03 00:00:00+00:00,2025-06-06 15:00:00+00:00,409.98
GFS,-12.5,-44.0,2025-06-03 00:00:00+00:00,2025-06-06 15:30:00+00:00,355.07
GFS,-12.5,-44.0,2025-06-03 00:00:00+00:00,2025-06-06 16:00:00+00:00,300.16
GFS,-12.5,-44.0,2025-06-03 00:00:00+00:00,2025-06-06 16:30:00+00:00,253.23
GFS,-12.5,-44.0,2025-06-03 00:00:00+00:00,2025-06-06 17:00:00+00:00,206.3
GFS,-12.5,-44.0,2025-06-03 00:00:00+00:00,2025-06-06 17:30:00+00:00,180.51
GFS,-12.5,-44.0,2025-06-03 00:00:00+00:00,2025-06-06 18:00:00+00:00,154.72
GFS,-12.5,-44.0,2025-06-03 00:00:00+00:00,2025-06-06 18:30:00+00:00,139.25
GFS,-12.5,-44.0,2025-06-03 00:00:00+00:00,2025-06-06 19:00:00+00:00,123.78
GFS,-12.5,-44.0,2025-06-03 00:00:00+00:00,2025-06-06 19:30:00+00:00,113.465
GFS,-12.5,-44.0,2025-06-03 00:00:00+00:00,2025-06-06 20:00:00+00:00,103.15
GFS,-12.5,-44.0,2025-06-03 00:00:00+00:00,2025-06-06 20:30:00+00:00,51.575
GFS,-12.5,-44.0,2025-06-03 00:00:00+00:00,2025-06-06 21:00:00+00:00,0.0
GFS,-12.5,-44.0,2025-06-03 00:00:00+00:00,2025-06-06 21:30:00+00:00,0.0
GFS,-12.5,-44.0,2025-06-03 00:00:00+00:00,2025-06-06 22:00:00+00:00,0.0
GFS,-12.5,-44.0,2025-06-03 00:00:00+00:00,2025-06-06 22:30:00+00:00,0.0
GFS,-12.5,-44.0,2025-06-03 00:00:00+00:00,2025-06-06 23:00:00+00:00,0.0
GFS,-12.5,-44.0,2025-06-03 00:00:00+00:00,2025-06-06 23:30:00+00:00,0.0
GFS,-12.5,-44.0,2025-06-03 00:00:00+00:00,2025-06-07 00:00:00+00:00,0.0
GFS,-12.5,-44.0,2025-06-03 00:00:00+00:00,2025-06-07 00:30:00+00:00,0.0
GFS,-12.5,-44.0,2025-06-03 00:00:00+00:00,2025-06-07 01:00:00+00:00,0.0
GFS,-12.5,-44.0,2025-06-03 00:00:00+00:00,2025-06-07 01:30:00+00:00,0.0
GFS,-12.5,-44.0,2025-06-03 00:00:00+00:00,2025-06-07 02:00:00+00:00,0.0
GFS,-12.5,-44.0,2025-06-03 00:00:00+00:00,2025-06-07 02:30:00+00:00,0.0
GFS,-12.5,-44.0,2025-06-03 00:00:00+00:00,2025-06-07 03:00:00+00:00,0.0
GFS,-12.5,-44.0,2025-06-03 00:00:00+00:00,2025-06-07 03:30:00+00:00,0.0
GFS,-12.5,-44.0,2025-06-03 00:00:00+00:00,2025-06-07 04:00:00+00:00,0.0
GFS,-12.5,-44.0,2025-06-03 00:00:00+00:00,2025-06-07 04:30:00+00:00,0.0
GFS,-12.5,-44.0,2025-06-03 00:00:00+00:00,2025-06-07 05:00:00+00:00,0.0
GFS,-12.5,-44.0,2025-06-03 00:00:00+00:00,2025-06-07 05:30:00+00:00,4.22
GFS,-12.5,-44.0,2025-06-03 00:00:00+00:00,2025-06-07 06:00:00+00:00,8.44
GFS,-12.5,-44.0,2025-06-03 00:00:00+00:00,2025-06-07 06:30:00+00:00,30.04
GFS,-12.5,-44.0,2025-06-03 00:00:00+00:00,2025-06-07 07:00:00+00:00,51.64
GFS,-12.5,-44.0,2025-06-03 00:00:00+00:00,2025-06-07 07:30:00+00:00,84.1
GFS,-12.5,-44.0,2025-06-03 00:00:00+00:00,2025-06-07 08:00:00+00:00,116.56
GFS,-12.5,-44.0,2025-06-03 00:00:00+00:00,2025-06-07 08:30:00+00:00,370.84
GFS,-12.5,-44.0,2025-06-03 00:00:00+00:00,2025-06-07 09:00:00+00:00,625.12
GFS,-12.5,-44.0,2025-06-03 00:00:00+00:00,2025-06-07 09:30:00+00:00,657.46
GFS,-12.5,-44.0,2025-06-03 00:00:00+00:00,2025-06-07 10:00:00+00:00,689.8
GFS,-12.5,-44.0,2025-06-03 00:00:00+00:00,2025-06-07 10:30:00+00:00,711.59
GFS,-12.5,-44.0,2025-06-03 00:00:00+00:00,2025-06-07 11:00:00+00:00,733.38
GFS,-12.5,-44.0,2025-06-03 00:00:00+00:00,2025-06-07 11:30:00+00:00,743.53
GFS,-12.5,-44.0,2025-06-03 00:00:00+00:00,2025-06-07 12:00:00+00:00,753.68
GFS,-12.5,-44.0,2025-06-03 00:00:00+00:00,2025-06-07 12:30:00+00:00,752.095
GFS,-12.5,-44.0,2025-06-03 00:00:00+00:00,2025-06-07 13:00:00+00:00,750.51
GFS,-12.5,-44.0,2025-06-03 00:00:00+00:00,2025-06-07 13:30:00+00:00,737.765
GFS,-12.5,-44.0,2025-06-03 00:00:00+00:00,2025-06-07 14:00:00+00:00,725.02
GFS,-12.5,-44.0,2025-06-03 00:00:00+00:00,2025-06-07 14:30:00+00:00,565.82
GFS,-12.5,-44.0,2025-06-03 00:00:00+00:00,2025-06-07 15:00:00+00:00,406.62
GFS,-12.5,-44.0,2025-06-03 00:00:00+00:00,2025-06-07 15:30:00+00:00,352.02
GFS,-12.5,-44.0,2025-06-03 00:00:00+00:00,2025-06-07 16:00:00+00:00,297.42
GFS,-12.5,-44.0,2025-06-03 00:00:00+00:00,2025-06-07 16:30:00+00:00,250.91
GFS,-12.5,-44.0,2025-06-03 00:00:00+00:00,2025-06-07 17:00:00+00:00,204.4
GFS,-12.5,-44.0,2025-06-03 00:00:00+00:00,2025-06-07 17:30:00+00:00,178.85
GFS,-12.5,-44.0,2025-06-03 00:00:00+00:00,2025-06-07 18:00:00+00:00,153.3
GFS,-12.5,-44.0,2025-06-03 00:00:00+00:00,2025-06-07 18:30:00+00:00,137.97
GFS,-12.5,-44.0,2025-06-03 00:00:00+00:00,2025-06-07 19:00:00+00:00,122.64
GFS,-12.5,-44.0,2025-06-03 00:00:00+00:00,2025-06-07 19:30:00+00:00,112.415
GFS,-12.5,-44.0,2025-06-03 00:00:00+00:00,2025-06-07 20:00:00+00:00,102.19
GFS,-12.5,-44.0,2025-06-03 00:00:00+00:00,2025-06-07 20:30:00+00:00,51.095
GFS,-12.5,-44.0,2025-06-03 00:00:00+00:00,2025-06-07 21:00:00+00:00,0.0
GFS,-12.5,-44.0,2025-06-03 00:00:00+00:00,2025-06-07 21:30:00+00:00,0.0
GFS,-12.5,-44.0,2025-06-03 00:00:00+00:00,2025-06-07 22:00:00+00:00,0.0
GFS,-12.5,-44.0,2025-06-03 00:00:00+00:00,2025-06-07 22:30:00+00:00,0.0
GFS,-12.5,-44.0,2025-06-03 00:00:00+00:00,2025-06-07 23:00:00+00:00,0.0
GFS,-12.5,-44.0,2025-06-03 00:00:00+00:00,2025-06-07 23:30:00+00:00,0.0
GFS,-12.5,-44.0,2025-06-03 00:00:00+00:00,2025-06-08 00:00:00+00:00,0.0
GFS,-12.5,-44.0,2025-06-03 00:00:00+00:00,2025-06-08 00:30:00+00:00,0.0
GFS,-12.5,-44.0,2025-06-03 00:00:00+00:00,2025-06-08 01:00:00+00:00,0.0
GFS,-12.5,-44.0,2025-06-03 00:00:00+00:00,2025-06-08 01:30:00+00:00,0.0
GFS,-12.5,-44.0,2025-06-03 00:00:00+00:00,2025-06-08 02:00:00+00:00,0.0
GFS,-12.5,-44.0,2025-06-03 00:00:00+00:00,2025-06-08 02:30:00+00:00,0.0
GFS,-12.5,-44.0,2025-06-03 00:00:00+00:00,2025-06-08 03:00:00+00:00,0.0
GFS,-12.5,-44.0,2025-06-03 00:00:00+00:00,2025-06-08 03:30:00+00:00,0.0
GFS,-12.5,-44.0,2025-06-03 00:00:00+00:00,2025-06-08 04:00:00+00:00,0.0
GFS,-12.5,-44.0,2025-06-03 00:00:00+00:00,2025-06-08 04:30:00+00:00,0.0
GFS,-12.5,-44.0,2025-06-03 00:00:00+00:00,2025-06-08 05:00:00+00:00,0.0
GFS,-12.5,-44.0,2025-06-03 00:00:00+00:00,2025-06-08 05:30:00+00:00,4.04
GFS,-12.5,-44.0,2025-06-03 00:00:00+00:00,2025-06-08 06:00:00+00:00,8.08
GFS,-12.5,-44.0,2025-06-03 00:00:00+00:00,2025-06-08 06:30:00+00:00,29.39
GFS,-12.5,-44.0,2025-06-03 00:00:00+00:00,2025-06-08 07:00:00+00:00,50.7
GFS,-12.5,-44.0,2025-06-03 00:00:00+00:00,2025-06-08 07:30:00+00:00,82.07
GFS,-12.5,-44.0,2025-06-03 00:00:00+00:00,2025-06-08 08:00:00+00:00,113.44
GFS,-12.5,-44.0,2025-06-03 00:00:00+00:00,2025-06-08 08:30:00+00:00,351.85
GFS,-12.5,-44.0,2025-06-03 00:00:00+00:00,2025-06-08 09:00:00+00:00,590.26
GFS,-12.5,-44.0,2025-06-03 00:00:00+00:00,2025-06-08 09:30:00+00:00,626.66
GFS,-12.5,-44.0,2025-06-03 00:00:00+00:00,2025-06-08 10:00:00+00:00,663.06
GFS,-12.5,-44.0,2025-06-03 00:00:00+00:00,2025-06-08 10:30:00+00:00,687.34
GFS,-12.5,-44.0,2025-06-03 00:00:00+00:00,2025-06-08 11:00:00+00:00,711.62
GFS,-12.5,-44.0,2025-06-03 00:00:00+00:00,2025-06-08 11:30:00+00:00,723.45
GFS,-12.5,-44.0,2025-06-03 00:00:00+00:00,2025-06-08 12:00:00+00:00,735.28
GFS,-12.5,-44.0,2025-06-03 00:00:00+00:00,2025-06-08 12:30:00+00:00,734.33
GFS,-12.5,-44.0,2025-06-03 00:00:00+00:00,2025-06-08 13:00:00+00:00,733.38
GFS,-12.5,-44.0,2025-06-03 00:00:00+00:00,2025-06-08 13:30:00+00:00,719.26
GFS,-12.5,-44.0,2025-06-03 00:00:00+00:00,2025-06-08 14:00:00+00:00,705.14
GFS,-12.5,-44.0,2025-06-03 00:00:00+00:00,2025-06-08 14:30:00+00:00,530.9
GFS,-12.5,-44.0,2025-06-03 00:00:00+00:00,2025-06-08 15:00:00+00:00,356.66
GFS,-12.5,-44.0,2025-06-03 00:00:00+00:00,2025-06-08 15:30:00+00:00,305.71
GFS,-12.5,-44.0,2025-06-03 00:00:00+00:00,2025-06-08 16:00:00+00:00,254.76
GFS,-12.5,-44.0,2025-06-03 00:00:00+00:00,2025-06-08 16:30:00+00:00,215.07
GFS,-12.5,-44.0,2025-06-03 00:00:00+00:00,2025-06-08 17:00:00+00:00,175.38
GFS,-12.5,-44.0,2025-06-03 00:00:00+00:00,2025-06-08 17:30:00+00:00,153.46
GFS,-12.5,-44.0,2025-06-03 00:00:00+00:00,2025-06-08 18:00:00+00:00,131.54
GFS,-12.5,-44.0,2025-06-03 00:00:00+00:00,2025-06-08 18:30:00+00:00,118.38
GFS,-12.5,-44.0,2025-06-03 00:00:00+00:00,2025-06-08 19:00:00+00:00,105.22
GFS,-12.5,-44.0,2025-06-03 00:00:00+00:00,2025-06-08 19:30:00+00:00,96.46
GFS,-12.5,-44.0,2025-06-03 00:00:00+00:00,2025-06-08 20:00:00+00:00,87.7
GFS,-12.5,-44.0,2025-06-03 00:00:00+00:00,2025-06-08 20:30:00+00:00,43.85
GFS,-12.5,-44.0,2025-06-03 00:00:00+00:00,2025-06-08 21:00:00+00:00,0.0
GFS,-12.5,-44.0,2025-06-03 00:00:00+00:00,2025-06-08 21:30:00+00:00,0.0
GFS,-12.5,-44.0,2025-06-03 00:00:00+00:00,2025-06-08 22:00:00+00:00,0.0
GFS,-12.5,-44.0,2025-06-03 00:00:00+00:00,2025-06-08 22:30:00+00:00,0.0
GFS,-12.5,-44.0,2025-06-03 00:00:00+00:00,2025-06-08 23:00:00+00:00,0.0
GFS,-12.5,-44.0,2025-06-03 00:00:00+00:00,2025-06-08 23:30:00+00:00,0.0
GFS,-12.5,-44.0,2025-06-03 00:00:00+00:00,2025-06-09 00:00:00+00:00,0.0
GFS,-12.5,-44.0,2025-06-03 00:00:00+00:00,2025-06-09 00:30:00+00:00,0.0
GFS,-12.5,-44.0,2025-06-03 00:00:00+00:00,2025-06-09 01:00:00+00:00,0.0
GFS,-12.5,-44.0,2025-06-03 00:00:00+00:00,2025-06-09 01:30:00+00:00,0.0
GFS,-12.5,-44.0,2025-06-03 00:00:00+00:00,2025-06-09 02:00:00+00:00,0.0
GFS,-12.5,-44.0,2025-06-03 00:00:00+00:00,2025-06-09 02:30:00+00:00,0.0
GFS,-12.5,-44.0,2025-06-03 00:00:00+00:00,2025-06-09 03:00:00+00:00,0.0
GFS,-12.5,-44.0,2025-06-03 00:00:00+00:00,2025-06-09 03:30:00+00:00,0.0
GFS,-12.5,-44.0,2025-06-03 00:00:00+00:00,2025-06-09 04:00:00+00:00,0.0
GFS,-12.5,-44.0,2025-06-03 00:00:00+00:00,2025-06-09 04:30:00+00:00,0.0
GFS,-12.5,-44.0,2025-06-03 00:00:00+00:00,2025-06-09 05:00:00+00:00,0.0
GFS,-12.5,-44.0,2025-06-03 00:00:00+00:00,2025-06-09 05:30:00+00:00,4.23
GFS,-12.5,-44.0,2025-06-03 00:00:00+00:00,2025-06-09 06:00:00+00:00,8.46
GFS,-12.5,-44.0,2025-06-03 00:00:00+00:00,2025-06-09 06:30:00+00:00,30.39
GFS,-12.5,-44.0,2025-06-03 00:00:00+00:00,2025-06-09 07:00:00+00:00,52.32
GFS,-12.5,-44.0,2025-06-03 00:00:00+00:00,2025-06-09 07:30:00+00:00,83.975
GFS,-12.5,-44.0,2025-06-03 00:00:00+00:00,2025-06-09 08:00:00+00:00,115.63
GFS,-12.5,-44.0,2025-06-03 00:00:00+00:00,2025-06-09 08:30:00+00:00,373.005
GFS,-12.5,-44.0,2025-06-03 00:00:00+00:00,2025-06-09 09:00:00+00:00,630.38
GFS,-12.5,-44.0,2025-06-03 00:00:00+00:00,2025-06-09 09:30:00+00:00,663.02
GFS,-12.5,-44.0,2025-06-03 00:00:00+00:00,2025-06-09 10:00:00+00:00,695.66
GFS,-12.5,-44.0,2025-06-03 00:00:00+00:00,2025-06-09 10:30:00+00:00,717.37
GFS,-12.5,-44.0,2025-06-03 00:00:00+00:00,2025-06-09 11:00:00+00:00,739.08
GFS,-12.5,-44.0,2025-06-03 00:00:00+00:00,2025-06-09 11:30:00+00:00,748.65
GFS,-12.5,-44.0,2025-06-03 00:00:00+00:00,2025-06-09 12:00:00+00:00,758.22
GFS,-12.5,-44.0,2025-06-03 00:00:00+00:00,2025-06-09 12:30:00+00:00,753.48
GFS,-12.5,-44.0,2025-06-03 00:00:00+00:00,2025-06-09 13:00:00+00:00,748.74
GFS,-12.5,-44.0,2025-06-03 00:00:00+00:00,2025-06-09 13:30:00+00:00,736.555
GFS,-12.5,-44.0,2025-06-03 00:00:00+00:00,2025-06-09 14:00:00+00:00,724.37
GFS,-12.5,-44.0,2025-06-03 00:00:00+00:00,2025-06-09 14:30:00+00:00,568.445
GFS,-12.5,-44.0,2025-06-03 00:00:00+00:00,2025-06-09 15:00:00+00:00,412.52
GFS,-12.5,-44.0,2025-06-03 00:00:00+00:00,2025-06-09 15:30:00+00:00,357.46
GFS,-12.5,-44.0,2025-06-03 00:00:00+00:00,2025-06-09 16:00:00+00:00,302.4
GFS,-12.5,-44.0,2025-06-03 00:00:00+00:00,2025-06-09 16:30:00+00:00,255.13
GFS,-12.5,-44.0,2025-06-03 00:00:00+00:00,2025-06-09 17:00:00+00:00,207.86
GFS,-12.5,-44.0,2025-06-03 00:00:00+00:00,2025-06-09 17:30:00+00:00,181.88
GFS,-12.5,-44.0,2025-06-03 00:00:00+00:00,2025-06-09 18:00:00+00:00,155.9
GFS,-12.5,-44.0,2025-06-03 00:00:00+00:00,2025-06-09 18:30:00+00:00,140.31
GFS,-12.5,-44.0,2025-06-03 00:00:00+00:00,2025-06-09 19:00:00+00:00,124.72
GFS,-12.5,-44.0,2025-06-03 00:00:00+00:00,2025-06-09 19:30:00+00:00,114.33
GFS,-12.5,-44.0,2025-06-03 00:00:00+00:00,2025-06-09 20:00:00+00:00,103.94
GFS,-12.5,-44.0,2025-06-03 00:00:00+00:00,2025-06-09 20:30:00+00:00,51.97
GFS,-12.5,-44.0,2025-06-03 00:00:00+00:00,2025-06-09 21:00:00+00:00,0.0
GFS,-12.5,-44.0,2025-06-03 00:00:00+00:00,2025-06-09 21:30:00+00:00,0.0
GFS,-12.5,-44.0,2025-06-03 00:00:00+00:00,2025-06-09 22:00:00+00:00,0.0
GFS,-12.5,-44.0,2025-06-03 00:00:00+00:00,2025-06-09 22:30:00+00:00,0.0
GFS,-12.5,-44.0,2025-06-03 00:00:00+00:00,2025-06-09 23:00:00+00:00,0.0
GFS,-12.5,-44.0,2025-06-03 00:00:00+00:00,2025-06-09 23:30:00+00:00,0.0
GFS,-12.5,-44.0,2025-06-03 00:00:00+00:00,2025-06-10 00:00:00+00:00,0.0
GFS,-12.5,-44.0,2025-06-03 00:00:00+00:00,2025-06-10 00:30:00+00:00,0.0
GFS,-12.5,-44.0,2025-06-03 00:00:00+00:00,2025-06-10 01:00:00+00:00,0.0
GFS,-12.5,-44.0,2025-06-03 00:00:00+00:00,2025-06-10 01:30:00+00:00,0.0
GFS,-12.5,-44.0,2025-06-03 00:00:00+00:00,2025-06-10 02:00:00+00:00,0.0
GFS,-12.5,-44.0,2025-06-03 00:00:00+00:00,2025-06-10 02:30:00+00:00,0.0
GFS,-12.5,-44.0,2025-06-03 00:00:00+00:00,2025-06-10 03:00:00+00:00,0.0
GFS,-12.5,-44.0,2025-06-03 00:00:00+00:00,2025-06-10 03:30:00+00:00,0.0
GFS,-12.5,-44.0,2025-06-03 00:00:00+00:00,2025-06-10 04:00:00+00:00,0.0
GFS,-12.5,-44.0,2025-06-03 00:00:00+00:00,2025-06-10 04:30:00+00:00,0.0
GFS,-12.5,-44.0,2025-06-03 00:00:00+00:00,2025-06-10 05:00:00+00:00,0.0
GFS,-12.5,-44.0,2025-06-03 00:00:00+00:00,2025-06-10 05:30:00+00:00,4.06
GFS,-12.5,-44.0,2025-06-03 00:00:00+00:00,2025-06-10 06:00:00+00:00,8.12
GFS,-12.5,-44.0,2025-06-03 00:00:00+00:00,2025-06-10 06:30:00+00:00,29.59
GFS,-12.5,-44.0,2025-06-03 00:00:00+00:00,2025-06-10 07:00:00+00:00,51.06
GFS,-12.5,-44.0,2025-06-03 00:00:00+00:00,2025-06-10 07:30:00+00:00,83.41
GFS,-12.5,-44.0,2025-06-03 00:00:00+00:00,2025-06-10 08:00:00+00:00,115.76
GFS,-12.5,-44.0,2025-06-03 00:00:00+00:00,2025-06-10 08:30:00+00:00,369.24
GFS,-12.5,-44.0,2025-06-03 00:00:00+00:00,2025-06-10 09:00:00+00:00,622.72
GFS,-12.5,-44.0,2025-06-03 00:00:00+00:00,2025-06-10 09:30:00+00:00,655.42
GFS,-12.5,-44.0,2025-06-03 00:00:00+00:00,2025-06-10 10:00:00+00:00,688.12
GFS,-12.5,-44.0,2025-06-03 00:00:00+00:00,2025-06-10 10:30:00+00:00,709.93
GFS,-12.5,-44.0,2025-06-03 00:00:00+00:00,2025-06-10 11:00:00+00:00,731.74
GFS,-12.5,-44.0,2025-06-03 00:00:00+00:00,2025-06-10 11:30:00+00:00,741.91
GFS,-12.5,-44.0,2025-06-03 00:00:00+00:00,2025-06-10 12:00:00+00:00,752.08
GFS,-12.5,-44.0,2025-06-03 00:00:00+00:00,2025-06-10 12:30:00+00:00,750.655
GFS,-12.5,-44.0,2025-06-03 00:00:00+00:00,2025-06-10 13:00:00+00:00,749.23
GFS,-12.5,-44.0,2025-06-03 00:00:00+00:00,2025-06-10 13:30:00+00:00,736.695
GFS,-12.5,-44.0,2025-06-03 00:00:00+00:00,2025-06-10 14:00:00+00:00,724.16
GFS,-12.5,-44.0,2025-06-03 00:00:00+00:00,2025-06-10 14:30:00+00:00,566.26
GFS,-12.5,-44.0,2025-06-03 00:00:00+00:00,2025-06-10 15:00:00+00:00,408.36
GFS,-12.5,-44.0,2025-06-03 00:00:00+00:00,2025-06-10 15:30:00+00:00,353.74
GFS,-12.5,-44.0,2025-06-03 00:00:00+00:00,2025-06-10 16:00:00+00:00,299.12
GFS,-12.5,-44.0,2025-06-03 00:00:00+00:00,2025-06-10 16:30:00+00:00,252.38
GFS,-12.5,-44.0,2025-06-03 00:00:00+00:00,2025-06-10 17:00:00+00:00,205.64
GFS,-12.5,-44.0,2025-06-03 00:00:00+00:00,2025-06-10 17:30:00+00:00,179.93
GFS,-12.5,-44.0,2025-06-03 00:00:00+00:00,2025-06-10 18:00:00+00:00,154.22
GFS,-12.5,-44.0,2025-06-03 00:00:00+00:00,2025-06-10 18:30:00+00:00,138.8
GFS,-12.5,-44.0,2025-06-03 00:00:00+00:00,2025-06-10 19:00:00+00:00,123.38
GFS,-12.5,-44.0,2025-06-03 00:00:00+00:00,2025-06-10 19:30:00+00:00,113.1
GFS,-12.5,-44.0,2025-06-03 00:00:00+00:00,2025-06-10 20:00:00+00:00,102.82
GFS,-12.5,-44.0,2025-06-03 00:00:00+00:00,2025-06-10 20:30:00+00:00,51.41
GFS,-12.5,-44.0,2025-06-03 00:00:00+00:00,2025-06-10 21:00:00+00:00,0.0
GFS,-12.5,-44.0,2025-06-03 00:00:00+00:00,2025-06-10 21:30:00+00:00,0.0
GFS,-12.5,-44.0,2025-06-03 00:00:00+00:00,2025-06-10 22:00:00+00:00,0.0
GFS,-12.5,-44.0,2025-06-03 00:00:00+00:00,2025-06-10 22:30:00+00:00,0.0
GFS,-12.5,-44.0,2025-06-03 00:00:00+00:00,2025-06-10 23:00:00+00:00,0.0
GFS,-12.5,-44.0,2025-06-03 00:00:00+00:00,2025-06-10 23:30:00+00:00,0.0
GFS,-12.5,-44.0,2025-06-03 00:00:00+00:00,2025-06-11 00:00:00+00:00,0.0
GFS,-12.5,-44.0,2025-06-03 00:00:00+00:00,2025-06-11 00:30:00+00:00,0.0
GFS,-12.5,-44.0,2025-06-03 00:00:00+00:00,2025-06-11 01:00:00+00:00,0.0
GFS,-12.5,-44.0,2025-06-03 00:00:00+00:00,2025-06-11 01:30:00+00:00,0.0
GFS,-12.5,-44.0,2025-06-03 00:00:00+00:00,2025-06-11 02:00:00+00:00,0.0
GFS,-12.5,-44.0,2025-06-03 00:00:00+00:00,2025-06-11 02:30:00+00:00,0.0
GFS,-12.5,-44.0,2025-06-03 00:00:00+00:00,2025-06-11 03:00:00+00:00,0.0
GFS,-12.5,-44.0,2025-06-03 00:00:00+00:00,2025-06-11 03:30:00+00:00,0.0
GFS,-12.5,-44.0,2025-06-03 00:00:00+00:00,2025-06-11 04:00:00+00:00,0.0
GFS,-12.5,-44.0,2025-06-03 00:00:00+00:00,2025-06-11 04:30:00+00:00,0.0
GFS,-12.5,-44.0,2025-06-03 00:00:00+00:00,2025-06-11 05:00:00+00:00,0.0
GFS,-12.5,-44.0,2025-06-03 00:00:00+00:00,2025-06-11 05:30:00+00:00,3.74
GFS,-12.5,-44.0,2025-06-03 00:00:00+00:00,2025-06-11 06:00:00+00:00,7.48
GFS,-12.5,-44.0,2025-06-03 00:00:00+00:00,2025-06-11 06:30:00+00:00,28.67
GFS,-12.5,-44.0,2025-06-03 00:00:00+00:00,2025-06-11 07:00:00+00:00,49.86
GFS,-12.5,-44.0,2025-06-03 00:00:00+00:00,2025-06-11 07:30:00+00:00,81.825
GFS,-12.5,-44.0,2025-06-03 00:00:00+00:00,2025-06-11 08:00:00+00:00,113.79
GFS,-12.5,-44.0,2025-06-03 00:00:00+00:00,2025-06-11 08:30:00+00:00,364.675
GFS,-12.5,-44.0,2025-06-03 00:00:00+00:00,2025-06-11 09:00:00+00:00,615.56
GFS,-12.5,-44.0,2025-06-03 00:00:00+00:00,2025-06-11 09:30:00+00:00,648.01
GFS,-12.5,-44.0,2025-06-03 00:00:00+00:00,2025-06-11 10:00:00+00:00,680.46
GFS,-12.5,-44.0,2025-06-03 00:00:00+00:00,2025-06-11 10:30:00+00:00,702.2
GFS,-12.5,-44.0,2025-06-03 00:00:00+00:00,2025-06-11 11:00:00+00:00,723.94
GFS,-12.5,-44.0,2025-06-03 00:00:00+00:00,2025-06-11 11:30:00+00:00,734.13
GFS,-12.5,-44.0,2025-06-03 00:00:00+00:00,2025-06-11 12:00:00+00:00,744.32
GFS,-12.5,-44.0,2025-06-03 00:00:00+00:00,2025-06-11 12:30:00+00:00,742.825
GFS,-12.5,-44.0,2025-06-03 00:00:00+00:00,2025-06-11 13:00:00+00:00,741.33
GFS,-12.5,-44.0,2025-06-03 00:00:00+00:00,2025-06-11 13:30:00+00:00,728.77
GFS,-12.5,-44.0,2025-06-03 00:00:00+00:00,2025-06-11 14:00:00+00:00,716.21
GFS,-12.5,-44.0,2025-06-03 00:00:00+00:00,2025-06-11 14:30:00+00:00,559.395
GFS,-12.5,-44.0,2025-06-03 00:00:00+00:00,2025-06-11 15:00:00+00:00,402.58
GFS,-12.5,-44.0,2025-06-03 00:00:00+00:00,2025-06-11 15:30:00+00:00,346.69
GFS,-12.5,-44.0,2025-06-03 00:00:00+00:00,2025-06-11 16:00:00+00:00,290.8
GFS,-12.5,-44.0,2025-06-03 00:00:00+00:00,2025-06-11 16:30:00+00:00,245.32
GFS,-12.5,-44.0,2025-06-03 00:00:00+00:00,2025-06-11 17:00:00+00:00,199.84
GFS,-12.5,-44.0,2025-06-03 00:00:00+00:00,2025-06-11 17:30:00+00:00,174.86
GFS,-12.5,-44.0,2025-06-03 00:00:00+00:00,2025-06-11 18:00:00+00:00,149.88
GFS,-12.5,-44.0,2025-06-03 00:00:00+00:00,2025-06-11 18:30:00+00:00,134.89
GFS,-12.5,-44.0,2025-06-03 00:00:00+00:00,2025-06-11 19:00:00+00:00,119.9
GFS,-12.5,-44.0,2025-06-03 00:00:00+00:00,2025-06-11 19:30:00+00:00,109.91
GFS,-12.5,-44.0,2025-06-03 00:00:00+00:00,2025-06-11 20:00:00+00:00,99.92
GFS,-12.5,-44.0,2025-06-03 00:00:00+00:00,2025-06-11 20:30:00+00:00,49.96
GFS,-12.5,-44.0,2025-06-03 00:00:00+00:00,2025-06-11 21:00:00+00:00,0.0
GFS,-12.5,-44.0,2025-06-03 00:00:00+00:00,2025-06-11 21:30:00+00:00,0.0
GFS,-12.5,-44.0,2025-06-03 00:00:00+00:00,2025-06-11 22:00:00+00:00,0.0
GFS,-12.5,-44.0,2025-06-03 00:00:00+00:00,2025-06-11 22:30:00+00:00,0.0
GFS,-12.5,-44.0,2025-06-03 00:00:00+00:00,2025-06-11 23:00:00+00:00,0.0
GFS,-12.5,-44.0,2025-06-03 00:00:00+00:00,2025-06-11 23:30:00+00:00,0.0
GFS,-12.5,-44.0,2025-06-03 00:00:00+00:00,2025-06-12 00:00:00+00:00,0.0
GFS,-12.5,-44.0,2025-06-03 00:00:00+00:00,2025-06-12 00:30:00+00:00,0.0
GFS,-12.5,-44.0,2025-06-03 00:00:00+00:00,2025-06-12 01:00:00+00:00,0.0
GFS,-12.5,-44.0,2025-06-03 00:00:00+00:00,2025-06-12 01:30:00+00:00,0.0
GFS,-12.5,-44.0,2025-06-03 00:00:00+00:00,2025-06-12 02:00:00+00:00,0.0
GFS,-12.5,-44.0,2025-06-03 00:00:00+00:00,2025-06-12 02:30:00+00:00,0.0
GFS,-12.5,-44.0,2025-06-03 00:00:00+00:00,2025-06-12 03:00:00+00:00,0.0
GFS,-12.5,-44.0,2025-06-03 00:00:00+00:00,2025-06-12 03:30:00+00:00,0.0
GFS,-12.5,-44.0,2025-06-03 00:00:00+00:00,2025-06-12 04:00:00+00:00,0.0
GFS,-12.5,-44.0,2025-06-03 00:00:00+00:00,2025-06-12 04:30:00+00:00,0.0
GFS,-12.5,-44.0,2025-06-03 00:00:00+00:00,2025-06-12 05:00:00+00:00,0.0
GFS,-12.5,-44.0,2025-06-03 00:00:00+00:00,2025-06-12 05:30:00+00:00,3.75
GFS,-12.5,-44.0,2025-06-03 00:00:00+00:00,2025-06-12 06:00:00+00:00,7.5
GFS,-12.5,-44.0,2025-06-03 00:00:00+00:00,2025-06-12 06:30:00+00:00,28.14
GFS,-12.5,-44.0,2025-06-03 00:00:00+00:00,2025-06-12 07:00:00+00:00,48.78
GFS,-12.5,-44.0,2025-06-03 00:00:00+00:00,2025-06-12 07:30:00+00:00,79.99
GFS,-12.5,-44.0,2025-06-03 00:00:00+00:00,2025-06-12 08:00:00+00:00,111.2
GFS,-12.5,-44.0,2025-06-03 00:00:00+00:00,2025-06-12 08:30:00+00:00,357.97
GFS,-12.5,-44.0,2025-06-03 00:00:00+00:00,2025-06-12 09:00:00+00:00,604.74
GFS,-12.5,-44.0,2025-06-03 00:00:00+00:00,2025-06-12 09:30:00+00:00,637.36
GFS,-12.5,-44.0,2025-06-03 00:00:00+00:00,2025-06-12 10:00:00+00:00,669.98
GFS,-12.5,-44.0,2025-06-03 00:00:00+00:00,2025-06-12 10:30:00+00:00,691.49
GFS,-12.5,-44.0,2025-06-03 00:00:00+00:00,2025-06-12 11:00:00+00:00,713.0
GFS,-12.5,-44.0,2025-06-03 00:00:00+00:00,2025-06-12 11:30:00+00:00,722.86
GFS,-12.5,-44.0,2025-06-03 00:00:00+00:00,2025-06-12 12:00:00+00:00,732.72
GFS,-12.5,-44.0,2025-06-03 00:00:00+00:00,2025-06-12 12:30:00+00:00,731.2
GFS,-12.5,-44.0,2025-06-03 00:00:00+00:00,2025-06-12 13:00:00+00:00,729.68
GFS,-12.5,-44.0,2025-06-03 00:00:00+00:00,2025-06-12 13:30:00+00:00,716.59
GFS,-12.5,-44.0,2025-06-03 00:00:00+00:00,2025-06-12 14:00:00+00:00,703.5
GFS,-12.5,-44.0,2025-06-03 00:00:00+00:00,2025-06-12 14:30:00+00:00,528.88
GFS,-12.5,-44.0,2025-06-03 00:00:00+00:00,2025-06-12 15:00:00+00:00,354.26
GFS,-12.5,-44.0,2025-06-03 00:00:00+00:00,2025-06-12 15:30:00+00:00,280.07
GFS,-12.5,-44.0,2025-06-03 00:00:00+00:00,2025-06-12 16:00:00+00:00,205.88
GFS,-12.5,-44.0,2025-06-03 00:00:00+00:00,2025-06-12 16:30:00+00:00,171.82
GFS,-12.5,-44.0,2025-06-03 00:00:00+00:00,2025-06-12 17:00:00+00:00,137.76
GFS,-12.5,-44.0,2025-06-03 00:00:00+00:00,2025-06-12 17:30:00+00:00,120.54
GFS,-12.5,-44.0,2025-06-03 00:00:00+00:00,2025-06-12 18:00:00+00:00,103.32
GFS,-12.5,-44.0,2025-06-03 00:00:00+00:00,2025-06-12 18:30:00+00:00,92.98
GFS,-12.5,-44.0,2025-06-03 00:00:00+00:00,2025-06-12 19:00:00+00:00,82.64
GFS,-12.5,-44.0,2025-06-03 00:00:00+00:00,2025-06-12 19:30:00+00:00,75.76
GFS,-12.5,-44.0,2025-06-03 00:00:00+00:00,2025-06-12 20:00:00+00:00,68.88
GFS,-12.5,-44.0,2025-06-03 00:00:00+00:00,2025-06-12 20:30:00+00:00,34.44
GFS,-12.5,-44.0,2025-06-03 00:00:00+00:00,2025-06-12 21:00:00+00:00,0.0
GFS,-12.5,-44.0,2025-06-03 00:00:00+00:00,2025-06-12 21:30:00+00:00,0.0
GFS,-12.5,-44.0,2025-06-03 00:00:00+00:00,2025-06-12 22:00:00+00:00,0.0
GFS,-12.5,-44.0,2025-06-03 00:00:00+00:00,2025-06-12 22:30:00+00:00,0.0
GFS,-12.5,-44.0,2025-06-03 00:00:00+00:00,2025-06-12 23:00:00+00:00,0.0
GFS,-12.5,-44.0,2025-06-03 00:00:00+00:00,2025-06-12 23:30:00+00:00,0.0
GFS,-12.5,-44.0,2025-06-03 00:00:00+00:00,2025-06-13 00:00:00+00:00,0.0
GFS,-12.5,-44.0,2025-06-03 00:00:00+00:00,2025-06-13 00:30:00+00:00,0.0
GFS,-12.5,-44.0,2025-06-03 00:00:00+00:00,2025-06-13 01:00:00+00:00,0.0
GFS,-12.5,-44.0,2025-06-03 00:00:00+00:00,2025-06-13 01:30:00+00:00,0.0
GFS,-12.5,-44.0,2025-06-03 00:00:00+00:00,2025-06-13 02:00:00+00:00,0.0
GFS,-12.5,-44.0,2025-06-03 00:00:00+00:00,2025-06-13 02:30:00+00:00,0.0
GFS,-12.5,-44.0,2025-06-03 00:00:00+00:00,2025-06-13 03:00:00+00:00,0.0
GFS,-12.5,-44.0,2025-06-03 00:00:00+00:00,2025-06-13 03:30:00+00:00,0.0
GFS,-12.5,-44.0,2025-06-03 00:00:00+00:00,2025-06-13 04:00:00+00:00,0.0
GFS,-12.5,-44.0,2025-06-03 00:00:00+00:00,2025-06-13 04:30:00+00:00,0.0
GFS,-12.5,-44.0,2025-06-03 00:00:00+00:00,2025-06-13 05:00:00+00:00,0.0
GFS,-12.5,-44.0,2025-06-03 00:00:00+00:00,2025-06-13 05:30:00+00:00,3.54
GFS,-12.5,-44.0,2025-06-03 00:00:00+00:00,2025-06-13 06:00:00+00:00,7.08
GFS,-12.5,-44.0,2025-06-03 00:00:00+00:00,2025-06-13 06:30:00+00:00,26.91
GFS,-12.5,-44.0,2025-06-03 00:00:00+00:00,2025-06-13 07:00:00+00:00,46.74
GFS,-12.5,-44.0,2025-06-03 00:00:00+00:00,2025-06-13 07:30:00+00:00,77.36
GFS,-12.5,-44.0,2025-06-03 00:00:00+00:00,2025-06-13 08:00:00+00:00,107.98
GFS,-12.5,-44.0,2025-06-03 00:00:00+00:00,2025-06-13 08:30:00+00:00,351.02
GFS,-12.5,-44.0,2025-06-03 00:00:00+00:00,2025-06-13 09:00:00+00:00,594.06
GFS,-12.5,-44.0,2025-06-03 00:00:00+00:00,2025-06-13 09:30:00+00:00,626.89
GFS,-12.5,-44.0,2025-06-03 00:00:00+00:00,2025-06-13 10:00:00+00:00,659.72
GFS,-12.5,-44.0,2025-06-03 00:00:00+00:00,2025-06-13 10:30:00+00:00,681.62
GFS,-12.5,-44.0,2025-06-03 00:00:00+00:00,2025-06-13 11:00:00+00:00,703.52
GFS,-12.5,-44.0,2025-06-03 00:00:00+00:00,2025-06-13 11:30:00+00:00,714.04
GFS,-12.5,-44.0,2025-06-03 00:00:00+00:00,2025-06-13 12:00:00+00:00,724.56
GFS,-12.5,-44.0,2025-06-03 00:00:00+00:00,2025-06-13 12:30:00+00:00,723.43
GFS,-12.5,-44.0,2025-06-03 00:00:00+00:00,2025-06-13 13:00:00+00:00,722.3
GFS,-12.5,-44.0,2025-06-03 00:00:00+00:00,2025-06-13 13:30:00+00:00,695.455
GFS,-12.5,-44.0,2025-06-03 00:00:00+00:00,2025-06-13 14:00:00+00:00,668.61
GFS,-12.5,-44.0,2025-06-03 00:00:00+00:00,2025-06-13 14:30:00+00:00,367.735
GFS,-12.5,-44.0,2025-06-03 00:00:00+00:00,2025-06-13 15:00:00+00:00,66.86
GFS,-12.5,-44.0,2025-06-03 00:00:00+00:00,2025-06-13 15:30:00+00:00,58.64
GFS,-12.5,-44.0,2025-06-03 00:00:00+00:00,2025-06-13 16:00:00+00:00,50.42
GFS,-12.5,-44.0,2025-06-03 00:00:00+00:00,2025-06-13 16:30:00+00:00,43.16
GFS,-12.5,-44.0,2025-06-03 00:00:00+00:00,2025-06-13 17:00:00+00:00,35.9
GFS,-12.5,-44.0,2025-06-03 00:00:00+00:00,2025-06-13 17:30:00+00:00,31.41
GFS,-12.5,-44.0,2025-06-03 00:00:00+00:00,2025-06-13 18:00:00+00:00,26.92
GFS,-12.5,-44.0,2025-06-03 00:00:00+00:00,2025-06-13 18:30:00+00:00,24.23
GFS,-12.5,-44.0,2025-06-03 00:00:00+00:00,2025-06-13 19:00:00+00:00,21.54
GFS,-12.5,-44.0,2025-06-03 00:00:00+00:00,2025-06-13 19:30:00+00:00,19.745
GFS,-12.5,-44.0,2025-06-03 00:00:00+00:00,2025-06-13 20:00:00+00:00,17.95
GFS,-12.5,-44.0,2025-06-03 00:00:00+00:00,2025-06-13 20:30:00+00:00,8.975
GFS,-12.5,-44.0,2025-06-03 00:00:00+00:00,2025-06-13 21:00:00+00:00,0.0
GFS,-12.5,-44.0,2025-06-03 00:00:00+00:00,2025-06-13 21:30:00+00:00,0.0
GFS,-12.5,-44.0,2025-06-03 00:00:00+00:00,2025-06-13 22:00:00+00:00,0.0
GFS,-12.5,-44.0,2025-06-03 00:00:00+00:00,2025-06-13 22:30:00+00:00,0.0
GFS,-12.5,-44.0,2025-06-03 00:00:00+00:00,2025-06-13 23:00:00+00:00,0.0
GFS,-12.5,-44.0,2025-06-03 00:00:00+00:00,2025-06-13 23:30:00+00:00,0.0
GFS,-12.5,-44.0,2025-06-03 00:00:00+00:00,2025-06-14 00:00:00+00:00,0.0
GFS,-12.5,-44.0,2025-06-03 00:00:00+00:00,2025-06-14 00:30:00+00:00,0.0
GFS,-12.5,-44.0,2025-06-03 00:00:00+00:00,2025-06-14 01:00:00+00:00,0.0
GFS,-12.5,-44.0,2025-06-03 00:00:00+00:00,2025-06-14 01:30:00+00:00,0.0
GFS,-12.5,-44.0,2025-06-03 00:00:00+00:00,2025-06-14 02:00:00+00:00,0.0
GFS,-12.5,-44.0,2025-06-03 00:00:00+00:00,2025-06-14 02:30:00+00:00,0.0
GFS,-12.5,-44.0,2025-06-03 00:00:00+00:00,2025-06-14 03:00:00+00:00,0.0
GFS,-12.5,-44.0,2025-06-03 00:00:00+00:00,2025-06-14 03:30:00+00:00,0.0
GFS,-12.5,-44.0,2025-06-03 00:00:00+00:00,2025-06-14 04:00:00+00:00,0.0
GFS,-12.5,-44.0,2025-06-03 00:00:00+00:00,2025-06-14 04:30:00+00:00,0.0
GFS,-12.5,-44.0,2025-06-03 00:00:00+00:00,2025-06-14 05:00:00+00:00,0.0
GFS,-12.5,-44.0,2025-06-03 00:00:00+00:00,2025-06-14 05:30:00+00:00,3.5
GFS,-12.5,-44.0,2025-06-03 00:00:00+00:00,2025-06-14 06:00:00+00:00,7.0
GFS,-12.5,-44.0,2025-06-03 00:00:00+00:00,2025-06-14 06:30:00+00:00,26.93
GFS,-12.5,-44.0,2025-06-03 00:00:00+00:00,2025-06-14 07:00:00+00:00,46.86
GFS,-12.5,-44.0,2025-06-03 00:00:00+00:00,2025-06-14 07:30:00+00:00,77.76
GFS,-12.5,-44.0,2025-06-03 00:00:00+00:00,2025-06-14 08:00:00+00:00,108.66
GFS,-12.5,-44.0,2025-06-03 00:00:00+00:00,2025-06-14 08:30:00+00:00,354.18
GFS,-12.5,-44.0,2025-06-03 00:00:00+00:00,2025-06-14 09:00:00+00:00,599.7
GFS,-12.5,-44.0,2025-06-03 00:00:00+00:00,2025-06-14 09:30:00+00:00,632.01
GFS,-12.5,-44.0,2025-06-03 00:00:00+00:00,2025-06-14 10:00:00+00:00,664.32
GFS,-12.5,-44.0,2025-06-03 00:00:00+00:00,2025-06-14 10:30:00+00:00,685.99
GFS,-12.5,-44.0,2025-06-03 00:00:00+00:00,2025-06-14 11:00:00+00:00,707.66
GFS,-12.5,-44.0,2025-06-03 00:00:00+00:00,2025-06-14 11:30:00+00:00,718.0
GFS,-12.5,-44.0,2025-06-03 00:00:00+00:00,2025-06-14 12:00:00+00:00,728.34
GFS,-12.5,-44.0,2025-06-03 00:00:00+00:00,2025-06-14 12:30:00+00:00,727.37
GFS,-12.5,-44.0,2025-06-03 00:00:00+00:00,2025-06-14 13:00:00+00:00,726.4
GFS,-12.5,-44.0,2025-06-03 00:00:00+00:00,2025-06-14 13:30:00+00:00,714.44
GFS,-12.5,-44.0,2025-06-03 00:00:00+00:00,2025-06-14 14:00:00+00:00,702.48
GFS,-12.5,-44.0,2025-06-03 00:00:00+00:00,2025-06-14 14:30:00+00:00,550.28
GFS,-12.5,-44.0,2025-06-03 00:00:00+00:00,2025-06-14 15:00:00+00:00,398.08
GFS,-12.5,-44.0,2025-06-03 00:00:00+00:00,2025-06-14 15:30:00+00:00,344.91
GFS,-12.5,-44.0,2025-06-03 00:00:00+00:00,2025-06-14 16:00:00+00:00,291.74
GFS,-12.5,-44.0,2025-06-03 00:00:00+00:00,2025-06-14 16:30:00+00:00,246.23
GFS,-12.5,-44.0,2025-06-03 00:00:00+00:00,2025-06-14 17:00:00+00:00,200.72
GFS,-12.5,-44.0,2025-06-03 00:00:00+00:00,2025-06-14 17:30:00+00:00,175.63
GFS,-12.5,-44.0,2025-06-03 00:00:00+00:00,2025-06-14 18:00:00+00:00,150.54
GFS,-12.5,-44.0,2025-06-03 00:00:00+00:00,2025-06-14 18:30:00+00:00,135.49
GFS,-12.5,-44.0,2025-06-03 00:00:00+00:00,2025-06-14 19:00:00+00:00,120.44
GFS,-12.5,-44.0,2025-06-03 00:00:00+00:00,2025-06-14 19:30:00+00:00,110.395
GFS,-12.5,-44.0,2025-06-03 00:00:00+00:00,2025-06-14 20:00:00+00:00,100.35
GFS,-12.5,-44.0,2025-06-03 00:00:00+00:00,2025-06-14 20:30:00+00:00,50.175
GFS,-12.5,-44.0,2025-06-03 00:00:00+00:00,2025-06-14 21:00:00+00:00,0.0
GFS,-12.5,-44.0,2025-06-03 00:00:00+00:00,2025-06-14 21:30:00+00:00,0.0
GFS,-12.5,-44.0,2025-06-03 00:00:00+00:00,2025-06-14 22:00:00+00:00,0.0
GFS,-12.5,-44.0,2025-06-03 00:00:00+00:00,2025-06-14 22:30:00+00:00,0.0
GFS,-12.5,-44.0,2025-06-03 00:00:00+00:00,2025-06-14 23:00:00+00:00,0.0
GFS,-12.5,-44.0,2025-06-03 00:00:00+00:00,2025-06-14 23:30:00+00:00,0.0
GFS,-12.5,-44.0,2025-06-03 00:00:00+00:00,2025-06-15 00:00:00+00:00,0.0
GFS,-12.5,-44.0,2025-06-03 00:00:00+00:00,2025-06-15 00:30:00+00:00,0.0
GFS,-12.5,-44.0,2025-06-03 00:00:00+00:00,2025-06-15 01:00:00+00:00,0.0
GFS,-12.5,-44.0,2025-06-03 00:00:00+00:00,2025-06-15 01:30:00+00:00,0.0
GFS,-12.5,-44.0,2025-06-03 00:00:00+00:00,2025-06-15 02:00:00+00:00,0.0
GFS,-12.5,-44.0,2025-06-03 00:00:00+00:00,2025-06-15 02:30:00+00:00,0.0
GFS,-12.5,-44.0,2025-06-03 00:00:00+00:00,2025-06-15 03:00:00+00:00,0.0
GFS,-12.5,-44.0,2025-06-03 00:00:00+00:00,2025-06-15 03:30:00+00:00,0.0
GFS,-12.5,-44.0,2025-06-03 00:00:00+00:00,2025-06-15 04:00:00+00:00,0.0
GFS,-12.5,-44.0,2025-06-03 00:00:00+00:00,2025-06-15 04:30:00+00:00,0.0
GFS,-12.5,-44.0,2025-06-03 00:00:00+00:00,2025-06-15 05:00:00+00:00,0.0
GFS,-12.5,-44.0,2025-06-03 00:00:00+00:00,2025-06-15 05:30:00+00:00,3.6
GFS,-12.5,-44.0,2025-06-03 00:00:00+00:00,2025-06-15 06:00:00+00:00,7.2
GFS,-12.5,-44.0,2025-06-03 00:00:00+00:00,2025-06-15 06:30:00+00:00,27.65
GFS,-12.5,-44.0,2025-06-03 00:00:00+00:00,2025-06-15 07:00:00+00:00,48.1
GFS,-12.5,-44.0,2025-06-03 00:00:00+00:00,2025-06-15 07:30:00+00:00,79.59
GFS,-12.5,-44.0,2025-06-03 00:00:00+00:00,2025-06-15 08:00:00+00:00,111.08
GFS,-12.5,-44.0,2025-06-03 00:00:00+00:00,2025-06-15 08:30:00+00:00,360.84
GFS,-12.5,-44.0,2025-06-03 00:00:00+00:00,2025-06-15 09:00:00+00:00,610.6
GFS,-12.5,-44.0,2025-06-03 00:00:00+00:00,2025-06-15 09:30:00+00:00,643.73
GFS,-12.5,-44.0,2025-06-03 00:00:00+00:00,2025-06-15 10:00:00+00:00,676.86
GFS,-12.5,-44.0,2025-06-03 00:00:00+00:00,2025-06-15 10:30:00+00:00,699.2
GFS,-12.5,-44.0,2025-06-03 00:00:00+00:00,2025-06-15 11:00:00+00:00,721.54
GFS,-12.5,-44.0,2025-06-03 00:00:00+00:00,2025-06-15 11:30:00+00:00,732.28
GFS,-12.5,-44.0,2025-06-03 00:00:00+00:00,2025-06-15 12:00:00+00:00,743.02
GFS,-12.5,-44.0,2025-06-03 00:00:00+00:00,2025-06-15 12:30:00+00:00,742.095
GFS,-12.5,-44.0,2025-06-03 00:00:00+00:00,2025-06-15 13:00:00+00:00,741.17
GFS,-12.5,-44.0,2025-06-03 00:00:00+00:00,2025-06-15 13:30:00+00:00,729.095
GFS,-12.5,-44.0,2025-06-03 00:00:00+00:00,2025-06-15 14:00:00+00:00,717.02
GFS,-12.5,-44.0,2025-06-03 00:00:00+00:00,2025-06-15 14:30:00+00:00,562.42
GFS,-12.5,-44.0,2025-06-03 00:00:00+00:00,2025-06-15 15:00:00+00:00,407.82
GFS,-12.5,-44.0,2025-06-03 00:00:00+00:00,2025-06-15 15:30:00+00:00,353.73
GFS,-12.5,-44.0,2025-06-03 00:00:00+00:00,2025-06-15 16:00:00+00:00,299.64
GFS,-12.5,-44.0,2025-06-03 00:00:00+00:00,2025-06-15 16:30:00+00:00,252.98
GFS,-12.5,-44.0,2025-06-03 00:00:00+00:00,2025-06-15 17:00:00+00:00,206.32
GFS,-12.5,-44.0,2025-06-03 00:00:00+00:00,2025-06-15 17:30:00+00:00,180.53
GFS,-12.5,-44.0,2025-06-03 00:00:00+00:00,2025-06-15 18:00:00+00:00,154.74
GFS,-12.5,-44.0,2025-06-03 00:00:00+00:00,2025-06-15 18:30:00+00:00,139.27
GFS,-12.5,-44.0,2025-06-03 00:00:00+00:00,2025-06-15 19:00:00+00:00,123.8
GFS,-12.5,-44.0,2025-06-03 00:00:00+00:00,2025-06-15 19:30:00+00:00,113.485
GFS,-12.5,-44.0,2025-06-03 00:00:00+00:00,2025-06-15 20:00:00+00:00,103.17
GFS,-12.5,-44.0,2025-06-03 00:00:00+00:00,2025-06-15 20:30:00+00:00,51.585
GFS,-12.5,-44.0,2025-06-03 00:00:00+00:00,2025-06-15 21:00:00+00:00,0.0
GFS,-12.5,-44.0,2025-06-03 00:00:00+00:00,2025-06-15 21:30:00+00:00,0.0
GFS,-12.5,-44.0,2025-06-03 00:00:00+00:00,2025-06-15 22:00:00+00:00,0.0
GFS,-12.5,-44.0,2025-06-03 00:00:00+00:00,2025-06-15 22:30:00+00:00,0.0
GFS,-12.5,-44.0,2025-06-03 00:00:00+00:00,2025-06-15 23:00:00+00:00,0.0
GFS,-12.5,-44.0,2025-06-03 00:00:00+00:00,2025-06-15 23:30:00+00:00,0.0
GFS,-12.5,-44.0,2025-06-03 00:00:00+00:00,2025-06-16 00:00:00+00:00,0.0
GFS,-12.5,-44.0,2025-06-03 00:00:00+00:00,2025-06-16 00:30:00+00:00,0.0
GFS,-12.5,-44.0,2025-06-03 00:00:00+00:00,2025-06-16 01:00:00+00:00,0.0
GFS,-12.5,-44.0,2025-06-03 00:00:00+00:00,2025-06-16 01:30:00+00:00,0.0
GFS,-12.5,-44.0,2025-06-03 00:00:00+00:00,2025-06-16 02:00:00+00:00,0.0
GFS,-12.5,-44.0,2025-06-03 00:00:00+00:00,2025-06-16 02:30:00+00:00,0.0
GFS,-12.5,-44.0,2025-06-03 00:00:00+00:00,2025-06-16 03:00:00+00:00,0.0
GFS,-12.5,-44.0,2025-06-03 00:00:00+00:00,2025-06-16 03:30:00+00:00,0.0
GFS,-12.5,-44.0,2025-06-03 00:00:00+00:00,2025-06-16 04:00:00+00:00,0.0
GFS,-12.5,-44.0,2025-06-03 00:00:00+00:00,2025-06-16 04:30:00+00:00,0.0
GFS,-12.5,-44.0,2025-06-03 00:00:00+00:00,2025-06-16 05:00:00+00:00,0.0
GFS,-12.5,-44.0,2025-06-03 00:00:00+00:00,2025-06-16 05:30:00+00:00,3.6
GFS,-12.5,-44.0,2025-06-03 00:00:00+00:00,2025-06-16 06:00:00+00:00,7.2
GFS,-12.5,-44.0,2025-06-03 00:00:00+00:00,2025-06-16 06:30:00+00:00,27.71
GFS,-12.5,-44.0,2025-06-03 00:00:00+00:00,2025-06-16 07:00:00+00:00,48.22
GFS,-12.5,-44.0,2025-06-03 00:00:00+00:00,2025-06-16 07:30:00+00:00,79.7
GFS,-12.5,-44.0,2025-06-03 00:00:00+00:00,2025-06-16 08:00:00+00:00,111.18
GFS,-12.5,-44.0,2025-06-03 00:00:00+00:00,2025-06-16 08:30:00+00:00,359.22
GFS,-12.5,-44.0,2025-06-03 00:00:00+00:00,2025-06-16 09:00:00+00:00,607.26
GFS,-12.5,-44.0,2025-06-03 00:00:00+00:00,2025-06-16 09:30:00+00:00,639.67
GFS,-12.5,-44.0,2025-06-03 00:00:00+00:00,2025-06-16 10:00:00+00:00,672.08
GFS,-12.5,-44.0,2025-06-03 00:00:00+00:00,2025-06-16 10:30:00+00:00,693.63
GFS,-12.5,-44.0,2025-06-03 00:00:00+00:00,2025-06-16 11:00:00+00:00,715.18
GFS,-12.5,-44.0,2025-06-03 00:00:00+00:00,2025-06-16 11:30:00+00:00,724.92
GFS,-12.5,-44.0,2025-06-03 00:00:00+00:00,2025-06-16 12:00:00+00:00,734.66
GFS,-12.5,-44.0,2025-06-03 00:00:00+00:00,2025-06-16 12:30:00+00:00,732.705
GFS,-12.5,-44.0,2025-06-03 00:00:00+00:00,2025-06-16 13:00:00+00:00,730.75
GFS,-12.5,-44.0,2025-06-03 00:00:00+00:00,2025-06-16 13:30:00+00:00,718.03
GFS,-12.5,-44.0,2025-06-03 00:00:00+00:00,2025-06-16 14:00:00+00:00,705.31
GFS,-12.5,-44.0,2025-06-03 00:00:00+00:00,2025-06-16 14:30:00+00:00,532.745
GFS,-12.5,-44.0,2025-06-03 00:00:00+00:00,2025-06-16 15:00:00+00:00,360.18
GFS,-12.5,-44.0,2025-06-03 00:00:00+00:00,2025-06-16 15:30:00+00:00,309.41
GFS,-12.5,-44.0,2025-06-03 00:00:00+00:00,2025-06-16 16:00:00+00:00,258.64
GFS,-12.5,-44.0,2025-06-03 00:00:00+00:00,2025-06-16 16:30:00+00:00,218.22
GFS,-12.5,-44.0,2025-06-03 00:00:00+00:00,2025-06-16 17:00:00+00:00,177.8
GFS,-12.5,-44.0,2025-06-03 00:00:00+00:00,2025-06-16 17:30:00+00:00,155.58
GFS,-12.5,-44.0,2025-06-03 00:00:00+00:00,2025-06-16 18:00:00+00:00,133.36
GFS,-12.5,-44.0,2025-06-03 00:00:00+00:00,2025-06-16 18:30:00+00:00,120.02
GFS,-12.5,-44.0,2025-06-03 00:00:00+00:00,2025-06-16 19:00:00+00:00,106.68
GFS,-12.5,-44.0,2025-06-03 00:00:00+00:00,2025-06-16 19:30:00+00:00,97.79
GFS,-12.5,-44.0,2025-06-03 00:00:00+00:00,2025-06-16 20:00:00+00:00,88.9
GFS,-12.5,-44.0,2025-06-03 00:00:00+00:00,2025-06-16 20:30:00+00:00,44.45
GFS,-12.5,-44.0,2025-06-03 00:00:00+00:00,2025-06-16 21:00:00+00:00,0.0
GFS,-12.5,-44.0,2025-06-03 00:00:00+00:00,2025-06-16 21:30:00+00:00,0.0
GFS,-12.5,-44.0,2025-06-03 00:00:00+00:00,2025-06-16 22:00:00+00:00,0.0
GFS,-12.5,-44.0,2025-06-03 00:00:00+00:00,2025-06-16 22:30:00+00:00,0.0
GFS,-12.5,-44.0,2025-06-03 00:00:00+00:00,2025-06-16 23:00:00+00:00,0.0
GFS,-12.5,-44.0,2025-06-03 00:00:00+00:00,2025-06-16 23:30:00+00:00,0.0
GFS,-12.5,-44.0,2025-06-03 00:00:00+00:00,2025-06-17 00:00:00+00:00,0.0
GFS,-12.5,-44.0,2025-06-03 00:00:00+00:00,2025-06-17 00:30:00+00:00,0.0
GFS,-12.5,-44.0,2025-06-03 00:00:00+00:00,2025-06-17 01:00:00+00:00,0.0
GFS,-12.5,-44.0,2025-06-03 00:00:00+00:00,2025-06-17 01:30:00+00:00,0.0
GFS,-12.5,-44.0,2025-06-03 00:00:00+00:00,2025-06-17 02:00:00+00:00,0.0
GFS,-12.5,-44.0,2025-06-03 00:00:00+00:00,2025-06-17 02:30:00+00:00,0.0
GFS,-12.5,-44.0,2025-06-03 00:00:00+00:00,2025-06-17 03:00:00+00:00,0.0
GFS,-12.5,-44.0,2025-06-03 00:00:00+00:00,2025-06-17 03:30:00+00:00,0.0
GFS,-12.5,-44.0,2025-06-03 00:00:00+00:00,2025-06-17 04:00:00+00:00,0.0
GFS,-12.5,-44.0,2025-06-03 00:00:00+00:00,2025-06-17 04:30:00+00:00,0.0
GFS,-12.5,-44.0,2025-06-03 00:00:00+00:00,2025-06-17 05:00:00+00:00,0.0
GFS,-12.5,-44.0,2025-06-03 00:00:00+00:00,2025-06-17 05:30:00+00:00,3.44
GFS,-12.5,-44.0,2025-06-03 00:00:00+00:00,2025-06-17 06:00:00+00:00,6.88
GFS,-12.5,-44.0,2025-06-03 00:00:00+00:00,2025-06-17 06:30:00+00:00,26.81
GFS,-12.5,-44.0,2025-06-03 00:00:00+00:00,2025-06-17 07:00:00+00:00,46.74
GFS,-12.5,-44.0,2025-06-03 00:00:00+00:00,2025-06-17 07:30:00+00:00,77.64
GFS,-12.5,-44.0,2025-06-03 00:00:00+00:00,2025-06-17 08:00:00+00:00,108.54
GFS,-12.5,-44.0,2025-06-03 00:00:00+00:00,2025-06-17 08:30:00+00:00,353.32
GFS,-12.5,-44.0,2025-06-03 00:00:00+00:00,2025-06-17 09:00:00+00:00,598.1
GFS,-12.5,-44.0,2025-06-03 00:00:00+00:00,2025-06-17 09:30:00+00:00,630.35
GFS,-12.5,-44.0,2025-06-03 00:00:00+00:00,2025-06-17 10:00:00+00:00,662.6
GFS,-12.5,-44.0,2025-06-03 00:00:00+00:00,2025-06-17 10:30:00+00:00,683.96
GFS,-12.5,-44.0,2025-06-03 00:00:00+00:00,2025-06-17 11:00:00+00:00,705.32
GFS,-12.5,-44.0,2025-06-03 00:00:00+00:00,2025-06-17 11:30:00+00:00,715.29
GFS,-12.5,-44.0,2025-06-03 00:00:00+00:00,2025-06-17 12:00:00+00:00,725.26
GFS,-12.5,-44.0,2025-06-03 00:00:00+00:00,2025-06-17 12:30:00+00:00,723.5
GFS,-12.5,-44.0,2025-06-03 00:00:00+00:00,2025-06-17 13:00:00+00:00,721.74
GFS,-12.5,-44.0,2025-06-03 00:00:00+00:00,2025-06-17 13:30:00+00:00,709.23
GFS,-12.5,-44.0,2025-06-03 00:00:00+00:00,2025-06-17 14:00:00+00:00,696.72
GFS,-12.5,-44.0,2025-06-03 00:00:00+00:00,2025-06-17 14:30:00+00:00,509.08
GFS,-12.5,-44.0,2025-06-03 00:00:00+00:00,2025-06-17 15:00:00+00:00,321.44
GFS,-12.5,-44.0,2025-06-03 00:00:00+00:00,2025-06-17 15:30:00+00:00,255.54
GFS,-12.5,-44.0,2025-06-03 00:00:00+00:00,2025-06-17 16:00:00+00:00,189.64
GFS,-12.5,-44.0,2025-06-03 00:00:00+00:00,2025-06-17 16:30:00+00:00,159.25
GFS,-12.5,-44.0,2025-06-03 00:00:00+00:00,2025-06-17 17:00:00+00:00,128.86
GFS,-12.5,-44.0,2025-06-03 00:00:00+00:00,2025-06-17 17:30:00+00:00,112.76
GFS,-12.5,-44.0,2025-06-03 00:00:00+00:00,2025-06-17 18:00:00+00:00,96.66
GFS,-12.5,-44.0,2025-06-03 00:00:00+00:00,2025-06-17 18:30:00+00:00,86.99
GFS,-12.5,-44.0,2025-06-03 00:00:00+00:00,2025-06-17 19:00:00+00:00,77.32
GFS,-12.5,-44.0,2025-06-03 00:00:00+00:00,2025-06-17 19:30:00+00:00,70.875
GFS,-12.5,-44.0,2025-06-03 00:00:00+00:00,2025-06-17 20:00:00+00:00,64.43
GFS,-12.5,-44.0,2025-06-03 00:00:00+00:00,2025-06-17 20:30:00+00:00,32.215
GFS,-12.5,-44.0,2025-06-03 00:00:00+00:00,2025-06-17 21:00:00+00:00,0.0
GFS,-12.5,-44.0,2025-06-03 00:00:00+00:00,2025-06-17 21:30:00+00:00,0.0
GFS,-12.5,-44.0,2025-06-03 00:00:00+00:00,2025-06-17 22:00:00+00:00,0.0
GFS,-12.5,-44.0,2025-06-03 00:00:00+00:00,2025-06-17 22:30:00+00:00,0.0
GFS,-12.5,-44.0,2025-06-03 00:00:00+00:00,2025-06-17 23:00:00+00:00,0.0
GFS,-12.5,-44.0,2025-06-03 00:00:00+00:00,2025-06-17 23:30:00+00:00,0.0
GFS,-12.5,-44.0,2025-06-03 00:00:00+00:00,2025-06-18 00:00:00+00:00,0.0
GFS,-12.5,-44.0,2025-06-03 00:00:00+00:00,2025-06-18 00:30:00+00:00,0.0
GFS,-12.5,-44.0,2025-06-03 00:00:00+00:00,2025-06-18 01:00:00+00:00,0.0
GFS,-12.5,-44.0,2025-06-03 00:00:00+00:00,2025-06-18 01:30:00+00:00,0.0
GFS,-12.5,-44.0,2025-06-03 00:00:00+00:00,2025-06-18 02:00:00+00:00,0.0
GFS,-12.5,-44.0,2025-06-03 00:00:00+00:00,2025-06-18 02:30:00+00:00,0.0
GFS,-12.5,-44.0,2025-06-03 00:00:00+00:00,2025-06-18 03:00:00+00:00,0.0
GFS,-12.5,-44.0,2025-06-03 00:00:00+00:00,2025-06-18 03:30:00+00:00,0.0
GFS,-12.5,-44.0,2025-06-03 00:00:00+00:00,2025-06-18 04:00:00+00:00,0.0
GFS,-12.5,-44.0,2025-06-03 00:00:00+00:00,2025-06-18 04:30:00+00:00,0.0
GFS,-12.5,-44.0,2025-06-03 00:00:00+00:00,2025-06-18 05:00:00+00:00,0.0
GFS,-12.5,-44.0,2025-06-03 00:00:00+00:00,2025-06-18 05:30:00+00:00,3.4
GFS,-12.5,-44.0,2025-06-03 00:00:00+00:00,2025-06-18 06:00:00+00:00,6.8
GFS,-12.5,-44.0,2025-06-03 00:00:00+00:00,2025-06-18 06:30:00+00:00,26.57
GFS,-12.5,-44.0,2025-06-03 00:00:00+00:00,2025-06-18 07:00:00+00:00,46.34
GFS,-12.5,-44.0,2025-06-03 00:00:00+00:00,2025-06-18 07:30:00+00:00,77.03
GFS,-12.5,-44.0,2025-06-03 00:00:00+00:00,2025-06-18 08:00:00+00:00,107.72
GFS,-12.5,-44.0,2025-06-03 00:00:00+00:00,2025-06-18 08:30:00+00:00,351.59
GFS,-12.5,-44.0,2025-06-03 00:00:00+00:00,2025-06-18 09:00:00+00:00,595.46
GFS,-12.5,-44.0,2025-06-03 00:00:00+00:00,2025-06-18 09:30:00+00:00,628.0
GFS,-12.5,-44.0,2025-06-03 00:00:00+00:00,2025-06-18 10:00:00+00:00,660.54
GFS,-12.5,-44.0,2025-06-03 00:00:00+00:00,2025-06-18 10:30:00+00:00,682.46
GFS,-12.5,-44.0,2025-06-03 00:00:00+00:00,2025-06-18 11:00:00+00:00,704.38
GFS,-12.5,-44.0,2025-06-03 00:00:00+00:00,2025-06-18 11:30:00+00:00,715.06
GFS,-12.5,-44.0,2025-06-03 00:00:00+00:00,2025-06-18 12:00:00+00:00,725.74
GFS,-12.5,-44.0,2025-06-03 00:00:00+00:00,2025-06-18 12:30:00+00:00,723.82
GFS,-12.5,-44.0,2025-06-03 00:00:00+00:00,2025-06-18 13:00:00+00:00,721.9
GFS,-12.5,-44.0,2025-06-03 00:00:00+00:00,2025-06-18 13:30:00+00:00,695.99
GFS,-12.5,-44.0,2025-06-03 00:00:00+00:00,2025-06-18 14:00:00+00:00,670.08
GFS,-12.5,-44.0,2025-06-03 00:00:00+00:00,2025-06-18 14:30:00+00:00,445.48
GFS,-12.5,-44.0,2025-06-03 00:00:00+00:00,2025-06-18 15:00:00+00:00,220.88
GFS,-12.5,-44.0,2025-06-03 00:00:00+00:00,2025-06-18 15:30:00+00:00,191.01
GFS,-12.5,-44.0,2025-06-03 00:00:00+00:00,2025-06-18 16:00:00+00:00,161.14
GFS,-12.5,-44.0,2025-06-03 00:00:00+00:00,2025-06-18 16:30:00+00:00,136.03
GFS,-12.5,-44.0,2025-06-03 00:00:00+00:00,2025-06-18 17:00:00+00:00,110.92
GFS,-12.5,-44.0,2025-06-03 00:00:00+00:00,2025-06-18 17:30:00+00:00,97.06
GFS,-12.5,-44.0,2025-06-03 00:00:00+00:00,2025-06-18 18:00:00+00:00,83.2
GFS,-12.5,-44.0,2025-06-03 00:00:00+00:00,2025-06-18 18:30:00+00:00,74.88
GFS,-12.5,-44.0,2025-06-03 00:00:00+00:00,2025-06-18 19:00:00+00:00,66.56
GFS,-12.5,-44.0,2025-06-03 00:00:00+00:00,2025-06-18 19:30:00+00:00,61.01
GFS,-12.5,-44.0,2025-06-03 00:00:00+00:00,2025-06-18 20:00:00+00:00,55.46
GFS,-12.5,-44.0,2025-06-03 00:00:00+00:00,2025-06-18 20:30:00+00:00,27.73
GFS,-12.5,-44.0,2025-06-03 00:00:00+00:00,2025-06-18 21:00:00+00:00,0.0
GFS,-12.5,-44.0,2025-06-03 00:00:00+00:00,2025-06-18 21:30:00+00:00,0.0
GFS,-12.5,-44.0,2025-06-03 00:00:00+00:00,2025-06-18 22:00:00+00:00,0.0
GFS,-12.5,-44.0,2025-06-03 00:00:00+00:00,2025-06-18 22:30:00+00:00,0.0
GFS,-12.5,-44.0,2025-06-03 00:00:00+00:00,2025-06-18 23:00:00+00:00,0.0
GFS,-12.5,-44.0,2025-06-03 00:00:00+00:00,2025-06-18 23:30:00+00:00,0.0
GFS,-12.5,-44.0,2025-06-03 00:00:00+00:00,2025-06-19 00:00:00+00:00,0.0
GFS,-12.5,-44.0,2025-06-03 00:00:00+00:00,2025-06-19 00:30:00+00:00,0.0
GFS,-12.5,-44.0,2025-06-03 00:00:00+00:00,2025-06-19 01:00:00+00:00,0.0
GFS,-12.5,-44.0,2025-06-03 00:00:00+00:00,2025-06-19 01:30:00+00:00,0.0
GFS,-12.5,-44.0,2025-06-03 00:00:00+00:00,2025-06-19 02:00:00+00:00,0.0
GFS,-12.5,-44.0,2025-06-03 00:00:00+00:00,2025-06-19 02:30:00+00:00,0.0
GFS,-12.5,-44.0,2025-06-03 00:00:00+00:00,2025-06-19 03:00:00+00:00,0.0
GFS,-12.5,-44.0,2025-06-03 00:00:00+00:00,2025-06-19 03:30:00+00:00,0.0
GFS,-12.5,-44.0,2025-06-03 00:00:00+00:00,2025-06-19 04:00:00+00:00,0.0
GFS,-12.5,-44.0,2025-06-03 00:00:00+00:00,2025-06-19 04:30:00+00:00,0.0
GFS,-12.5,-44.0,2025-06-03 00:00:00+00:00,2025-06-19 05:00:00+00:00,0.0
GFS,-12.5,-44.0,2025-06-03 00:00:00+00:00,2025-06-19 05:30:00+00:00,3.45
GFS,-12.5,-44.0,2025-06-03 00:00:00+00:00,2025-06-19 06:00:00+00:00,6.9
GFS,-12.5,-44.0,2025-06-03 00:00:00+00:00,2025-06-19 06:30:00+00:00,27.08
GFS,-12.5,-44.0,2025-06-03 00:00:00+00:00,2025-06-19 07:00:00+00:00,47.26
GFS,-12.5,-44.0,2025-06-03 00:00:00+00:00,2025-06-19 07:30:00+00:00,78.61
GFS,-12.5,-44.0,2025-06-03 00:00:00+00:00,2025-06-19 08:00:00+00:00,109.96
GFS,-12.5,-44.0,2025-06-03 00:00:00+00:00,2025-06-19 08:30:00+00:00,359.31
GFS,-12.5,-44.0,2025-06-03 00:00:00+00:00,2025-06-19 09:00:00+00:00,608.66
GFS,-12.5,-44.0,2025-06-03 00:00:00+00:00,2025-06-19 09:30:00+00:00,641.99
GFS,-12.5,-44.0,2025-06-03 00:00:00+00:00,2025-06-19 10:00:00+00:00,675.32
GFS,-12.5,-44.0,2025-06-03 00:00:00+00:00,2025-06-19 10:30:00+00:00,697.9
GFS,-12.5,-44.0,2025-06-03 00:00:00+00:00,2025-06-19 11:00:00+00:00,720.48
GFS,-12.5,-44.0,2025-06-03 00:00:00+00:00,2025-06-19 11:30:00+00:00,731.42
GFS,-12.5,-44.0,2025-06-03 00:00:00+00:00,2025-06-19 12:00:00+00:00,742.36
GFS,-12.5,-44.0,2025-06-03 00:00:00+00:00,2025-06-19 12:30:00+00:00,741.66
GFS,-12.5,-44.0,2025-06-03 00:00:00+00:00,2025-06-19 13:00:00+00:00,740.96
GFS,-12.5,-44.0,2025-06-03 00:00:00+00:00,2025-06-19 13:30:00+00:00,729.16
GFS,-12.5,-44.0,2025-06-03 00:00:00+00:00,2025-06-19 14:00:00+00:00,717.36
GFS,-12.5,-44.0,2025-06-03 00:00:00+00:00,2025-06-19 14:30:00+00:00,564.89
GFS,-12.5,-44.0,2025-06-03 00:00:00+00:00,2025-06-19 15:00:00+00:00,412.42
GFS,-12.5,-44.0,2025-06-03 00:00:00+00:00,2025-06-19 15:30:00+00:00,358.27
GFS,-12.5,-44.0,2025-06-03 00:00:00+00:00,2025-06-19 16:00:00+00:00,304.12
GFS,-12.5,-44.0,2025-06-03 00:00:00+00:00,2025-06-19 16:30:00+00:00,256.94
GFS,-12.5,-44.0,2025-06-03 00:00:00+00:00,2025-06-19 17:00:00+00:00,209.76
GFS,-12.5,-44.0,2025-06-03 00:00:00+00:00,2025-06-19 17:30:00+00:00,183.54
GFS,-12.5,-44.0,2025-06-03 00:00:00+00:00,2025-06-19 18:00:00+00:00,157.32
GFS,-12.5,-44.0,2025-06-03 00:00:00+00:00,2025-06-19 18:30:00+00:00,141.59
GFS,-12.5,-44.0,2025-06-03 00:00:00+00:00,2025-06-19 19:00:00+00:00,125.86
GFS,-12.5,-44.0,2025-06-03 00:00:00+00:00,2025-06-19 19:30:00+00:00,115.37
GFS,-12.5,-44.0,2025-06-03 00:00:00+00:00,2025-06-19 20:00:00+00:00,104.88
GFS,-12.5,-44.0,2025-06-03 00:00:00+00:00,2025-06-19 20:30:00+00:00,52.44
GFS,-12.5,-44.0,2025-06-03 00:00:00+00:00,2025-06-19 21:00:00+00:00,0.0
GFS,-12.5,-44.0,2025-06-03 00:00:00+00:00,2025-06-19 21:30:00+00:00,0.0
GFS,-12.5,-44.0,2025-06-03 00:00:00+00:00,2025-06-19 22:00:00+00:00,0.0
GFS,-12.5,-44.0,2025-06-03 00:00:00+00:00,2025-06-19 22:30:00+00:00,0.0
GFS,-12.5,-44.0,2025-06-03 00:00:00+00:00,2025-06-19 23:00:00+00:00,0.0
GFS,-12.5,-44.0,2025-06-03 00:00:00+00:00,2025-06-19 23:30:00+00:00,0.0
GFS,-12.5,-44.0,2025-06-03 00:00:00+00:00,2025-06-20 00:00:00+00:00,0.0
GFS,-12.5,-44.0,2025-06-03 00:00:00+00:00,2025-06-20 00:30:00+00:00,0.0
GFS,-12.5,-44.0,2025-06-03 00:00:00+00:00,2025-06-20 01:00:00+00:00,0.0
GFS,-12.5,-44.0,2025-06-03 00:00:00+00:00,2025-06-20 01:30:00+00:00,0.0
GFS,-12.5,-44.0,2025-06-03 00:00:00+00:00,2025-06-20 02:00:00+00:00,0.0
GFS,-12.5,-44.0,2025-06-03 00:00:00+00:00,2025-06-20 02:30:00+00:00,0.0
GFS,-12.5,-44.0,2025-06-03 00:00:00+00:00,2025-06-20 03:00:00+00:00,0.0
GFS,-12.5,-44.0,2025-06-03 00:00:00+00:00,2025-06-20 03:30:00+00:00,0.0
GFS,-12.5,-44.0,2025-06-03 00:00:00+00:00,2025-06-20 04:00:00+00:00,0.0
GFS,-12.5,-44.0,2025-06-03 00:00:00+00:00,2025-06-20 04:30:00+00:00,0.0
GFS,-12.5,-44.0,2025-06-03 00:00:00+00:00,2025-06-20 05:00:00+00:00,0.0
GFS,-12.5,-44.0,2025-06-03 00:00:00+00:00,2025-06-20 05:30:00+00:00,3.42
GFS,-12.5,-44.0,2025-06-03 00:00:00+00:00,2025-06-20 06:00:00+00:00,6.84
GFS,-12.5,-44.0,2025-06-03 00:00:00+00:00,2025-06-20 06:30:00+00:00,27.02
GFS,-12.5,-44.0,2025-06-03 00:00:00+00:00,2025-06-20 07:00:00+00:00,47.2
GFS,-12.5,-44.0,2025-06-03 00:00:00+00:00,2025-06-20 07:30:00+00:00,78.5
GFS,-12.5,-44.0,2025-06-03 00:00:00+00:00,2025-06-20 08:00:00+00:00,109.8
GFS,-12.5,-44.0,2025-06-03 00:00:00+00:00,2025-06-20 08:30:00+00:00,358.27
GFS,-12.5,-44.0,2025-06-03 00:00:00+00:00,2025-06-20 09:00:00+00:00,606.74
GFS,-12.5,-44.0,2025-06-03 00:00:00+00:00,2025-06-20 09:30:00+00:00,639.72
GFS,-12.5,-44.0,2025-06-03 00:00:00+00:00,2025-06-20 10:00:00+00:00,672.7
GFS,-12.5,-44.0,2025-06-03 00:00:00+00:00,2025-06-20 10:30:00+00:00,694.78
GFS,-12.5,-44.0,2025-06-03 00:00:00+00:00,2025-06-20 11:00:00+00:00,716.86
GFS,-12.5,-44.0,2025-06-03 00:00:00+00:00,2025-06-20 11:30:00+00:00,727.64
GFS,-12.5,-44.0,2025-06-03 00:00:00+00:00,2025-06-20 12:00:00+00:00,738.42
GFS,-12.5,-44.0,2025-06-03 00:00:00+00:00,2025-06-20 12:30:00+00:00,737.65
GFS,-12.5,-44.0,2025-06-03 00:00:00+00:00,2025-06-20 13:00:00+00:00,736.88
GFS,-12.5,-44.0,2025-06-03 00:00:00+00:00,2025-06-20 13:30:00+00:00,725.04
GFS,-12.5,-44.0,2025-06-03 00:00:00+00:00,2025-06-20 14:00:00+00:00,713.2
GFS,-12.5,-44.0,2025-06-03 00:00:00+00:00,2025-06-20 14:30:00+00:00,560.84
GFS,-12.5,-44.0,2025-06-03 00:00:00+00:00,2025-06-20 15:00:00+00:00,408.48
GFS,-12.5,-44.0,2025-06-03 00:00:00+00:00,2025-06-20 15:30:00+00:00,354.71
GFS,-12.5,-44.0,2025-06-03 00:00:00+00:00,2025-06-20 16:00:00+00:00,300.94
GFS,-12.5,-44.0,2025-06-03 00:00:00+00:00,2025-06-20 16:30:00+00:00,254.28
GFS,-12.5,-44.0,2025-06-03 00:00:00+00:00,2025-06-20 17:00:00+00:00,207.62
GFS,-12.5,-44.0,2025-06-03 00:00:00+00:00,2025-06-20 17:30:00+00:00,181.66
GFS,-12.5,-44.0,2025-06-03 00:00:00+00:00,2025-06-20 18:00:00+00:00,155.7
GFS,-12.5,-44.0,2025-06-03 00:00:00+00:00,2025-06-20 18:30:00+00:00,140.13
GFS,-12.5,-44.0,2025-06-03 00:00:00+00:00,2025-06-20 19:00:00+00:00,124.56
GFS,-12.5,-44.0,2025-06-03 00:00:00+00:00,2025-06-20 19:30:00+00:00,114.185
GFS,-12.5,-44.0,2025-06-03 00:00:00+00:00,2025-06-20 20:00:00+00:00,103.81
GFS,-12.5,-44.0,2025-06-03 00:00:00+00:00,2025-06-20 20:30:00+00:00,51.905
GFS,-12.5,-44.0,2025-06-03 00:00:00+00:00,2025-06-20 21:00:00+00:00,0.0
GFS,-12.5,-44.0,2025-06-03 00:00:00+00:00,2025-06-20 21:30:00+00:00,0.0
GFS,-12.5,-44.0,2025-06-03 00:00:00+00:00,2025-06-20 22:00:00+00:00,0.0
GFS,-12.5,-44.0,2025-06-03 00:00:00+00:00,2025-06-20 22:30:00+00:00,0.0
GFS,-12.5,-44.0,2025-06-03 00:00:00+00:00,2025-06-20 23:00:00+00:00,0.0
GFS,-12.5,-44.0,2025-06-03 00:00:00+00:00,2025-06-20 23:30:00+00:00,0.0
GFS,-12.5,-44.0,2025-06-03 00:00:00+00:00,2025-06-21 00:00:00+00:00,0.0
GFS,-12.5,-44.0,2025-06-03 00:00:00+00:00,2025-06-21 00:30:00+00:00,0.0
GFS,-12.5,-44.0,2025-06-03 00:00:00+00:00,2025-06-21 01:00:00+00:00,0.0
GFS,-12.5,-44.0,2025-06-03 00:00:00+00:00,2025-06-21 01:30:00+00:00,0.0
GFS,-12.5,-44.0,2025-06-03 00:00:00+00:00,2025-06-21 02:00:00+00:00,0.0
GFS,-12.5,-44.0,2025-06-03 00:00:00+00:00,2025-06-21 02:30:00+00:00,0.0
GFS,-12.5,-44.0,2025-06-03 00:00:00+00:00,2025-06-21 03:00:00+00:00,0.0
GFS,-12.5,-44.0,2025-06-03 00:00:00+00:00,2025-06-21 03:30:00+00:00,0.0
GFS,-12.5,-44.0,2025-06-03 00:00:00+00:00,2025-06-21 04:00:00+00:00,0.0
GFS,-12.5,-44.0,2025-06-03 00:00:00+00:00,2025-06-21 04:30:00+00:00,0.0
GFS,-12.5,-44.0,2025-06-03 00:00:00+00:00,2025-06-21 05:00:00+00:00,0.0
GFS,-12.5,-44.0,2025-06-03 00:00:00+00:00,2025-06-21 05:30:00+00:00,3.3
GFS,-12.5,-44.0,2025-06-03 00:00:00+00:00,2025-06-21 06:00:00+00:00,6.6
GFS,-12.5,-44.0,2025-06-03 00:00:00+00:00,2025-06-21 06:30:00+00:00,26.46
GFS,-12.5,-44.0,2025-06-03 00:00:00+00:00,2025-06-21 07:00:00+00:00,46.32
GFS,-12.5,-44.0,2025-06-03 00:00:00+00:00,2025-06-21 07:30:00+00:00,77.175
GFS,-12.5,-44.0,2025-06-03 00:00:00+00:00,2025-06-21 08:00:00+00:00,108.03
GFS,-12.5,-44.0,2025-06-03 00:00:00+00:00,2025-06-21 08:30:00+00:00,353.415
GFS,-12.5,-44.0,2025-06-03 00:00:00+00:00,2025-06-21 09:00:00+00:00,598.8
GFS,-12.5,-44.0,2025-06-03 00:00:00+00:00,2025-06-21 09:30:00+00:00,631.78
GFS,-12.5,-44.0,2025-06-03 00:00:00+00:00,2025-06-21 10:00:00+00:00,664.76
GFS,-12.5,-44.0,2025-06-03 00:00:00+00:00,2025-06-21 10:30:00+00:00,686.75
GFS,-12.5,-44.0,2025-06-03 00:00:00+00:00,2025-06-21 11:00:00+00:00,708.74
GFS,-12.5,-44.0,2025-06-03 00:00:00+00:00,2025-06-21 11:30:00+00:00,719.52
GFS,-12.5,-44.0,2025-06-03 00:00:00+00:00,2025-06-21 12:00:00+00:00,730.3
GFS,-12.5,-44.0,2025-06-03 00:00:00+00:00,2025-06-21 12:30:00+00:00,729.7
GFS,-12.5,-44.0,2025-06-03 00:00:00+00:00,2025-06-21 13:00:00+00:00,729.1
GFS,-12.5,-44.0,2025-06-03 00:00:00+00:00,2025-06-21 13:30:00+00:00,717.43
GFS,-12.5,-44.0,2025-06-03 00:00:00+00:00,2025-06-21 14:00:00+00:00,705.76
GFS,-12.5,-44.0,2025-06-03 00:00:00+00:00,2025-06-21 14:30:00+00:00,539.72
GFS,-12.5,-44.0,2025-06-03 00:00:00+00:00,2025-06-21 15:00:00+00:00,373.68
GFS,-12.5,-44.0,2025-06-03 00:00:00+00:00,2025-06-21 15:30:00+00:00,321.44
GFS,-12.5,-44.0,2025-06-03 00:00:00+00:00,2025-06-21 16:00:00+00:00,269.2
GFS,-12.5,-44.0,2025-06-03 00:00:00+00:00,2025-06-21 16:30:00+00:00,227.36
GFS,-12.5,-44.0,2025-06-03 00:00:00+00:00,2025-06-21 17:00:00+00:00,185.52
GFS,-12.5,-44.0,2025-06-03 00:00:00+00:00,2025-06-21 17:30:00+00:00,162.33
GFS,-12.5,-44.0,2025-06-03 00:00:00+00:00,2025-06-21 18:00:00+00:00,139.14
GFS,-12.5,-44.0,2025-06-03 00:00:00+00:00,2025-06-21 18:30:00+00:00,125.23
GFS,-12.5,-44.0,2025-06-03 00:00:00+00:00,2025-06-21 19:00:00+00:00,111.32
GFS,-12.5,-44.0,2025-06-03 00:00:00+00:00,2025-06-21 19:30:00+00:00,102.035
GFS,-12.5,-44.0,2025-06-03 00:00:00+00:00,2025-06-21 20:00:00+00:00,92.75
GFS,-12.5,-44.0,2025-06-03 00:00:00+00:00,2025-06-21 20:30:00+00:00,46.375
GFS,-12.5,-44.0,2025-06-03 00:00:00+00:00,2025-06-21 21:00:00+00:00,0.0
GFS,-12.5,-44.0,2025-06-03 00:00:00+00:00,2025-06-21 21:30:00+00:00,0.0
GFS,-12.5,-44.0,2025-06-03 00:00:00+00:00,2025-06-21 22:00:00+00:00,0.0
GFS,-12.5,-44.0,2025-06-03 00:00:00+00:00,2025-06-21 22:30:00+00:00,0.0
GFS,-12.5,-44.0,2025-06-03 00:00:00+00:00,2025-06-21 23:00:00+00:00,0.0
GFS,-12.5,-44.0,2025-06-03 00:00:00+00:00,2025-06-21 23:30:00+00:00,0.0
GFS,-12.5,-44.0,2025-06-03 00:00:00+00:00,2025-06-22 00:00:00+00:00,0.0
GFS,-12.5,-44.0,2025-06-03 00:00:00+00:00,2025-06-22 00:30:00+00:00,0.0
GFS,-12.5,-44.0,2025-06-03 00:00:00+00:00,2025-06-22 01:00:00+00:00,0.0
GFS,-12.5,-44.0,2025-06-03 00:00:00+00:00,2025-06-22 01:30:00+00:00,0.0
GFS,-12.5,-44.0,2025-06-03 00:00:00+00:00,2025-06-22 02:00:00+00:00,0.0
GFS,-12.5,-44.0,2025-06-03 00:00:00+00:00,2025-06-22 02:30:00+00:00,0.0
GFS,-12.5,-44.0,2025-06-03 00:00:00+00:00,2025-06-22 03:00:00+00:00,0.0
GFS,-12.5,-44.0,2025-06-03 00:00:00+00:00,2025-06-22 03:30:00+00:00,0.0
GFS,-12.5,-44.0,2025-06-03 00:00:00+00:00,2025-06-22 04:00:00+00:00,0.0
GFS,-12.5,-44.0,2025-06-03 00:00:00+00:00,2025-06-22 04:30:00+00:00,0.0
GFS,-12.5,-44.0,2025-06-03 00:00:00+00:00,2025-06-22 05:00:00+00:00,0.0
GFS,-12.5,-44.0,2025-06-03 00:00:00+00:00,2025-06-22 05:30:00+00:00,2.23
GFS,-12.5,-44.0,2025-06-03 00:00:00+00:00,2025-06-22 06:00:00+00:00,4.46
GFS,-12.5,-44.0,2025-06-03 00:00:00+00:00,2025-06-22 06:30:00+00:00,17.85
GFS,-12.5,-44.0,2025-06-03 00:00:00+00:00,2025-06-22 07:00:00+00:00,31.24
GFS,-12.5,-44.0,2025-06-03 00:00:00+00:00,2025-06-22 07:30:00+00:00,61.965
GFS,-12.5,-44.0,2025-06-03 00:00:00+00:00,2025-06-22 08:00:00+00:00,92.69
GFS,-12.5,-44.0,2025-06-03 00:00:00+00:00,2025-06-22 08:30:00+00:00,348.365
GFS,-12.5,-44.0,2025-06-03 00:00:00+00:00,2025-06-22 09:00:00+00:00,604.04
GFS,-12.5,-44.0,2025-06-03 00:00:00+00:00,2025-06-22 09:30:00+00:00,636.82
GFS,-12.5,-44.0,2025-06-03 00:00:00+00:00,2025-06-22 10:00:00+00:00,669.6
GFS,-12.5,-44.0,2025-06-03 00:00:00+00:00,2025-06-22 10:30:00+00:00,691.72
GFS,-12.5,-44.0,2025-06-03 00:00:00+00:00,2025-06-22 11:00:00+00:00,713.84
GFS,-12.5,-44.0,2025-06-03 00:00:00+00:00,2025-06-22 11:30:00+00:00,724.74
GFS,-12.5,-44.0,2025-06-03 00:00:00+00:00,2025-06-22 12:00:00+00:00,735.64
GFS,-12.5,-44.0,2025-06-03 00:00:00+00:00,2025-06-22 12:30:00+00:00,735.035
GFS,-12.5,-44.0,2025-06-03 00:00:00+00:00,2025-06-22 13:00:00+00:00,734.43
GFS,-12.5,-44.0,2025-06-03 00:00:00+00:00,2025-06-22 13:30:00+00:00,722.765
GFS,-12.5,-44.0,2025-06-03 00:00:00+00:00,2025-06-22 14:00:00+00:00,711.1
GFS,-12.5,-44.0,2025-06-03 00:00:00+00:00,2025-06-22 14:30:00+00:00,559.81
GFS,-12.5,-44.0,2025-06-03 00:00:00+00:00,2025-06-22 15:00:00+00:00,408.52
GFS,-12.5,-44.0,2025-06-03 00:00:00+00:00,2025-06-22 15:30:00+00:00,353.69
GFS,-12.5,-44.0,2025-06-03 00:00:00+00:00,2025-06-22 16:00:00+00:00,298.86
GFS,-12.5,-44.0,2025-06-03 00:00:00+00:00,2025-06-22 16:30:00+00:00,252.14
GFS,-12.5,-44.0,2025-06-03 00:00:00+00:00,2025-06-22 17:00:00+00:00,205.42
GFS,-12.5,-44.0,2025-06-03 00:00:00+00:00,2025-06-22 17:30:00+00:00,179.74
GFS,-12.5,-44.0,2025-06-03 00:00:00+00:00,2025-06-22 18:00:00+00:00,154.06
GFS,-12.5,-44.0,2025-06-03 00:00:00+00:00,2025-06-22 18:30:00+00:00,138.66
GFS,-12.5,-44.0,2025-06-03 00:00:00+00:00,2025-06-22 19:00:00+00:00,123.26
GFS,-12.5,-44.0,2025-06-03 00:00:00+00:00,2025-06-22 19:30:00+00:00,112.98
GFS,-12.5,-44.0,2025-06-03 00:00:00+00:00,2025-06-22 20:00:00+00:00,102.7
GFS,-12.5,-44.0,2025-06-03 00:00:00+00:00,2025-06-22 20:30:00+00:00,51.35
GFS,-12.5,-44.0,2025-06-03 00:00:00+00:00,2025-06-22 21:00:00+00:00,0.0
GFS,-12.5,-44.0,2025-06-03 00:00:00+00:00,2025-06-22 21:30:00+00:00,0.0
GFS,-12.5,-44.0,2025-06-03 00:00:00+00:00,2025-06-22 22:00:00+00:00,0.0
GFS,-12.5,-44.0,2025-06-03 00:00:00+00:00,2025-06-22 22:30:00+00:00,0.0
GFS,-12.5,-44.0,2025-06-03 00:00:00+00:00,2025-06-22 23:00:00+00:00,0.0
GFS,-12.5,-44.0,2025-06-03 00:00:00+00:00,2025-06-22 23:30:00+00:00,0.0
GFS,-12.5,-44.0,2025-06-03 00:00:00+00:00,2025-06-23 00:00:00+00:00,0.0
GFS,-12.5,-44.0,2025-06-03 00:00:00+00:00,2025-06-23 00:30:00+00:00,0.0
GFS,-12.5,-44.0,2025-06-03 00:00:00+00:00,2025-06-23 01:00:00+00:00,0.0
GFS,-12.5,-44.0,2025-06-03 00:00:00+00:00,2025-06-23 01:30:00+00:00,0.0
GFS,-12.5,-44.0,2025-06-03 00:00:00+00:00,2025-06-23 02:00:00+00:00,0.0
GFS,-12.5,-44.0,2025-06-03 00:00:00+00:00,2025-06-23 02:30:00+00:00,0.0
GFS,-12.5,-44.0,2025-06-03 00:00:00+00:00,2025-06-23 03:00:00+00:00,0.0
GFS,-12.5,-44.0,2025-06-03 00:00:00+00:00,2025-06-23 03:30:00+00:00,0.0
GFS,-12.5,-44.0,2025-06-03 00:00:00+00:00,2025-06-23 04:00:00+00:00,0.0
GFS,-12.5,-44.0,2025-06-03 00:00:00+00:00,2025-06-23 04:30:00+00:00,0.0
GFS,-12.5,-44.0,2025-06-03 00:00:00+00:00,2025-06-23 05:00:00+00:00,0.0
GFS,-12.5,-44.0,2025-06-03 00:00:00+00:00,2025-06-23 05:30:00+00:00,3.31
GFS,-12.5,-44.0,2025-06-03 00:00:00+00:00,2025-06-23 06:00:00+00:00,6.62
GFS,-12.5,-44.0,2025-06-03 00:00:00+00:00,2025-06-23 06:30:00+00:00,26.76
GFS,-12.5,-44.0,2025-06-03 00:00:00+00:00,2025-06-23 07:00:00+00:00,46.9
GFS,-12.5,-44.0,2025-06-03 00:00:00+00:00,2025-06-23 07:30:00+00:00,78.235
GFS,-12.5,-44.0,2025-06-03 00:00:00+00:00,2025-06-23 08:00:00+00:00,109.57
GFS,-12.5,-44.0,2025-06-03 00:00:00+00:00,2025-06-23 08:30:00+00:00,358.205
GFS,-12.5,-44.0,2025-06-03 00:00:00+00:00,2025-06-23 09:00:00+00:00,606.84
GFS,-12.5,-44.0,2025-06-03 00:00:00+00:00,2025-06-23 09:30:00+00:00,639.82
GFS,-12.5,-44.0,2025-06-03 00:00:00+00:00,2025-06-23 10:00:00+00:00,672.8
GFS,-12.5,-44.0,2025-06-03 00:00:00+00:00,2025-06-23 10:30:00+00:00,695.08
GFS,-12.5,-44.0,2025-06-03 00:00:00+00:00,2025-06-23 11:00:00+00:00,717.36
GFS,-12.5,-44.0,2025-06-03 00:00:00+00:00,2025-06-23 11:30:00+00:00,728.295
GFS,-12.5,-44.0,2025-06-03 00:00:00+00:00,2025-06-23 12:00:00+00:00,739.23
GFS,-12.5,-44.0,2025-06-03 00:00:00+00:00,2025-06-23 12:30:00+00:00,738.67
GFS,-12.5,-44.0,2025-06-03 00:00:00+00:00,2025-06-23 13:00:00+00:00,738.11
GFS,-12.5,-44.0,2025-06-03 00:00:00+00:00,2025-06-23 13:30:00+00:00,726.505
GFS,-12.5,-44.0,2025-06-03 00:00:00+00:00,2025-06-23 14:00:00+00:00,714.9
GFS,-12.5,-44.0,2025-06-03 00:00:00+00:00,2025-06-23 14:30:00+00:00,563.58
GFS,-12.5,-44.0,2025-06-03 00:00:00+00:00,2025-06-23 15:00:00+00:00,412.26
GFS,-12.5,-44.0,2025-06-03 00:00:00+00:00,2025-06-23 15:30:00+00:00,358.42
GFS,-12.5,-44.0,2025-06-03 00:00:00+00:00,2025-06-23 16:00:00+00:00,304.58
GFS,-12.5,-44.0,2025-06-03 00:00:00+00:00,2025-06-23 16:30:00+00:00,257.45
GFS,-12.5,-44.0,2025-06-03 00:00:00+00:00,2025-06-23 17:00:00+00:00,210.32
GFS,-12.5,-44.0,2025-06-03 00:00:00+00:00,2025-06-23 17:30:00+00:00,184.03
GFS,-12.5,-44.0,2025-06-03 00:00:00+00:00,2025-06-23 18:00:00+00:00,157.74
GFS,-12.5,-44.0,2025-06-03 00:00:00+00:00,2025-06-23 18:30:00+00:00,141.97
GFS,-12.5,-44.0,2025-06-03 00:00:00+00:00,2025-06-23 19:00:00+00:00,126.2
GFS,-12.5,-44.0,2025-06-03 00:00:00+00:00,2025-06-23 19:30:00+00:00,115.685
GFS,-12.5,-44.0,2025-06-03 00:00:00+00:00,2025-06-23 20:00:00+00:00,105.17
GFS,-12.5,-44.0,2025-06-03 00:00:00+00:00,2025-06-23 20:30:00+00:00,52.585
GFS,-12.5,-44.0,2025-06-03 00:00:00+00:00,2025-06-23 21:00:00+00:00,0.0
GFS,-12.5,-44.0,2025-06-03 00:00:00+00:00,2025-06-23 21:30:00+00:00,0.0
GFS,-12.5,-44.0,2025-06-03 00:00:00+00:00,2025-06-23 22:00:00+00:00,0.0
GFS,-12.5,-44.0,2025-06-03 00:00:00+00:00,2025-06-23 22:30:00+00:00,0.0
GFS,-12.5,-44.0,2025-06-03 00:00:00+00:00,2025-06-23 23:00:00+00:00,0.0
GFS,-12.5,-44.0,2025-06-03 00:00:00+00:00,2025-06-23 23:30:00+00:00,0.0
GFS,-12.5,-44.0,2025-06-03 00:00:00+00:00,2025-06-24 00:00:00+00:00,0.0
GFS,-12.5,-44.0,2025-06-03 00:00:00+00:00,2025-06-24 00:30:00+00:00,0.0
GFS,-12.5,-44.0,2025-06-03 00:00:00+00:00,2025-06-24 01:00:00+00:00,0.0
GFS,-12.5,-44.0,2025-06-03 00:00:00+00:00,2025-06-24 01:30:00+00:00,0.0
GFS,-12.5,-44.0,2025-06-03 00:00:00+00:00,2025-06-24 02:00:00+00:00,0.0
GFS,-12.5,-44.0,2025-06-03 00:00:00+00:00,2025-06-24 02:30:00+00:00,0.0
GFS,-12.5,-44.0,2025-06-03 00:00:00+00:00,2025-06-24 03:00:00+00:00,0.0
GFS,-12.5,-44.0,2025-06-03 00:00:00+00:00,2025-06-24 03:30:00+00:00,0.0
GFS,-12.5,-44.0,2025-06-03 00:00:00+00:00,2025-06-24 04:00:00+00:00,0.0
GFS,-12.5,-44.0,2025-06-03 00:00:00+00:00,2025-06-24 04:30:00+00:00,0.0
GFS,-12.5,-44.0,2025-06-03 00:00:00+00:00,2025-06-24 05:00:00+00:00,0.0
GFS,-12.5,-44.0,2025-06-03 00:00:00+00:00,2025-06-24 05:30:00+00:00,3.3
GFS,-12.5,-44.0,2025-06-03 00:00:00+00:00,2025-06-24 06:00:00+00:00,6.6
GFS,-12.5,-44.0,2025-06-03 00:00:00+00:00,2025-06-24 06:30:00+00:00,26.73
GFS,-12.5,-44.0,2025-06-03 00:00:00+00:00,2025-06-24 07:00:00+00:00,46.86
GFS,-12.5,-44.0,2025-06-03 00:00:00+00:00,2025-06-24 07:30:00+00:00,78.14
GFS,-12.5,-44.0,2025-06-03 00:00:00+00:00,2025-06-24 08:00:00+00:00,109.42
GFS,-12.5,-44.0,2025-06-03 00:00:00+00:00,2025-06-24 08:30:00+00:00,357.72
GFS,-12.5,-44.0,2025-06-03 00:00:00+00:00,2025-06-24 09:00:00+00:00,606.02
GFS,-12.5,-44.0,2025-06-03 00:00:00+00:00,2025-06-24 09:30:00+00:00,639.11
GFS,-12.5,-44.0,2025-06-03 00:00:00+00:00,2025-06-24 10:00:00+00:00,672.2
GFS,-12.5,-44.0,2025-06-03 00:00:00+00:00,2025-06-24 10:30:00+00:00,694.82
GFS,-12.5,-44.0,2025-06-03 00:00:00+00:00,2025-06-24 11:00:00+00:00,717.44
GFS,-12.5,-44.0,2025-06-03 00:00:00+00:00,2025-06-24 11:30:00+00:00,728.84
GFS,-12.5,-44.0,2025-06-03 00:00:00+00:00,2025-06-24 12:00:00+00:00,740.24
GFS,-12.5,-44.0,2025-06-03 00:00:00+00:00,2025-06-24 12:30:00+00:00,739.825
GFS,-12.5,-44.0,2025-06-03 00:00:00+00:00,2025-06-24 13:00:00+00:00,739.41
GFS,-12.5,-44.0,2025-06-03 00:00:00+00:00,2025-06-24 13:30:00+00:00,727.815
GFS,-12.5,-44.0,2025-06-03 00:00:00+00:00,2025-06-24 14:00:00+00:00,716.22
GFS,-12.5,-44.0,2025-06-03 00:00:00+00:00,2025-06-24 14:30:00+00:00,565.38
GFS,-12.5,-44.0,2025-06-03 00:00:00+00:00,2025-06-24 15:00:00+00:00,414.54
GFS,-12.5,-44.0,2025-06-03 00:00:00+00:00,2025-06-24 15:30:00+00:00,360.54
GFS,-12.5,-44.0,2025-06-03 00:00:00+00:00,2025-06-24 16:00:00+00:00,306.54
GFS,-12.5,-44.0,2025-06-03 00:00:00+00:00,2025-06-24 16:30:00+00:00,259.17
GFS,-12.5,-44.0,2025-06-03 00:00:00+00:00,2025-06-24 17:00:00+00:00,211.8
GFS,-12.5,-44.0,2025-06-03 00:00:00+00:00,2025-06-24 17:30:00+00:00,185.33
GFS,-12.5,-44.0,2025-06-03 00:00:00+00:00,2025-06-24 18:00:00+00:00,158.86
GFS,-12.5,-44.0,2025-06-03 00:00:00+00:00,2025-06-24 18:30:00+00:00,142.97
GFS,-12.5,-44.0,2025-06-03 00:00:00+00:00,2025-06-24 19:00:00+00:00,127.08
GFS,-12.5,-44.0,2025-06-03 00:00:00+00:00,2025-06-24 19:30:00+00:00,116.49
GFS,-12.5,-44.0,2025-06-03 00:00:00+00:00,2025-06-24 20:00:00+00:00,105.9
GFS,-12.5,-44.0,2025-06-03 00:00:00+00:00,2025-06-24 20:30:00+00:00,52.95
GFS,-12.5,-44.0,2025-06-03 00:00:00+00:00,2025-06-24 21:00:00+00:00,0.0
GFS,-12.5,-44.0,2025-06-03 00:00:00+00:00,2025-06-24 21:30:00+00:00,0.0
GFS,-12.5,-44.0,2025-06-03 00:00:00+00:00,2025-06-24 22:00:00+00:00,0.0
GFS,-12.5,-44.0,2025-06-03 00:00:00+00:00,2025-06-24 22:30:00+00:00,0.0
GFS,-12.5,-44.0,2025-06-03 00:00:00+00:00,2025-06-24 23:00:00+00:00,0.0
GFS,-12.5,-44.0,2025-06-03 00:00:00+00:00,2025-06-24 23:30:00+00:00,0.0
GFS,-12.5,-44.0,2025-06-03 00:00:00+00:00,2025-06-25 00:00:00+00:00,0.0
GFS,-12.5,-44.0,2025-06-03 00:00:00+00:00,2025-06-25 00:30:00+00:00,0.0
GFS,-12.5,-44.0,2025-06-03 00:00:00+00:00,2025-06-25 01:00:00+00:00,0.0
GFS,-12.5,-44.0,2025-06-03 00:00:00+00:00,2025-06-25 01:30:00+00:00,0.0
GFS,-12.5,-44.0,2025-06-03 00:00:00+00:00,2025-06-25 02:00:00+00:00,0.0
GFS,-12.5,-44.0,2025-06-03 00:00:00+00:00,2025-06-25 02:30:00+00:00,0.0
GFS,-12.5,-44.0,2025-06-03 00:00:00+00:00,2025-06-25 03:00:00+00:00,0.0
GFS,-12.5,-44.0,2025-06-03 00:00:00+00:00,2025-06-25 03:30:00+00:00,0.0
GFS,-12.5,-44.0,2025-06-03 00:00:00+00:00,2025-06-25 04:00:00+00:00,0.0
GFS,-12.5,-44.0,2025-06-03 00:00:00+00:00,2025-06-25 04:30:00+00:00,0.0
GFS,-12.5,-44.0,2025-06-03 00:00:00+00:00,2025-06-25 05:00:00+00:00,0.0
GFS,-12.5,-44.0,2025-06-03 00:00:00+00:00,2025-06-25 05:30:00+00:00,3.26
GFS,-12.5,-44.0,2025-06-03 00:00:00+00:00,2025-06-25 06:00:00+00:00,6.52
GFS,-12.5,-44.0,2025-06-03 00:00:00+00:00,2025-06-25 06:30:00+00:00,26.6
GFS,-12.5,-44.0,2025-06-03 00:00:00+00:00,2025-06-25 07:00:00+00:00,46.68
GFS,-12.5,-44.0,2025-06-03 00:00:00+00:00,2025-06-25 07:30:00+00:00,77.91
GFS,-12.5,-44.0,2025-06-03 00:00:00+00:00,2025-06-25 08:00:00+00:00,109.14
GFS,-12.5,-44.0,2025-06-03 00:00:00+00:00,2025-06-25 08:30:00+00:00,356.49
GFS,-12.5,-44.0,2025-06-03 00:00:00+00:00,2025-06-25 09:00:00+00:00,603.84
GFS,-12.5,-44.0,2025-06-03 00:00:00+00:00,2025-06-25 09:30:00+00:00,636.78
GFS,-12.5,-44.0,2025-06-03 00:00:00+00:00,2025-06-25 10:00:00+00:00,669.72
GFS,-12.5,-44.0,2025-06-03 00:00:00+00:00,2025-06-25 10:30:00+00:00,692.0
GFS,-12.5,-44.0,2025-06-03 00:00:00+00:00,2025-06-25 11:00:00+00:00,714.28
GFS,-12.5,-44.0,2025-06-03 00:00:00+00:00,2025-06-25 11:30:00+00:00,725.15
GFS,-12.5,-44.0,2025-06-03 00:00:00+00:00,2025-06-25 12:00:00+00:00,736.02
GFS,-12.5,-44.0,2025-06-03 00:00:00+00:00,2025-06-25 12:30:00+00:00,735.49
GFS,-12.5,-44.0,2025-06-03 00:00:00+00:00,2025-06-25 13:00:00+00:00,734.96
GFS,-12.5,-44.0,2025-06-03 00:00:00+00:00,2025-06-25 13:30:00+00:00,723.465
GFS,-12.5,-44.0,2025-06-03 00:00:00+00:00,2025-06-25 14:00:00+00:00,711.97
GFS,-12.5,-44.0,2025-06-03 00:00:00+00:00,2025-06-25 14:30:00+00:00,562.025
GFS,-12.5,-44.0,2025-06-03 00:00:00+00:00,2025-06-25 15:00:00+00:00,412.08
GFS,-12.5,-44.0,2025-06-03 00:00:00+00:00,2025-06-25 15:30:00+00:00,358.47
GFS,-12.5,-44.0,2025-06-03 00:00:00+00:00,2025-06-25 16:00:00+00:00,304.86
GFS,-12.5,-44.0,2025-06-03 00:00:00+00:00,2025-06-25 16:30:00+00:00,257.77
GFS,-12.5,-44.0,2025-06-03 00:00:00+00:00,2025-06-25 17:00:00+00:00,210.68
GFS,-12.5,-44.0,2025-06-03 00:00:00+00:00,2025-06-25 17:30:00+00:00,184.35
GFS,-12.5,-44.0,2025-06-03 00:00:00+00:00,2025-06-25 18:00:00+00:00,158.02
GFS,-12.5,-44.0,2025-06-03 00:00:00+00:00,2025-06-25 18:30:00+00:00,142.22
GFS,-12.5,-44.0,2025-06-03 00:00:00+00:00,2025-06-25 19:00:00+00:00,126.42
GFS,-12.5,-44.0,2025-06-03 00:00:00+00:00,2025-06-25 19:30:00+00:00,115.88
GFS,-12.5,-44.0,2025-06-03 00:00:00+00:00,2025-06-25 20:00:00+00:00,105.34
GFS,-12.5,-44.0,2025-06-03 00:00:00+00:00,2025-06-25 20:30:00+00:00,52.67
GFS,-12.5,-44.0,2025-06-03 00:00:00+00:00,2025-06-25 21:00:00+00:00,0.0
GFS,-12.5,-44.0,2025-06-03 00:00:00+00:00,2025-06-25 21:30:00+00:00,0.0
GFS,-12.5,-44.0,2025-06-03 00:00:00+00:00,2025-06-25 22:00:00+00:00,0.0
GFS,-12.5,-44.0,2025-06-03 00:00:00+00:00,2025-06-25 22:30:00+00:00,0.0
GFS,-12.5,-44.0,2025-06-03 00:00:00+00:00,2025-06-25 23:00:00+00:00,0.0
GFS,-12.5,-44.0,2025-06-03 00:00:00+00:00,2025-06-25 23:30:00+00:00,0.0
GFS,-12.5,-44.0,2025-06-03 00:00:00+00:00,2025-06-26 00:00:00+00:00,0.0
GFS,-12.5,-44.0,2025-06-03 00:00:00+00:00,2025-06-26 00:30:00+00:00,0.0
GFS,-12.5,-44.0,2025-06-03 00:00:00+00:00,2025-06-26 01:00:00+00:00,0.0
GFS,-12.5,-44.0,2025-06-03 00:00:00+00:00,2025-06-26 01:30:00+00:00,0.0
GFS,-12.5,-44.0,2025-06-03 00:00:00+00:00,2025-06-26 02:00:00+00:00,0.0
GFS,-12.5,-44.0,2025-06-03 00:00:00+00:00,2025-06-26 02:30:00+00:00,0.0
GFS,-12.5,-44.0,2025-06-03 00:00:00+00:00,2025-06-26 03:00:00+00:00,0.0
GFS,-12.5,-44.0,2025-06-03 00:00:00+00:00,2025-06-26 03:30:00+00:00,0.0
GFS,-12.5,-44.0,2025-06-03 00:00:00+00:00,2025-06-26 04:00:00+00:00,0.0
GFS,-12.5,-44.0,2025-06-03 00:00:00+00:00,2025-06-26 04:30:00+00:00,0.0
GFS,-12.5,-44.0,2025-06-03 00:00:00+00:00,2025-06-26 05:00:00+00:00,0.0
GFS,-12.5,-44.0,2025-06-03 00:00:00+00:00,2025-06-26 05:30:00+00:00,3.05
GFS,-12.5,-44.0,2025-06-03 00:00:00+00:00,2025-06-26 06:00:00+00:00,6.1
GFS,-12.5,-44.0,2025-06-03 00:00:00+00:00,2025-06-26 06:30:00+00:00,25.27
GFS,-12.5,-44.0,2025-06-03 00:00:00+00:00,2025-06-26 07:00:00+00:00,44.44
GFS,-12.5,-44.0,2025-06-03 00:00:00+00:00,2025-06-26 07:30:00+00:00,74.63
GFS,-12.5,-44.0,2025-06-03 00:00:00+00:00,2025-06-26 08:00:00+00:00,104.82
GFS,-12.5,-44.0,2025-06-03 00:00:00+00:00,2025-06-26 08:30:00+00:00,347.87
GFS,-12.5,-44.0,2025-06-03 00:00:00+00:00,2025-06-26 09:00:00+00:00,590.92
GFS,-12.5,-44.0,2025-06-03 00:00:00+00:00,2025-06-26 09:30:00+00:00,624.1
GFS,-12.5,-44.0,2025-06-03 00:00:00+00:00,2025-06-26 10:00:00+00:00,657.28
GFS,-12.5,-44.0,2025-06-03 00:00:00+00:00,2025-06-26 10:30:00+00:00,679.84
GFS,-12.5,-44.0,2025-06-03 00:00:00+00:00,2025-06-26 11:00:00+00:00,702.4
GFS,-12.5,-44.0,2025-06-03 00:00:00+00:00,2025-06-26 11:30:00+00:00,713.59
GFS,-12.5,-44.0,2025-06-03 00:00:00+00:00,2025-06-26 12:00:00+00:00,724.78
GFS,-12.5,-44.0,2025-06-03 00:00:00+00:00,2025-06-26 12:30:00+00:00,724.46
GFS,-12.5,-44.0,2025-06-03 00:00:00+00:00,2025-06-26 13:00:00+00:00,724.14
GFS,-12.5,-44.0,2025-06-03 00:00:00+00:00,2025-06-26 13:30:00+00:00,712.9
GFS,-12.5,-44.0,2025-06-03 00:00:00+00:00,2025-06-26 14:00:00+00:00,701.66
GFS,-12.5,-44.0,2025-06-03 00:00:00+00:00,2025-06-26 14:30:00+00:00,553.88
GFS,-12.5,-44.0,2025-06-03 00:00:00+00:00,2025-06-26 15:00:00+00:00,406.1
GFS,-12.5,-44.0,2025-06-03 00:00:00+00:00,2025-06-26 15:30:00+00:00,351.14
GFS,-12.5,-44.0,2025-06-03 00:00:00+00:00,2025-06-26 16:00:00+00:00,296.18
GFS,-12.5,-44.0,2025-06-03 00:00:00+00:00,2025-06-26 16:30:00+00:00,248.65
GFS,-12.5,-44.0,2025-06-03 00:00:00+00:00,2025-06-26 17:00:00+00:00,201.12
GFS,-12.5,-44.0,2025-06-03 00:00:00+00:00,2025-06-26 17:30:00+00:00,175.98
GFS,-12.5,-44.0,2025-06-03 00:00:00+00:00,2025-06-26 18:00:00+00:00,150.84
GFS,-12.5,-44.0,2025-06-03 00:00:00+00:00,2025-06-26 18:30:00+00:00,135.75
GFS,-12.5,-44.0,2025-06-03 00:00:00+00:00,2025-06-26 19:00:00+00:00,120.66
GFS,-12.5,-44.0,2025-06-03 00:00:00+00:00,2025-06-26 19:30:00+00:00,110.61
GFS,-12.5,-44.0,2025-06-03 00:00:00+00:00,2025-06-26 20:00:00+00:00,100.56
GFS,-12.5,-44.0,2025-06-03 00:00:00+00:00,2025-06-26 20:30:00+00:00,50.28
GFS,-12.5,-44.0,2025-06-03 00:00:00+00:00,2025-06-26 21:00:00+00:00,0.0
GFS,-12.5,-44.0,2025-06-03 00:00:00+00:00,2025-06-26 21:30:00+00:00,0.0
GFS,-12.5,-44.0,2025-06-03 00:00:00+00:00,2025-06-26 22:00:00+00:00,0.0
GFS,-12.5,-44.0,2025-06-03 00:00:00+00:00,2025-06-26 22:30:00+00:00,0.0
GFS,-12.5,-44.0,2025-06-03 00:00:00+00:00,2025-06-26 23:00:00+00:00,0.0
GFS,-12.5,-44.0,2025-06-03 00:00:00+00:00,2025-06-26 23:30:00+00:00,0.0
GFS,-12.5,-44.0,2025-06-03 00:00:00+00:00,2025-06-27 00:00:00+00:00,0.0
GFS,-12.5,-44.0,2025-06-03 00:00:00+00:00,2025-06-27 00:30:00+00:00,0.0
GFS,-12.5,-44.0,2025-06-03 00:00:00+00:00,2025-06-27 01:00:00+00:00,0.0
GFS,-12.5,-44.0,2025-06-03 00:00:00+00:00,2025-06-27 01:30:00+00:00,0.0
GFS,-12.5,-44.0,2025-06-03 00:00:00+00:00,2025-06-27 02:00:00+00:00,0.0
GFS,-12.5,-44.0,2025-06-03 00:00:00+00:00,2025-06-27 02:30:00+00:00,0.0
GFS,-12.5,-44.0,2025-06-03 00:00:00+00:00,2025-06-27 03:00:00+00:00,0.0
GFS,-12.5,-44.0,2025-06-03 00:00:00+00:00,2025-06-27 03:30:00+00:00,0.0
GFS,-12.5,-44.0,2025-06-03 00:00:00+00:00,2025-06-27 04:00:00+00:00,0.0
GFS,-12.5,-44.0,2025-06-03 00:00:00+00:00,2025-06-27 04:30:00+00:00,0.0
GFS,-12.5,-44.0,2025-06-03 00:00:00+00:00,2025-06-27 05:00:00+00:00,0.0
GFS,-12.5,-44.0,2025-06-03 00:00:00+00:00,2025-06-27 05:30:00+00:00,3.06
GFS,-12.5,-44.0,2025-06-03 00:00:00+00:00,2025-06-27 06:00:00+00:00,6.12
GFS,-12.5,-44.0,2025-06-03 00:00:00+00:00,2025-06-27 06:30:00+00:00,25.48
GFS,-12.5,-44.0,2025-06-03 00:00:00+00:00,2025-06-27 07:00:00+00:00,44.84
GFS,-12.5,-44.0,2025-06-03 00:00:00+00:00,2025-06-27 07:30:00+00:00,75.395
GFS,-12.5,-44.0,2025-06-03 00:00:00+00:00,2025-06-27 08:00:00+00:00,105.95
GFS,-12.5,-44.0,2025-06-03 00:00:00+00:00,2025-06-27 08:30:00+00:00,350.315
GFS,-12.5,-44.0,2025-06-03 00:00:00+00:00,2025-06-27 09:00:00+00:00,594.68
GFS,-12.5,-44.0,2025-06-03 00:00:00+00:00,2025-06-27 09:30:00+00:00,627.75
GFS,-12.5,-44.0,2025-06-03 00:00:00+00:00,2025-06-27 10:00:00+00:00,660.82
GFS,-12.5,-44.0,2025-06-03 00:00:00+00:00,2025-06-27 10:30:00+00:00,683.3
GFS,-12.5,-44.0,2025-06-03 00:00:00+00:00,2025-06-27 11:00:00+00:00,705.78
GFS,-12.5,-44.0,2025-06-03 00:00:00+00:00,2025-06-27 11:30:00+00:00,717.0
GFS,-12.5,-44.0,2025-06-03 00:00:00+00:00,2025-06-27 12:00:00+00:00,728.22
GFS,-12.5,-44.0,2025-06-03 00:00:00+00:00,2025-06-27 12:30:00+00:00,727.95
GFS,-12.5,-44.0,2025-06-03 00:00:00+00:00,2025-06-27 13:00:00+00:00,727.68
GFS,-12.5,-44.0,2025-06-03 00:00:00+00:00,2025-06-27 13:30:00+00:00,716.455
GFS,-12.5,-44.0,2025-06-03 00:00:00+00:00,2025-06-27 14:00:00+00:00,705.23
GFS,-12.5,-44.0,2025-06-03 00:00:00+00:00,2025-06-27 14:30:00+00:00,557.195
GFS,-12.5,-44.0,2025-06-03 00:00:00+00:00,2025-06-27 15:00:00+00:00,409.16
GFS,-12.5,-44.0,2025-06-03 00:00:00+00:00,2025-06-27 15:30:00+00:00,355.96
GFS,-12.5,-44.0,2025-06-03 00:00:00+00:00,2025-06-27 16:00:00+00:00,302.76
GFS,-12.5,-44.0,2025-06-03 00:00:00+00:00,2025-06-27 16:30:00+00:00,256.07
GFS,-12.5,-44.0,2025-06-03 00:00:00+00:00,2025-06-27 17:00:00+00:00,209.38
GFS,-12.5,-44.0,2025-06-03 00:00:00+00:00,2025-06-27 17:30:00+00:00,183.21
GFS,-12.5,-44.0,2025-06-03 00:00:00+00:00,2025-06-27 18:00:00+00:00,157.04
GFS,-12.5,-44.0,2025-06-03 00:00:00+00:00,2025-06-27 18:30:00+00:00,141.33
GFS,-12.5,-44.0,2025-06-03 00:00:00+00:00,2025-06-27 19:00:00+00:00,125.62
GFS,-12.5,-44.0,2025-06-03 00:00:00+00:00,2025-06-27 19:30:00+00:00,115.155
GFS,-12.5,-44.0,2025-06-03 00:00:00+00:00,2025-06-27 20:00:00+00:00,104.69
GFS,-12.5,-44.0,2025-06-03 00:00:00+00:00,2025-06-27 20:30:00+00:00,52.345
GFS,-12.5,-44.0,2025-06-03 00:00:00+00:00,2025-06-27 21:00:00+00:00,0.0
GFS,-12.5,-44.0,2025-06-03 00:00:00+00:00,2025-06-27 21:30:00+00:00,0.0
GFS,-12.5,-44.0,2025-06-03 00:00:00+00:00,2025-06-27 22:00:00+00:00,0.0
GFS,-12.5,-44.0,2025-06-03 00:00:00+00:00,2025-06-27 22:30:00+00:00,0.0
GFS,-12.5,-44.0,2025-06-03 00:00:00+00:00,2025-06-27 23:00:00+00:00,0.0
GFS,-12.5,-44.0,2025-06-03 00:00:00+00:00,2025-06-27 23:30:00+00:00,0.0
GFS,-12.5,-44.0,2025-06-03 00:00:00+00:00,2025-06-28 00:00:00+00:00,0.0
GFS,-12.5,-44.0,2025-06-03 00:00:00+00:00,2025-06-28 00:30:00+00:00,0.0
GFS,-12.5,-44.0,2025-06-03 00:00:00+00:00,2025-06-28 01:00:00+00:00,0.0
GFS,-12.5,-44.0,2025-06-03 00:00:00+00:00,2025-06-28 01:30:00+00:00,0.0
GFS,-12.5,-44.0,2025-06-03 00:00:00+00:00,2025-06-28 02:00:00+00:00,0.0
GFS,-12.5,-44.0,2025-06-03 00:00:00+00:00,2025-06-28 02:30:00+00:00,0.0
GFS,-12.5,-44.0,2025-06-03 00:00:00+00:00,2025-06-28 03:00:00+00:00,0.0
GFS,-12.5,-44.0,2025-06-03 00:00:00+00:00,2025-06-28 03:30:00+00:00,0.0
GFS,-12.5,-44.0,2025-06-03 00:00:00+00:00,2025-06-28 04:00:00+00:00,0.0
GFS,-12.5,-44.0,2025-06-03 00:00:00+00:00,2025-06-28 04:30:00+00:00,0.0
GFS,-12.5,-44.0,2025-06-03 00:00:00+00:00,2025-06-28 05:00:00+00:00,0.0
GFS,-12.5,-44.0,2025-06-03 00:00:00+00:00,2025-06-28 05:30:00+00:00,3.11
GFS,-12.5,-44.0,2025-06-03 00:00:00+00:00,2025-06-28 06:00:00+00:00,6.22
GFS,-12.5,-44.0,2025-06-03 00:00:00+00:00,2025-06-28 06:30:00+00:00,25.98
GFS,-12.5,-44.0,2025-06-03 00:00:00+00:00,2025-06-28 07:00:00+00:00,45.74
GFS,-12.5,-44.0,2025-06-03 00:00:00+00:00,2025-06-28 07:30:00+00:00,76.885
GFS,-12.5,-44.0,2025-06-03 00:00:00+00:00,2025-06-28 08:00:00+00:00,108.03
GFS,-12.5,-44.0,2025-06-03 00:00:00+00:00,2025-06-28 08:30:00+00:00,357.485
GFS,-12.5,-44.0,2025-06-03 00:00:00+00:00,2025-06-28 09:00:00+00:00,606.94
GFS,-12.5,-44.0,2025-06-03 00:00:00+00:00,2025-06-28 09:30:00+00:00,641.21
GFS,-12.5,-44.0,2025-06-03 00:00:00+00:00,2025-06-28 10:00:00+00:00,675.48
GFS,-12.5,-44.0,2025-06-03 00:00:00+00:00,2025-06-28 10:30:00+00:00,699.04
GFS,-12.5,-44.0,2025-06-03 00:00:00+00:00,2025-06-28 11:00:00+00:00,722.6
GFS,-12.5,-44.0,2025-06-03 00:00:00+00:00,2025-06-28 11:30:00+00:00,734.45
GFS,-12.5,-44.0,2025-06-03 00:00:00+00:00,2025-06-28 12:00:00+00:00,746.3
GFS,-12.5,-44.0,2025-06-03 00:00:00+00:00,2025-06-28 12:30:00+00:00,746.2
GFS,-12.5,-44.0,2025-06-03 00:00:00+00:00,2025-06-28 13:00:00+00:00,746.1
GFS,-12.5,-44.0,2025-06-03 00:00:00+00:00,2025-06-28 13:30:00+00:00,734.52
GFS,-12.5,-44.0,2025-06-03 00:00:00+00:00,2025-06-28 14:00:00+00:00,722.94
GFS,-12.5,-44.0,2025-06-03 00:00:00+00:00,2025-06-28 14:30:00+00:00,570.84
GFS,-12.5,-44.0,2025-06-03 00:00:00+00:00,2025-06-28 15:00:00+00:00,418.74
GFS,-12.5,-44.0,2025-06-03 00:00:00+00:00,2025-06-28 15:30:00+00:00,364.55
GFS,-12.5,-44.0,2025-06-03 00:00:00+00:00,2025-06-28 16:00:00+00:00,310.36
GFS,-12.5,-44.0,2025-06-03 00:00:00+00:00,2025-06-28 16:30:00+00:00,261.99
GFS,-12.5,-44.0,2025-06-03 00:00:00+00:00,2025-06-28 17:00:00+00:00,213.62
GFS,-12.5,-44.0,2025-06-03 00:00:00+00:00,2025-06-28 17:30:00+00:00,186.92
GFS,-12.5,-44.0,2025-06-03 00:00:00+00:00,2025-06-28 18:00:00+00:00,160.22
GFS,-12.5,-44.0,2025-06-03 00:00:00+00:00,2025-06-28 18:30:00+00:00,144.19
GFS,-12.5,-44.0,2025-06-03 00:00:00+00:00,2025-06-28 19:00:00+00:00,128.16
GFS,-12.5,-44.0,2025-06-03 00:00:00+00:00,2025-06-28 19:30:00+00:00,117.48
GFS,-12.5,-44.0,2025-06-03 00:00:00+00:00,2025-06-28 20:00:00+00:00,106.8
GFS,-12.5,-44.0,2025-06-03 00:00:00+00:00,2025-06-28 20:30:00+00:00,53.4
GFS,-12.5,-44.0,2025-06-03 00:00:00+00:00,2025-06-28 21:00:00+00:00,0.0
GFS,-12.5,-44.0,2025-06-03 00:00:00+00:00,2025-06-28 21:30:00+00:00,0.0
GFS,-12.5,-44.0,2025-06-03 00:00:00+00:00,2025-06-28 22:00:00+00:00,0.0
GFS,-12.5,-44.0,2025-06-03 00:00:00+00:00,2025-06-28 22:30:00+00:00,0.0
GFS,-12.5,-44.0,2025-06-03 00:00:00+00:00,2025-06-28 23:00:00+00:00,0.0
GFS,-12.5,-44.0,2025-06-03 00:00:00+00:00,2025-06-28 23:30:00+00:00,0.0
GFS,-12.5,-44.0,2025-06-03 00:00:00+00:00,2025-06-29 00:00:00+00:00,0.0
GFS,-12.5,-44.0,2025-06-03 00:00:00+00:00,2025-06-29 00:30:00+00:00,0.0
GFS,-12.5,-44.0,2025-06-03 00:00:00+00:00,2025-06-29 01:00:00+00:00,0.0
GFS,-12.5,-44.0,2025-06-03 00:00:00+00:00,2025-06-29 01:30:00+00:00,0.0
GFS,-12.5,-44.0,2025-06-03 00:00:00+00:00,2025-06-29 02:00:00+00:00,0.0
GFS,-12.5,-44.0,2025-06-03 00:00:00+00:00,2025-06-29 02:30:00+00:00,0.0
GFS,-12.5,-44.0,2025-06-03 00:00:00+00:00,2025-06-29 03:00:00+00:00,0.0
GFS,-12.5,-44.0,2025-06-03 00:00:00+00:00,2025-06-29 03:30:00+00:00,0.0
GFS,-12.5,-44.0,2025-06-03 00:00:00+00:00,2025-06-29 04:00:00+00:00,0.0
GFS,-12.5,-44.0,2025-06-03 00:00:00+00:00,2025-06-29 04:30:00+00:00,0.0
GFS,-12.5,-44.0,2025-06-03 00:00:00+00:00,2025-06-29 05:00:00+00:00,0.0
GFS,-12.5,-44.0,2025-06-03 00:00:00+00:00,2025-06-29 05:30:00+00:00,3.02
GFS,-12.5,-44.0,2025-06-03 00:00:00+00:00,2025-06-29 06:00:00+00:00,6.04
GFS,-12.5,-44.0,2025-06-03 00:00:00+00:00,2025-06-29 06:30:00+00:00,25.36
GFS,-12.5,-44.0,2025-06-03 00:00:00+00:00,2025-06-29 07:00:00+00:00,44.68
GFS,-12.5,-44.0,2025-06-03 00:00:00+00:00,2025-06-29 07:30:00+00:00,75.27
GFS,-12.5,-44.0,2025-06-03 00:00:00+00:00,2025-06-29 08:00:00+00:00,105.86
GFS,-12.5,-44.0,2025-06-03 00:00:00+00:00,2025-06-29 08:30:00+00:00,350.75
GFS,-12.5,-44.0,2025-06-03 00:00:00+00:00,2025-06-29 09:00:00+00:00,595.64
GFS,-12.5,-44.0,2025-06-03 00:00:00+00:00,2025-06-29 09:30:00+00:00,629.06
GFS,-12.5,-44.0,2025-06-03 00:00:00+00:00,2025-06-29 10:00:00+00:00,662.48
GFS,-12.5,-44.0,2025-06-03 00:00:00+00:00,2025-06-29 10:30:00+00:00,685.47
GFS,-12.5,-44.0,2025-06-03 00:00:00+00:00,2025-06-29 11:00:00+00:00,708.46
GFS,-12.5,-44.0,2025-06-03 00:00:00+00:00,2025-06-29 11:30:00+00:00,720.23
GFS,-12.5,-44.0,2025-06-03 00:00:00+00:00,2025-06-29 12:00:00+00:00,732.0
GFS,-12.5,-44.0,2025-06-03 00:00:00+00:00,2025-06-29 12:30:00+00:00,732.28
GFS,-12.5,-44.0,2025-06-03 00:00:00+00:00,2025-06-29 13:00:00+00:00,732.56
GFS,-12.5,-44.0,2025-06-03 00:00:00+00:00,2025-06-29 13:30:00+00:00,721.775
GFS,-12.5,-44.0,2025-06-03 00:00:00+00:00,2025-06-29 14:00:00+00:00,710.99
GFS,-12.5,-44.0,2025-06-03 00:00:00+00:00,2025-06-29 14:30:00+00:00,565.175
GFS,-12.5,-44.0,2025-06-03 00:00:00+00:00,2025-06-29 15:00:00+00:00,419.36
GFS,-12.5,-44.0,2025-06-03 00:00:00+00:00,2025-06-29 15:30:00+00:00,365.57
GFS,-12.5,-44.0,2025-06-03 00:00:00+00:00,2025-06-29 16:00:00+00:00,311.78
GFS,-12.5,-44.0,2025-06-03 00:00:00+00:00,2025-06-29 16:30:00+00:00,263.9
GFS,-12.5,-44.0,2025-06-03 00:00:00+00:00,2025-06-29 17:00:00+00:00,216.02
GFS,-12.5,-44.0,2025-06-03 00:00:00+00:00,2025-06-29 17:30:00+00:00,189.02
GFS,-12.5,-44.0,2025-06-03 00:00:00+00:00,2025-06-29 18:00:00+00:00,162.02
GFS,-12.5,-44.0,2025-06-03 00:00:00+00:00,2025-06-29 18:30:00+00:00,145.82
GFS,-12.5,-44.0,2025-06-03 00:00:00+00:00,2025-06-29 19:00:00+00:00,129.62
GFS,-12.5,-44.0,2025-06-03 00:00:00+00:00,2025-06-29 19:30:00+00:00,118.82
GFS,-12.5,-44.0,2025-06-03 00:00:00+00:00,2025-06-29 20:00:00+00:00,108.02
GFS,-12.5,-44.0,2025-06-03 00:00:00+00:00,2025-06-29 20:30:00+00:00,54.01
GFS,-12.5,-44.0,2025-06-03 00:00:00+00:00,2025-06-29 21:00:00+00:00,0.0
GFS,-12.5,-44.0,2025-06-03 00:00:00+00:00,2025-06-29 21:30:00+00:00,0.0
GFS,-12.5,-44.0,2025-06-03 00:00:00+00:00,2025-06-29 22:00:00+00:00,0.0
GFS,-12.5,-44.0,2025-06-03 00:00:00+00:00,2025-06-29 22:30:00+00:00,0.0
GFS,-12.5,-44.0,2025-06-03 00:00:00+00:00,2025-06-29 23:00:00+00:00,0.0
GFS,-12.5,-44.0,2025-06-03 00:00:00+00:00,2025-06-29 23:30:00+00:00,0.0
GFS,-12.5,-44.0,2025-06-03 00:00:00+00:00,2025-06-30 00:00:00+00:00,0.0
GFS,-12.5,-44.0,2025-06-03 00:00:00+00:00,2025-06-30 00:30:00+00:00,0.0
GFS,-12.5,-44.0,2025-06-03 00:00:00+00:00,2025-06-30 01:00:00+00:00,0.0
GFS,-12.5,-44.0,2025-06-03 00:00:00+00:00,2025-06-30 01:30:00+00:00,0.0
GFS,-12.5,-44.0,2025-06-03 00:00:00+00:00,2025-06-30 02:00:00+00:00,0.0
GFS,-12.5,-44.0,2025-06-03 00:00:00+00:00,2025-06-30 02:30:00+00:00,0.0
GFS,-12.5,-44.0,2025-06-03 00:00:00+00:00,2025-06-30 03:00:00+00:00,0.0
GFS,-12.5,-44.0,2025-06-03 00:00:00+00:00,2025-06-30 03:30:00+00:00,0.0
GFS,-12.5,-44.0,2025-06-03 00:00:00+00:00,2025-06-30 04:00:00+00:00,0.0
GFS,-12.5,-44.0,2025-06-03 00:00:00+00:00,2025-06-30 04:30:00+00:00,0.0
GFS,-12.5,-44.0,2025-06-03 00:00:00+00:00,2025-06-30 05:00:00+00:00,0.0
GFS,-12.5,-44.0,2025-06-03 00:00:00+00:00,2025-06-30 05:30:00+00:00,3.23
GFS,-12.5,-44.0,2025-06-03 00:00:00+00:00,2025-06-30 06:00:00+00:00,6.46
GFS,-12.5,-44.0,2025-06-03 00:00:00+00:00,2025-06-30 06:30:00+00:00,26.76
GFS,-12.5,-44.0,2025-06-03 00:00:00+00:00,2025-06-30 07:00:00+00:00,47.06
GFS,-12.5,-44.0,2025-06-03 00:00:00+00:00,2025-06-30 07:30:00+00:00,78.88
GFS,-12.5,-44.0,2025-06-03 00:00:00+00:00,2025-06-30 08:00:00+00:00,110.7
GFS,-12.5,-44.0,2025-06-03 00:00:00+00:00,2025-06-30 08:30:00+00:00,364.15
GFS,-12.5,-44.0,2025-06-03 00:00:00+00:00,2025-06-30 09:00:00+00:00,617.6
GFS,-12.5,-44.0,2025-06-03 00:00:00+00:00,2025-06-30 09:30:00+00:00,651.44
GFS,-12.5,-44.0,2025-06-03 00:00:00+00:00,2025-06-30 10:00:00+00:00,685.28
GFS,-12.5,-44.0,2025-06-03 00:00:00+00:00,2025-06-30 10:30:00+00:00,708.29
GFS,-12.5,-44.0,2025-06-03 00:00:00+00:00,2025-06-30 11:00:00+00:00,731.3
GFS,-12.5,-44.0,2025-06-03 00:00:00+00:00,2025-06-30 11:30:00+00:00,742.76
GFS,-12.5,-44.0,2025-06-03 00:00:00+00:00,2025-06-30 12:00:00+00:00,754.22
GFS,-12.5,-44.0,2025-06-03 00:00:00+00:00,2025-06-30 12:30:00+00:00,753.99
GFS,-12.5,-44.0,2025-06-03 00:00:00+00:00,2025-06-30 13:00:00+00:00,753.76
GFS,-12.5,-44.0,2025-06-03 00:00:00+00:00,2025-06-30 13:30:00+00:00,742.27
GFS,-12.5,-44.0,2025-06-03 00:00:00+00:00,2025-06-30 14:00:00+00:00,730.78
GFS,-12.5,-44.0,2025-06-03 00:00:00+00:00,2025-06-30 14:30:00+00:00,579.33
GFS,-12.5,-44.0,2025-06-03 00:00:00+00:00,2025-06-30 15:00:00+00:00,427.88
GFS,-12.5,-44.0,2025-06-03 00:00:00+00:00,2025-06-30 15:30:00+00:00,373.17
GFS,-12.5,-44.0,2025-06-03 00:00:00+00:00,2025-06-30 16:00:00+00:00,318.46
GFS,-12.5,-44.0,2025-06-03 00:00:00+00:00,2025-06-30 16:30:00+00:00,269.66
GFS,-12.5,-44.0,2025-06-03 00:00:00+00:00,2025-06-30 17:00:00+00:00,220.86
GFS,-12.5,-44.0,2025-06-03 00:00:00+00:00,2025-06-30 17:30:00+00:00,193.25
GFS,-12.5,-44.0,2025-06-03 00:00:00+00:00,2025-06-30 18:00:00+00:00,165.64
GFS,-12.5,-44.0,2025-06-03 00:00:00+00:00,2025-06-30 18:30:00+00:00,149.08
GFS,-12.5,-44.0,2025-06-03 00:00:00+00:00,2025-06-30 19:00:00+00:00,132.52
GFS,-12.5,-44.0,2025-06-03 00:00:00+00:00,2025-06-30 19:30:00+00:00,121.475
GFS,-12.5,-44.0,2025-06-03 00:00:00+00:00,2025-06-30 20:00:00+00:00,110.43
GFS,-12.5,-44.0,2025-06-03 00:00:00+00:00,2025-06-30 20:30:00+00:00,55.215
GFS,-12.5,-44.0,2025-06-03 00:00:00+00:00,2025-06-30 21:00:00+00:00,0.0
GFS,-12.5,-44.0,2025-06-03 00:00:00+00:00,2025-06-30 21:30:00+00:00,0.0
GFS,-12.5,-44.0,2025-06-03 00:00:00+00:00,2025-06-30 22:00:00+00:00,0.0
GFS,-12.5,-44.0,2025-06-03 00:00:00+00:00,2025-06-30 22:30:00+00:00,0.0
GFS,-12.5,-44.0,2025-06-03 00:00:00+00:00,2025-06-30 23:00:00+00:00,0.0
GFS,-12.5,-44.0,2025-06-03 00:00:00+00:00,2025-06-30 23:30:00+00:00,0.0
GFS,-12.5,-44.0,2025-06-03 00:00:00+00:00,2025-07-01 00:00:00+00:00,0.0
GFS,-12.5,-44.0,2025-06-03 00:00:00+00:00,2025-07-01 00:30:00+00:00,0.0
GFS,-12.5,-44.0,2025-06-03 00:00:00+00:00,2025-07-01 01:00:00+00:00,0.0
GFS,-12.5,-44.0,2025-06-03 00:00:00+00:00,2025-07-01 01:30:00+00:00,0.0
GFS,-12.5,-44.0,2025-06-03 00:00:00+00:00,2025-07-01 02:00:00+00:00,0.0
GFS,-12.5,-44.0,2025-06-03 00:00:00+00:00,2025-07-01 02:30:00+00:00,0.0
GFS,-12.5,-44.0,2025-06-03 00:00:00+00:00,2025-07-01 03:00:00+00:00,0.0
GFS,-12.5,-44.0,2025-06-03 00:00:00+00:00,2025-07-01 03:30:00+00:00,0.0
GFS,-12.5,-44.0,2025-06-03 00:00:00+00:00,2025-07-01 04:00:00+00:00,0.0
GFS,-12.5,-44.0,2025-06-03 00:00:00+00:00,2025-07-01 04:30:00+00:00,0.0
GFS,-12.5,-44.0,2025-06-03 00:00:00+00:00,2025-07-01 05:00:00+00:00,0.0
GFS,-12.5,-44.0,2025-06-03 00:00:00+00:00,2025-07-01 05:30:00+00:00,3.03
GFS,-12.5,-44.0,2025-06-03 00:00:00+00:00,2025-07-01 06:00:00+00:00,6.06
GFS,-12.5,-44.0,2025-06-03 00:00:00+00:00,2025-07-01 06:30:00+00:00,25.45
GFS,-12.5,-44.0,2025-06-03 00:00:00+00:00,2025-07-01 07:00:00+00:00,44.84
GFS,-12.5,-44.0,2025-06-03 00:00:00+00:00,2025-07-01 07:30:00+00:00,75.49
GFS,-12.5,-44.0,2025-06-03 00:00:00+00:00,2025-07-01 08:00:00+00:00,106.14
GFS,-12.5,-44.0,2025-06-03 00:00:00+00:00,2025-07-01 08:30:00+00:00,351.19
GFS,-12.5,-44.0,2025-06-03 00:00:00+00:00,2025-07-01 09:00:00+00:00,596.24
GFS,-12.5,-44.0,2025-06-03 00:00:00+00:00,2025-07-01 09:30:00+00:00,629.39
GFS,-12.5,-44.0,2025-06-03 00:00:00+00:00,2025-07-01 10:00:00+00:00,662.54
GFS,-12.5,-44.0,2025-06-03 00:00:00+00:00,2025-07-01 10:30:00+00:00,684.98
GFS,-12.5,-44.0,2025-06-03 00:00:00+00:00,2025-07-01 11:00:00+00:00,707.42
GFS,-12.5,-44.0,2025-06-03 00:00:00+00:00,2025-07-01 11:30:00+00:00,718.57
GFS,-12.5,-44.0,2025-06-03 00:00:00+00:00,2025-07-01 12:00:00+00:00,729.72
GFS,-12.5,-44.0,2025-06-03 00:00:00+00:00,2025-07-01 12:30:00+00:00,729.525
GFS,-12.5,-44.0,2025-06-03 00:00:00+00:00,2025-07-01 13:00:00+00:00,729.33
GFS,-12.5,-44.0,2025-06-03 00:00:00+00:00,2025-07-01 13:30:00+00:00,717.705
GFS,-12.5,-44.0,2025-06-03 00:00:00+00:00,2025-07-01 14:00:00+00:00,706.08
GFS,-12.5,-44.0,2025-06-03 00:00:00+00:00,2025-07-01 14:30:00+00:00,557.82
GFS,-12.5,-44.0,2025-06-03 00:00:00+00:00,2025-07-01 15:00:00+00:00,409.56
GFS,-12.5,-44.0,2025-06-03 00:00:00+00:00,2025-07-01 15:30:00+00:00,356.59
GFS,-12.5,-44.0,2025-06-03 00:00:00+00:00,2025-07-01 16:00:00+00:00,303.62
GFS,-12.5,-44.0,2025-06-03 00:00:00+00:00,2025-07-01 16:30:00+00:00,256.83
GFS,-12.5,-44.0,2025-06-03 00:00:00+00:00,2025-07-01 17:00:00+00:00,210.04
GFS,-12.5,-44.0,2025-06-03 00:00:00+00:00,2025-07-01 17:30:00+00:00,183.78
GFS,-12.5,-44.0,2025-06-03 00:00:00+00:00,2025-07-01 18:00:00+00:00,157.52
GFS,-12.5,-44.0,2025-06-03 00:00:00+00:00,2025-07-01 18:30:00+00:00,141.77
GFS,-12.5,-44.0,2025-06-03 00:00:00+00:00,2025-07-01 19:00:00+00:00,126.02
GFS,-12.5,-44.0,2025-06-03 00:00:00+00:00,2025-07-01 19:30:00+00:00,115.52
GFS,-12.5,-44.0,2025-06-03 00:00:00+00:00,2025-07-01 20:00:00+00:00,105.02
GFS,-12.5,-44.0,2025-06-03 00:00:00+00:00,2025-07-01 20:30:00+00:00,52.51
GFS,-12.5,-44.0,2025-06-03 00:00:00+00:00,2025-07-01 21:00:00+00:00,0.0
GFS,-12.5,-44.0,2025-06-03 00:00:00+00:00,2025-07-01 21:30:00+00:00,0.0
GFS,-12.5,-44.0,2025-06-03 00:00:00+00:00,2025-07-01 22:00:00+00:00,0.0
GFS,-12.5,-44.0,2025-06-03 00:00:00+00:00,2025-07-01 22:30:00+00:00,0.0
GFS,-12.5,-44.0,2025-06-03 00:00:00+00:00,2025-07-01 23:00:00+00:00,0.0
GFS,-12.5,-44.0,2025-06-03 00:00:00+00:00,2025-07-01 23:30:00+00:00,0.0
GFS,-12.5,-44.0,2025-06-03 00:00:00+00:00,2025-07-02 00:00:00+00:00,0.0
GFS,-12.5,-44.0,2025-06-03 00:00:00+00:00,2025-07-02 00:30:00+00:00,0.0
GFS,-12.5,-44.0,2025-06-03 00:00:00+00:00,2025-07-02 01:00:00+00:00,0.0
GFS,-12.5,-44.0,2025-06-03 00:00:00+00:00,2025-07-02 01:30:00+00:00,0.0
GFS,-12.5,-44.0,2025-06-03 00:00:00+00:00,2025-07-02 02:00:00+00:00,0.0
GFS,-12.5,-44.0,2025-06-03 00:00:00+00:00,2025-07-02 02:30:00+00:00,0.0
GFS,-12.5,-44.0,2025-06-03 00:00:00+00:00,2025-07-02 03:00:00+00:00,0.0
GFS,-12.5,-44.0,2025-06-03 00:00:00+00:00,2025-07-02 03:30:00+00:00,0.0
GFS,-12.5,-44.0,2025-06-03 00:00:00+00:00,2025-07-02 04:00:00+00:00,0.0
GFS,-12.5,-44.0,2025-06-03 00:00:00+00:00,2025-07-02 04:30:00+00:00,0.0
GFS,-12.5,-44.0,2025-06-03 00:00:00+00:00,2025-07-02 05:00:00+00:00,0.0
GFS,-12.5,-44.0,2025-06-03 00:00:00+00:00,2025-07-02 05:30:00+00:00,3.03
GFS,-12.5,-44.0,2025-06-03 00:00:00+00:00,2025-07-02 06:00:00+00:00,6.06
GFS,-12.5,-44.0,2025-06-03 00:00:00+00:00,2025-07-02 06:30:00+00:00,25.52
GFS,-12.5,-44.0,2025-06-03 00:00:00+00:00,2025-07-02 07:00:00+00:00,44.98
GFS,-12.5,-44.0,2025-06-03 00:00:00+00:00,2025-07-02 07:30:00+00:00,75.73
GFS,-12.5,-44.0,2025-06-03 00:00:00+00:00,2025-07-02 08:00:00+00:00,106.48
GFS,-12.5,-44.0,2025-06-03 00:00:00+00:00,2025-07-02 08:30:00+00:00,352.29
GFS,-12.5,-44.0,2025-06-03 00:00:00+00:00,2025-07-02 09:00:00+00:00,598.1
GFS,-12.5,-44.0,2025-06-03 00:00:00+00:00,2025-07-02 09:30:00+00:00,631.43
GFS,-12.5,-44.0,2025-06-03 00:00:00+00:00,2025-07-02 10:00:00+00:00,664.76
GFS,-12.5,-44.0,2025-06-03 00:00:00+00:00,2025-07-02 10:30:00+00:00,687.39
GFS,-12.5,-44.0,2025-06-03 00:00:00+00:00,2025-07-02 11:00:00+00:00,710.02
GFS,-12.5,-44.0,2025-06-03 00:00:00+00:00,2025-07-02 11:30:00+00:00,721.42
GFS,-12.5,-44.0,2025-06-03 00:00:00+00:00,2025-07-02 12:00:00+00:00,732.82
GFS,-12.5,-44.0,2025-06-03 00:00:00+00:00,2025-07-02 12:30:00+00:00,732.825
GFS,-12.5,-44.0,2025-06-03 00:00:00+00:00,2025-07-02 13:00:00+00:00,732.83
GFS,-12.5,-44.0,2025-06-03 00:00:00+00:00,2025-07-02 13:30:00+00:00,721.855
GFS,-12.5,-44.0,2025-06-03 00:00:00+00:00,2025-07-02 14:00:00+00:00,710.88
GFS,-12.5,-44.0,2025-06-03 00:00:00+00:00,2025-07-02 14:30:00+00:00,564.26
GFS,-12.5,-44.0,2025-06-03 00:00:00+00:00,2025-07-02 15:00:00+00:00,417.64
GFS,-12.5,-44.0,2025-06-03 00:00:00+00:00,2025-07-02 15:30:00+00:00,364.23
GFS,-12.5,-44.0,2025-06-03 00:00:00+00:00,2025-07-02 16:00:00+00:00,310.82
GFS,-12.5,-44.0,2025-06-03 00:00:00+00:00,2025-07-02 16:30:00+00:00,263.21
GFS,-12.5,-44.0,2025-06-03 00:00:00+00:00,2025-07-02 17:00:00+00:00,215.6
GFS,-12.5,-44.0,2025-06-03 00:00:00+00:00,2025-07-02 17:30:00+00:00,188.65
GFS,-12.5,-44.0,2025-06-03 00:00:00+00:00,2025-07-02 18:00:00+00:00,161.7
GFS,-12.5,-44.0,2025-06-03 00:00:00+00:00,2025-07-02 18:30:00+00:00,145.53
GFS,-12.5,-44.0,2025-06-03 00:00:00+00:00,2025-07-02 19:00:00+00:00,129.36
GFS,-12.5,-44.0,2025-06-03 00:00:00+00:00,2025-07-02 19:30:00+00:00,118.585
GFS,-12.5,-44.0,2025-06-03 00:00:00+00:00,2025-07-02 20:00:00+00:00,107.81
GFS,-12.5,-44.0,2025-06-03 00:00:00+00:00,2025-07-02 20:30:00+00:00,53.905
GFS,-12.5,-44.0,2025-06-03 00:00:00+00:00,2025-07-02 21:00:00+00:00,0.0
GFS,-12.5,-44.0,2025-06-03 00:00:00+00:00,2025-07-02 21:30:00+00:00,0.0
GFS,-12.5,-44.0,2025-06-03 00:00:00+00:00,2025-07-02 22:00:00+00:00,0.0
GFS,-12.5,-44.0,2025-06-03 00:00:00+00:00,2025-07-02 22:30:00+00:00,0.0
GFS,-12.5,-44.0,2025-06-03 00:00:00+00:00,2025-07-02 23:00:00+00:00,0.0
GFS,-12.5,-44.0,2025-06-03 00:00:00+00:00,2025-07-02 23:30:00+00:00,0.0
