id_fonte_observacao,id_usina,data_hora_observacao,valor,status
GFS,BAUFI1,2025-06-03T00:00:00Z,0,
GFS,BAUFI1,2025-06-03T00:30:00Z,0,
GFS,BAUFI1,2025-06-03T01:00:00Z,0,
GFS,BAUFI1,2025-06-03T01:30:00Z,0,
GFS,BAUFI1,2025-06-03T02:00:00Z,0,
GFS,BAUFI1,2025-06-03T02:30:00Z,0,
GFS,BAUFI1,2025-06-03T03:00:00Z,0,
GFS,BAUFI1,2025-06-03T03:30:00Z,0,
GFS,BAUFI1,2025-06-03T04:00:00Z,0,
GFS,BAUFI1,2025-06-03T04:30:00Z,0,
GFS,BAUFI1,2025-06-03T05:00:00Z,0,
GFS,BAUFI1,2025-06-03T05:30:00Z,3.64,
GFS,BAUFI1,2025-06-03T06:00:00Z,7.28,
GFS,BAUFI1,2025-06-03T06:30:00Z,28.68,
GFS,BAUFI1,2025-06-03T07:00:00Z,50.08,
GFS,BAUFI1,2025-06-03T07:30:00Z,81.33,
GFS,BAUFI1,2025-06-03T08:00:00Z,112.58,
GFS,BAUFI1,2025-06-03T08:30:00Z,354.79,
GFS,BAUFI1,2025-06-03T09:00:00Z,597,
GFS,BAUFI1,2025-06-03T09:30:00Z,632.26,
GFS,BAUFI1,2025-06-03T10:00:00Z,667.52,
GFS,BAUFI1,2025-06-03T10:30:00Z,686.83,
GFS,BAUFI1,2025-06-03T11:00:00Z,706.14,
GFS,BAUFI1,2025-06-03T11:30:00Z,713.95,
GFS,BAUFI1,2025-06-03T12:00:00Z,721.76,
GFS,BAUFI1,2025-06-03T12:30:00Z,718.81,
GFS,BAUFI1,2025-06-03T13:00:00Z,715.86,
GFS,BAUFI1,2025-06-03T13:30:00Z,704.52,
GFS,BAUFI1,2025-06-03T14:00:00Z,693.18,
GFS,BAUFI1,2025-06-03T14:30:00Z,530.4,
GFS,BAUFI1,2025-06-03T15:00:00Z,367.62,
GFS,BAUFI1,2025-06-03T15:30:00Z,312.96,
GFS,BAUFI1,2025-06-03T16:00:00Z,258.3,
GFS,BAUFI1,2025-06-03T16:30:00Z,218.14,
GFS,BAUFI1,2025-06-03T17:00:00Z,177.98,
GFS,BAUFI1,2025-06-03T17:30:00Z,155.73,
GFS,BAUFI1,2025-06-03T18:00:00Z,133.48,
GFS,BAUFI1,2025-06-03T18:30:00Z,120.13,
GFS,BAUFI1,2025-06-03T19:00:00Z,106.78,
GFS,BAUFI1,2025-06-03T19:30:00Z,97.885,
GFS,BAUFI1,2025-06-03T20:00:00Z,88.99,
GFS,BAUFI1,2025-06-03T20:30:00Z,44.495,
GFS,BAUFI1,2025-06-03T21:00:00Z,0,
GFS,BAUFI1,2025-06-03T21:30:00Z,0,
GFS,BAUFI1,2025-06-03T22:00:00Z,0,
GFS,BAUFI1,2025-06-03T22:30:00Z,0,
GFS,BAUFI1,2025-06-03T23:00:00Z,0,
GFS,BAUFI1,2025-06-03T23:30:00Z,0,
GFS,BAUFI1,2025-06-04T00:00:00Z,0,
GFS,BAUFI1,2025-06-04T00:30:00Z,0,
GFS,BAUFI1,2025-06-04T01:00:00Z,0,
GFS,BAUFI1,2025-06-04T01:30:00Z,0,
GFS,BAUFI1,2025-06-04T02:00:00Z,0,
GFS,BAUFI1,2025-06-04T02:30:00Z,0,
GFS,BAUFI1,2025-06-04T03:00:00Z,0,
GFS,BAUFI1,2025-06-04T03:30:00Z,0,
GFS,BAUFI1,2025-06-04T04:00:00Z,0,
GFS,BAUFI1,2025-06-04T04:30:00Z,0,
GFS,BAUFI1,2025-06-04T05:00:00Z,0,
GFS,BAUFI1,2025-06-04T05:30:00Z,4.2,
GFS,BAUFI1,2025-06-04T06:00:00Z,8.4,
GFS,BAUFI1,2025-06-04T06:30:00Z,29.77,
GFS,BAUFI1,2025-06-04T07:00:00Z,51.14,
GFS,BAUFI1,2025-06-04T07:30:00Z,83.22,
GFS,BAUFI1,2025-06-04T08:00:00Z,115.3,
GFS,BAUFI1,2025-06-04T08:30:00Z,366.11,
GFS,BAUFI1,2025-06-04T09:00:00Z,616.92,
GFS,BAUFI1,2025-06-04T09:30:00Z,649.14,
GFS,BAUFI1,2025-06-04T10:00:00Z,681.36,
GFS,BAUFI1,2025-06-04T10:30:00Z,702.78,
GFS,BAUFI1,2025-06-04T11:00:00Z,724.2,
GFS,BAUFI1,2025-06-04T11:30:00Z,734.125,
GFS,BAUFI1,2025-06-04T12:00:00Z,744.05,
GFS,BAUFI1,2025-06-04T12:30:00Z,742.345,
GFS,BAUFI1,2025-06-04T13:00:00Z,740.64,
GFS,BAUFI1,2025-06-04T13:30:00Z,727.935,
GFS,BAUFI1,2025-06-04T14:00:00Z,715.23,
GFS,BAUFI1,2025-06-04T14:30:00Z,557.225,
GFS,BAUFI1,2025-06-04T15:00:00Z,399.22,
GFS,BAUFI1,2025-06-04T15:30:00Z,345.36,
GFS,BAUFI1,2025-06-04T16:00:00Z,291.5,
GFS,BAUFI1,2025-06-04T16:30:00Z,245.16,
GFS,BAUFI1,2025-06-04T17:00:00Z,198.82,
GFS,BAUFI1,2025-06-04T17:30:00Z,173.97,
GFS,BAUFI1,2025-06-04T18:00:00Z,149.12,
GFS,BAUFI1,2025-06-04T18:30:00Z,134.21,
GFS,BAUFI1,2025-06-04T19:00:00Z,119.3,
GFS,BAUFI1,2025-06-04T19:30:00Z,109.355,
GFS,BAUFI1,2025-06-04T20:00:00Z,99.41,
GFS,BAUFI1,2025-06-04T20:30:00Z,49.705,
GFS,BAUFI1,2025-06-04T21:00:00Z,0,
GFS,BAUFI1,2025-06-04T21:30:00Z,0,
GFS,BAUFI1,2025-06-04T22:00:00Z,0,
GFS,BAUFI1,2025-06-04T22:30:00Z,0,
GFS,BAUFI1,2025-06-04T23:00:00Z,0,
GFS,BAUFI1,2025-06-04T23:30:00Z,0,
GFS,BAUFI1,2025-06-05T00:00:00Z,0,
GFS,BAUFI1,2025-06-05T00:30:00Z,0,
GFS,BAUFI1,2025-06-05T01:00:00Z,0,
GFS,BAUFI1,2025-06-05T01:30:00Z,0,
GFS,BAUFI1,2025-06-05T02:00:00Z,0,
GFS,BAUFI1,2025-06-05T02:30:00Z,0,
GFS,BAUFI1,2025-06-05T03:00:00Z,0,
GFS,BAUFI1,2025-06-05T03:30:00Z,0,
GFS,BAUFI1,2025-06-05T04:00:00Z,0,
GFS,BAUFI1,2025-06-05T04:30:00Z,0,
GFS,BAUFI1,2025-06-05T05:00:00Z,0,
GFS,BAUFI1,2025-06-05T05:30:00Z,4.23,
GFS,BAUFI1,2025-06-05T06:00:00Z,8.46,
GFS,BAUFI1,2025-06-05T06:30:00Z,29.96,
GFS,BAUFI1,2025-06-05T07:00:00Z,51.46,
GFS,BAUFI1,2025-06-05T07:30:00Z,83.67,
GFS,BAUFI1,2025-06-05T08:00:00Z,115.88,
GFS,BAUFI1,2025-06-05T08:30:00Z,368.11,
GFS,BAUFI1,2025-06-05T09:00:00Z,620.34,
GFS,BAUFI1,2025-06-05T09:30:00Z,652.96,
GFS,BAUFI1,2025-06-05T10:00:00Z,685.58,
GFS,BAUFI1,2025-06-05T10:30:00Z,707.56,
GFS,BAUFI1,2025-06-05T11:00:00Z,729.54,
GFS,BAUFI1,2025-06-05T11:30:00Z,739.83,
GFS,BAUFI1,2025-06-05T12:00:00Z,750.12,
GFS,BAUFI1,2025-06-05T12:30:00Z,748.73,
GFS,BAUFI1,2025-06-05T13:00:00Z,747.34,
GFS,BAUFI1,2025-06-05T13:30:00Z,734.775,
GFS,BAUFI1,2025-06-05T14:00:00Z,722.21,
GFS,BAUFI1,2025-06-05T14:30:00Z,564.295,
GFS,BAUFI1,2025-06-05T15:00:00Z,406.38,
GFS,BAUFI1,2025-06-05T15:30:00Z,351.87,
GFS,BAUFI1,2025-06-05T16:00:00Z,297.36,
GFS,BAUFI1,2025-06-05T16:30:00Z,250.85,
GFS,BAUFI1,2025-06-05T17:00:00Z,204.34,
GFS,BAUFI1,2025-06-05T17:30:00Z,178.79,
GFS,BAUFI1,2025-06-05T18:00:00Z,153.24,
GFS,BAUFI1,2025-06-05T18:30:00Z,137.915,
GFS,BAUFI1,2025-06-05T19:00:00Z,122.59,
GFS,BAUFI1,2025-06-05T19:30:00Z,112.375,
GFS,BAUFI1,2025-06-05T20:00:00Z,102.16,
GFS,BAUFI1,2025-06-05T20:30:00Z,51.08,
GFS,BAUFI1,2025-06-05T21:00:00Z,0,
GFS,BAUFI1,2025-06-05T21:30:00Z,0,
GFS,BAUFI1,2025-06-05T22:00:00Z,0,
GFS,BAUFI1,2025-06-05T22:30:00Z,0,
GFS,BAUFI1,2025-06-05T23:00:00Z,0,
GFS,BAUFI1,2025-06-05T23:30:00Z,0,
GFS,BAUFI1,2025-06-06T00:00:00Z,0,
GFS,BAUFI1,2025-06-06T00:30:00Z,0,
GFS,BAUFI1,2025-06-06T01:00:00Z,0,
GFS,BAUFI1,2025-06-06T01:30:00Z,0,
GFS,BAUFI1,2025-06-06T02:00:00Z,0,
GFS,BAUFI1,2025-06-06T02:30:00Z,0,
GFS,BAUFI1,2025-06-06T03:00:00Z,0,
GFS,BAUFI1,2025-06-06T03:30:00Z,0,
GFS,BAUFI1,2025-06-06T04:00:00Z,0,
GFS,BAUFI1,2025-06-06T04:30:00Z,0,
GFS,BAUFI1,2025-06-06T05:00:00Z,0,
GFS,BAUFI1,2025-06-06T05:30:00Z,4.31,
GFS,BAUFI1,2025-06-06T06:00:00Z,8.62,
GFS,BAUFI1,2025-06-06T06:30:00Z,30.48,
GFS,BAUFI1,2025-06-06T07:00:00Z,52.34,
GFS,BAUFI1,2025-06-06T07:30:00Z,84.99,
GFS,BAUFI1,2025-06-06T08:00:00Z,117.64,
GFS,BAUFI1,2025-06-06T08:30:00Z,372.87,
GFS,BAUFI1,2025-06-06T09:00:00Z,628.1,
GFS,BAUFI1,2025-06-06T09:30:00Z,660.31,
GFS,BAUFI1,2025-06-06T10:00:00Z,692.52,
GFS,BAUFI1,2025-06-06T10:30:00Z,714.03,
GFS,BAUFI1,2025-06-06T11:00:00Z,735.54,
GFS,BAUFI1,2025-06-06T11:30:00Z,745.665,
GFS,BAUFI1,2025-06-06T12:00:00Z,755.79,
GFS,BAUFI1,2025-06-06T12:30:00Z,754.2,
GFS,BAUFI1,2025-06-06T13:00:00Z,752.61,
GFS,BAUFI1,2025-06-06T13:30:00Z,739.935,
GFS,BAUFI1,2025-06-06T14:00:00Z,727.26,
GFS,BAUFI1,2025-06-06T14:30:00Z,568.62,
GFS,BAUFI1,2025-06-06T15:00:00Z,409.98,
GFS,BAUFI1,2025-06-06T15:30:00Z,355.07,
GFS,BAUFI1,2025-06-06T16:00:00Z,300.16,
GFS,BAUFI1,2025-06-06T16:30:00Z,253.23,
GFS,BAUFI1,2025-06-06T17:00:00Z,206.3,
GFS,BAUFI1,2025-06-06T17:30:00Z,180.51,
GFS,BAUFI1,2025-06-06T18:00:00Z,154.72,
GFS,BAUFI1,2025-06-06T18:30:00Z,139.25,
GFS,BAUFI1,2025-06-06T19:00:00Z,123.78,
GFS,BAUFI1,2025-06-06T19:30:00Z,113.465,
GFS,BAUFI1,2025-06-06T20:00:00Z,103.15,
GFS,BAUFI1,2025-06-06T20:30:00Z,51.575,
GFS,BAUFI1,2025-06-06T21:00:00Z,0,
GFS,BAUFI1,2025-06-06T21:30:00Z,0,
GFS,BAUFI1,2025-06-06T22:00:00Z,0,
GFS,BAUFI1,2025-06-06T22:30:00Z,0,
GFS,BAUFI1,2025-06-06T23:00:00Z,0,
GFS,BAUFI1,2025-06-06T23:30:00Z,0,
GFS,BAUFI1,2025-06-07T00:00:00Z,0,
GFS,BAUFI1,2025-06-07T00:30:00Z,0,
GFS,BAUFI1,2025-06-07T01:00:00Z,0,
GFS,BAUFI1,2025-06-07T01:30:00Z,0,
GFS,BAUFI1,2025-06-07T02:00:00Z,0,
GFS,BAUFI1,2025-06-07T02:30:00Z,0,
GFS,BAUFI1,2025-06-07T03:00:00Z,0,
GFS,BAUFI1,2025-06-07T03:30:00Z,0,
GFS,BAUFI1,2025-06-07T04:00:00Z,0,
GFS,BAUFI1,2025-06-07T04:30:00Z,0,
GFS,BAUFI1,2025-06-07T05:00:00Z,0,
GFS,BAUFI1,2025-06-07T05:30:00Z,4.22,
GFS,BAUFI1,2025-06-07T06:00:00Z,8.44,
GFS,BAUFI1,2025-06-07T06:30:00Z,30.04,
GFS,BAUFI1,2025-06-07T07:00:00Z,51.64,
GFS,BAUFI1,2025-06-07T07:30:00Z,84.1,
GFS,BAUFI1,2025-06-07T08:00:00Z,116.56,
GFS,BAUFI1,2025-06-07T08:30:00Z,370.84,
GFS,BAUFI1,2025-06-07T09:00:00Z,625.12,
GFS,BAUFI1,2025-06-07T09:30:00Z,657.46,
GFS,BAUFI1,2025-06-07T10:00:00Z,689.8,
GFS,BAUFI1,2025-06-07T10:30:00Z,711.59,
GFS,BAUFI1,2025-06-07T11:00:00Z,733.38,
GFS,BAUFI1,2025-06-07T11:30:00Z,743.53,
GFS,BAUFI1,2025-06-07T12:00:00Z,753.68,
GFS,BAUFI1,2025-06-07T12:30:00Z,752.095,
GFS,BAUFI1,2025-06-07T13:00:00Z,750.51,
GFS,BAUFI1,2025-06-07T13:30:00Z,737.765,
GFS,BAUFI1,2025-06-07T14:00:00Z,725.02,
GFS,BAUFI1,2025-06-07T14:30:00Z,565.82,
GFS,BAUFI1,2025-06-07T15:00:00Z,406.62,
GFS,BAUFI1,2025-06-07T15:30:00Z,352.02,
GFS,BAUFI1,2025-06-07T16:00:00Z,297.42,
GFS,BAUFI1,2025-06-07T16:30:00Z,250.91,
GFS,BAUFI1,2025-06-07T17:00:00Z,204.4,
GFS,BAUFI1,2025-06-07T17:30:00Z,178.85,
GFS,BAUFI1,2025-06-07T18:00:00Z,153.3,
GFS,BAUFI1,2025-06-07T18:30:00Z,137.97,
GFS,BAUFI1,2025-06-07T19:00:00Z,122.64,
GFS,BAUFI1,2025-06-07T19:30:00Z,112.415,
GFS,BAUFI1,2025-06-07T20:00:00Z,102.19,
GFS,BAUFI1,2025-06-07T20:30:00Z,51.095,
GFS,BAUFI1,2025-06-07T21:00:00Z,0,
GFS,BAUFI1,2025-06-07T21:30:00Z,0,
GFS,BAUFI1,2025-06-07T22:00:00Z,0,
GFS,BAUFI1,2025-06-07T22:30:00Z,0,
GFS,BAUFI1,2025-06-07T23:00:00Z,0,
GFS,BAUFI1,2025-06-07T23:30:00Z,0,
GFS,BAUFI1,2025-06-08T00:00:00Z,0,
GFS,BAUFI1,2025-06-08T00:30:00Z,0,
GFS,BAUFI1,2025-06-08T01:00:00Z,0,
GFS,BAUFI1,2025-06-08T01:30:00Z,0,
GFS,BAUFI1,2025-06-08T02:00:00Z,0,
GFS,BAUFI1,2025-06-08T02:30:00Z,0,
GFS,BAUFI1,2025-06-08T03:00:00Z,0,
GFS,BAUFI1,2025-06-08T03:30:00Z,0,
GFS,BAUFI1,2025-06-08T04:00:00Z,0,
GFS,BAUFI1,2025-06-08T04:30:00Z,0,
GFS,BAUFI1,2025-06-08T05:00:00Z,0,
GFS,BAUFI1,2025-06-08T05:30:00Z,4.04,
GFS,BAUFI1,2025-06-08T06:00:00Z,8.08,
GFS,BAUFI1,2025-06-08T06:30:00Z,29.39,
GFS,BAUFI1,2025-06-08T07:00:00Z,50.7,
GFS,BAUFI1,2025-06-08T07:30:00Z,82.07,
GFS,BAUFI1,2025-06-08T08:00:00Z,113.44,
GFS,BAUFI1,2025-06-08T08:30:00Z,351.85,
GFS,BAUFI1,2025-06-08T09:00:00Z,590.26,
GFS,BAUFI1,2025-06-08T09:30:00Z,626.66,
GFS,BAUFI1,2025-06-08T10:00:00Z,663.06,
GFS,BAUFI1,2025-06-08T10:30:00Z,687.34,
GFS,BAUFI1,2025-06-08T11:00:00Z,711.62,
GFS,BAUFI1,2025-06-08T11:30:00Z,723.45,
GFS,BAUFI1,2025-06-08T12:00:00Z,735.28,
GFS,BAUFI1,2025-06-08T12:30:00Z,734.33,
GFS,BAUFI1,2025-06-08T13:00:00Z,733.38,
GFS,BAUFI1,2025-06-08T13:30:00Z,719.26,
GFS,BAUFI1,2025-06-08T14:00:00Z,705.14,
GFS,BAUFI1,2025-06-08T14:30:00Z,530.9,
GFS,BAUFI1,2025-06-08T15:00:00Z,356.66,
GFS,BAUFI1,2025-06-08T15:30:00Z,305.71,
GFS,BAUFI1,2025-06-08T16:00:00Z,254.76,
GFS,BAUFI1,2025-06-08T16:30:00Z,215.07,
GFS,BAUFI1,2025-06-08T17:00:00Z,175.38,
GFS,BAUFI1,2025-06-08T17:30:00Z,153.46,
GFS,BAUFI1,2025-06-08T18:00:00Z,131.54,
GFS,BAUFI1,2025-06-08T18:30:00Z,118.38,
GFS,BAUFI1,2025-06-08T19:00:00Z,105.22,
GFS,BAUFI1,2025-06-08T19:30:00Z,96.46,
GFS,BAUFI1,2025-06-08T20:00:00Z,87.7,
GFS,BAUFI1,2025-06-08T20:30:00Z,43.85,
GFS,BAUFI1,2025-06-08T21:00:00Z,0,
GFS,BAUFI1,2025-06-08T21:30:00Z,0,
GFS,BAUFI1,2025-06-08T22:00:00Z,0,
GFS,BAUFI1,2025-06-08T22:30:00Z,0,
GFS,BAUFI1,2025-06-08T23:00:00Z,0,
GFS,BAUFI1,2025-06-08T23:30:00Z,0,
GFS,BAUFI1,2025-06-09T00:00:00Z,0,
GFS,BAUFI1,2025-06-09T00:30:00Z,0,
GFS,BAUFI1,2025-06-09T01:00:00Z,0,
GFS,BAUFI1,2025-06-09T01:30:00Z,0,
GFS,BAUFI1,2025-06-09T02:00:00Z,0,
GFS,BAUFI1,2025-06-09T02:30:00Z,0,
GFS,BAUFI1,2025-06-09T03:00:00Z,0,
GFS,BAUFI1,2025-06-09T03:30:00Z,0,
GFS,BAUFI1,2025-06-09T04:00:00Z,0,
GFS,BAUFI1,2025-06-09T04:30:00Z,0,
GFS,BAUFI1,2025-06-09T05:00:00Z,0,
GFS,BAUFI1,2025-06-09T05:30:00Z,4.23,
GFS,BAUFI1,2025-06-09T06:00:00Z,8.46,
GFS,BAUFI1,2025-06-09T06:30:00Z,30.39,
GFS,BAUFI1,2025-06-09T07:00:00Z,52.32,
GFS,BAUFI1,2025-06-09T07:30:00Z,83.975,
GFS,BAUFI1,2025-06-09T08:00:00Z,115.63,
GFS,BAUFI1,2025-06-09T08:30:00Z,373.005,
GFS,BAUFI1,2025-06-09T09:00:00Z,630.38,
GFS,BAUFI1,2025-06-09T09:30:00Z,663.02,
GFS,BAUFI1,2025-06-09T10:00:00Z,695.66,
GFS,BAUFI1,2025-06-09T10:30:00Z,717.37,
GFS,BAUFI1,2025-06-09T11:00:00Z,739.08,
GFS,BAUFI1,2025-06-09T11:30:00Z,748.65,
GFS,BAUFI1,2025-06-09T12:00:00Z,758.22,
GFS,BAUFI1,2025-06-09T12:30:00Z,753.48,
GFS,BAUFI1,2025-06-09T13:00:00Z,748.74,
GFS,BAUFI1,2025-06-09T13:30:00Z,736.555,
GFS,BAUFI1,2025-06-09T14:00:00Z,724.37,
GFS,BAUFI1,2025-06-09T14:30:00Z,568.445,
GFS,BAUFI1,2025-06-09T15:00:00Z,412.52,
GFS,BAUFI1,2025-06-09T15:30:00Z,357.46,
GFS,BAUFI1,2025-06-09T16:00:00Z,302.4,
GFS,BAUFI1,2025-06-09T16:30:00Z,255.13,
GFS,BAUFI1,2025-06-09T17:00:00Z,207.86,
GFS,BAUFI1,2025-06-09T17:30:00Z,181.88,
GFS,BAUFI1,2025-06-09T18:00:00Z,155.9,
GFS,BAUFI1,2025-06-09T18:30:00Z,140.31,
GFS,BAUFI1,2025-06-09T19:00:00Z,124.72,
GFS,BAUFI1,2025-06-09T19:30:00Z,114.33,
GFS,BAUFI1,2025-06-09T20:00:00Z,103.94,
GFS,BAUFI1,2025-06-09T20:30:00Z,51.97,
GFS,BAUFI1,2025-06-09T21:00:00Z,0,
GFS,BAUFI1,2025-06-09T21:30:00Z,0,
GFS,BAUFI1,2025-06-09T22:00:00Z,0,
GFS,BAUFI1,2025-06-09T22:30:00Z,0,
GFS,BAUFI1,2025-06-09T23:00:00Z,0,
GFS,BAUFI1,2025-06-09T23:30:00Z,0,
GFS,BAUFI1,2025-06-10T00:00:00Z,0,
GFS,BAUFI1,2025-06-10T00:30:00Z,0,
GFS,BAUFI1,2025-06-10T01:00:00Z,0,
GFS,BAUFI1,2025-06-10T01:30:00Z,0,
GFS,BAUFI1,2025-06-10T02:00:00Z,0,
GFS,BAUFI1,2025-06-10T02:30:00Z,0,
GFS,BAUFI1,2025-06-10T03:00:00Z,0,
GFS,BAUFI1,2025-06-10T03:30:00Z,0,
GFS,BAUFI1,2025-06-10T04:00:00Z,0,
GFS,BAUFI1,2025-06-10T04:30:00Z,0,
GFS,BAUFI1,2025-06-10T05:00:00Z,0,
GFS,BAUFI1,2025-06-10T05:30:00Z,4.06,
GFS,BAUFI1,2025-06-10T06:00:00Z,8.12,
GFS,BAUFI1,2025-06-10T06:30:00Z,29.59,
GFS,BAUFI1,2025-06-10T07:00:00Z,51.06,
GFS,BAUFI1,2025-06-10T07:30:00Z,83.41,
GFS,BAUFI1,2025-06-10T08:00:00Z,115.76,
GFS,BAUFI1,2025-06-10T08:30:00Z,369.24,
GFS,BAUFI1,2025-06-10T09:00:00Z,622.72,
GFS,BAUFI1,2025-06-10T09:30:00Z,655.42,
GFS,BAUFI1,2025-06-10T10:00:00Z,688.12,
GFS,BAUFI1,2025-06-10T10:30:00Z,709.93,
GFS,BAUFI1,2025-06-10T11:00:00Z,731.74,
GFS,BAUFI1,2025-06-10T11:30:00Z,741.91,
GFS,BAUFI1,2025-06-10T12:00:00Z,752.08,
GFS,BAUFI1,2025-06-10T12:30:00Z,750.655,
GFS,BAUFI1,2025-06-10T13:00:00Z,749.23,
GFS,BAUFI1,2025-06-10T13:30:00Z,736.695,
GFS,BAUFI1,2025-06-10T14:00:00Z,724.16,
GFS,BAUFI1,2025-06-10T14:30:00Z,566.26,
GFS,BAUFI1,2025-06-10T15:00:00Z,408.36,
GFS,BAUFI1,2025-06-10T15:30:00Z,353.74,
GFS,BAUFI1,2025-06-10T16:00:00Z,299.12,
GFS,BAUFI1,2025-06-10T16:30:00Z,252.38,
GFS,BAUFI1,2025-06-10T17:00:00Z,205.64,
GFS,BAUFI1,2025-06-10T17:30:00Z,179.93,
GFS,BAUFI1,2025-06-10T18:00:00Z,154.22,
GFS,BAUFI1,2025-06-10T18:30:00Z,138.8,
GFS,BAUFI1,2025-06-10T19:00:00Z,123.38,
GFS,BAUFI1,2025-06-10T19:30:00Z,113.1,
GFS,BAUFI1,2025-06-10T20:00:00Z,102.82,
GFS,BAUFI1,2025-06-10T20:30:00Z,51.41,
GFS,BAUFI1,2025-06-10T21:00:00Z,0,
GFS,BAUFI1,2025-06-10T21:30:00Z,0,
GFS,BAUFI1,2025-06-10T22:00:00Z,0,
GFS,BAUFI1,2025-06-10T22:30:00Z,0,
GFS,BAUFI1,2025-06-10T23:00:00Z,0,
GFS,BAUFI1,2025-06-10T23:30:00Z,0,
GFS,BAUFI1,2025-06-11T00:00:00Z,0,
GFS,BAUFI1,2025-06-11T00:30:00Z,0,
GFS,BAUFI1,2025-06-11T01:00:00Z,0,
GFS,BAUFI1,2025-06-11T01:30:00Z,0,
GFS,BAUFI1,2025-06-11T02:00:00Z,0,
GFS,BAUFI1,2025-06-11T02:30:00Z,0,
GFS,BAUFI1,2025-06-11T03:00:00Z,0,
GFS,BAUFI1,2025-06-11T03:30:00Z,0,
GFS,BAUFI1,2025-06-11T04:00:00Z,0,
GFS,BAUFI1,2025-06-11T04:30:00Z,0,
GFS,BAUFI1,2025-06-11T05:00:00Z,0,
GFS,BAUFI1,2025-06-11T05:30:00Z,3.74,
GFS,BAUFI1,2025-06-11T06:00:00Z,7.48,
GFS,BAUFI1,2025-06-11T06:30:00Z,28.67,
GFS,BAUFI1,2025-06-11T07:00:00Z,49.86,
GFS,BAUFI1,2025-06-11T07:30:00Z,81.825,
GFS,BAUFI1,2025-06-11T08:00:00Z,113.79,
GFS,BAUFI1,2025-06-11T08:30:00Z,364.675,
GFS,BAUFI1,2025-06-11T09:00:00Z,615.56,
GFS,BAUFI1,2025-06-11T09:30:00Z,648.01,
GFS,BAUFI1,2025-06-11T10:00:00Z,680.46,
GFS,BAUFI1,2025-06-11T10:30:00Z,702.2,
GFS,BAUFI1,2025-06-11T11:00:00Z,723.94,
GFS,BAUFI1,2025-06-11T11:30:00Z,734.13,
GFS,BAUFI1,2025-06-11T12:00:00Z,744.32,
GFS,BAUFI1,2025-06-11T12:30:00Z,742.825,
GFS,BAUFI1,2025-06-11T13:00:00Z,741.33,
GFS,BAUFI1,2025-06-11T13:30:00Z,728.77,
GFS,BAUFI1,2025-06-11T14:00:00Z,716.21,
GFS,BAUFI1,2025-06-11T14:30:00Z,559.395,
GFS,BAUFI1,2025-06-11T15:00:00Z,402.58,
GFS,BAUFI1,2025-06-11T15:30:00Z,346.69,
GFS,BAUFI1,2025-06-11T16:00:00Z,290.8,
GFS,BAUFI1,2025-06-11T16:30:00Z,245.32,
GFS,BAUFI1,2025-06-11T17:00:00Z,199.84,
GFS,BAUFI1,2025-06-11T17:30:00Z,174.86,
GFS,BAUFI1,2025-06-11T18:00:00Z,149.88,
GFS,BAUFI1,2025-06-11T18:30:00Z,134.89,
GFS,BAUFI1,2025-06-11T19:00:00Z,119.9,
GFS,BAUFI1,2025-06-11T19:30:00Z,109.91,
GFS,BAUFI1,2025-06-11T20:00:00Z,99.92,
GFS,BAUFI1,2025-06-11T20:30:00Z,49.96,
GFS,BAUFI1,2025-06-11T21:00:00Z,0,
GFS,BAUFI1,2025-06-11T21:30:00Z,0,
GFS,BAUFI1,2025-06-11T22:00:00Z,0,
GFS,BAUFI1,2025-06-11T22:30:00Z,0,
GFS,BAUFI1,2025-06-11T23:00:00Z,0,
GFS,BAUFI1,2025-06-11T23:30:00Z,0,
GFS,BAUFI1,2025-06-12T00:00:00Z,0,
GFS,BAUFI1,2025-06-12T00:30:00Z,0,
GFS,BAUFI1,2025-06-12T01:00:00Z,0,
GFS,BAUFI1,2025-06-12T01:30:00Z,0,
GFS,BAUFI1,2025-06-12T02:00:00Z,0,
GFS,BAUFI1,2025-06-12T02:30:00Z,0,
GFS,BAUFI1,2025-06-12T03:00:00Z,0,
GFS,BAUFI1,2025-06-12T03:30:00Z,0,
GFS,BAUFI1,2025-06-12T04:00:00Z,0,
GFS,BAUFI1,2025-06-12T04:30:00Z,0,
GFS,BAUFI1,2025-06-12T05:00:00Z,0,
GFS,BAUFI1,2025-06-12T05:30:00Z,3.75,
GFS,BAUFI1,2025-06-12T06:00:00Z,7.5,
GFS,BAUFI1,2025-06-12T06:30:00Z,28.14,
GFS,BAUFI1,2025-06-12T07:00:00Z,48.78,
GFS,BAUFI1,2025-06-12T07:30:00Z,79.99,
GFS,BAUFI1,2025-06-12T08:00:00Z,111.2,
GFS,BAUFI1,2025-06-12T08:30:00Z,357.97,
GFS,BAUFI1,2025-06-12T09:00:00Z,604.74,
GFS,BAUFI1,2025-06-12T09:30:00Z,637.36,
GFS,BAUFI1,2025-06-12T10:00:00Z,669.98,
GFS,BAUFI1,2025-06-12T10:30:00Z,691.49,
GFS,BAUFI1,2025-06-12T11:00:00Z,713,
GFS,BAUFI1,2025-06-12T11:30:00Z,722.86,
GFS,BAUFI1,2025-06-12T12:00:00Z,732.72,
GFS,BAUFI1,2025-06-12T12:30:00Z,731.2,
GFS,BAUFI1,2025-06-12T13:00:00Z,729.68,
GFS,BAUFI1,2025-06-12T13:30:00Z,716.59,
GFS,BAUFI1,2025-06-12T14:00:00Z,703.5,
GFS,BAUFI1,2025-06-12T14:30:00Z,528.88,
GFS,BAUFI1,2025-06-12T15:00:00Z,354.26,
GFS,BAUFI1,2025-06-12T15:30:00Z,280.07,
GFS,BAUFI1,2025-06-12T16:00:00Z,205.88,
GFS,BAUFI1,2025-06-12T16:30:00Z,171.82,
GFS,BAUFI1,2025-06-12T17:00:00Z,137.76,
GFS,BAUFI1,2025-06-12T17:30:00Z,120.54,
GFS,BAUFI1,2025-06-12T18:00:00Z,103.32,
GFS,BAUFI1,2025-06-12T18:30:00Z,92.98,
GFS,BAUFI1,2025-06-12T19:00:00Z,82.64,
GFS,BAUFI1,2025-06-12T19:30:00Z,75.76,
GFS,BAUFI1,2025-06-12T20:00:00Z,68.88,
GFS,BAUFI1,2025-06-12T20:30:00Z,34.44,
GFS,BAUFI1,2025-06-12T21:00:00Z,0,
GFS,BAUFI1,2025-06-12T21:30:00Z,0,
GFS,BAUFI1,2025-06-12T22:00:00Z,0,
GFS,BAUFI1,2025-06-12T22:30:00Z,0,
GFS,BAUFI1,2025-06-12T23:00:00Z,0,
GFS,BAUFI1,2025-06-12T23:30:00Z,0,
GFS,BAUFI1,2025-06-13T00:00:00Z,0,
GFS,BAUFI1,2025-06-13T00:30:00Z,0,
GFS,BAUFI1,2025-06-13T01:00:00Z,0,
GFS,BAUFI1,2025-06-13T01:30:00Z,0,
GFS,BAUFI1,2025-06-13T02:00:00Z,0,
GFS,BAUFI1,2025-06-13T02:30:00Z,0,
GFS,BAUFI1,2025-06-13T03:00:00Z,0,
GFS,BAUFI1,2025-06-13T03:30:00Z,0,
GFS,BAUFI1,2025-06-13T04:00:00Z,0,
GFS,BAUFI1,2025-06-13T04:30:00Z,0,
GFS,BAUFI1,2025-06-13T05:00:00Z,0,
GFS,BAUFI1,2025-06-13T05:30:00Z,3.54,
GFS,BAUFI1,2025-06-13T06:00:00Z,7.08,
GFS,BAUFI1,2025-06-13T06:30:00Z,26.91,
GFS,BAUFI1,2025-06-13T07:00:00Z,46.74,
GFS,BAUFI1,2025-06-13T07:30:00Z,77.36,
GFS,BAUFI1,2025-06-13T08:00:00Z,107.98,
GFS,BAUFI1,2025-06-13T08:30:00Z,351.02,
GFS,BAUFI1,2025-06-13T09:00:00Z,594.06,
GFS,BAUFI1,2025-06-13T09:30:00Z,626.89,
GFS,BAUFI1,2025-06-13T10:00:00Z,659.72,
GFS,BAUFI1,2025-06-13T10:30:00Z,681.62,
GFS,BAUFI1,2025-06-13T11:00:00Z,703.52,
GFS,BAUFI1,2025-06-13T11:30:00Z,714.04,
GFS,BAUFI1,2025-06-13T12:00:00Z,724.56,
GFS,BAUFI1,2025-06-13T12:30:00Z,723.43,
GFS,BAUFI1,2025-06-13T13:00:00Z,722.3,
GFS,BAUFI1,2025-06-13T13:30:00Z,695.455,
GFS,BAUFI1,2025-06-13T14:00:00Z,668.61,
GFS,BAUFI1,2025-06-13T14:30:00Z,367.735,
GFS,BAUFI1,2025-06-13T15:00:00Z,66.86,
GFS,BAUFI1,2025-06-13T15:30:00Z,58.64,
GFS,BAUFI1,2025-06-13T16:00:00Z,50.42,
GFS,BAUFI1,2025-06-13T16:30:00Z,43.16,
GFS,BAUFI1,2025-06-13T17:00:00Z,35.9,
GFS,BAUFI1,2025-06-13T17:30:00Z,31.41,
GFS,BAUFI1,2025-06-13T18:00:00Z,26.92,
GFS,BAUFI1,2025-06-13T18:30:00Z,24.23,
GFS,BAUFI1,2025-06-13T19:00:00Z,21.54,
GFS,BAUFI1,2025-06-13T19:30:00Z,19.745,
GFS,BAUFI1,2025-06-13T20:00:00Z,17.95,
GFS,BAUFI1,2025-06-13T20:30:00Z,8.975,
GFS,BAUFI1,2025-06-13T21:00:00Z,0,
GFS,BAUFI1,2025-06-13T21:30:00Z,0,
GFS,BAUFI1,2025-06-13T22:00:00Z,0,
GFS,BAUFI1,2025-06-13T22:30:00Z,0,
GFS,BAUFI1,2025-06-13T23:00:00Z,0,
GFS,BAUFI1,2025-06-13T23:30:00Z,0,
GFS,BAUFI1,2025-06-14T00:00:00Z,0,
GFS,BAUFI1,2025-06-14T00:30:00Z,0,
GFS,BAUFI1,2025-06-14T01:00:00Z,0,
GFS,BAUFI1,2025-06-14T01:30:00Z,0,
GFS,BAUFI1,2025-06-14T02:00:00Z,0,
GFS,BAUFI1,2025-06-14T02:30:00Z,0,
GFS,BAUFI1,2025-06-14T03:00:00Z,0,
GFS,BAUFI1,2025-06-14T03:30:00Z,0,
GFS,BAUFI1,2025-06-14T04:00:00Z,0,
GFS,BAUFI1,2025-06-14T04:30:00Z,0,
GFS,BAUFI1,2025-06-14T05:00:00Z,0,
GFS,BAUFI1,2025-06-14T05:30:00Z,3.5,
GFS,BAUFI1,2025-06-14T06:00:00Z,7,
GFS,BAUFI1,2025-06-14T06:30:00Z,26.93,
GFS,BAUFI1,2025-06-14T07:00:00Z,46.86,
GFS,BAUFI1,2025-06-14T07:30:00Z,77.76,
GFS,BAUFI1,2025-06-14T08:00:00Z,108.66,
GFS,BAUFI1,2025-06-14T08:30:00Z,354.18,
GFS,BAUFI1,2025-06-14T09:00:00Z,599.7,
GFS,BAUFI1,2025-06-14T09:30:00Z,632.01,
GFS,BAUFI1,2025-06-14T10:00:00Z,664.32,
GFS,BAUFI1,2025-06-14T10:30:00Z,685.99,
GFS,BAUFI1,2025-06-14T11:00:00Z,707.66,
GFS,BAUFI1,2025-06-14T11:30:00Z,718,
GFS,BAUFI1,2025-06-14T12:00:00Z,728.34,
GFS,BAUFI1,2025-06-14T12:30:00Z,727.37,
GFS,BAUFI1,2025-06-14T13:00:00Z,726.4,
GFS,BAUFI1,2025-06-14T13:30:00Z,714.44,
GFS,BAUFI1,2025-06-14T14:00:00Z,702.48,
GFS,BAUFI1,2025-06-14T14:30:00Z,550.28,
GFS,BAUFI1,2025-06-14T15:00:00Z,398.08,
GFS,BAUFI1,2025-06-14T15:30:00Z,344.91,
GFS,BAUFI1,2025-06-14T16:00:00Z,291.74,
GFS,BAUFI1,2025-06-14T16:30:00Z,246.23,
GFS,BAUFI1,2025-06-14T17:00:00Z,200.72,
GFS,BAUFI1,2025-06-14T17:30:00Z,175.63,
GFS,BAUFI1,2025-06-14T18:00:00Z,150.54,
GFS,BAUFI1,2025-06-14T18:30:00Z,135.49,
GFS,BAUFI1,2025-06-14T19:00:00Z,120.44,
GFS,BAUFI1,2025-06-14T19:30:00Z,110.395,
GFS,BAUFI1,2025-06-14T20:00:00Z,100.35,
GFS,BAUFI1,2025-06-14T20:30:00Z,50.175,
GFS,BAUFI1,2025-06-14T21:00:00Z,0,
GFS,BAUFI1,2025-06-14T21:30:00Z,0,
GFS,BAUFI1,2025-06-14T22:00:00Z,0,
GFS,BAUFI1,2025-06-14T22:30:00Z,0,
GFS,BAUFI1,2025-06-14T23:00:00Z,0,
GFS,BAUFI1,2025-06-14T23:30:00Z,0,
GFS,BAUFI1,2025-06-15T00:00:00Z,0,
GFS,BAUFI1,2025-06-15T00:30:00Z,0,
GFS,BAUFI1,2025-06-15T01:00:00Z,0,
GFS,BAUFI1,2025-06-15T01:30:00Z,0,
GFS,BAUFI1,2025-06-15T02:00:00Z,0,
GFS,BAUFI1,2025-06-15T02:30:00Z,0,
GFS,BAUFI1,2025-06-15T03:00:00Z,0,
GFS,BAUFI1,2025-06-15T03:30:00Z,0,
GFS,BAUFI1,2025-06-15T04:00:00Z,0,
GFS,BAUFI1,2025-06-15T04:30:00Z,0,
GFS,BAUFI1,2025-06-15T05:00:00Z,0,
GFS,BAUFI1,2025-06-15T05:30:00Z,3.6,
GFS,BAUFI1,2025-06-15T06:00:00Z,7.2,
GFS,BAUFI1,2025-06-15T06:30:00Z,27.65,
GFS,BAUFI1,2025-06-15T07:00:00Z,48.1,
GFS,BAUFI1,2025-06-15T07:30:00Z,79.59,
GFS,BAUFI1,2025-06-15T08:00:00Z,111.08,
GFS,BAUFI1,2025-06-15T08:30:00Z,360.84,
GFS,BAUFI1,2025-06-15T09:00:00Z,610.6,
GFS,BAUFI1,2025-06-15T09:30:00Z,643.73,
GFS,BAUFI1,2025-06-15T10:00:00Z,676.86,
GFS,BAUFI1,2025-06-15T10:30:00Z,699.2,
GFS,BAUFI1,2025-06-15T11:00:00Z,721.54,
GFS,BAUFI1,2025-06-15T11:30:00Z,732.28,
GFS,BAUFI1,2025-06-15T12:00:00Z,743.02,
GFS,BAUFI1,2025-06-15T12:30:00Z,742.095,
GFS,BAUFI1,2025-06-15T13:00:00Z,741.17,
GFS,BAUFI1,2025-06-15T13:30:00Z,729.095,
GFS,BAUFI1,2025-06-15T14:00:00Z,717.02,
GFS,BAUFI1,2025-06-15T14:30:00Z,562.42,
GFS,BAUFI1,2025-06-15T15:00:00Z,407.82,
GFS,BAUFI1,2025-06-15T15:30:00Z,353.73,
GFS,BAUFI1,2025-06-15T16:00:00Z,299.64,
GFS,BAUFI1,2025-06-15T16:30:00Z,252.98,
GFS,BAUFI1,2025-06-15T17:00:00Z,206.32,
GFS,BAUFI1,2025-06-15T17:30:00Z,180.53,
GFS,BAUFI1,2025-06-15T18:00:00Z,154.74,
GFS,BAUFI1,2025-06-15T18:30:00Z,139.27,
GFS,BAUFI1,2025-06-15T19:00:00Z,123.8,
GFS,BAUFI1,2025-06-15T19:30:00Z,113.485,
GFS,BAUFI1,2025-06-15T20:00:00Z,103.17,
GFS,BAUFI1,2025-06-15T20:30:00Z,51.585,
GFS,BAUFI1,2025-06-15T21:00:00Z,0,
GFS,BAUFI1,2025-06-15T21:30:00Z,0,
GFS,BAUFI1,2025-06-15T22:00:00Z,0,
GFS,BAUFI1,2025-06-15T22:30:00Z,0,
GFS,BAUFI1,2025-06-15T23:00:00Z,0,
GFS,BAUFI1,2025-06-15T23:30:00Z,0,
GFS,BAUFI1,2025-06-16T00:00:00Z,0,
GFS,BAUFI1,2025-06-16T00:30:00Z,0,
GFS,BAUFI1,2025-06-16T01:00:00Z,0,
GFS,BAUFI1,2025-06-16T01:30:00Z,0,
GFS,BAUFI1,2025-06-16T02:00:00Z,0,
GFS,BAUFI1,2025-06-16T02:30:00Z,0,
GFS,BAUFI1,2025-06-16T03:00:00Z,0,
GFS,BAUFI1,2025-06-16T03:30:00Z,0,
GFS,BAUFI1,2025-06-16T04:00:00Z,0,
GFS,BAUFI1,2025-06-16T04:30:00Z,0,
GFS,BAUFI1,2025-06-16T05:00:00Z,0,
GFS,BAUFI1,2025-06-16T05:30:00Z,3.6,
GFS,BAUFI1,2025-06-16T06:00:00Z,7.2,
GFS,BAUFI1,2025-06-16T06:30:00Z,27.71,
GFS,BAUFI1,2025-06-16T07:00:00Z,48.22,
GFS,BAUFI1,2025-06-16T07:30:00Z,79.7,
GFS,BAUFI1,2025-06-16T08:00:00Z,111.18,
GFS,BAUFI1,2025-06-16T08:30:00Z,359.22,
GFS,BAUFI1,2025-06-16T09:00:00Z,607.26,
GFS,BAUFI1,2025-06-16T09:30:00Z,639.67,
GFS,BAUFI1,2025-06-16T10:00:00Z,672.08,
GFS,BAUFI1,2025-06-16T10:30:00Z,693.63,
GFS,BAUFI1,2025-06-16T11:00:00Z,715.18,
GFS,BAUFI1,2025-06-16T11:30:00Z,724.92,
GFS,BAUFI1,2025-06-16T12:00:00Z,734.66,
GFS,BAUFI1,2025-06-16T12:30:00Z,732.705,
GFS,BAUFI1,2025-06-16T13:00:00Z,730.75,
GFS,BAUFI1,2025-06-16T13:30:00Z,718.03,
GFS,BAUFI1,2025-06-16T14:00:00Z,705.31,
GFS,BAUFI1,2025-06-16T14:30:00Z,532.745,
GFS,BAUFI1,2025-06-16T15:00:00Z,360.18,
GFS,BAUFI1,2025-06-16T15:30:00Z,309.41,
GFS,BAUFI1,2025-06-16T16:00:00Z,258.64,
GFS,BAUFI1,2025-06-16T16:30:00Z,218.22,
GFS,BAUFI1,2025-06-16T17:00:00Z,177.8,
GFS,BAUFI1,2025-06-16T17:30:00Z,155.58,
GFS,BAUFI1,2025-06-16T18:00:00Z,133.36,
GFS,BAUFI1,2025-06-16T18:30:00Z,120.02,
GFS,BAUFI1,2025-06-16T19:00:00Z,106.68,
GFS,BAUFI1,2025-06-16T19:30:00Z,97.79,
GFS,BAUFI1,2025-06-16T20:00:00Z,88.9,
GFS,BAUFI1,2025-06-16T20:30:00Z,44.45,
GFS,BAUFI1,2025-06-16T21:00:00Z,0,
GFS,BAUFI1,2025-06-16T21:30:00Z,0,
GFS,BAUFI1,2025-06-16T22:00:00Z,0,
GFS,BAUFI1,2025-06-16T22:30:00Z,0,
GFS,BAUFI1,2025-06-16T23:00:00Z,0,
GFS,BAUFI1,2025-06-16T23:30:00Z,0,
GFS,BAUFI1,2025-06-17T00:00:00Z,0,
GFS,BAUFI1,2025-06-17T00:30:00Z,0,
GFS,BAUFI1,2025-06-17T01:00:00Z,0,
GFS,BAUFI1,2025-06-17T01:30:00Z,0,
GFS,BAUFI1,2025-06-17T02:00:00Z,0,
GFS,BAUFI1,2025-06-17T02:30:00Z,0,
GFS,BAUFI1,2025-06-17T03:00:00Z,0,
GFS,BAUFI1,2025-06-17T03:30:00Z,0,
GFS,BAUFI1,2025-06-17T04:00:00Z,0,
GFS,BAUFI1,2025-06-17T04:30:00Z,0,
GFS,BAUFI1,2025-06-17T05:00:00Z,0,
GFS,BAUFI1,2025-06-17T05:30:00Z,3.44,
GFS,BAUFI1,2025-06-17T06:00:00Z,6.88,
GFS,BAUFI1,2025-06-17T06:30:00Z,26.81,
GFS,BAUFI1,2025-06-17T07:00:00Z,46.74,
GFS,BAUFI1,2025-06-17T07:30:00Z,77.64,
GFS,BAUFI1,2025-06-17T08:00:00Z,108.54,
GFS,BAUFI1,2025-06-17T08:30:00Z,353.32,
GFS,BAUFI1,2025-06-17T09:00:00Z,598.1,
GFS,BAUFI1,2025-06-17T09:30:00Z,630.35,
GFS,BAUFI1,2025-06-17T10:00:00Z,662.6,
GFS,BAUFI1,2025-06-17T10:30:00Z,683.96,
GFS,BAUFI1,2025-06-17T11:00:00Z,705.32,
GFS,BAUFI1,2025-06-17T11:30:00Z,715.29,
GFS,BAUFI1,2025-06-17T12:00:00Z,725.26,
GFS,BAUFI1,2025-06-17T12:30:00Z,723.5,
GFS,BAUFI1,2025-06-17T13:00:00Z,721.74,
GFS,BAUFI1,2025-06-17T13:30:00Z,709.23,
GFS,BAUFI1,2025-06-17T14:00:00Z,696.72,
GFS,BAUFI1,2025-06-17T14:30:00Z,509.08,
GFS,BAUFI1,2025-06-17T15:00:00Z,321.44,
GFS,BAUFI1,2025-06-17T15:30:00Z,255.54,
GFS,BAUFI1,2025-06-17T16:00:00Z,189.64,
GFS,BAUFI1,2025-06-17T16:30:00Z,159.25,
GFS,BAUFI1,2025-06-17T17:00:00Z,128.86,
GFS,BAUFI1,2025-06-17T17:30:00Z,112.76,
GFS,BAUFI1,2025-06-17T18:00:00Z,96.66,
GFS,BAUFI1,2025-06-17T18:30:00Z,86.99,
GFS,BAUFI1,2025-06-17T19:00:00Z,77.32,
GFS,BAUFI1,2025-06-17T19:30:00Z,70.875,
GFS,BAUFI1,2025-06-17T20:00:00Z,64.43,
GFS,BAUFI1,2025-06-17T20:30:00Z,32.215,
GFS,BAUFI1,2025-06-17T21:00:00Z,0,
GFS,BAUFI1,2025-06-17T21:30:00Z,0,
GFS,BAUFI1,2025-06-17T22:00:00Z,0,
GFS,BAUFI1,2025-06-17T22:30:00Z,0,
GFS,BAUFI1,2025-06-17T23:00:00Z,0,
GFS,BAUFI1,2025-06-17T23:30:00Z,0,
GFS,BAUFI1,2025-06-18T00:00:00Z,0,
GFS,BAUFI1,2025-06-18T00:30:00Z,0,
GFS,BAUFI1,2025-06-18T01:00:00Z,0,
GFS,BAUFI1,2025-06-18T01:30:00Z,0,
GFS,BAUFI1,2025-06-18T02:00:00Z,0,
GFS,BAUFI1,2025-06-18T02:30:00Z,0,
GFS,BAUFI1,2025-06-18T03:00:00Z,0,
GFS,BAUFI1,2025-06-18T03:30:00Z,0,
GFS,BAUFI1,2025-06-18T04:00:00Z,0,
GFS,BAUFI1,2025-06-18T04:30:00Z,0,
GFS,BAUFI1,2025-06-18T05:00:00Z,0,
GFS,BAUFI1,2025-06-18T05:30:00Z,3.4,
GFS,BAUFI1,2025-06-18T06:00:00Z,6.8,
GFS,BAUFI1,2025-06-18T06:30:00Z,26.57,
GFS,BAUFI1,2025-06-18T07:00:00Z,46.34,
GFS,BAUFI1,2025-06-18T07:30:00Z,77.03,
GFS,BAUFI1,2025-06-18T08:00:00Z,107.72,
GFS,BAUFI1,2025-06-18T08:30:00Z,351.59,
GFS,BAUFI1,2025-06-18T09:00:00Z,595.46,
GFS,BAUFI1,2025-06-18T09:30:00Z,628,
GFS,BAUFI1,2025-06-18T10:00:00Z,660.54,
GFS,BAUFI1,2025-06-18T10:30:00Z,682.46,
GFS,BAUFI1,2025-06-18T11:00:00Z,704.38,
GFS,BAUFI1,2025-06-18T11:30:00Z,715.06,
GFS,BAUFI1,2025-06-18T12:00:00Z,725.74,
GFS,BAUFI1,2025-06-18T12:30:00Z,723.82,
GFS,BAUFI1,2025-06-18T13:00:00Z,721.9,
GFS,BAUFI1,2025-06-18T13:30:00Z,695.99,
GFS,BAUFI1,2025-06-18T14:00:00Z,670.08,
GFS,BAUFI1,2025-06-18T14:30:00Z,445.48,
GFS,BAUFI1,2025-06-18T15:00:00Z,220.88,
GFS,BAUFI1,2025-06-18T15:30:00Z,191.01,
GFS,BAUFI1,2025-06-18T16:00:00Z,161.14,
GFS,BAUFI1,2025-06-18T16:30:00Z,136.03,
GFS,BAUFI1,2025-06-18T17:00:00Z,110.92,
GFS,BAUFI1,2025-06-18T17:30:00Z,97.06,
GFS,BAUFI1,2025-06-18T18:00:00Z,83.2,
GFS,BAUFI1,2025-06-18T18:30:00Z,74.88,
GFS,BAUFI1,2025-06-18T19:00:00Z,66.56,
GFS,BAUFI1,2025-06-18T19:30:00Z,61.01,
GFS,BAUFI1,2025-06-18T20:00:00Z,55.46,
GFS,BAUFI1,2025-06-18T20:30:00Z,27.73,
GFS,BAUFI1,2025-06-18T21:00:00Z,0,
GFS,BAUFI1,2025-06-18T21:30:00Z,0,
GFS,BAUFI1,2025-06-18T22:00:00Z,0,
GFS,BAUFI1,2025-06-18T22:30:00Z,0,
GFS,BAUFI1,2025-06-18T23:00:00Z,0,
GFS,BAUFI1,2025-06-18T23:30:00Z,0,
GFS,BAUFI1,2025-06-19T00:00:00Z,0,
GFS,BAUFI1,2025-06-19T00:30:00Z,0,
GFS,BAUFI1,2025-06-19T01:00:00Z,0,
GFS,BAUFI1,2025-06-19T01:30:00Z,0,
GFS,BAUFI1,2025-06-19T02:00:00Z,0,
GFS,BAUFI1,2025-06-19T02:30:00Z,0,
GFS,BAUFI1,2025-06-19T03:00:00Z,0,
GFS,BAUFI1,2025-06-19T03:30:00Z,0,
GFS,BAUFI1,2025-06-19T04:00:00Z,0,
GFS,BAUFI1,2025-06-19T04:30:00Z,0,
GFS,BAUFI1,2025-06-19T05:00:00Z,0,
GFS,BAUFI1,2025-06-19T05:30:00Z,3.45,
GFS,BAUFI1,2025-06-19T06:00:00Z,6.9,
GFS,BAUFI1,2025-06-19T06:30:00Z,27.08,
GFS,BAUFI1,2025-06-19T07:00:00Z,47.26,
GFS,BAUFI1,2025-06-19T07:30:00Z,78.61,
GFS,BAUFI1,2025-06-19T08:00:00Z,109.96,
GFS,BAUFI1,2025-06-19T08:30:00Z,359.31,
GFS,BAUFI1,2025-06-19T09:00:00Z,608.66,
GFS,BAUFI1,2025-06-19T09:30:00Z,641.99,
GFS,BAUFI1,2025-06-19T10:00:00Z,675.32,
GFS,BAUFI1,2025-06-19T10:30:00Z,697.9,
GFS,BAUFI1,2025-06-19T11:00:00Z,720.48,
GFS,BAUFI1,2025-06-19T11:30:00Z,731.42,
GFS,BAUFI1,2025-06-19T12:00:00Z,742.36,
GFS,BAUFI1,2025-06-19T12:30:00Z,741.66,
GFS,BAUFI1,2025-06-19T13:00:00Z,740.96,
GFS,BAUFI1,2025-06-19T13:30:00Z,729.16,
GFS,BAUFI1,2025-06-19T14:00:00Z,717.36,
GFS,BAUFI1,2025-06-19T14:30:00Z,564.89,
GFS,BAUFI1,2025-06-19T15:00:00Z,412.42,
GFS,BAUFI1,2025-06-19T15:30:00Z,358.27,
GFS,BAUFI1,2025-06-19T16:00:00Z,304.12,
GFS,BAUFI1,2025-06-19T16:30:00Z,256.94,
GFS,BAUFI1,2025-06-19T17:00:00Z,209.76,
GFS,BAUFI1,2025-06-19T17:30:00Z,183.54,
GFS,BAUFI1,2025-06-19T18:00:00Z,157.32,
GFS,BAUFI1,2025-06-19T18:30:00Z,141.59,
GFS,BAUFI1,2025-06-19T19:00:00Z,125.86,
GFS,BAUFI1,2025-06-19T19:30:00Z,115.37,
GFS,BAUFI1,2025-06-19T20:00:00Z,104.88,
GFS,BAUFI1,2025-06-19T20:30:00Z,52.44,
GFS,BAUFI1,2025-06-19T21:00:00Z,0,
GFS,BAUFI1,2025-06-19T21:30:00Z,0,
GFS,BAUFI1,2025-06-19T22:00:00Z,0,
GFS,BAUFI1,2025-06-19T22:30:00Z,0,
GFS,BAUFI1,2025-06-19T23:00:00Z,0,
GFS,BAUFI1,2025-06-19T23:30:00Z,0,
GFS,BAUFI1,2025-06-20T00:00:00Z,0,
GFS,BAUFI1,2025-06-20T00:30:00Z,0,
GFS,BAUFI1,2025-06-20T01:00:00Z,0,
GFS,BAUFI1,2025-06-20T01:30:00Z,0,
GFS,BAUFI1,2025-06-20T02:00:00Z,0,
GFS,BAUFI1,2025-06-20T02:30:00Z,0,
GFS,BAUFI1,2025-06-20T03:00:00Z,0,
GFS,BAUFI1,2025-06-20T03:30:00Z,0,
GFS,BAUFI1,2025-06-20T04:00:00Z,0,
GFS,BAUFI1,2025-06-20T04:30:00Z,0,
GFS,BAUFI1,2025-06-20T05:00:00Z,0,
GFS,BAUFI1,2025-06-20T05:30:00Z,3.42,
GFS,BAUFI1,2025-06-20T06:00:00Z,6.84,
GFS,BAUFI1,2025-06-20T06:30:00Z,27.02,
GFS,BAUFI1,2025-06-20T07:00:00Z,47.2,
GFS,BAUFI1,2025-06-20T07:30:00Z,78.5,
GFS,BAUFI1,2025-06-20T08:00:00Z,109.8,
GFS,BAUFI1,2025-06-20T08:30:00Z,358.27,
GFS,BAUFI1,2025-06-20T09:00:00Z,606.74,
GFS,BAUFI1,2025-06-20T09:30:00Z,639.72,
GFS,BAUFI1,2025-06-20T10:00:00Z,672.7,
GFS,BAUFI1,2025-06-20T10:30:00Z,694.78,
GFS,BAUFI1,2025-06-20T11:00:00Z,716.86,
GFS,BAUFI1,2025-06-20T11:30:00Z,727.64,
GFS,BAUFI1,2025-06-20T12:00:00Z,738.42,
GFS,BAUFI1,2025-06-20T12:30:00Z,737.65,
GFS,BAUFI1,2025-06-20T13:00:00Z,736.88,
GFS,BAUFI1,2025-06-20T13:30:00Z,725.04,
GFS,BAUFI1,2025-06-20T14:00:00Z,713.2,
GFS,BAUFI1,2025-06-20T14:30:00Z,560.84,
GFS,BAUFI1,2025-06-20T15:00:00Z,408.48,
GFS,BAUFI1,2025-06-20T15:30:00Z,354.71,
GFS,BAUFI1,2025-06-20T16:00:00Z,300.94,
GFS,BAUFI1,2025-06-20T16:30:00Z,254.28,
GFS,BAUFI1,2025-06-20T17:00:00Z,207.62,
GFS,BAUFI1,2025-06-20T17:30:00Z,181.66,
GFS,BAUFI1,2025-06-20T18:00:00Z,155.7,
GFS,BAUFI1,2025-06-20T18:30:00Z,140.13,
GFS,BAUFI1,2025-06-20T19:00:00Z,124.56,
GFS,BAUFI1,2025-06-20T19:30:00Z,114.185,
GFS,BAUFI1,2025-06-20T20:00:00Z,103.81,
GFS,BAUFI1,2025-06-20T20:30:00Z,51.905,
GFS,BAUFI1,2025-06-20T21:00:00Z,0,
GFS,BAUFI1,2025-06-20T21:30:00Z,0,
GFS,BAUFI1,2025-06-20T22:00:00Z,0,
GFS,BAUFI1,2025-06-20T22:30:00Z,0,
GFS,BAUFI1,2025-06-20T23:00:00Z,0,
GFS,BAUFI1,2025-06-20T23:30:00Z,0,
GFS,BAUFI1,2025-06-21T00:00:00Z,0,
GFS,BAUFI1,2025-06-21T00:30:00Z,0,
GFS,BAUFI1,2025-06-21T01:00:00Z,0,
GFS,BAUFI1,2025-06-21T01:30:00Z,0,
GFS,BAUFI1,2025-06-21T02:00:00Z,0,
GFS,BAUFI1,2025-06-21T02:30:00Z,0,
GFS,BAUFI1,2025-06-21T03:00:00Z,0,
GFS,BAUFI1,2025-06-21T03:30:00Z,0,
GFS,BAUFI1,2025-06-21T04:00:00Z,0,
GFS,BAUFI1,2025-06-21T04:30:00Z,0,
GFS,BAUFI1,2025-06-21T05:00:00Z,0,
GFS,BAUFI1,2025-06-21T05:30:00Z,3.3,
GFS,BAUFI1,2025-06-21T06:00:00Z,6.6,
GFS,BAUFI1,2025-06-21T06:30:00Z,26.46,
GFS,BAUFI1,2025-06-21T07:00:00Z,46.32,
GFS,BAUFI1,2025-06-21T07:30:00Z,77.175,
GFS,BAUFI1,2025-06-21T08:00:00Z,108.03,
GFS,BAUFI1,2025-06-21T08:30:00Z,353.415,
GFS,BAUFI1,2025-06-21T09:00:00Z,598.8,
GFS,BAUFI1,2025-06-21T09:30:00Z,631.78,
GFS,BAUFI1,2025-06-21T10:00:00Z,664.76,
GFS,BAUFI1,2025-06-21T10:30:00Z,686.75,
GFS,BAUFI1,2025-06-21T11:00:00Z,708.74,
GFS,BAUFI1,2025-06-21T11:30:00Z,719.52,
GFS,BAUFI1,2025-06-21T12:00:00Z,730.3,
GFS,BAUFI1,2025-06-21T12:30:00Z,729.7,
GFS,BAUFI1,2025-06-21T13:00:00Z,729.1,
GFS,BAUFI1,2025-06-21T13:30:00Z,717.43,
GFS,BAUFI1,2025-06-21T14:00:00Z,705.76,
GFS,BAUFI1,2025-06-21T14:30:00Z,539.72,
GFS,BAUFI1,2025-06-21T15:00:00Z,373.68,
GFS,BAUFI1,2025-06-21T15:30:00Z,321.44,
GFS,BAUFI1,2025-06-21T16:00:00Z,269.2,
GFS,BAUFI1,2025-06-21T16:30:00Z,227.36,
GFS,BAUFI1,2025-06-21T17:00:00Z,185.52,
GFS,BAUFI1,2025-06-21T17:30:00Z,162.33,
GFS,BAUFI1,2025-06-21T18:00:00Z,139.14,
GFS,BAUFI1,2025-06-21T18:30:00Z,125.23,
GFS,BAUFI1,2025-06-21T19:00:00Z,111.32,
GFS,BAUFI1,2025-06-21T19:30:00Z,102.035,
GFS,BAUFI1,2025-06-21T20:00:00Z,92.75,
GFS,BAUFI1,2025-06-21T20:30:00Z,46.375,
GFS,BAUFI1,2025-06-21T21:00:00Z,0,
GFS,BAUFI1,2025-06-21T21:30:00Z,0,
GFS,BAUFI1,2025-06-21T22:00:00Z,0,
GFS,BAUFI1,2025-06-21T22:30:00Z,0,
GFS,BAUFI1,2025-06-21T23:00:00Z,0,
GFS,BAUFI1,2025-06-21T23:30:00Z,0,
GFS,BAUFI1,2025-06-22T00:00:00Z,0,
GFS,BAUFI1,2025-06-22T00:30:00Z,0,
GFS,BAUFI1,2025-06-22T01:00:00Z,0,
GFS,BAUFI1,2025-06-22T01:30:00Z,0,
GFS,BAUFI1,2025-06-22T02:00:00Z,0,
GFS,BAUFI1,2025-06-22T02:30:00Z,0,
GFS,BAUFI1,2025-06-22T03:00:00Z,0,
GFS,BAUFI1,2025-06-22T03:30:00Z,0,
GFS,BAUFI1,2025-06-22T04:00:00Z,0,
GFS,BAUFI1,2025-06-22T04:30:00Z,0,
GFS,BAUFI1,2025-06-22T05:00:00Z,0,
GFS,BAUFI1,2025-06-22T05:30:00Z,2.23,
GFS,BAUFI1,2025-06-22T06:00:00Z,4.46,
GFS,BAUFI1,2025-06-22T06:30:00Z,17.85,
GFS,BAUFI1,2025-06-22T07:00:00Z,31.24,
GFS,BAUFI1,2025-06-22T07:30:00Z,61.965,
GFS,BAUFI1,2025-06-22T08:00:00Z,92.69,
GFS,BAUFI1,2025-06-22T08:30:00Z,348.365,
GFS,BAUFI1,2025-06-22T09:00:00Z,604.04,
GFS,BAUFI1,2025-06-22T09:30:00Z,636.82,
GFS,BAUFI1,2025-06-22T10:00:00Z,669.6,
GFS,BAUFI1,2025-06-22T10:30:00Z,691.72,
GFS,BAUFI1,2025-06-22T11:00:00Z,713.84,
GFS,BAUFI1,2025-06-22T11:30:00Z,724.74,
GFS,BAUFI1,2025-06-22T12:00:00Z,735.64,
GFS,BAUFI1,2025-06-22T12:30:00Z,735.035,
GFS,BAUFI1,2025-06-22T13:00:00Z,734.43,
GFS,BAUFI1,2025-06-22T13:30:00Z,722.765,
GFS,BAUFI1,2025-06-22T14:00:00Z,711.1,
GFS,BAUFI1,2025-06-22T14:30:00Z,559.81,
GFS,BAUFI1,2025-06-22T15:00:00Z,408.52,
GFS,BAUFI1,2025-06-22T15:30:00Z,353.69,
GFS,BAUFI1,2025-06-22T16:00:00Z,298.86,
GFS,BAUFI1,2025-06-22T16:30:00Z,252.14,
GFS,BAUFI1,2025-06-22T17:00:00Z,205.42,
GFS,BAUFI1,2025-06-22T17:30:00Z,179.74,
GFS,BAUFI1,2025-06-22T18:00:00Z,154.06,
GFS,BAUFI1,2025-06-22T18:30:00Z,138.66,
GFS,BAUFI1,2025-06-22T19:00:00Z,123.26,
GFS,BAUFI1,2025-06-22T19:30:00Z,112.98,
GFS,BAUFI1,2025-06-22T20:00:00Z,102.7,
GFS,BAUFI1,2025-06-22T20:30:00Z,51.35,
GFS,BAUFI1,2025-06-22T21:00:00Z,0,
GFS,BAUFI1,2025-06-22T21:30:00Z,0,
GFS,BAUFI1,2025-06-22T22:00:00Z,0,
GFS,BAUFI1,2025-06-22T22:30:00Z,0,
GFS,BAUFI1,2025-06-22T23:00:00Z,0,
GFS,BAUFI1,2025-06-22T23:30:00Z,0,
GFS,BAUFI1,2025-06-23T00:00:00Z,0,
GFS,BAUFI1,2025-06-23T00:30:00Z,0,
GFS,BAUFI1,2025-06-23T01:00:00Z,0,
GFS,BAUFI1,2025-06-23T01:30:00Z,0,
GFS,BAUFI1,2025-06-23T02:00:00Z,0,
GFS,BAUFI1,2025-06-23T02:30:00Z,0,
GFS,BAUFI1,2025-06-23T03:00:00Z,0,
GFS,BAUFI1,2025-06-23T03:30:00Z,0,
GFS,BAUFI1,2025-06-23T04:00:00Z,0,
GFS,BAUFI1,2025-06-23T04:30:00Z,0,
GFS,BAUFI1,2025-06-23T05:00:00Z,0,
GFS,BAUFI1,2025-06-23T05:30:00Z,3.31,
GFS,BAUFI1,2025-06-23T06:00:00Z,6.62,
GFS,BAUFI1,2025-06-23T06:30:00Z,26.76,
GFS,BAUFI1,2025-06-23T07:00:00Z,46.9,
GFS,BAUFI1,2025-06-23T07:30:00Z,78.235,
GFS,BAUFI1,2025-06-23T08:00:00Z,109.57,
GFS,BAUFI1,2025-06-23T08:30:00Z,358.205,
GFS,BAUFI1,2025-06-23T09:00:00Z,606.84,
GFS,BAUFI1,2025-06-23T09:30:00Z,639.82,
GFS,BAUFI1,2025-06-23T10:00:00Z,672.8,
GFS,BAUFI1,2025-06-23T10:30:00Z,695.08,
GFS,BAUFI1,2025-06-23T11:00:00Z,717.36,
GFS,BAUFI1,2025-06-23T11:30:00Z,728.295,
GFS,BAUFI1,2025-06-23T12:00:00Z,739.23,
GFS,BAUFI1,2025-06-23T12:30:00Z,738.67,
GFS,BAUFI1,2025-06-23T13:00:00Z,738.11,
GFS,BAUFI1,2025-06-23T13:30:00Z,726.505,
GFS,BAUFI1,2025-06-23T14:00:00Z,714.9,
GFS,BAUFI1,2025-06-23T14:30:00Z,563.58,
GFS,BAUFI1,2025-06-23T15:00:00Z,412.26,
GFS,BAUFI1,2025-06-23T15:30:00Z,358.42,
GFS,BAUFI1,2025-06-23T16:00:00Z,304.58,
GFS,BAUFI1,2025-06-23T16:30:00Z,257.45,
GFS,BAUFI1,2025-06-23T17:00:00Z,210.32,
GFS,BAUFI1,2025-06-23T17:30:00Z,184.03,
GFS,BAUFI1,2025-06-23T18:00:00Z,157.74,
GFS,BAUFI1,2025-06-23T18:30:00Z,141.97,
GFS,BAUFI1,2025-06-23T19:00:00Z,126.2,
GFS,BAUFI1,2025-06-23T19:30:00Z,115.685,
GFS,BAUFI1,2025-06-23T20:00:00Z,105.17,
GFS,BAUFI1,2025-06-23T20:30:00Z,52.585,
GFS,BAUFI1,2025-06-23T21:00:00Z,0,
GFS,BAUFI1,2025-06-23T21:30:00Z,0,
GFS,BAUFI1,2025-06-23T22:00:00Z,0,
GFS,BAUFI1,2025-06-23T22:30:00Z,0,
GFS,BAUFI1,2025-06-23T23:00:00Z,0,
GFS,BAUFI1,2025-06-23T23:30:00Z,0,
GFS,BAUFI1,2025-06-24T00:00:00Z,0,
GFS,BAUFI1,2025-06-24T00:30:00Z,0,
GFS,BAUFI1,2025-06-24T01:00:00Z,0,
GFS,BAUFI1,2025-06-24T01:30:00Z,0,
GFS,BAUFI1,2025-06-24T02:00:00Z,0,
GFS,BAUFI1,2025-06-24T02:30:00Z,0,
GFS,BAUFI1,2025-06-24T03:00:00Z,0,
GFS,BAUFI1,2025-06-24T03:30:00Z,0,
GFS,BAUFI1,2025-06-24T04:00:00Z,0,
GFS,BAUFI1,2025-06-24T04:30:00Z,0,
GFS,BAUFI1,2025-06-24T05:00:00Z,0,
GFS,BAUFI1,2025-06-24T05:30:00Z,3.3,
GFS,BAUFI1,2025-06-24T06:00:00Z,6.6,
GFS,BAUFI1,2025-06-24T06:30:00Z,26.73,
GFS,BAUFI1,2025-06-24T07:00:00Z,46.86,
GFS,BAUFI1,2025-06-24T07:30:00Z,78.14,
GFS,BAUFI1,2025-06-24T08:00:00Z,109.42,
GFS,BAUFI1,2025-06-24T08:30:00Z,357.72,
GFS,BAUFI1,2025-06-24T09:00:00Z,606.02,
GFS,BAUFI1,2025-06-24T09:30:00Z,639.11,
GFS,BAUFI1,2025-06-24T10:00:00Z,672.2,
GFS,BAUFI1,2025-06-24T10:30:00Z,694.82,
GFS,BAUFI1,2025-06-24T11:00:00Z,717.44,
GFS,BAUFI1,2025-06-24T11:30:00Z,728.84,
GFS,BAUFI1,2025-06-24T12:00:00Z,740.24,
GFS,BAUFI1,2025-06-24T12:30:00Z,739.825,
GFS,BAUFI1,2025-06-24T13:00:00Z,739.41,
GFS,BAUFI1,2025-06-24T13:30:00Z,727.815,
GFS,BAUFI1,2025-06-24T14:00:00Z,716.22,
GFS,BAUFI1,2025-06-24T14:30:00Z,565.38,
GFS,BAUFI1,2025-06-24T15:00:00Z,414.54,
GFS,BAUFI1,2025-06-24T15:30:00Z,360.54,
GFS,BAUFI1,2025-06-24T16:00:00Z,306.54,
GFS,BAUFI1,2025-06-24T16:30:00Z,259.17,
GFS,BAUFI1,2025-06-24T17:00:00Z,211.8,
GFS,BAUFI1,2025-06-24T17:30:00Z,185.33,
GFS,BAUFI1,2025-06-24T18:00:00Z,158.86,
GFS,BAUFI1,2025-06-24T18:30:00Z,142.97,
GFS,BAUFI1,2025-06-24T19:00:00Z,127.08,
GFS,BAUFI1,2025-06-24T19:30:00Z,116.49,
GFS,BAUFI1,2025-06-24T20:00:00Z,105.9,
GFS,BAUFI1,2025-06-24T20:30:00Z,52.95,
GFS,BAUFI1,2025-06-24T21:00:00Z,0,
GFS,BAUFI1,2025-06-24T21:30:00Z,0,
GFS,BAUFI1,2025-06-24T22:00:00Z,0,
GFS,BAUFI1,2025-06-24T22:30:00Z,0,
GFS,BAUFI1,2025-06-24T23:00:00Z,0,
GFS,BAUFI1,2025-06-24T23:30:00Z,0,
GFS,BAUFI1,2025-06-25T00:00:00Z,0,
GFS,BAUFI1,2025-06-25T00:30:00Z,0,
GFS,BAUFI1,2025-06-25T01:00:00Z,0,
GFS,BAUFI1,2025-06-25T01:30:00Z,0,
GFS,BAUFI1,2025-06-25T02:00:00Z,0,
GFS,BAUFI1,2025-06-25T02:30:00Z,0,
GFS,BAUFI1,2025-06-25T03:00:00Z,0,
GFS,BAUFI1,2025-06-25T03:30:00Z,0,
GFS,BAUFI1,2025-06-25T04:00:00Z,0,
GFS,BAUFI1,2025-06-25T04:30:00Z,0,
GFS,BAUFI1,2025-06-25T05:00:00Z,0,
GFS,BAUFI1,2025-06-25T05:30:00Z,3.26,
GFS,BAUFI1,2025-06-25T06:00:00Z,6.52,
GFS,BAUFI1,2025-06-25T06:30:00Z,26.6,
GFS,BAUFI1,2025-06-25T07:00:00Z,46.68,
GFS,BAUFI1,2025-06-25T07:30:00Z,77.91,
GFS,BAUFI1,2025-06-25T08:00:00Z,109.14,
GFS,BAUFI1,2025-06-25T08:30:00Z,356.49,
GFS,BAUFI1,2025-06-25T09:00:00Z,603.84,
GFS,BAUFI1,2025-06-25T09:30:00Z,636.78,
GFS,BAUFI1,2025-06-25T10:00:00Z,669.72,
GFS,BAUFI1,2025-06-25T10:30:00Z,692,
GFS,BAUFI1,2025-06-25T11:00:00Z,714.28,
GFS,BAUFI1,2025-06-25T11:30:00Z,725.15,
GFS,BAUFI1,2025-06-25T12:00:00Z,736.02,
GFS,BAUFI1,2025-06-25T12:30:00Z,735.49,
GFS,BAUFI1,2025-06-25T13:00:00Z,734.96,
GFS,BAUFI1,2025-06-25T13:30:00Z,723.465,
GFS,BAUFI1,2025-06-25T14:00:00Z,711.97,
GFS,BAUFI1,2025-06-25T14:30:00Z,562.025,
GFS,BAUFI1,2025-06-25T15:00:00Z,412.08,
GFS,BAUFI1,2025-06-25T15:30:00Z,358.47,
GFS,BAUFI1,2025-06-25T16:00:00Z,304.86,
GFS,BAUFI1,2025-06-25T16:30:00Z,257.77,
GFS,BAUFI1,2025-06-25T17:00:00Z,210.68,
GFS,BAUFI1,2025-06-25T17:30:00Z,184.35,
GFS,BAUFI1,2025-06-25T18:00:00Z,158.02,
GFS,BAUFI1,2025-06-25T18:30:00Z,142.22,
GFS,BAUFI1,2025-06-25T19:00:00Z,126.42,
GFS,BAUFI1,2025-06-25T19:30:00Z,115.88,
GFS,BAUFI1,2025-06-25T20:00:00Z,105.34,
GFS,BAUFI1,2025-06-25T20:30:00Z,52.67,
GFS,BAUFI1,2025-06-25T21:00:00Z,0,
GFS,BAUFI1,2025-06-25T21:30:00Z,0,
GFS,BAUFI1,2025-06-25T22:00:00Z,0,
GFS,BAUFI1,2025-06-25T22:30:00Z,0,
GFS,BAUFI1,2025-06-25T23:00:00Z,0,
GFS,BAUFI1,2025-06-25T23:30:00Z,0,
GFS,BAUFI1,2025-06-26T00:00:00Z,0,
GFS,BAUFI1,2025-06-26T00:30:00Z,0,
GFS,BAUFI1,2025-06-26T01:00:00Z,0,
GFS,BAUFI1,2025-06-26T01:30:00Z,0,
GFS,BAUFI1,2025-06-26T02:00:00Z,0,
GFS,BAUFI1,2025-06-26T02:30:00Z,0,
GFS,BAUFI1,2025-06-26T03:00:00Z,0,
GFS,BAUFI1,2025-06-26T03:30:00Z,0,
GFS,BAUFI1,2025-06-26T04:00:00Z,0,
GFS,BAUFI1,2025-06-26T04:30:00Z,0,
GFS,BAUFI1,2025-06-26T05:00:00Z,0,
GFS,BAUFI1,2025-06-26T05:30:00Z,3.05,
GFS,BAUFI1,2025-06-26T06:00:00Z,6.1,
GFS,BAUFI1,2025-06-26T06:30:00Z,25.27,
GFS,BAUFI1,2025-06-26T07:00:00Z,44.44,
GFS,BAUFI1,2025-06-26T07:30:00Z,74.63,
GFS,BAUFI1,2025-06-26T08:00:00Z,104.82,
GFS,BAUFI1,2025-06-26T08:30:00Z,347.87,
GFS,BAUFI1,2025-06-26T09:00:00Z,590.92,
GFS,BAUFI1,2025-06-26T09:30:00Z,624.1,
GFS,BAUFI1,2025-06-26T10:00:00Z,657.28,
GFS,BAUFI1,2025-06-26T10:30:00Z,679.84,
GFS,BAUFI1,2025-06-26T11:00:00Z,702.4,
GFS,BAUFI1,2025-06-26T11:30:00Z,713.59,
GFS,BAUFI1,2025-06-26T12:00:00Z,724.78,
GFS,BAUFI1,2025-06-26T12:30:00Z,724.46,
GFS,BAUFI1,2025-06-26T13:00:00Z,724.14,
GFS,BAUFI1,2025-06-26T13:30:00Z,712.9,
GFS,BAUFI1,2025-06-26T14:00:00Z,701.66,
GFS,BAUFI1,2025-06-26T14:30:00Z,553.88,
GFS,BAUFI1,2025-06-26T15:00:00Z,406.1,
GFS,BAUFI1,2025-06-26T15:30:00Z,351.14,
GFS,BAUFI1,2025-06-26T16:00:00Z,296.18,
GFS,BAUFI1,2025-06-26T16:30:00Z,248.65,
GFS,BAUFI1,2025-06-26T17:00:00Z,201.12,
GFS,BAUFI1,2025-06-26T17:30:00Z,175.98,
GFS,BAUFI1,2025-06-26T18:00:00Z,150.84,
GFS,BAUFI1,2025-06-26T18:30:00Z,135.75,
GFS,BAUFI1,2025-06-26T19:00:00Z,120.66,
GFS,BAUFI1,2025-06-26T19:30:00Z,110.61,
GFS,BAUFI1,2025-06-26T20:00:00Z,100.56,
GFS,BAUFI1,2025-06-26T20:30:00Z,50.28,
GFS,BAUFI1,2025-06-26T21:00:00Z,0,
GFS,BAUFI1,2025-06-26T21:30:00Z,0,
GFS,BAUFI1,2025-06-26T22:00:00Z,0,
GFS,BAUFI1,2025-06-26T22:30:00Z,0,
GFS,BAUFI1,2025-06-26T23:00:00Z,0,
GFS,BAUFI1,2025-06-26T23:30:00Z,0,
GFS,BAUFI1,2025-06-27T00:00:00Z,0,
GFS,BAUFI1,2025-06-27T00:30:00Z,0,
GFS,BAUFI1,2025-06-27T01:00:00Z,0,
GFS,BAUFI1,2025-06-27T01:30:00Z,0,
GFS,BAUFI1,2025-06-27T02:00:00Z,0,
GFS,BAUFI1,2025-06-27T02:30:00Z,0,
GFS,BAUFI1,2025-06-27T03:00:00Z,0,
GFS,BAUFI1,2025-06-27T03:30:00Z,0,
GFS,BAUFI1,2025-06-27T04:00:00Z,0,
GFS,BAUFI1,2025-06-27T04:30:00Z,0,
GFS,BAUFI1,2025-06-27T05:00:00Z,0,
GFS,BAUFI1,2025-06-27T05:30:00Z,3.06,
GFS,BAUFI1,2025-06-27T06:00:00Z,6.12,
GFS,BAUFI1,2025-06-27T06:30:00Z,25.48,
GFS,BAUFI1,2025-06-27T07:00:00Z,44.84,
GFS,BAUFI1,2025-06-27T07:30:00Z,75.395,
GFS,BAUFI1,2025-06-27T08:00:00Z,105.95,
GFS,BAUFI1,2025-06-27T08:30:00Z,350.315,
GFS,BAUFI1,2025-06-27T09:00:00Z,594.68,
GFS,BAUFI1,2025-06-27T09:30:00Z,627.75,
GFS,BAUFI1,2025-06-27T10:00:00Z,660.82,
GFS,BAUFI1,2025-06-27T10:30:00Z,683.3,
GFS,BAUFI1,2025-06-27T11:00:00Z,705.78,
GFS,BAUFI1,2025-06-27T11:30:00Z,717,
GFS,BAUFI1,2025-06-27T12:00:00Z,728.22,
GFS,BAUFI1,2025-06-27T12:30:00Z,727.95,
GFS,BAUFI1,2025-06-27T13:00:00Z,727.68,
GFS,BAUFI1,2025-06-27T13:30:00Z,716.455,
GFS,BAUFI1,2025-06-27T14:00:00Z,705.23,
GFS,BAUFI1,2025-06-27T14:30:00Z,557.195,
GFS,BAUFI1,2025-06-27T15:00:00Z,409.16,
GFS,BAUFI1,2025-06-27T15:30:00Z,355.96,
GFS,BAUFI1,2025-06-27T16:00:00Z,302.76,
GFS,BAUFI1,2025-06-27T16:30:00Z,256.07,
GFS,BAUFI1,2025-06-27T17:00:00Z,209.38,
GFS,BAUFI1,2025-06-27T17:30:00Z,183.21,
GFS,BAUFI1,2025-06-27T18:00:00Z,157.04,
GFS,BAUFI1,2025-06-27T18:30:00Z,141.33,
GFS,BAUFI1,2025-06-27T19:00:00Z,125.62,
GFS,BAUFI1,2025-06-27T19:30:00Z,115.155,
GFS,BAUFI1,2025-06-27T20:00:00Z,104.69,
GFS,BAUFI1,2025-06-27T20:30:00Z,52.345,
GFS,BAUFI1,2025-06-27T21:00:00Z,0,
GFS,BAUFI1,2025-06-27T21:30:00Z,0,
GFS,BAUFI1,2025-06-27T22:00:00Z,0,
GFS,BAUFI1,2025-06-27T22:30:00Z,0,
GFS,BAUFI1,2025-06-27T23:00:00Z,0,
GFS,BAUFI1,2025-06-27T23:30:00Z,0,
GFS,BAUFI1,2025-06-28T00:00:00Z,0,
GFS,BAUFI1,2025-06-28T00:30:00Z,0,
GFS,BAUFI1,2025-06-28T01:00:00Z,0,
GFS,BAUFI1,2025-06-28T01:30:00Z,0,
GFS,BAUFI1,2025-06-28T02:00:00Z,0,
GFS,BAUFI1,2025-06-28T02:30:00Z,0,
GFS,BAUFI1,2025-06-28T03:00:00Z,0,
GFS,BAUFI1,2025-06-28T03:30:00Z,0,
GFS,BAUFI1,2025-06-28T04:00:00Z,0,
GFS,BAUFI1,2025-06-28T04:30:00Z,0,
GFS,BAUFI1,2025-06-28T05:00:00Z,0,
GFS,BAUFI1,2025-06-28T05:30:00Z,3.11,
GFS,BAUFI1,2025-06-28T06:00:00Z,6.22,
GFS,BAUFI1,2025-06-28T06:30:00Z,25.98,
GFS,BAUFI1,2025-06-28T07:00:00Z,45.74,
GFS,BAUFI1,2025-06-28T07:30:00Z,76.885,
GFS,BAUFI1,2025-06-28T08:00:00Z,108.03,
GFS,BAUFI1,2025-06-28T08:30:00Z,357.485,
GFS,BAUFI1,2025-06-28T09:00:00Z,606.94,
GFS,BAUFI1,2025-06-28T09:30:00Z,641.21,
GFS,BAUFI1,2025-06-28T10:00:00Z,675.48,
GFS,BAUFI1,2025-06-28T10:30:00Z,699.04,
GFS,BAUFI1,2025-06-28T11:00:00Z,722.6,
GFS,BAUFI1,2025-06-28T11:30:00Z,734.45,
GFS,BAUFI1,2025-06-28T12:00:00Z,746.3,
GFS,BAUFI1,2025-06-28T12:30:00Z,746.2,
GFS,BAUFI1,2025-06-28T13:00:00Z,746.1,
GFS,BAUFI1,2025-06-28T13:30:00Z,734.52,
GFS,BAUFI1,2025-06-28T14:00:00Z,722.94,
GFS,BAUFI1,2025-06-28T14:30:00Z,570.84,
GFS,BAUFI1,2025-06-28T15:00:00Z,418.74,
GFS,BAUFI1,2025-06-28T15:30:00Z,364.55,
GFS,BAUFI1,2025-06-28T16:00:00Z,310.36,
GFS,BAUFI1,2025-06-28T16:30:00Z,261.99,
GFS,BAUFI1,2025-06-28T17:00:00Z,213.62,
GFS,BAUFI1,2025-06-28T17:30:00Z,186.92,
GFS,BAUFI1,2025-06-28T18:00:00Z,160.22,
GFS,BAUFI1,2025-06-28T18:30:00Z,144.19,
GFS,BAUFI1,2025-06-28T19:00:00Z,128.16,
GFS,BAUFI1,2025-06-28T19:30:00Z,117.48,
GFS,BAUFI1,2025-06-28T20:00:00Z,106.8,
GFS,BAUFI1,2025-06-28T20:30:00Z,53.4,
GFS,BAUFI1,2025-06-28T21:00:00Z,0,
GFS,BAUFI1,2025-06-28T21:30:00Z,0,
GFS,BAUFI1,2025-06-28T22:00:00Z,0,
GFS,BAUFI1,2025-06-28T22:30:00Z,0,
GFS,BAUFI1,2025-06-28T23:00:00Z,0,
GFS,BAUFI1,2025-06-28T23:30:00Z,0,
GFS,BAUFI1,2025-06-29T00:00:00Z,0,
GFS,BAUFI1,2025-06-29T00:30:00Z,0,
GFS,BAUFI1,2025-06-29T01:00:00Z,0,
GFS,BAUFI1,2025-06-29T01:30:00Z,0,
GFS,BAUFI1,2025-06-29T02:00:00Z,0,
GFS,BAUFI1,2025-06-29T02:30:00Z,0,
GFS,BAUFI1,2025-06-29T03:00:00Z,0,
GFS,BAUFI1,2025-06-29T03:30:00Z,0,
GFS,BAUFI1,2025-06-29T04:00:00Z,0,
GFS,BAUFI1,2025-06-29T04:30:00Z,0,
GFS,BAUFI1,2025-06-29T05:00:00Z,0,
GFS,BAUFI1,2025-06-29T05:30:00Z,3.02,
GFS,BAUFI1,2025-06-29T06:00:00Z,6.04,
GFS,BAUFI1,2025-06-29T06:30:00Z,25.36,
GFS,BAUFI1,2025-06-29T07:00:00Z,44.68,
GFS,BAUFI1,2025-06-29T07:30:00Z,75.27,
GFS,BAUFI1,2025-06-29T08:00:00Z,105.86,
GFS,BAUFI1,2025-06-29T08:30:00Z,350.75,
GFS,BAUFI1,2025-06-29T09:00:00Z,595.64,
GFS,BAUFI1,2025-06-29T09:30:00Z,629.06,
GFS,BAUFI1,2025-06-29T10:00:00Z,662.48,
GFS,BAUFI1,2025-06-29T10:30:00Z,685.47,
GFS,BAUFI1,2025-06-29T11:00:00Z,708.46,
GFS,BAUFI1,2025-06-29T11:30:00Z,720.23,
GFS,BAUFI1,2025-06-29T12:00:00Z,732,
GFS,BAUFI1,2025-06-29T12:30:00Z,732.28,
GFS,BAUFI1,2025-06-29T13:00:00Z,732.56,
GFS,BAUFI1,2025-06-29T13:30:00Z,721.775,
GFS,BAUFI1,2025-06-29T14:00:00Z,710.99,
GFS,BAUFI1,2025-06-29T14:30:00Z,565.175,
GFS,BAUFI1,2025-06-29T15:00:00Z,419.36,
GFS,BAUFI1,2025-06-29T15:30:00Z,365.57,
GFS,BAUFI1,2025-06-29T16:00:00Z,311.78,
GFS,BAUFI1,2025-06-29T16:30:00Z,263.9,
GFS,BAUFI1,2025-06-29T17:00:00Z,216.02,
GFS,BAUFI1,2025-06-29T17:30:00Z,189.02,
GFS,BAUFI1,2025-06-29T18:00:00Z,162.02,
GFS,BAUFI1,2025-06-29T18:30:00Z,145.82,
GFS,BAUFI1,2025-06-29T19:00:00Z,129.62,
GFS,BAUFI1,2025-06-29T19:30:00Z,118.82,
GFS,BAUFI1,2025-06-29T20:00:00Z,108.02,
GFS,BAUFI1,2025-06-29T20:30:00Z,54.01,
GFS,BAUFI1,2025-06-29T21:00:00Z,0,
GFS,BAUFI1,2025-06-29T21:30:00Z,0,
GFS,BAUFI1,2025-06-29T22:00:00Z,0,
GFS,BAUFI1,2025-06-29T22:30:00Z,0,
GFS,BAUFI1,2025-06-29T23:00:00Z,0,
GFS,BAUFI1,2025-06-29T23:30:00Z,0,
GFS,BAUFI1,2025-06-30T00:00:00Z,0,
GFS,BAUFI1,2025-06-30T00:30:00Z,0,
GFS,BAUFI1,2025-06-30T01:00:00Z,0,
GFS,BAUFI1,2025-06-30T01:30:00Z,0,
GFS,BAUFI1,2025-06-30T02:00:00Z,0,
GFS,BAUFI1,2025-06-30T02:30:00Z,0,
GFS,BAUFI1,2025-06-30T03:00:00Z,0,
GFS,BAUFI1,2025-06-30T03:30:00Z,0,
GFS,BAUFI1,2025-06-30T04:00:00Z,0,
GFS,BAUFI1,2025-06-30T04:30:00Z,0,
GFS,BAUFI1,2025-06-30T05:00:00Z,0,
GFS,BAUFI1,2025-06-30T05:30:00Z,3.23,
GFS,BAUFI1,2025-06-30T06:00:00Z,6.46,
GFS,BAUFI1,2025-06-30T06:30:00Z,26.76,
GFS,BAUFI1,2025-06-30T07:00:00Z,47.06,
GFS,BAUFI1,2025-06-30T07:30:00Z,78.88,
GFS,BAUFI1,2025-06-30T08:00:00Z,110.7,
GFS,BAUFI1,2025-06-30T08:30:00Z,364.15,
GFS,BAUFI1,2025-06-30T09:00:00Z,617.6,
GFS,BAUFI1,2025-06-30T09:30:00Z,651.44,
GFS,BAUFI1,2025-06-30T10:00:00Z,685.28,
GFS,BAUFI1,2025-06-30T10:30:00Z,708.29,
GFS,BAUFI1,2025-06-30T11:00:00Z,731.3,
GFS,BAUFI1,2025-06-30T11:30:00Z,742.76,
GFS,BAUFI1,2025-06-30T12:00:00Z,754.22,
GFS,BAUFI1,2025-06-30T12:30:00Z,753.99,
GFS,BAUFI1,2025-06-30T13:00:00Z,753.76,
GFS,BAUFI1,2025-06-30T13:30:00Z,742.27,
GFS,BAUFI1,2025-06-30T14:00:00Z,730.78,
GFS,BAUFI1,2025-06-30T14:30:00Z,579.33,
GFS,BAUFI1,2025-06-30T15:00:00Z,427.88,
GFS,BAUFI1,2025-06-30T15:30:00Z,373.17,
GFS,BAUFI1,2025-06-30T16:00:00Z,318.46,
GFS,BAUFI1,2025-06-30T16:30:00Z,269.66,
GFS,BAUFI1,2025-06-30T17:00:00Z,220.86,
GFS,BAUFI1,2025-06-30T17:30:00Z,193.25,
GFS,BAUFI1,2025-06-30T18:00:00Z,165.64,
GFS,BAUFI1,2025-06-30T18:30:00Z,149.08,
GFS,BAUFI1,2025-06-30T19:00:00Z,132.52,
GFS,BAUFI1,2025-06-30T19:30:00Z,121.475,
GFS,BAUFI1,2025-06-30T20:00:00Z,110.43,
GFS,BAUFI1,2025-06-30T20:30:00Z,55.215,
GFS,BAUFI1,2025-06-30T21:00:00Z,0,
GFS,BAUFI1,2025-06-30T21:30:00Z,0,
GFS,BAUFI1,2025-06-30T22:00:00Z,0,
GFS,BAUFI1,2025-06-30T22:30:00Z,0,
GFS,BAUFI1,2025-06-30T23:00:00Z,0,
GFS,BAUFI1,2025-06-30T23:30:00Z,0,
GFS,BAUFI1,2025-07-01T00:00:00Z,0,
GFS,BAUFI1,2025-07-01T00:30:00Z,0,
GFS,BAUFI1,2025-07-01T01:00:00Z,0,
GFS,BAUFI1,2025-07-01T01:30:00Z,0,
GFS,BAUFI1,2025-07-01T02:00:00Z,0,
GFS,BAUFI1,2025-07-01T02:30:00Z,0,
GFS,BAUFI1,2025-07-01T03:00:00Z,0,
GFS,BAUFI1,2025-07-01T03:30:00Z,0,
GFS,BAUFI1,2025-07-01T04:00:00Z,0,
GFS,BAUFI1,2025-07-01T04:30:00Z,0,
GFS,BAUFI1,2025-07-01T05:00:00Z,0,
GFS,BAUFI1,2025-07-01T05:30:00Z,3.03,
GFS,BAUFI1,2025-07-01T06:00:00Z,6.06,
GFS,BAUFI1,2025-07-01T06:30:00Z,25.45,
GFS,BAUFI1,2025-07-01T07:00:00Z,44.84,
GFS,BAUFI1,2025-07-01T07:30:00Z,75.49,
GFS,BAUFI1,2025-07-01T08:00:00Z,106.14,
GFS,BAUFI1,2025-07-01T08:30:00Z,351.19,
GFS,BAUFI1,2025-07-01T09:00:00Z,596.24,
GFS,BAUFI1,2025-07-01T09:30:00Z,629.39,
GFS,BAUFI1,2025-07-01T10:00:00Z,662.54,
GFS,BAUFI1,2025-07-01T10:30:00Z,684.98,
GFS,BAUFI1,2025-07-01T11:00:00Z,707.42,
GFS,BAUFI1,2025-07-01T11:30:00Z,718.57,
GFS,BAUFI1,2025-07-01T12:00:00Z,729.72,
GFS,BAUFI1,2025-07-01T12:30:00Z,729.525,
GFS,BAUFI1,2025-07-01T13:00:00Z,729.33,
GFS,BAUFI1,2025-07-01T13:30:00Z,717.705,
GFS,BAUFI1,2025-07-01T14:00:00Z,706.08,
GFS,BAUFI1,2025-07-01T14:30:00Z,557.82,
GFS,BAUFI1,2025-07-01T15:00:00Z,409.56,
GFS,BAUFI1,2025-07-01T15:30:00Z,356.59,
GFS,BAUFI1,2025-07-01T16:00:00Z,303.62,
GFS,BAUFI1,2025-07-01T16:30:00Z,256.83,
GFS,BAUFI1,2025-07-01T17:00:00Z,210.04,
GFS,BAUFI1,2025-07-01T17:30:00Z,183.78,
GFS,BAUFI1,2025-07-01T18:00:00Z,157.52,
GFS,BAUFI1,2025-07-01T18:30:00Z,141.77,
GFS,BAUFI1,2025-07-01T19:00:00Z,126.02,
GFS,BAUFI1,2025-07-01T19:30:00Z,115.52,
GFS,BAUFI1,2025-07-01T20:00:00Z,105.02,
GFS,BAUFI1,2025-07-01T20:30:00Z,52.51,
GFS,BAUFI1,2025-07-01T21:00:00Z,0,
GFS,BAUFI1,2025-07-01T21:30:00Z,0,
GFS,BAUFI1,2025-07-01T22:00:00Z,0,
GFS,BAUFI1,2025-07-01T22:30:00Z,0,
GFS,BAUFI1,2025-07-01T23:00:00Z,0,
GFS,BAUFI1,2025-07-01T23:30:00Z,0,
GFS,BAUFI1,2025-07-02T00:00:00Z,0,
GFS,BAUFI1,2025-07-02T00:30:00Z,0,
GFS,BAUFI1,2025-07-02T01:00:00Z,0,
GFS,BAUFI1,2025-07-02T01:30:00Z,0,
GFS,BAUFI1,2025-07-02T02:00:00Z,0,
GFS,BAUFI1,2025-07-02T02:30:00Z,0,
GFS,BAUFI1,2025-07-02T03:00:00Z,0,
GFS,BAUFI1,2025-07-02T03:30:00Z,0,
GFS,BAUFI1,2025-07-02T04:00:00Z,0,
GFS,BAUFI1,2025-07-02T04:30:00Z,0,
GFS,BAUFI1,2025-07-02T05:00:00Z,0,
GFS,BAUFI1,2025-07-02T05:30:00Z,3.03,
GFS,BAUFI1,2025-07-02T06:00:00Z,6.06,
GFS,BAUFI1,2025-07-02T06:30:00Z,25.52,
GFS,BAUFI1,2025-07-02T07:00:00Z,44.98,
GFS,BAUFI1,2025-07-02T07:30:00Z,75.73,
GFS,BAUFI1,2025-07-02T08:00:00Z,106.48,
GFS,BAUFI1,2025-07-02T08:30:00Z,352.29,
GFS,BAUFI1,2025-07-02T09:00:00Z,598.1,
GFS,BAUFI1,2025-07-02T09:30:00Z,631.43,
GFS,BAUFI1,2025-07-02T10:00:00Z,664.76,
GFS,BAUFI1,2025-07-02T10:30:00Z,687.39,
GFS,BAUFI1,2025-07-02T11:00:00Z,710.02,
GFS,BAUFI1,2025-07-02T11:30:00Z,721.42,
GFS,BAUFI1,2025-07-02T12:00:00Z,732.82,
GFS,BAUFI1,2025-07-02T12:30:00Z,732.825,
GFS,BAUFI1,2025-07-02T13:00:00Z,732.83,
GFS,BAUFI1,2025-07-02T13:30:00Z,721.855,
GFS,BAUFI1,2025-07-02T14:00:00Z,710.88,
GFS,BAUFI1,2025-07-02T14:30:00Z,564.26,
GFS,BAUFI1,2025-07-02T15:00:00Z,417.64,
GFS,BAUFI1,2025-07-02T15:30:00Z,364.23,
GFS,BAUFI1,2025-07-02T16:00:00Z,310.82,
GFS,BAUFI1,2025-07-02T16:30:00Z,263.21,
GFS,BAUFI1,2025-07-02T17:00:00Z,215.6,
GFS,BAUFI1,2025-07-02T17:30:00Z,188.65,
GFS,BAUFI1,2025-07-02T18:00:00Z,161.7,
GFS,BAUFI1,2025-07-02T18:30:00Z,145.53,
GFS,BAUFI1,2025-07-02T19:00:00Z,129.36,
GFS,BAUFI1,2025-07-02T19:30:00Z,118.585,
GFS,BAUFI1,2025-07-02T20:00:00Z,107.81,
GFS,BAUFI1,2025-07-02T20:30:00Z,53.905,
GFS,BAUFI1,2025-07-02T21:00:00Z,0,
GFS,BAUFI1,2025-07-02T21:30:00Z,0,
GFS,BAUFI1,2025-07-02T22:00:00Z,0,
GFS,BAUFI1,2025-07-02T22:30:00Z,0,
GFS,BAUFI1,2025-07-02T23:00:00Z,0,
GFS,BAUFI1,2025-07-02T23:30:00Z,0,
GFS,BAUFI2,2025-06-03T00:00:00Z,0,
GFS,BAUFI2,2025-06-03T00:30:00Z,0,
GFS,BAUFI2,2025-06-03T01:00:00Z,0,
GFS,BAUFI2,2025-06-03T01:30:00Z,0,
GFS,BAUFI2,2025-06-03T02:00:00Z,0,
GFS,BAUFI2,2025-06-03T02:30:00Z,0,
GFS,BAUFI2,2025-06-03T03:00:00Z,0,
GFS,BAUFI2,2025-06-03T03:30:00Z,0,
GFS,BAUFI2,2025-06-03T04:00:00Z,0,
GFS,BAUFI2,2025-06-03T04:30:00Z,0,
GFS,BAUFI2,2025-06-03T05:00:00Z,0,
GFS,BAUFI2,2025-06-03T05:30:00Z,3.64,
GFS,BAUFI2,2025-06-03T06:00:00Z,7.28,
GFS,BAUFI2,2025-06-03T06:30:00Z,28.68,
GFS,BAUFI2,2025-06-03T07:00:00Z,50.08,
GFS,BAUFI2,2025-06-03T07:30:00Z,81.33,
GFS,BAUFI2,2025-06-03T08:00:00Z,112.58,
GFS,BAUFI2,2025-06-03T08:30:00Z,354.79,
GFS,BAUFI2,2025-06-03T09:00:00Z,597,
GFS,BAUFI2,2025-06-03T09:30:00Z,632.26,
GFS,BAUFI2,2025-06-03T10:00:00Z,667.52,
GFS,BAUFI2,2025-06-03T10:30:00Z,686.83,
GFS,BAUFI2,2025-06-03T11:00:00Z,706.14,
GFS,BAUFI2,2025-06-03T11:30:00Z,713.95,
GFS,BAUFI2,2025-06-03T12:00:00Z,721.76,
GFS,BAUFI2,2025-06-03T12:30:00Z,718.81,
GFS,BAUFI2,2025-06-03T13:00:00Z,715.86,
GFS,BAUFI2,2025-06-03T13:30:00Z,704.52,
GFS,BAUFI2,2025-06-03T14:00:00Z,693.18,
GFS,BAUFI2,2025-06-03T14:30:00Z,530.4,
GFS,BAUFI2,2025-06-03T15:00:00Z,367.62,
GFS,BAUFI2,2025-06-03T15:30:00Z,312.96,
GFS,BAUFI2,2025-06-03T16:00:00Z,258.3,
GFS,BAUFI2,2025-06-03T16:30:00Z,218.14,
GFS,BAUFI2,2025-06-03T17:00:00Z,177.98,
GFS,BAUFI2,2025-06-03T17:30:00Z,155.73,
GFS,BAUFI2,2025-06-03T18:00:00Z,133.48,
GFS,BAUFI2,2025-06-03T18:30:00Z,120.13,
GFS,BAUFI2,2025-06-03T19:00:00Z,106.78,
GFS,BAUFI2,2025-06-03T19:30:00Z,97.885,
GFS,BAUFI2,2025-06-03T20:00:00Z,88.99,
GFS,BAUFI2,2025-06-03T20:30:00Z,44.495,
GFS,BAUFI2,2025-06-03T21:00:00Z,0,
GFS,BAUFI2,2025-06-03T21:30:00Z,0,
GFS,BAUFI2,2025-06-03T22:00:00Z,0,
GFS,BAUFI2,2025-06-03T22:30:00Z,0,
GFS,BAUFI2,2025-06-03T23:00:00Z,0,
GFS,BAUFI2,2025-06-03T23:30:00Z,0,
GFS,BAUFI2,2025-06-04T00:00:00Z,0,
GFS,BAUFI2,2025-06-04T00:30:00Z,0,
GFS,BAUFI2,2025-06-04T01:00:00Z,0,
GFS,BAUFI2,2025-06-04T01:30:00Z,0,
GFS,BAUFI2,2025-06-04T02:00:00Z,0,
GFS,BAUFI2,2025-06-04T02:30:00Z,0,
GFS,BAUFI2,2025-06-04T03:00:00Z,0,
GFS,BAUFI2,2025-06-04T03:30:00Z,0,
GFS,BAUFI2,2025-06-04T04:00:00Z,0,
GFS,BAUFI2,2025-06-04T04:30:00Z,0,
GFS,BAUFI2,2025-06-04T05:00:00Z,0,
GFS,BAUFI2,2025-06-04T05:30:00Z,4.2,
GFS,BAUFI2,2025-06-04T06:00:00Z,8.4,
GFS,BAUFI2,2025-06-04T06:30:00Z,29.77,
GFS,BAUFI2,2025-06-04T07:00:00Z,51.14,
GFS,BAUFI2,2025-06-04T07:30:00Z,83.22,
GFS,BAUFI2,2025-06-04T08:00:00Z,115.3,
GFS,BAUFI2,2025-06-04T08:30:00Z,366.11,
GFS,BAUFI2,2025-06-04T09:00:00Z,616.92,
GFS,BAUFI2,2025-06-04T09:30:00Z,649.14,
GFS,BAUFI2,2025-06-04T10:00:00Z,681.36,
GFS,BAUFI2,2025-06-04T10:30:00Z,702.78,
GFS,BAUFI2,2025-06-04T11:00:00Z,724.2,
GFS,BAUFI2,2025-06-04T11:30:00Z,734.125,
GFS,BAUFI2,2025-06-04T12:00:00Z,744.05,
GFS,BAUFI2,2025-06-04T12:30:00Z,742.345,
GFS,BAUFI2,2025-06-04T13:00:00Z,740.64,
GFS,BAUFI2,2025-06-04T13:30:00Z,727.935,
GFS,BAUFI2,2025-06-04T14:00:00Z,715.23,
GFS,BAUFI2,2025-06-04T14:30:00Z,557.225,
GFS,BAUFI2,2025-06-04T15:00:00Z,399.22,
GFS,BAUFI2,2025-06-04T15:30:00Z,345.36,
GFS,BAUFI2,2025-06-04T16:00:00Z,291.5,
GFS,BAUFI2,2025-06-04T16:30:00Z,245.16,
GFS,BAUFI2,2025-06-04T17:00:00Z,198.82,
GFS,BAUFI2,2025-06-04T17:30:00Z,173.97,
GFS,BAUFI2,2025-06-04T18:00:00Z,149.12,
GFS,BAUFI2,2025-06-04T18:30:00Z,134.21,
GFS,BAUFI2,2025-06-04T19:00:00Z,119.3,
GFS,BAUFI2,2025-06-04T19:30:00Z,109.355,
GFS,BAUFI2,2025-06-04T20:00:00Z,99.41,
GFS,BAUFI2,2025-06-04T20:30:00Z,49.705,
GFS,BAUFI2,2025-06-04T21:00:00Z,0,
GFS,BAUFI2,2025-06-04T21:30:00Z,0,
GFS,BAUFI2,2025-06-04T22:00:00Z,0,
GFS,BAUFI2,2025-06-04T22:30:00Z,0,
GFS,BAUFI2,2025-06-04T23:00:00Z,0,
GFS,BAUFI2,2025-06-04T23:30:00Z,0,
GFS,BAUFI2,2025-06-05T00:00:00Z,0,
GFS,BAUFI2,2025-06-05T00:30:00Z,0,
GFS,BAUFI2,2025-06-05T01:00:00Z,0,
GFS,BAUFI2,2025-06-05T01:30:00Z,0,
GFS,BAUFI2,2025-06-05T02:00:00Z,0,
GFS,BAUFI2,2025-06-05T02:30:00Z,0,
GFS,BAUFI2,2025-06-05T03:00:00Z,0,
GFS,BAUFI2,2025-06-05T03:30:00Z,0,
GFS,BAUFI2,2025-06-05T04:00:00Z,0,
GFS,BAUFI2,2025-06-05T04:30:00Z,0,
GFS,BAUFI2,2025-06-05T05:00:00Z,0,
GFS,BAUFI2,2025-06-05T05:30:00Z,4.23,
GFS,BAUFI2,2025-06-05T06:00:00Z,8.46,
GFS,BAUFI2,2025-06-05T06:30:00Z,29.96,
GFS,BAUFI2,2025-06-05T07:00:00Z,51.46,
GFS,BAUFI2,2025-06-05T07:30:00Z,83.67,
GFS,BAUFI2,2025-06-05T08:00:00Z,115.88,
GFS,BAUFI2,2025-06-05T08:30:00Z,368.11,
GFS,BAUFI2,2025-06-05T09:00:00Z,620.34,
GFS,BAUFI2,2025-06-05T09:30:00Z,652.96,
GFS,BAUFI2,2025-06-05T10:00:00Z,685.58,
GFS,BAUFI2,2025-06-05T10:30:00Z,707.56,
GFS,BAUFI2,2025-06-05T11:00:00Z,729.54,
GFS,BAUFI2,2025-06-05T11:30:00Z,739.83,
GFS,BAUFI2,2025-06-05T12:00:00Z,750.12,
GFS,BAUFI2,2025-06-05T12:30:00Z,748.73,
GFS,BAUFI2,2025-06-05T13:00:00Z,747.34,
GFS,BAUFI2,2025-06-05T13:30:00Z,734.775,
GFS,BAUFI2,2025-06-05T14:00:00Z,722.21,
GFS,BAUFI2,2025-06-05T14:30:00Z,564.295,
GFS,BAUFI2,2025-06-05T15:00:00Z,406.38,
GFS,BAUFI2,2025-06-05T15:30:00Z,351.87,
GFS,BAUFI2,2025-06-05T16:00:00Z,297.36,
GFS,BAUFI2,2025-06-05T16:30:00Z,250.85,
GFS,BAUFI2,2025-06-05T17:00:00Z,204.34,
GFS,BAUFI2,2025-06-05T17:30:00Z,178.79,
GFS,BAUFI2,2025-06-05T18:00:00Z,153.24,
GFS,BAUFI2,2025-06-05T18:30:00Z,137.915,
GFS,BAUFI2,2025-06-05T19:00:00Z,122.59,
GFS,BAUFI2,2025-06-05T19:30:00Z,112.375,
GFS,BAUFI2,2025-06-05T20:00:00Z,102.16,
GFS,BAUFI2,2025-06-05T20:30:00Z,51.08,
GFS,BAUFI2,2025-06-05T21:00:00Z,0,
GFS,BAUFI2,2025-06-05T21:30:00Z,0,
GFS,BAUFI2,2025-06-05T22:00:00Z,0,
GFS,BAUFI2,2025-06-05T22:30:00Z,0,
GFS,BAUFI2,2025-06-05T23:00:00Z,0,
GFS,BAUFI2,2025-06-05T23:30:00Z,0,
GFS,BAUFI2,2025-06-06T00:00:00Z,0,
GFS,BAUFI2,2025-06-06T00:30:00Z,0,
GFS,BAUFI2,2025-06-06T01:00:00Z,0,
GFS,BAUFI2,2025-06-06T01:30:00Z,0,
GFS,BAUFI2,2025-06-06T02:00:00Z,0,
GFS,BAUFI2,2025-06-06T02:30:00Z,0,
GFS,BAUFI2,2025-06-06T03:00:00Z,0,
GFS,BAUFI2,2025-06-06T03:30:00Z,0,
GFS,BAUFI2,2025-06-06T04:00:00Z,0,
GFS,BAUFI2,2025-06-06T04:30:00Z,0,
GFS,BAUFI2,2025-06-06T05:00:00Z,0,
GFS,BAUFI2,2025-06-06T05:30:00Z,4.31,
GFS,BAUFI2,2025-06-06T06:00:00Z,8.62,
GFS,BAUFI2,2025-06-06T06:30:00Z,30.48,
GFS,BAUFI2,2025-06-06T07:00:00Z,52.34,
GFS,BAUFI2,2025-06-06T07:30:00Z,84.99,
GFS,BAUFI2,2025-06-06T08:00:00Z,117.64,
GFS,BAUFI2,2025-06-06T08:30:00Z,372.87,
GFS,BAUFI2,2025-06-06T09:00:00Z,628.1,
GFS,BAUFI2,2025-06-06T09:30:00Z,660.31,
GFS,BAUFI2,2025-06-06T10:00:00Z,692.52,
GFS,BAUFI2,2025-06-06T10:30:00Z,714.03,
GFS,BAUFI2,2025-06-06T11:00:00Z,735.54,
GFS,BAUFI2,2025-06-06T11:30:00Z,745.665,
GFS,BAUFI2,2025-06-06T12:00:00Z,755.79,
GFS,BAUFI2,2025-06-06T12:30:00Z,754.2,
GFS,BAUFI2,2025-06-06T13:00:00Z,752.61,
GFS,BAUFI2,2025-06-06T13:30:00Z,739.935,
GFS,BAUFI2,2025-06-06T14:00:00Z,727.26,
GFS,BAUFI2,2025-06-06T14:30:00Z,568.62,
GFS,BAUFI2,2025-06-06T15:00:00Z,409.98,
GFS,BAUFI2,2025-06-06T15:30:00Z,355.07,
GFS,BAUFI2,2025-06-06T16:00:00Z,300.16,
GFS,BAUFI2,2025-06-06T16:30:00Z,253.23,
GFS,BAUFI2,2025-06-06T17:00:00Z,206.3,
GFS,BAUFI2,2025-06-06T17:30:00Z,180.51,
GFS,BAUFI2,2025-06-06T18:00:00Z,154.72,
GFS,BAUFI2,2025-06-06T18:30:00Z,139.25,
GFS,BAUFI2,2025-06-06T19:00:00Z,123.78,
GFS,BAUFI2,2025-06-06T19:30:00Z,113.465,
GFS,BAUFI2,2025-06-06T20:00:00Z,103.15,
GFS,BAUFI2,2025-06-06T20:30:00Z,51.575,
GFS,BAUFI2,2025-06-06T21:00:00Z,0,
GFS,BAUFI2,2025-06-06T21:30:00Z,0,
GFS,BAUFI2,2025-06-06T22:00:00Z,0,
GFS,BAUFI2,2025-06-06T22:30:00Z,0,
GFS,BAUFI2,2025-06-06T23:00:00Z,0,
GFS,BAUFI2,2025-06-06T23:30:00Z,0,
GFS,BAUFI2,2025-06-07T00:00:00Z,0,
GFS,BAUFI2,2025-06-07T00:30:00Z,0,
GFS,BAUFI2,2025-06-07T01:00:00Z,0,
GFS,BAUFI2,2025-06-07T01:30:00Z,0,
GFS,BAUFI2,2025-06-07T02:00:00Z,0,
GFS,BAUFI2,2025-06-07T02:30:00Z,0,
GFS,BAUFI2,2025-06-07T03:00:00Z,0,
GFS,BAUFI2,2025-06-07T03:30:00Z,0,
GFS,BAUFI2,2025-06-07T04:00:00Z,0,
GFS,BAUFI2,2025-06-07T04:30:00Z,0,
GFS,BAUFI2,2025-06-07T05:00:00Z,0,
GFS,BAUFI2,2025-06-07T05:30:00Z,4.22,
GFS,BAUFI2,2025-06-07T06:00:00Z,8.44,
GFS,BAUFI2,2025-06-07T06:30:00Z,30.04,
GFS,BAUFI2,2025-06-07T07:00:00Z,51.64,
GFS,BAUFI2,2025-06-07T07:30:00Z,84.1,
GFS,BAUFI2,2025-06-07T08:00:00Z,116.56,
GFS,BAUFI2,2025-06-07T08:30:00Z,370.84,
GFS,BAUFI2,2025-06-07T09:00:00Z,625.12,
GFS,BAUFI2,2025-06-07T09:30:00Z,657.46,
GFS,BAUFI2,2025-06-07T10:00:00Z,689.8,
GFS,BAUFI2,2025-06-07T10:30:00Z,711.59,
GFS,BAUFI2,2025-06-07T11:00:00Z,733.38,
GFS,BAUFI2,2025-06-07T11:30:00Z,743.53,
GFS,BAUFI2,2025-06-07T12:00:00Z,753.68,
GFS,BAUFI2,2025-06-07T12:30:00Z,752.095,
GFS,BAUFI2,2025-06-07T13:00:00Z,750.51,
GFS,BAUFI2,2025-06-07T13:30:00Z,737.765,
GFS,BAUFI2,2025-06-07T14:00:00Z,725.02,
GFS,BAUFI2,2025-06-07T14:30:00Z,565.82,
GFS,BAUFI2,2025-06-07T15:00:00Z,406.62,
GFS,BAUFI2,2025-06-07T15:30:00Z,352.02,
GFS,BAUFI2,2025-06-07T16:00:00Z,297.42,
GFS,BAUFI2,2025-06-07T16:30:00Z,250.91,
GFS,BAUFI2,2025-06-07T17:00:00Z,204.4,
GFS,BAUFI2,2025-06-07T17:30:00Z,178.85,
GFS,BAUFI2,2025-06-07T18:00:00Z,153.3,
GFS,BAUFI2,2025-06-07T18:30:00Z,137.97,
GFS,BAUFI2,2025-06-07T19:00:00Z,122.64,
GFS,BAUFI2,2025-06-07T19:30:00Z,112.415,
GFS,BAUFI2,2025-06-07T20:00:00Z,102.19,
GFS,BAUFI2,2025-06-07T20:30:00Z,51.095,
GFS,BAUFI2,2025-06-07T21:00:00Z,0,
GFS,BAUFI2,2025-06-07T21:30:00Z,0,
GFS,BAUFI2,2025-06-07T22:00:00Z,0,
GFS,BAUFI2,2025-06-07T22:30:00Z,0,
GFS,BAUFI2,2025-06-07T23:00:00Z,0,
GFS,BAUFI2,2025-06-07T23:30:00Z,0,
GFS,BAUFI2,2025-06-08T00:00:00Z,0,
GFS,BAUFI2,2025-06-08T00:30:00Z,0,
GFS,BAUFI2,2025-06-08T01:00:00Z,0,
GFS,BAUFI2,2025-06-08T01:30:00Z,0,
GFS,BAUFI2,2025-06-08T02:00:00Z,0,
GFS,BAUFI2,2025-06-08T02:30:00Z,0,
GFS,BAUFI2,2025-06-08T03:00:00Z,0,
GFS,BAUFI2,2025-06-08T03:30:00Z,0,
GFS,BAUFI2,2025-06-08T04:00:00Z,0,
GFS,BAUFI2,2025-06-08T04:30:00Z,0,
GFS,BAUFI2,2025-06-08T05:00:00Z,0,
GFS,BAUFI2,2025-06-08T05:30:00Z,4.04,
GFS,BAUFI2,2025-06-08T06:00:00Z,8.08,
GFS,BAUFI2,2025-06-08T06:30:00Z,29.39,
GFS,BAUFI2,2025-06-08T07:00:00Z,50.7,
GFS,BAUFI2,2025-06-08T07:30:00Z,82.07,
GFS,BAUFI2,2025-06-08T08:00:00Z,113.44,
GFS,BAUFI2,2025-06-08T08:30:00Z,351.85,
GFS,BAUFI2,2025-06-08T09:00:00Z,590.26,
GFS,BAUFI2,2025-06-08T09:30:00Z,626.66,
GFS,BAUFI2,2025-06-08T10:00:00Z,663.06,
GFS,BAUFI2,2025-06-08T10:30:00Z,687.34,
GFS,BAUFI2,2025-06-08T11:00:00Z,711.62,
GFS,BAUFI2,2025-06-08T11:30:00Z,723.45,
GFS,BAUFI2,2025-06-08T12:00:00Z,735.28,
GFS,BAUFI2,2025-06-08T12:30:00Z,734.33,
GFS,BAUFI2,2025-06-08T13:00:00Z,733.38,
GFS,BAUFI2,2025-06-08T13:30:00Z,719.26,
GFS,BAUFI2,2025-06-08T14:00:00Z,705.14,
GFS,BAUFI2,2025-06-08T14:30:00Z,530.9,
GFS,BAUFI2,2025-06-08T15:00:00Z,356.66,
GFS,BAUFI2,2025-06-08T15:30:00Z,305.71,
GFS,BAUFI2,2025-06-08T16:00:00Z,254.76,
GFS,BAUFI2,2025-06-08T16:30:00Z,215.07,
GFS,BAUFI2,2025-06-08T17:00:00Z,175.38,
GFS,BAUFI2,2025-06-08T17:30:00Z,153.46,
GFS,BAUFI2,2025-06-08T18:00:00Z,131.54,
GFS,BAUFI2,2025-06-08T18:30:00Z,118.38,
GFS,BAUFI2,2025-06-08T19:00:00Z,105.22,
GFS,BAUFI2,2025-06-08T19:30:00Z,96.46,
GFS,BAUFI2,2025-06-08T20:00:00Z,87.7,
GFS,BAUFI2,2025-06-08T20:30:00Z,43.85,
GFS,BAUFI2,2025-06-08T21:00:00Z,0,
GFS,BAUFI2,2025-06-08T21:30:00Z,0,
GFS,BAUFI2,2025-06-08T22:00:00Z,0,
GFS,BAUFI2,2025-06-08T22:30:00Z,0,
GFS,BAUFI2,2025-06-08T23:00:00Z,0,
GFS,BAUFI2,2025-06-08T23:30:00Z,0,
GFS,BAUFI2,2025-06-09T00:00:00Z,0,
GFS,BAUFI2,2025-06-09T00:30:00Z,0,
GFS,BAUFI2,2025-06-09T01:00:00Z,0,
GFS,BAUFI2,2025-06-09T01:30:00Z,0,
GFS,BAUFI2,2025-06-09T02:00:00Z,0,
GFS,BAUFI2,2025-06-09T02:30:00Z,0,
GFS,BAUFI2,2025-06-09T03:00:00Z,0,
GFS,BAUFI2,2025-06-09T03:30:00Z,0,
GFS,BAUFI2,2025-06-09T04:00:00Z,0,
GFS,BAUFI2,2025-06-09T04:30:00Z,0,
GFS,BAUFI2,2025-06-09T05:00:00Z,0,
GFS,BAUFI2,2025-06-09T05:30:00Z,4.23,
GFS,BAUFI2,2025-06-09T06:00:00Z,8.46,
GFS,BAUFI2,2025-06-09T06:30:00Z,30.39,
GFS,BAUFI2,2025-06-09T07:00:00Z,52.32,
GFS,BAUFI2,2025-06-09T07:30:00Z,83.975,
GFS,BAUFI2,2025-06-09T08:00:00Z,115.63,
GFS,BAUFI2,2025-06-09T08:30:00Z,373.005,
GFS,BAUFI2,2025-06-09T09:00:00Z,630.38,
GFS,BAUFI2,2025-06-09T09:30:00Z,663.02,
GFS,BAUFI2,2025-06-09T10:00:00Z,695.66,
GFS,BAUFI2,2025-06-09T10:30:00Z,717.37,
GFS,BAUFI2,2025-06-09T11:00:00Z,739.08,
GFS,BAUFI2,2025-06-09T11:30:00Z,748.65,
GFS,BAUFI2,2025-06-09T12:00:00Z,758.22,
GFS,BAUFI2,2025-06-09T12:30:00Z,753.48,
GFS,BAUFI2,2025-06-09T13:00:00Z,748.74,
GFS,BAUFI2,2025-06-09T13:30:00Z,736.555,
GFS,BAUFI2,2025-06-09T14:00:00Z,724.37,
GFS,BAUFI2,2025-06-09T14:30:00Z,568.445,
GFS,BAUFI2,2025-06-09T15:00:00Z,412.52,
GFS,BAUFI2,2025-06-09T15:30:00Z,357.46,
GFS,BAUFI2,2025-06-09T16:00:00Z,302.4,
GFS,BAUFI2,2025-06-09T16:30:00Z,255.13,
GFS,BAUFI2,2025-06-09T17:00:00Z,207.86,
GFS,BAUFI2,2025-06-09T17:30:00Z,181.88,
GFS,BAUFI2,2025-06-09T18:00:00Z,155.9,
GFS,BAUFI2,2025-06-09T18:30:00Z,140.31,
GFS,BAUFI2,2025-06-09T19:00:00Z,124.72,
GFS,BAUFI2,2025-06-09T19:30:00Z,114.33,
GFS,BAUFI2,2025-06-09T20:00:00Z,103.94,
GFS,BAUFI2,2025-06-09T20:30:00Z,51.97,
GFS,BAUFI2,2025-06-09T21:00:00Z,0,
GFS,BAUFI2,2025-06-09T21:30:00Z,0,
GFS,BAUFI2,2025-06-09T22:00:00Z,0,
GFS,BAUFI2,2025-06-09T22:30:00Z,0,
GFS,BAUFI2,2025-06-09T23:00:00Z,0,
GFS,BAUFI2,2025-06-09T23:30:00Z,0,
GFS,BAUFI2,2025-06-10T00:00:00Z,0,
GFS,BAUFI2,2025-06-10T00:30:00Z,0,
GFS,BAUFI2,2025-06-10T01:00:00Z,0,
GFS,BAUFI2,2025-06-10T01:30:00Z,0,
GFS,BAUFI2,2025-06-10T02:00:00Z,0,
GFS,BAUFI2,2025-06-10T02:30:00Z,0,
GFS,BAUFI2,2025-06-10T03:00:00Z,0,
GFS,BAUFI2,2025-06-10T03:30:00Z,0,
GFS,BAUFI2,2025-06-10T04:00:00Z,0,
GFS,BAUFI2,2025-06-10T04:30:00Z,0,
GFS,BAUFI2,2025-06-10T05:00:00Z,0,
GFS,BAUFI2,2025-06-10T05:30:00Z,4.06,
GFS,BAUFI2,2025-06-10T06:00:00Z,8.12,
GFS,BAUFI2,2025-06-10T06:30:00Z,29.59,
GFS,BAUFI2,2025-06-10T07:00:00Z,51.06,
GFS,BAUFI2,2025-06-10T07:30:00Z,83.41,
GFS,BAUFI2,2025-06-10T08:00:00Z,115.76,
GFS,BAUFI2,2025-06-10T08:30:00Z,369.24,
GFS,BAUFI2,2025-06-10T09:00:00Z,622.72,
GFS,BAUFI2,2025-06-10T09:30:00Z,655.42,
GFS,BAUFI2,2025-06-10T10:00:00Z,688.12,
GFS,BAUFI2,2025-06-10T10:30:00Z,709.93,
GFS,BAUFI2,2025-06-10T11:00:00Z,731.74,
GFS,BAUFI2,2025-06-10T11:30:00Z,741.91,
GFS,BAUFI2,2025-06-10T12:00:00Z,752.08,
GFS,BAUFI2,2025-06-10T12:30:00Z,750.655,
GFS,BAUFI2,2025-06-10T13:00:00Z,749.23,
GFS,BAUFI2,2025-06-10T13:30:00Z,736.695,
GFS,BAUFI2,2025-06-10T14:00:00Z,724.16,
GFS,BAUFI2,2025-06-10T14:30:00Z,566.26,
GFS,BAUFI2,2025-06-10T15:00:00Z,408.36,
GFS,BAUFI2,2025-06-10T15:30:00Z,353.74,
GFS,BAUFI2,2025-06-10T16:00:00Z,299.12,
GFS,BAUFI2,2025-06-10T16:30:00Z,252.38,
GFS,BAUFI2,2025-06-10T17:00:00Z,205.64,
GFS,BAUFI2,2025-06-10T17:30:00Z,179.93,
GFS,BAUFI2,2025-06-10T18:00:00Z,154.22,
GFS,BAUFI2,2025-06-10T18:30:00Z,138.8,
GFS,BAUFI2,2025-06-10T19:00:00Z,123.38,
GFS,BAUFI2,2025-06-10T19:30:00Z,113.1,
GFS,BAUFI2,2025-06-10T20:00:00Z,102.82,
GFS,BAUFI2,2025-06-10T20:30:00Z,51.41,
GFS,BAUFI2,2025-06-10T21:00:00Z,0,
GFS,BAUFI2,2025-06-10T21:30:00Z,0,
GFS,BAUFI2,2025-06-10T22:00:00Z,0,
GFS,BAUFI2,2025-06-10T22:30:00Z,0,
GFS,BAUFI2,2025-06-10T23:00:00Z,0,
GFS,BAUFI2,2025-06-10T23:30:00Z,0,
GFS,BAUFI2,2025-06-11T00:00:00Z,0,
GFS,BAUFI2,2025-06-11T00:30:00Z,0,
GFS,BAUFI2,2025-06-11T01:00:00Z,0,
GFS,BAUFI2,2025-06-11T01:30:00Z,0,
GFS,BAUFI2,2025-06-11T02:00:00Z,0,
GFS,BAUFI2,2025-06-11T02:30:00Z,0,
GFS,BAUFI2,2025-06-11T03:00:00Z,0,
GFS,BAUFI2,2025-06-11T03:30:00Z,0,
GFS,BAUFI2,2025-06-11T04:00:00Z,0,
GFS,BAUFI2,2025-06-11T04:30:00Z,0,
GFS,BAUFI2,2025-06-11T05:00:00Z,0,
GFS,BAUFI2,2025-06-11T05:30:00Z,3.74,
GFS,BAUFI2,2025-06-11T06:00:00Z,7.48,
GFS,BAUFI2,2025-06-11T06:30:00Z,28.67,
GFS,BAUFI2,2025-06-11T07:00:00Z,49.86,
GFS,BAUFI2,2025-06-11T07:30:00Z,81.825,
GFS,BAUFI2,2025-06-11T08:00:00Z,113.79,
GFS,BAUFI2,2025-06-11T08:30:00Z,364.675,
GFS,BAUFI2,2025-06-11T09:00:00Z,615.56,
GFS,BAUFI2,2025-06-11T09:30:00Z,648.01,
GFS,BAUFI2,2025-06-11T10:00:00Z,680.46,
GFS,BAUFI2,2025-06-11T10:30:00Z,702.2,
GFS,BAUFI2,2025-06-11T11:00:00Z,723.94,
GFS,BAUFI2,2025-06-11T11:30:00Z,734.13,
GFS,BAUFI2,2025-06-11T12:00:00Z,744.32,
GFS,BAUFI2,2025-06-11T12:30:00Z,742.825,
GFS,BAUFI2,2025-06-11T13:00:00Z,741.33,
GFS,BAUFI2,2025-06-11T13:30:00Z,728.77,
GFS,BAUFI2,2025-06-11T14:00:00Z,716.21,
GFS,BAUFI2,2025-06-11T14:30:00Z,559.395,
GFS,BAUFI2,2025-06-11T15:00:00Z,402.58,
GFS,BAUFI2,2025-06-11T15:30:00Z,346.69,
GFS,BAUFI2,2025-06-11T16:00:00Z,290.8,
GFS,BAUFI2,2025-06-11T16:30:00Z,245.32,
GFS,BAUFI2,2025-06-11T17:00:00Z,199.84,
GFS,BAUFI2,2025-06-11T17:30:00Z,174.86,
GFS,BAUFI2,2025-06-11T18:00:00Z,149.88,
GFS,BAUFI2,2025-06-11T18:30:00Z,134.89,
GFS,BAUFI2,2025-06-11T19:00:00Z,119.9,
GFS,BAUFI2,2025-06-11T19:30:00Z,109.91,
GFS,BAUFI2,2025-06-11T20:00:00Z,99.92,
GFS,BAUFI2,2025-06-11T20:30:00Z,49.96,
GFS,BAUFI2,2025-06-11T21:00:00Z,0,
GFS,BAUFI2,2025-06-11T21:30:00Z,0,
GFS,BAUFI2,2025-06-11T22:00:00Z,0,
GFS,BAUFI2,2025-06-11T22:30:00Z,0,
GFS,BAUFI2,2025-06-11T23:00:00Z,0,
GFS,BAUFI2,2025-06-11T23:30:00Z,0,
GFS,BAUFI2,2025-06-12T00:00:00Z,0,
GFS,BAUFI2,2025-06-12T00:30:00Z,0,
GFS,BAUFI2,2025-06-12T01:00:00Z,0,
GFS,BAUFI2,2025-06-12T01:30:00Z,0,
GFS,BAUFI2,2025-06-12T02:00:00Z,0,
GFS,BAUFI2,2025-06-12T02:30:00Z,0,
GFS,BAUFI2,2025-06-12T03:00:00Z,0,
GFS,BAUFI2,2025-06-12T03:30:00Z,0,
GFS,BAUFI2,2025-06-12T04:00:00Z,0,
GFS,BAUFI2,2025-06-12T04:30:00Z,0,
GFS,BAUFI2,2025-06-12T05:00:00Z,0,
GFS,BAUFI2,2025-06-12T05:30:00Z,3.75,
GFS,BAUFI2,2025-06-12T06:00:00Z,7.5,
GFS,BAUFI2,2025-06-12T06:30:00Z,28.14,
GFS,BAUFI2,2025-06-12T07:00:00Z,48.78,
GFS,BAUFI2,2025-06-12T07:30:00Z,79.99,
GFS,BAUFI2,2025-06-12T08:00:00Z,111.2,
GFS,BAUFI2,2025-06-12T08:30:00Z,357.97,
GFS,BAUFI2,2025-06-12T09:00:00Z,604.74,
GFS,BAUFI2,2025-06-12T09:30:00Z,637.36,
GFS,BAUFI2,2025-06-12T10:00:00Z,669.98,
GFS,BAUFI2,2025-06-12T10:30:00Z,691.49,
GFS,BAUFI2,2025-06-12T11:00:00Z,713,
GFS,BAUFI2,2025-06-12T11:30:00Z,722.86,
GFS,BAUFI2,2025-06-12T12:00:00Z,732.72,
GFS,BAUFI2,2025-06-12T12:30:00Z,731.2,
GFS,BAUFI2,2025-06-12T13:00:00Z,729.68,
GFS,BAUFI2,2025-06-12T13:30:00Z,716.59,
GFS,BAUFI2,2025-06-12T14:00:00Z,703.5,
GFS,BAUFI2,2025-06-12T14:30:00Z,528.88,
GFS,BAUFI2,2025-06-12T15:00:00Z,354.26,
GFS,BAUFI2,2025-06-12T15:30:00Z,280.07,
GFS,BAUFI2,2025-06-12T16:00:00Z,205.88,
GFS,BAUFI2,2025-06-12T16:30:00Z,171.82,
GFS,BAUFI2,2025-06-12T17:00:00Z,137.76,
GFS,BAUFI2,2025-06-12T17:30:00Z,120.54,
GFS,BAUFI2,2025-06-12T18:00:00Z,103.32,
GFS,BAUFI2,2025-06-12T18:30:00Z,92.98,
GFS,BAUFI2,2025-06-12T19:00:00Z,82.64,
GFS,BAUFI2,2025-06-12T19:30:00Z,75.76,
GFS,BAUFI2,2025-06-12T20:00:00Z,68.88,
GFS,BAUFI2,2025-06-12T20:30:00Z,34.44,
GFS,BAUFI2,2025-06-12T21:00:00Z,0,
GFS,BAUFI2,2025-06-12T21:30:00Z,0,
GFS,BAUFI2,2025-06-12T22:00:00Z,0,
GFS,BAUFI2,2025-06-12T22:30:00Z,0,
GFS,BAUFI2,2025-06-12T23:00:00Z,0,
GFS,BAUFI2,2025-06-12T23:30:00Z,0,
GFS,BAUFI2,2025-06-13T00:00:00Z,0,
GFS,BAUFI2,2025-06-13T00:30:00Z,0,
GFS,BAUFI2,2025-06-13T01:00:00Z,0,
GFS,BAUFI2,2025-06-13T01:30:00Z,0,
GFS,BAUFI2,2025-06-13T02:00:00Z,0,
GFS,BAUFI2,2025-06-13T02:30:00Z,0,
GFS,BAUFI2,2025-06-13T03:00:00Z,0,
GFS,BAUFI2,2025-06-13T03:30:00Z,0,
GFS,BAUFI2,2025-06-13T04:00:00Z,0,
GFS,BAUFI2,2025-06-13T04:30:00Z,0,
GFS,BAUFI2,2025-06-13T05:00:00Z,0,
GFS,BAUFI2,2025-06-13T05:30:00Z,3.54,
GFS,BAUFI2,2025-06-13T06:00:00Z,7.08,
GFS,BAUFI2,2025-06-13T06:30:00Z,26.91,
GFS,BAUFI2,2025-06-13T07:00:00Z,46.74,
GFS,BAUFI2,2025-06-13T07:30:00Z,77.36,
GFS,BAUFI2,2025-06-13T08:00:00Z,107.98,
GFS,BAUFI2,2025-06-13T08:30:00Z,351.02,
GFS,BAUFI2,2025-06-13T09:00:00Z,594.06,
GFS,BAUFI2,2025-06-13T09:30:00Z,626.89,
GFS,BAUFI2,2025-06-13T10:00:00Z,659.72,
GFS,BAUFI2,2025-06-13T10:30:00Z,681.62,
GFS,BAUFI2,2025-06-13T11:00:00Z,703.52,
GFS,BAUFI2,2025-06-13T11:30:00Z,714.04,
GFS,BAUFI2,2025-06-13T12:00:00Z,724.56,
GFS,BAUFI2,2025-06-13T12:30:00Z,723.43,
GFS,BAUFI2,2025-06-13T13:00:00Z,722.3,
GFS,BAUFI2,2025-06-13T13:30:00Z,695.455,
GFS,BAUFI2,2025-06-13T14:00:00Z,668.61,
GFS,BAUFI2,2025-06-13T14:30:00Z,367.735,
GFS,BAUFI2,2025-06-13T15:00:00Z,66.86,
GFS,BAUFI2,2025-06-13T15:30:00Z,58.64,
GFS,BAUFI2,2025-06-13T16:00:00Z,50.42,
GFS,BAUFI2,2025-06-13T16:30:00Z,43.16,
GFS,BAUFI2,2025-06-13T17:00:00Z,35.9,
GFS,BAUFI2,2025-06-13T17:30:00Z,31.41,
GFS,BAUFI2,2025-06-13T18:00:00Z,26.92,
GFS,BAUFI2,2025-06-13T18:30:00Z,24.23,
GFS,BAUFI2,2025-06-13T19:00:00Z,21.54,
GFS,BAUFI2,2025-06-13T19:30:00Z,19.745,
GFS,BAUFI2,2025-06-13T20:00:00Z,17.95,
GFS,BAUFI2,2025-06-13T20:30:00Z,8.975,
GFS,BAUFI2,2025-06-13T21:00:00Z,0,
GFS,BAUFI2,2025-06-13T21:30:00Z,0,
GFS,BAUFI2,2025-06-13T22:00:00Z,0,
GFS,BAUFI2,2025-06-13T22:30:00Z,0,
GFS,BAUFI2,2025-06-13T23:00:00Z,0,
GFS,BAUFI2,2025-06-13T23:30:00Z,0,
GFS,BAUFI2,2025-06-14T00:00:00Z,0,
GFS,BAUFI2,2025-06-14T00:30:00Z,0,
GFS,BAUFI2,2025-06-14T01:00:00Z,0,
GFS,BAUFI2,2025-06-14T01:30:00Z,0,
GFS,BAUFI2,2025-06-14T02:00:00Z,0,
GFS,BAUFI2,2025-06-14T02:30:00Z,0,
GFS,BAUFI2,2025-06-14T03:00:00Z,0,
GFS,BAUFI2,2025-06-14T03:30:00Z,0,
GFS,BAUFI2,2025-06-14T04:00:00Z,0,
GFS,BAUFI2,2025-06-14T04:30:00Z,0,
GFS,BAUFI2,2025-06-14T05:00:00Z,0,
GFS,BAUFI2,2025-06-14T05:30:00Z,3.5,
GFS,BAUFI2,2025-06-14T06:00:00Z,7,
GFS,BAUFI2,2025-06-14T06:30:00Z,26.93,
GFS,BAUFI2,2025-06-14T07:00:00Z,46.86,
GFS,BAUFI2,2025-06-14T07:30:00Z,77.76,
GFS,BAUFI2,2025-06-14T08:00:00Z,108.66,
GFS,BAUFI2,2025-06-14T08:30:00Z,354.18,
GFS,BAUFI2,2025-06-14T09:00:00Z,599.7,
GFS,BAUFI2,2025-06-14T09:30:00Z,632.01,
GFS,BAUFI2,2025-06-14T10:00:00Z,664.32,
GFS,BAUFI2,2025-06-14T10:30:00Z,685.99,
GFS,BAUFI2,2025-06-14T11:00:00Z,707.66,
GFS,BAUFI2,2025-06-14T11:30:00Z,718,
GFS,BAUFI2,2025-06-14T12:00:00Z,728.34,
GFS,BAUFI2,2025-06-14T12:30:00Z,727.37,
GFS,BAUFI2,2025-06-14T13:00:00Z,726.4,
GFS,BAUFI2,2025-06-14T13:30:00Z,714.44,
GFS,BAUFI2,2025-06-14T14:00:00Z,702.48,
GFS,BAUFI2,2025-06-14T14:30:00Z,550.28,
GFS,BAUFI2,2025-06-14T15:00:00Z,398.08,
GFS,BAUFI2,2025-06-14T15:30:00Z,344.91,
GFS,BAUFI2,2025-06-14T16:00:00Z,291.74,
GFS,BAUFI2,2025-06-14T16:30:00Z,246.23,
GFS,BAUFI2,2025-06-14T17:00:00Z,200.72,
GFS,BAUFI2,2025-06-14T17:30:00Z,175.63,
GFS,BAUFI2,2025-06-14T18:00:00Z,150.54,
GFS,BAUFI2,2025-06-14T18:30:00Z,135.49,
GFS,BAUFI2,2025-06-14T19:00:00Z,120.44,
GFS,BAUFI2,2025-06-14T19:30:00Z,110.395,
GFS,BAUFI2,2025-06-14T20:00:00Z,100.35,
GFS,BAUFI2,2025-06-14T20:30:00Z,50.175,
GFS,BAUFI2,2025-06-14T21:00:00Z,0,
GFS,BAUFI2,2025-06-14T21:30:00Z,0,
GFS,BAUFI2,2025-06-14T22:00:00Z,0,
GFS,BAUFI2,2025-06-14T22:30:00Z,0,
GFS,BAUFI2,2025-06-14T23:00:00Z,0,
GFS,BAUFI2,2025-06-14T23:30:00Z,0,
GFS,BAUFI2,2025-06-15T00:00:00Z,0,
GFS,BAUFI2,2025-06-15T00:30:00Z,0,
GFS,BAUFI2,2025-06-15T01:00:00Z,0,
GFS,BAUFI2,2025-06-15T01:30:00Z,0,
GFS,BAUFI2,2025-06-15T02:00:00Z,0,
GFS,BAUFI2,2025-06-15T02:30:00Z,0,
GFS,BAUFI2,2025-06-15T03:00:00Z,0,
GFS,BAUFI2,2025-06-15T03:30:00Z,0,
GFS,BAUFI2,2025-06-15T04:00:00Z,0,
GFS,BAUFI2,2025-06-15T04:30:00Z,0,
GFS,BAUFI2,2025-06-15T05:00:00Z,0,
GFS,BAUFI2,2025-06-15T05:30:00Z,3.6,
GFS,BAUFI2,2025-06-15T06:00:00Z,7.2,
GFS,BAUFI2,2025-06-15T06:30:00Z,27.65,
GFS,BAUFI2,2025-06-15T07:00:00Z,48.1,
GFS,BAUFI2,2025-06-15T07:30:00Z,79.59,
GFS,BAUFI2,2025-06-15T08:00:00Z,111.08,
GFS,BAUFI2,2025-06-15T08:30:00Z,360.84,
GFS,BAUFI2,2025-06-15T09:00:00Z,610.6,
GFS,BAUFI2,2025-06-15T09:30:00Z,643.73,
GFS,BAUFI2,2025-06-15T10:00:00Z,676.86,
GFS,BAUFI2,2025-06-15T10:30:00Z,699.2,
GFS,BAUFI2,2025-06-15T11:00:00Z,721.54,
GFS,BAUFI2,2025-06-15T11:30:00Z,732.28,
GFS,BAUFI2,2025-06-15T12:00:00Z,743.02,
GFS,BAUFI2,2025-06-15T12:30:00Z,742.095,
GFS,BAUFI2,2025-06-15T13:00:00Z,741.17,
GFS,BAUFI2,2025-06-15T13:30:00Z,729.095,
GFS,BAUFI2,2025-06-15T14:00:00Z,717.02,
GFS,BAUFI2,2025-06-15T14:30:00Z,562.42,
GFS,BAUFI2,2025-06-15T15:00:00Z,407.82,
GFS,BAUFI2,2025-06-15T15:30:00Z,353.73,
GFS,BAUFI2,2025-06-15T16:00:00Z,299.64,
GFS,BAUFI2,2025-06-15T16:30:00Z,252.98,
GFS,BAUFI2,2025-06-15T17:00:00Z,206.32,
GFS,BAUFI2,2025-06-15T17:30:00Z,180.53,
GFS,BAUFI2,2025-06-15T18:00:00Z,154.74,
GFS,BAUFI2,2025-06-15T18:30:00Z,139.27,
GFS,BAUFI2,2025-06-15T19:00:00Z,123.8,
GFS,BAUFI2,2025-06-15T19:30:00Z,113.485,
GFS,BAUFI2,2025-06-15T20:00:00Z,103.17,
GFS,BAUFI2,2025-06-15T20:30:00Z,51.585,
GFS,BAUFI2,2025-06-15T21:00:00Z,0,
GFS,BAUFI2,2025-06-15T21:30:00Z,0,
GFS,BAUFI2,2025-06-15T22:00:00Z,0,
GFS,BAUFI2,2025-06-15T22:30:00Z,0,
GFS,BAUFI2,2025-06-15T23:00:00Z,0,
GFS,BAUFI2,2025-06-15T23:30:00Z,0,
GFS,BAUFI2,2025-06-16T00:00:00Z,0,
GFS,BAUFI2,2025-06-16T00:30:00Z,0,
GFS,BAUFI2,2025-06-16T01:00:00Z,0,
GFS,BAUFI2,2025-06-16T01:30:00Z,0,
GFS,BAUFI2,2025-06-16T02:00:00Z,0,
GFS,BAUFI2,2025-06-16T02:30:00Z,0,
GFS,BAUFI2,2025-06-16T03:00:00Z,0,
GFS,BAUFI2,2025-06-16T03:30:00Z,0,
GFS,BAUFI2,2025-06-16T04:00:00Z,0,
GFS,BAUFI2,2025-06-16T04:30:00Z,0,
GFS,BAUFI2,2025-06-16T05:00:00Z,0,
GFS,BAUFI2,2025-06-16T05:30:00Z,3.6,
GFS,BAUFI2,2025-06-16T06:00:00Z,7.2,
GFS,BAUFI2,2025-06-16T06:30:00Z,27.71,
GFS,BAUFI2,2025-06-16T07:00:00Z,48.22,
GFS,BAUFI2,2025-06-16T07:30:00Z,79.7,
GFS,BAUFI2,2025-06-16T08:00:00Z,111.18,
GFS,BAUFI2,2025-06-16T08:30:00Z,359.22,
GFS,BAUFI2,2025-06-16T09:00:00Z,607.26,
GFS,BAUFI2,2025-06-16T09:30:00Z,639.67,
GFS,BAUFI2,2025-06-16T10:00:00Z,672.08,
GFS,BAUFI2,2025-06-16T10:30:00Z,693.63,
GFS,BAUFI2,2025-06-16T11:00:00Z,715.18,
GFS,BAUFI2,2025-06-16T11:30:00Z,724.92,
GFS,BAUFI2,2025-06-16T12:00:00Z,734.66,
GFS,BAUFI2,2025-06-16T12:30:00Z,732.705,
GFS,BAUFI2,2025-06-16T13:00:00Z,730.75,
GFS,BAUFI2,2025-06-16T13:30:00Z,718.03,
GFS,BAUFI2,2025-06-16T14:00:00Z,705.31,
GFS,BAUFI2,2025-06-16T14:30:00Z,532.745,
GFS,BAUFI2,2025-06-16T15:00:00Z,360.18,
GFS,BAUFI2,2025-06-16T15:30:00Z,309.41,
GFS,BAUFI2,2025-06-16T16:00:00Z,258.64,
GFS,BAUFI2,2025-06-16T16:30:00Z,218.22,
GFS,BAUFI2,2025-06-16T17:00:00Z,177.8,
GFS,BAUFI2,2025-06-16T17:30:00Z,155.58,
GFS,BAUFI2,2025-06-16T18:00:00Z,133.36,
GFS,BAUFI2,2025-06-16T18:30:00Z,120.02,
GFS,BAUFI2,2025-06-16T19:00:00Z,106.68,
GFS,BAUFI2,2025-06-16T19:30:00Z,97.79,
GFS,BAUFI2,2025-06-16T20:00:00Z,88.9,
GFS,BAUFI2,2025-06-16T20:30:00Z,44.45,
GFS,BAUFI2,2025-06-16T21:00:00Z,0,
GFS,BAUFI2,2025-06-16T21:30:00Z,0,
GFS,BAUFI2,2025-06-16T22:00:00Z,0,
GFS,BAUFI2,2025-06-16T22:30:00Z,0,
GFS,BAUFI2,2025-06-16T23:00:00Z,0,
GFS,BAUFI2,2025-06-16T23:30:00Z,0,
GFS,BAUFI2,2025-06-17T00:00:00Z,0,
GFS,BAUFI2,2025-06-17T00:30:00Z,0,
GFS,BAUFI2,2025-06-17T01:00:00Z,0,
GFS,BAUFI2,2025-06-17T01:30:00Z,0,
GFS,BAUFI2,2025-06-17T02:00:00Z,0,
GFS,BAUFI2,2025-06-17T02:30:00Z,0,
GFS,BAUFI2,2025-06-17T03:00:00Z,0,
GFS,BAUFI2,2025-06-17T03:30:00Z,0,
GFS,BAUFI2,2025-06-17T04:00:00Z,0,
GFS,BAUFI2,2025-06-17T04:30:00Z,0,
GFS,BAUFI2,2025-06-17T05:00:00Z,0,
GFS,BAUFI2,2025-06-17T05:30:00Z,3.44,
GFS,BAUFI2,2025-06-17T06:00:00Z,6.88,
GFS,BAUFI2,2025-06-17T06:30:00Z,26.81,
GFS,BAUFI2,2025-06-17T07:00:00Z,46.74,
GFS,BAUFI2,2025-06-17T07:30:00Z,77.64,
GFS,BAUFI2,2025-06-17T08:00:00Z,108.54,
GFS,BAUFI2,2025-06-17T08:30:00Z,353.32,
GFS,BAUFI2,2025-06-17T09:00:00Z,598.1,
GFS,BAUFI2,2025-06-17T09:30:00Z,630.35,
GFS,BAUFI2,2025-06-17T10:00:00Z,662.6,
GFS,BAUFI2,2025-06-17T10:30:00Z,683.96,
GFS,BAUFI2,2025-06-17T11:00:00Z,705.32,
GFS,BAUFI2,2025-06-17T11:30:00Z,715.29,
GFS,BAUFI2,2025-06-17T12:00:00Z,725.26,
GFS,BAUFI2,2025-06-17T12:30:00Z,723.5,
GFS,BAUFI2,2025-06-17T13:00:00Z,721.74,
GFS,BAUFI2,2025-06-17T13:30:00Z,709.23,
GFS,BAUFI2,2025-06-17T14:00:00Z,696.72,
GFS,BAUFI2,2025-06-17T14:30:00Z,509.08,
GFS,BAUFI2,2025-06-17T15:00:00Z,321.44,
GFS,BAUFI2,2025-06-17T15:30:00Z,255.54,
GFS,BAUFI2,2025-06-17T16:00:00Z,189.64,
GFS,BAUFI2,2025-06-17T16:30:00Z,159.25,
GFS,BAUFI2,2025-06-17T17:00:00Z,128.86,
GFS,BAUFI2,2025-06-17T17:30:00Z,112.76,
GFS,BAUFI2,2025-06-17T18:00:00Z,96.66,
GFS,BAUFI2,2025-06-17T18:30:00Z,86.99,
GFS,BAUFI2,2025-06-17T19:00:00Z,77.32,
GFS,BAUFI2,2025-06-17T19:30:00Z,70.875,
GFS,BAUFI2,2025-06-17T20:00:00Z,64.43,
GFS,BAUFI2,2025-06-17T20:30:00Z,32.215,
GFS,BAUFI2,2025-06-17T21:00:00Z,0,
GFS,BAUFI2,2025-06-17T21:30:00Z,0,
GFS,BAUFI2,2025-06-17T22:00:00Z,0,
GFS,BAUFI2,2025-06-17T22:30:00Z,0,
GFS,BAUFI2,2025-06-17T23:00:00Z,0,
GFS,BAUFI2,2025-06-17T23:30:00Z,0,
GFS,BAUFI2,2025-06-18T00:00:00Z,0,
GFS,BAUFI2,2025-06-18T00:30:00Z,0,
GFS,BAUFI2,2025-06-18T01:00:00Z,0,
GFS,BAUFI2,2025-06-18T01:30:00Z,0,
GFS,BAUFI2,2025-06-18T02:00:00Z,0,
GFS,BAUFI2,2025-06-18T02:30:00Z,0,
GFS,BAUFI2,2025-06-18T03:00:00Z,0,
GFS,BAUFI2,2025-06-18T03:30:00Z,0,
GFS,BAUFI2,2025-06-18T04:00:00Z,0,
GFS,BAUFI2,2025-06-18T04:30:00Z,0,
GFS,BAUFI2,2025-06-18T05:00:00Z,0,
GFS,BAUFI2,2025-06-18T05:30:00Z,3.4,
GFS,BAUFI2,2025-06-18T06:00:00Z,6.8,
GFS,BAUFI2,2025-06-18T06:30:00Z,26.57,
GFS,BAUFI2,2025-06-18T07:00:00Z,46.34,
GFS,BAUFI2,2025-06-18T07:30:00Z,77.03,
GFS,BAUFI2,2025-06-18T08:00:00Z,107.72,
GFS,BAUFI2,2025-06-18T08:30:00Z,351.59,
GFS,BAUFI2,2025-06-18T09:00:00Z,595.46,
GFS,BAUFI2,2025-06-18T09:30:00Z,628,
GFS,BAUFI2,2025-06-18T10:00:00Z,660.54,
GFS,BAUFI2,2025-06-18T10:30:00Z,682.46,
GFS,BAUFI2,2025-06-18T11:00:00Z,704.38,
GFS,BAUFI2,2025-06-18T11:30:00Z,715.06,
GFS,BAUFI2,2025-06-18T12:00:00Z,725.74,
GFS,BAUFI2,2025-06-18T12:30:00Z,723.82,
GFS,BAUFI2,2025-06-18T13:00:00Z,721.9,
GFS,BAUFI2,2025-06-18T13:30:00Z,695.99,
GFS,BAUFI2,2025-06-18T14:00:00Z,670.08,
GFS,BAUFI2,2025-06-18T14:30:00Z,445.48,
GFS,BAUFI2,2025-06-18T15:00:00Z,220.88,
GFS,BAUFI2,2025-06-18T15:30:00Z,191.01,
GFS,BAUFI2,2025-06-18T16:00:00Z,161.14,
GFS,BAUFI2,2025-06-18T16:30:00Z,136.03,
GFS,BAUFI2,2025-06-18T17:00:00Z,110.92,
GFS,BAUFI2,2025-06-18T17:30:00Z,97.06,
GFS,BAUFI2,2025-06-18T18:00:00Z,83.2,
GFS,BAUFI2,2025-06-18T18:30:00Z,74.88,
GFS,BAUFI2,2025-06-18T19:00:00Z,66.56,
GFS,BAUFI2,2025-06-18T19:30:00Z,61.01,
GFS,BAUFI2,2025-06-18T20:00:00Z,55.46,
GFS,BAUFI2,2025-06-18T20:30:00Z,27.73,
GFS,BAUFI2,2025-06-18T21:00:00Z,0,
GFS,BAUFI2,2025-06-18T21:30:00Z,0,
GFS,BAUFI2,2025-06-18T22:00:00Z,0,
GFS,BAUFI2,2025-06-18T22:30:00Z,0,
GFS,BAUFI2,2025-06-18T23:00:00Z,0,
GFS,BAUFI2,2025-06-18T23:30:00Z,0,
GFS,BAUFI2,2025-06-19T00:00:00Z,0,
GFS,BAUFI2,2025-06-19T00:30:00Z,0,
GFS,BAUFI2,2025-06-19T01:00:00Z,0,
GFS,BAUFI2,2025-06-19T01:30:00Z,0,
GFS,BAUFI2,2025-06-19T02:00:00Z,0,
GFS,BAUFI2,2025-06-19T02:30:00Z,0,
GFS,BAUFI2,2025-06-19T03:00:00Z,0,
GFS,BAUFI2,2025-06-19T03:30:00Z,0,
GFS,BAUFI2,2025-06-19T04:00:00Z,0,
GFS,BAUFI2,2025-06-19T04:30:00Z,0,
GFS,BAUFI2,2025-06-19T05:00:00Z,0,
GFS,BAUFI2,2025-06-19T05:30:00Z,3.45,
GFS,BAUFI2,2025-06-19T06:00:00Z,6.9,
GFS,BAUFI2,2025-06-19T06:30:00Z,27.08,
GFS,BAUFI2,2025-06-19T07:00:00Z,47.26,
GFS,BAUFI2,2025-06-19T07:30:00Z,78.61,
GFS,BAUFI2,2025-06-19T08:00:00Z,109.96,
GFS,BAUFI2,2025-06-19T08:30:00Z,359.31,
GFS,BAUFI2,2025-06-19T09:00:00Z,608.66,
GFS,BAUFI2,2025-06-19T09:30:00Z,641.99,
GFS,BAUFI2,2025-06-19T10:00:00Z,675.32,
GFS,BAUFI2,2025-06-19T10:30:00Z,697.9,
GFS,BAUFI2,2025-06-19T11:00:00Z,720.48,
GFS,BAUFI2,2025-06-19T11:30:00Z,731.42,
GFS,BAUFI2,2025-06-19T12:00:00Z,742.36,
GFS,BAUFI2,2025-06-19T12:30:00Z,741.66,
GFS,BAUFI2,2025-06-19T13:00:00Z,740.96,
GFS,BAUFI2,2025-06-19T13:30:00Z,729.16,
GFS,BAUFI2,2025-06-19T14:00:00Z,717.36,
GFS,BAUFI2,2025-06-19T14:30:00Z,564.89,
GFS,BAUFI2,2025-06-19T15:00:00Z,412.42,
GFS,BAUFI2,2025-06-19T15:30:00Z,358.27,
GFS,BAUFI2,2025-06-19T16:00:00Z,304.12,
GFS,BAUFI2,2025-06-19T16:30:00Z,256.94,
GFS,BAUFI2,2025-06-19T17:00:00Z,209.76,
GFS,BAUFI2,2025-06-19T17:30:00Z,183.54,
GFS,BAUFI2,2025-06-19T18:00:00Z,157.32,
GFS,BAUFI2,2025-06-19T18:30:00Z,141.59,
GFS,BAUFI2,2025-06-19T19:00:00Z,125.86,
GFS,BAUFI2,2025-06-19T19:30:00Z,115.37,
GFS,BAUFI2,2025-06-19T20:00:00Z,104.88,
GFS,BAUFI2,2025-06-19T20:30:00Z,52.44,
GFS,BAUFI2,2025-06-19T21:00:00Z,0,
GFS,BAUFI2,2025-06-19T21:30:00Z,0,
GFS,BAUFI2,2025-06-19T22:00:00Z,0,
GFS,BAUFI2,2025-06-19T22:30:00Z,0,
GFS,BAUFI2,2025-06-19T23:00:00Z,0,
GFS,BAUFI2,2025-06-19T23:30:00Z,0,
GFS,BAUFI2,2025-06-20T00:00:00Z,0,
GFS,BAUFI2,2025-06-20T00:30:00Z,0,
GFS,BAUFI2,2025-06-20T01:00:00Z,0,
GFS,BAUFI2,2025-06-20T01:30:00Z,0,
GFS,BAUFI2,2025-06-20T02:00:00Z,0,
GFS,BAUFI2,2025-06-20T02:30:00Z,0,
GFS,BAUFI2,2025-06-20T03:00:00Z,0,
GFS,BAUFI2,2025-06-20T03:30:00Z,0,
GFS,BAUFI2,2025-06-20T04:00:00Z,0,
GFS,BAUFI2,2025-06-20T04:30:00Z,0,
GFS,BAUFI2,2025-06-20T05:00:00Z,0,
GFS,BAUFI2,2025-06-20T05:30:00Z,3.42,
GFS,BAUFI2,2025-06-20T06:00:00Z,6.84,
GFS,BAUFI2,2025-06-20T06:30:00Z,27.02,
GFS,BAUFI2,2025-06-20T07:00:00Z,47.2,
GFS,BAUFI2,2025-06-20T07:30:00Z,78.5,
GFS,BAUFI2,2025-06-20T08:00:00Z,109.8,
GFS,BAUFI2,2025-06-20T08:30:00Z,358.27,
GFS,BAUFI2,2025-06-20T09:00:00Z,606.74,
GFS,BAUFI2,2025-06-20T09:30:00Z,639.72,
GFS,BAUFI2,2025-06-20T10:00:00Z,672.7,
GFS,BAUFI2,2025-06-20T10:30:00Z,694.78,
GFS,BAUFI2,2025-06-20T11:00:00Z,716.86,
GFS,BAUFI2,2025-06-20T11:30:00Z,727.64,
GFS,BAUFI2,2025-06-20T12:00:00Z,738.42,
GFS,BAUFI2,2025-06-20T12:30:00Z,737.65,
GFS,BAUFI2,2025-06-20T13:00:00Z,736.88,
GFS,BAUFI2,2025-06-20T13:30:00Z,725.04,
GFS,BAUFI2,2025-06-20T14:00:00Z,713.2,
GFS,BAUFI2,2025-06-20T14:30:00Z,560.84,
GFS,BAUFI2,2025-06-20T15:00:00Z,408.48,
GFS,BAUFI2,2025-06-20T15:30:00Z,354.71,
GFS,BAUFI2,2025-06-20T16:00:00Z,300.94,
GFS,BAUFI2,2025-06-20T16:30:00Z,254.28,
GFS,BAUFI2,2025-06-20T17:00:00Z,207.62,
GFS,BAUFI2,2025-06-20T17:30:00Z,181.66,
GFS,BAUFI2,2025-06-20T18:00:00Z,155.7,
GFS,BAUFI2,2025-06-20T18:30:00Z,140.13,
GFS,BAUFI2,2025-06-20T19:00:00Z,124.56,
GFS,BAUFI2,2025-06-20T19:30:00Z,114.185,
GFS,BAUFI2,2025-06-20T20:00:00Z,103.81,
GFS,BAUFI2,2025-06-20T20:30:00Z,51.905,
GFS,BAUFI2,2025-06-20T21:00:00Z,0,
GFS,BAUFI2,2025-06-20T21:30:00Z,0,
GFS,BAUFI2,2025-06-20T22:00:00Z,0,
GFS,BAUFI2,2025-06-20T22:30:00Z,0,
GFS,BAUFI2,2025-06-20T23:00:00Z,0,
GFS,BAUFI2,2025-06-20T23:30:00Z,0,
GFS,BAUFI2,2025-06-21T00:00:00Z,0,
GFS,BAUFI2,2025-06-21T00:30:00Z,0,
GFS,BAUFI2,2025-06-21T01:00:00Z,0,
GFS,BAUFI2,2025-06-21T01:30:00Z,0,
GFS,BAUFI2,2025-06-21T02:00:00Z,0,
GFS,BAUFI2,2025-06-21T02:30:00Z,0,
GFS,BAUFI2,2025-06-21T03:00:00Z,0,
GFS,BAUFI2,2025-06-21T03:30:00Z,0,
GFS,BAUFI2,2025-06-21T04:00:00Z,0,
GFS,BAUFI2,2025-06-21T04:30:00Z,0,
GFS,BAUFI2,2025-06-21T05:00:00Z,0,
GFS,BAUFI2,2025-06-21T05:30:00Z,3.3,
GFS,BAUFI2,2025-06-21T06:00:00Z,6.6,
GFS,BAUFI2,2025-06-21T06:30:00Z,26.46,
GFS,BAUFI2,2025-06-21T07:00:00Z,46.32,
GFS,BAUFI2,2025-06-21T07:30:00Z,77.175,
GFS,BAUFI2,2025-06-21T08:00:00Z,108.03,
GFS,BAUFI2,2025-06-21T08:30:00Z,353.415,
GFS,BAUFI2,2025-06-21T09:00:00Z,598.8,
GFS,BAUFI2,2025-06-21T09:30:00Z,631.78,
GFS,BAUFI2,2025-06-21T10:00:00Z,664.76,
GFS,BAUFI2,2025-06-21T10:30:00Z,686.75,
GFS,BAUFI2,2025-06-21T11:00:00Z,708.74,
GFS,BAUFI2,2025-06-21T11:30:00Z,719.52,
GFS,BAUFI2,2025-06-21T12:00:00Z,730.3,
GFS,BAUFI2,2025-06-21T12:30:00Z,729.7,
GFS,BAUFI2,2025-06-21T13:00:00Z,729.1,
GFS,BAUFI2,2025-06-21T13:30:00Z,717.43,
GFS,BAUFI2,2025-06-21T14:00:00Z,705.76,
GFS,BAUFI2,2025-06-21T14:30:00Z,539.72,
GFS,BAUFI2,2025-06-21T15:00:00Z,373.68,
GFS,BAUFI2,2025-06-21T15:30:00Z,321.44,
GFS,BAUFI2,2025-06-21T16:00:00Z,269.2,
GFS,BAUFI2,2025-06-21T16:30:00Z,227.36,
GFS,BAUFI2,2025-06-21T17:00:00Z,185.52,
GFS,BAUFI2,2025-06-21T17:30:00Z,162.33,
GFS,BAUFI2,2025-06-21T18:00:00Z,139.14,
GFS,BAUFI2,2025-06-21T18:30:00Z,125.23,
GFS,BAUFI2,2025-06-21T19:00:00Z,111.32,
GFS,BAUFI2,2025-06-21T19:30:00Z,102.035,
GFS,BAUFI2,2025-06-21T20:00:00Z,92.75,
GFS,BAUFI2,2025-06-21T20:30:00Z,46.375,
GFS,BAUFI2,2025-06-21T21:00:00Z,0,
GFS,BAUFI2,2025-06-21T21:30:00Z,0,
GFS,BAUFI2,2025-06-21T22:00:00Z,0,
GFS,BAUFI2,2025-06-21T22:30:00Z,0,
GFS,BAUFI2,2025-06-21T23:00:00Z,0,
GFS,BAUFI2,2025-06-21T23:30:00Z,0,
GFS,BAUFI2,2025-06-22T00:00:00Z,0,
GFS,BAUFI2,2025-06-22T00:30:00Z,0,
GFS,BAUFI2,2025-06-22T01:00:00Z,0,
GFS,BAUFI2,2025-06-22T01:30:00Z,0,
GFS,BAUFI2,2025-06-22T02:00:00Z,0,
GFS,BAUFI2,2025-06-22T02:30:00Z,0,
GFS,BAUFI2,2025-06-22T03:00:00Z,0,
GFS,BAUFI2,2025-06-22T03:30:00Z,0,
GFS,BAUFI2,2025-06-22T04:00:00Z,0,
GFS,BAUFI2,2025-06-22T04:30:00Z,0,
GFS,BAUFI2,2025-06-22T05:00:00Z,0,
GFS,BAUFI2,2025-06-22T05:30:00Z,2.23,
GFS,BAUFI2,2025-06-22T06:00:00Z,4.46,
GFS,BAUFI2,2025-06-22T06:30:00Z,17.85,
GFS,BAUFI2,2025-06-22T07:00:00Z,31.24,
GFS,BAUFI2,2025-06-22T07:30:00Z,61.965,
GFS,BAUFI2,2025-06-22T08:00:00Z,92.69,
GFS,BAUFI2,2025-06-22T08:30:00Z,348.365,
GFS,BAUFI2,2025-06-22T09:00:00Z,604.04,
GFS,BAUFI2,2025-06-22T09:30:00Z,636.82,
GFS,BAUFI2,2025-06-22T10:00:00Z,669.6,
GFS,BAUFI2,2025-06-22T10:30:00Z,691.72,
GFS,BAUFI2,2025-06-22T11:00:00Z,713.84,
GFS,BAUFI2,2025-06-22T11:30:00Z,724.74,
GFS,BAUFI2,2025-06-22T12:00:00Z,735.64,
GFS,BAUFI2,2025-06-22T12:30:00Z,735.035,
GFS,BAUFI2,2025-06-22T13:00:00Z,734.43,
GFS,BAUFI2,2025-06-22T13:30:00Z,722.765,
GFS,BAUFI2,2025-06-22T14:00:00Z,711.1,
GFS,BAUFI2,2025-06-22T14:30:00Z,559.81,
GFS,BAUFI2,2025-06-22T15:00:00Z,408.52,
GFS,BAUFI2,2025-06-22T15:30:00Z,353.69,
GFS,BAUFI2,2025-06-22T16:00:00Z,298.86,
GFS,BAUFI2,2025-06-22T16:30:00Z,252.14,
GFS,BAUFI2,2025-06-22T17:00:00Z,205.42,
GFS,BAUFI2,2025-06-22T17:30:00Z,179.74,
GFS,BAUFI2,2025-06-22T18:00:00Z,154.06,
GFS,BAUFI2,2025-06-22T18:30:00Z,138.66,
GFS,BAUFI2,2025-06-22T19:00:00Z,123.26,
GFS,BAUFI2,2025-06-22T19:30:00Z,112.98,
GFS,BAUFI2,2025-06-22T20:00:00Z,102.7,
GFS,BAUFI2,2025-06-22T20:30:00Z,51.35,
GFS,BAUFI2,2025-06-22T21:00:00Z,0,
GFS,BAUFI2,2025-06-22T21:30:00Z,0,
GFS,BAUFI2,2025-06-22T22:00:00Z,0,
GFS,BAUFI2,2025-06-22T22:30:00Z,0,
GFS,BAUFI2,2025-06-22T23:00:00Z,0,
GFS,BAUFI2,2025-06-22T23:30:00Z,0,
GFS,BAUFI2,2025-06-23T00:00:00Z,0,
GFS,BAUFI2,2025-06-23T00:30:00Z,0,
GFS,BAUFI2,2025-06-23T01:00:00Z,0,
GFS,BAUFI2,2025-06-23T01:30:00Z,0,
GFS,BAUFI2,2025-06-23T02:00:00Z,0,
GFS,BAUFI2,2025-06-23T02:30:00Z,0,
GFS,BAUFI2,2025-06-23T03:00:00Z,0,
GFS,BAUFI2,2025-06-23T03:30:00Z,0,
GFS,BAUFI2,2025-06-23T04:00:00Z,0,
GFS,BAUFI2,2025-06-23T04:30:00Z,0,
GFS,BAUFI2,2025-06-23T05:00:00Z,0,
GFS,BAUFI2,2025-06-23T05:30:00Z,3.31,
GFS,BAUFI2,2025-06-23T06:00:00Z,6.62,
GFS,BAUFI2,2025-06-23T06:30:00Z,26.76,
GFS,BAUFI2,2025-06-23T07:00:00Z,46.9,
GFS,BAUFI2,2025-06-23T07:30:00Z,78.235,
GFS,BAUFI2,2025-06-23T08:00:00Z,109.57,
GFS,BAUFI2,2025-06-23T08:30:00Z,358.205,
GFS,BAUFI2,2025-06-23T09:00:00Z,606.84,
GFS,BAUFI2,2025-06-23T09:30:00Z,639.82,
GFS,BAUFI2,2025-06-23T10:00:00Z,672.8,
GFS,BAUFI2,2025-06-23T10:30:00Z,695.08,
GFS,BAUFI2,2025-06-23T11:00:00Z,717.36,
GFS,BAUFI2,2025-06-23T11:30:00Z,728.295,
GFS,BAUFI2,2025-06-23T12:00:00Z,739.23,
GFS,BAUFI2,2025-06-23T12:30:00Z,738.67,
GFS,BAUFI2,2025-06-23T13:00:00Z,738.11,
GFS,BAUFI2,2025-06-23T13:30:00Z,726.505,
GFS,BAUFI2,2025-06-23T14:00:00Z,714.9,
GFS,BAUFI2,2025-06-23T14:30:00Z,563.58,
GFS,BAUFI2,2025-06-23T15:00:00Z,412.26,
GFS,BAUFI2,2025-06-23T15:30:00Z,358.42,
GFS,BAUFI2,2025-06-23T16:00:00Z,304.58,
GFS,BAUFI2,2025-06-23T16:30:00Z,257.45,
GFS,BAUFI2,2025-06-23T17:00:00Z,210.32,
GFS,BAUFI2,2025-06-23T17:30:00Z,184.03,
GFS,BAUFI2,2025-06-23T18:00:00Z,157.74,
GFS,BAUFI2,2025-06-23T18:30:00Z,141.97,
GFS,BAUFI2,2025-06-23T19:00:00Z,126.2,
GFS,BAUFI2,2025-06-23T19:30:00Z,115.685,
GFS,BAUFI2,2025-06-23T20:00:00Z,105.17,
GFS,BAUFI2,2025-06-23T20:30:00Z,52.585,
GFS,BAUFI2,2025-06-23T21:00:00Z,0,
GFS,BAUFI2,2025-06-23T21:30:00Z,0,
GFS,BAUFI2,2025-06-23T22:00:00Z,0,
GFS,BAUFI2,2025-06-23T22:30:00Z,0,
GFS,BAUFI2,2025-06-23T23:00:00Z,0,
GFS,BAUFI2,2025-06-23T23:30:00Z,0,
GFS,BAUFI2,2025-06-24T00:00:00Z,0,
GFS,BAUFI2,2025-06-24T00:30:00Z,0,
GFS,BAUFI2,2025-06-24T01:00:00Z,0,
GFS,BAUFI2,2025-06-24T01:30:00Z,0,
GFS,BAUFI2,2025-06-24T02:00:00Z,0,
GFS,BAUFI2,2025-06-24T02:30:00Z,0,
GFS,BAUFI2,2025-06-24T03:00:00Z,0,
GFS,BAUFI2,2025-06-24T03:30:00Z,0,
GFS,BAUFI2,2025-06-24T04:00:00Z,0,
GFS,BAUFI2,2025-06-24T04:30:00Z,0,
GFS,BAUFI2,2025-06-24T05:00:00Z,0,
GFS,BAUFI2,2025-06-24T05:30:00Z,3.3,
GFS,BAUFI2,2025-06-24T06:00:00Z,6.6,
GFS,BAUFI2,2025-06-24T06:30:00Z,26.73,
GFS,BAUFI2,2025-06-24T07:00:00Z,46.86,
GFS,BAUFI2,2025-06-24T07:30:00Z,78.14,
GFS,BAUFI2,2025-06-24T08:00:00Z,109.42,
GFS,BAUFI2,2025-06-24T08:30:00Z,357.72,
GFS,BAUFI2,2025-06-24T09:00:00Z,606.02,
GFS,BAUFI2,2025-06-24T09:30:00Z,639.11,
GFS,BAUFI2,2025-06-24T10:00:00Z,672.2,
GFS,BAUFI2,2025-06-24T10:30:00Z,694.82,
GFS,BAUFI2,2025-06-24T11:00:00Z,717.44,
GFS,BAUFI2,2025-06-24T11:30:00Z,728.84,
GFS,BAUFI2,2025-06-24T12:00:00Z,740.24,
GFS,BAUFI2,2025-06-24T12:30:00Z,739.825,
GFS,BAUFI2,2025-06-24T13:00:00Z,739.41,
GFS,BAUFI2,2025-06-24T13:30:00Z,727.815,
GFS,BAUFI2,2025-06-24T14:00:00Z,716.22,
GFS,BAUFI2,2025-06-24T14:30:00Z,565.38,
GFS,BAUFI2,2025-06-24T15:00:00Z,414.54,
GFS,BAUFI2,2025-06-24T15:30:00Z,360.54,
GFS,BAUFI2,2025-06-24T16:00:00Z,306.54,
GFS,BAUFI2,2025-06-24T16:30:00Z,259.17,
GFS,BAUFI2,2025-06-24T17:00:00Z,211.8,
GFS,BAUFI2,2025-06-24T17:30:00Z,185.33,
GFS,BAUFI2,2025-06-24T18:00:00Z,158.86,
GFS,BAUFI2,2025-06-24T18:30:00Z,142.97,
GFS,BAUFI2,2025-06-24T19:00:00Z,127.08,
GFS,BAUFI2,2025-06-24T19:30:00Z,116.49,
GFS,BAUFI2,2025-06-24T20:00:00Z,105.9,
GFS,BAUFI2,2025-06-24T20:30:00Z,52.95,
GFS,BAUFI2,2025-06-24T21:00:00Z,0,
GFS,BAUFI2,2025-06-24T21:30:00Z,0,
GFS,BAUFI2,2025-06-24T22:00:00Z,0,
GFS,BAUFI2,2025-06-24T22:30:00Z,0,
GFS,BAUFI2,2025-06-24T23:00:00Z,0,
GFS,BAUFI2,2025-06-24T23:30:00Z,0,
GFS,BAUFI2,2025-06-25T00:00:00Z,0,
GFS,BAUFI2,2025-06-25T00:30:00Z,0,
GFS,BAUFI2,2025-06-25T01:00:00Z,0,
GFS,BAUFI2,2025-06-25T01:30:00Z,0,
GFS,BAUFI2,2025-06-25T02:00:00Z,0,
GFS,BAUFI2,2025-06-25T02:30:00Z,0,
GFS,BAUFI2,2025-06-25T03:00:00Z,0,
GFS,BAUFI2,2025-06-25T03:30:00Z,0,
GFS,BAUFI2,2025-06-25T04:00:00Z,0,
GFS,BAUFI2,2025-06-25T04:30:00Z,0,
GFS,BAUFI2,2025-06-25T05:00:00Z,0,
GFS,BAUFI2,2025-06-25T05:30:00Z,3.26,
GFS,BAUFI2,2025-06-25T06:00:00Z,6.52,
GFS,BAUFI2,2025-06-25T06:30:00Z,26.6,
GFS,BAUFI2,2025-06-25T07:00:00Z,46.68,
GFS,BAUFI2,2025-06-25T07:30:00Z,77.91,
GFS,BAUFI2,2025-06-25T08:00:00Z,109.14,
GFS,BAUFI2,2025-06-25T08:30:00Z,356.49,
GFS,BAUFI2,2025-06-25T09:00:00Z,603.84,
GFS,BAUFI2,2025-06-25T09:30:00Z,636.78,
GFS,BAUFI2,2025-06-25T10:00:00Z,669.72,
GFS,BAUFI2,2025-06-25T10:30:00Z,692,
GFS,BAUFI2,2025-06-25T11:00:00Z,714.28,
GFS,BAUFI2,2025-06-25T11:30:00Z,725.15,
GFS,BAUFI2,2025-06-25T12:00:00Z,736.02,
GFS,BAUFI2,2025-06-25T12:30:00Z,735.49,
GFS,BAUFI2,2025-06-25T13:00:00Z,734.96,
GFS,BAUFI2,2025-06-25T13:30:00Z,723.465,
GFS,BAUFI2,2025-06-25T14:00:00Z,711.97,
GFS,BAUFI2,2025-06-25T14:30:00Z,562.025,
GFS,BAUFI2,2025-06-25T15:00:00Z,412.08,
GFS,BAUFI2,2025-06-25T15:30:00Z,358.47,
GFS,BAUFI2,2025-06-25T16:00:00Z,304.86,
GFS,BAUFI2,2025-06-25T16:30:00Z,257.77,
GFS,BAUFI2,2025-06-25T17:00:00Z,210.68,
GFS,BAUFI2,2025-06-25T17:30:00Z,184.35,
GFS,BAUFI2,2025-06-25T18:00:00Z,158.02,
GFS,BAUFI2,2025-06-25T18:30:00Z,142.22,
GFS,BAUFI2,2025-06-25T19:00:00Z,126.42,
GFS,BAUFI2,2025-06-25T19:30:00Z,115.88,
GFS,BAUFI2,2025-06-25T20:00:00Z,105.34,
GFS,BAUFI2,2025-06-25T20:30:00Z,52.67,
GFS,BAUFI2,2025-06-25T21:00:00Z,0,
GFS,BAUFI2,2025-06-25T21:30:00Z,0,
GFS,BAUFI2,2025-06-25T22:00:00Z,0,
GFS,BAUFI2,2025-06-25T22:30:00Z,0,
GFS,BAUFI2,2025-06-25T23:00:00Z,0,
GFS,BAUFI2,2025-06-25T23:30:00Z,0,
GFS,BAUFI2,2025-06-26T00:00:00Z,0,
GFS,BAUFI2,2025-06-26T00:30:00Z,0,
GFS,BAUFI2,2025-06-26T01:00:00Z,0,
GFS,BAUFI2,2025-06-26T01:30:00Z,0,
GFS,BAUFI2,2025-06-26T02:00:00Z,0,
GFS,BAUFI2,2025-06-26T02:30:00Z,0,
GFS,BAUFI2,2025-06-26T03:00:00Z,0,
GFS,BAUFI2,2025-06-26T03:30:00Z,0,
GFS,BAUFI2,2025-06-26T04:00:00Z,0,
GFS,BAUFI2,2025-06-26T04:30:00Z,0,
GFS,BAUFI2,2025-06-26T05:00:00Z,0,
GFS,BAUFI2,2025-06-26T05:30:00Z,3.05,
GFS,BAUFI2,2025-06-26T06:00:00Z,6.1,
GFS,BAUFI2,2025-06-26T06:30:00Z,25.27,
GFS,BAUFI2,2025-06-26T07:00:00Z,44.44,
GFS,BAUFI2,2025-06-26T07:30:00Z,74.63,
GFS,BAUFI2,2025-06-26T08:00:00Z,104.82,
GFS,BAUFI2,2025-06-26T08:30:00Z,347.87,
GFS,BAUFI2,2025-06-26T09:00:00Z,590.92,
GFS,BAUFI2,2025-06-26T09:30:00Z,624.1,
GFS,BAUFI2,2025-06-26T10:00:00Z,657.28,
GFS,BAUFI2,2025-06-26T10:30:00Z,679.84,
GFS,BAUFI2,2025-06-26T11:00:00Z,702.4,
GFS,BAUFI2,2025-06-26T11:30:00Z,713.59,
GFS,BAUFI2,2025-06-26T12:00:00Z,724.78,
GFS,BAUFI2,2025-06-26T12:30:00Z,724.46,
GFS,BAUFI2,2025-06-26T13:00:00Z,724.14,
GFS,BAUFI2,2025-06-26T13:30:00Z,712.9,
GFS,BAUFI2,2025-06-26T14:00:00Z,701.66,
GFS,BAUFI2,2025-06-26T14:30:00Z,553.88,
GFS,BAUFI2,2025-06-26T15:00:00Z,406.1,
GFS,BAUFI2,2025-06-26T15:30:00Z,351.14,
GFS,BAUFI2,2025-06-26T16:00:00Z,296.18,
GFS,BAUFI2,2025-06-26T16:30:00Z,248.65,
GFS,BAUFI2,2025-06-26T17:00:00Z,201.12,
GFS,BAUFI2,2025-06-26T17:30:00Z,175.98,
GFS,BAUFI2,2025-06-26T18:00:00Z,150.84,
GFS,BAUFI2,2025-06-26T18:30:00Z,135.75,
GFS,BAUFI2,2025-06-26T19:00:00Z,120.66,
GFS,BAUFI2,2025-06-26T19:30:00Z,110.61,
GFS,BAUFI2,2025-06-26T20:00:00Z,100.56,
GFS,BAUFI2,2025-06-26T20:30:00Z,50.28,
GFS,BAUFI2,2025-06-26T21:00:00Z,0,
GFS,BAUFI2,2025-06-26T21:30:00Z,0,
GFS,BAUFI2,2025-06-26T22:00:00Z,0,
GFS,BAUFI2,2025-06-26T22:30:00Z,0,
GFS,BAUFI2,2025-06-26T23:00:00Z,0,
GFS,BAUFI2,2025-06-26T23:30:00Z,0,
GFS,BAUFI2,2025-06-27T00:00:00Z,0,
GFS,BAUFI2,2025-06-27T00:30:00Z,0,
GFS,BAUFI2,2025-06-27T01:00:00Z,0,
GFS,BAUFI2,2025-06-27T01:30:00Z,0,
GFS,BAUFI2,2025-06-27T02:00:00Z,0,
GFS,BAUFI2,2025-06-27T02:30:00Z,0,
GFS,BAUFI2,2025-06-27T03:00:00Z,0,
GFS,BAUFI2,2025-06-27T03:30:00Z,0,
GFS,BAUFI2,2025-06-27T04:00:00Z,0,
GFS,BAUFI2,2025-06-27T04:30:00Z,0,
GFS,BAUFI2,2025-06-27T05:00:00Z,0,
GFS,BAUFI2,2025-06-27T05:30:00Z,3.06,
GFS,BAUFI2,2025-06-27T06:00:00Z,6.12,
GFS,BAUFI2,2025-06-27T06:30:00Z,25.48,
GFS,BAUFI2,2025-06-27T07:00:00Z,44.84,
GFS,BAUFI2,2025-06-27T07:30:00Z,75.395,
GFS,BAUFI2,2025-06-27T08:00:00Z,105.95,
GFS,BAUFI2,2025-06-27T08:30:00Z,350.315,
GFS,BAUFI2,2025-06-27T09:00:00Z,594.68,
GFS,BAUFI2,2025-06-27T09:30:00Z,627.75,
GFS,BAUFI2,2025-06-27T10:00:00Z,660.82,
GFS,BAUFI2,2025-06-27T10:30:00Z,683.3,
GFS,BAUFI2,2025-06-27T11:00:00Z,705.78,
GFS,BAUFI2,2025-06-27T11:30:00Z,717,
GFS,BAUFI2,2025-06-27T12:00:00Z,728.22,
GFS,BAUFI2,2025-06-27T12:30:00Z,727.95,
GFS,BAUFI2,2025-06-27T13:00:00Z,727.68,
GFS,BAUFI2,2025-06-27T13:30:00Z,716.455,
GFS,BAUFI2,2025-06-27T14:00:00Z,705.23,
GFS,BAUFI2,2025-06-27T14:30:00Z,557.195,
GFS,BAUFI2,2025-06-27T15:00:00Z,409.16,
GFS,BAUFI2,2025-06-27T15:30:00Z,355.96,
GFS,BAUFI2,2025-06-27T16:00:00Z,302.76,
GFS,BAUFI2,2025-06-27T16:30:00Z,256.07,
GFS,BAUFI2,2025-06-27T17:00:00Z,209.38,
GFS,BAUFI2,2025-06-27T17:30:00Z,183.21,
GFS,BAUFI2,2025-06-27T18:00:00Z,157.04,
GFS,BAUFI2,2025-06-27T18:30:00Z,141.33,
GFS,BAUFI2,2025-06-27T19:00:00Z,125.62,
GFS,BAUFI2,2025-06-27T19:30:00Z,115.155,
GFS,BAUFI2,2025-06-27T20:00:00Z,104.69,
GFS,BAUFI2,2025-06-27T20:30:00Z,52.345,
GFS,BAUFI2,2025-06-27T21:00:00Z,0,
GFS,BAUFI2,2025-06-27T21:30:00Z,0,
GFS,BAUFI2,2025-06-27T22:00:00Z,0,
GFS,BAUFI2,2025-06-27T22:30:00Z,0,
GFS,BAUFI2,2025-06-27T23:00:00Z,0,
GFS,BAUFI2,2025-06-27T23:30:00Z,0,
GFS,BAUFI2,2025-06-28T00:00:00Z,0,
GFS,BAUFI2,2025-06-28T00:30:00Z,0,
GFS,BAUFI2,2025-06-28T01:00:00Z,0,
GFS,BAUFI2,2025-06-28T01:30:00Z,0,
GFS,BAUFI2,2025-06-28T02:00:00Z,0,
GFS,BAUFI2,2025-06-28T02:30:00Z,0,
GFS,BAUFI2,2025-06-28T03:00:00Z,0,
GFS,BAUFI2,2025-06-28T03:30:00Z,0,
GFS,BAUFI2,2025-06-28T04:00:00Z,0,
GFS,BAUFI2,2025-06-28T04:30:00Z,0,
GFS,BAUFI2,2025-06-28T05:00:00Z,0,
GFS,BAUFI2,2025-06-28T05:30:00Z,3.11,
GFS,BAUFI2,2025-06-28T06:00:00Z,6.22,
GFS,BAUFI2,2025-06-28T06:30:00Z,25.98,
GFS,BAUFI2,2025-06-28T07:00:00Z,45.74,
GFS,BAUFI2,2025-06-28T07:30:00Z,76.885,
GFS,BAUFI2,2025-06-28T08:00:00Z,108.03,
GFS,BAUFI2,2025-06-28T08:30:00Z,357.485,
GFS,BAUFI2,2025-06-28T09:00:00Z,606.94,
GFS,BAUFI2,2025-06-28T09:30:00Z,641.21,
GFS,BAUFI2,2025-06-28T10:00:00Z,675.48,
GFS,BAUFI2,2025-06-28T10:30:00Z,699.04,
GFS,BAUFI2,2025-06-28T11:00:00Z,722.6,
GFS,BAUFI2,2025-06-28T11:30:00Z,734.45,
GFS,BAUFI2,2025-06-28T12:00:00Z,746.3,
GFS,BAUFI2,2025-06-28T12:30:00Z,746.2,
GFS,BAUFI2,2025-06-28T13:00:00Z,746.1,
GFS,BAUFI2,2025-06-28T13:30:00Z,734.52,
GFS,BAUFI2,2025-06-28T14:00:00Z,722.94,
GFS,BAUFI2,2025-06-28T14:30:00Z,570.84,
GFS,BAUFI2,2025-06-28T15:00:00Z,418.74,
GFS,BAUFI2,2025-06-28T15:30:00Z,364.55,
GFS,BAUFI2,2025-06-28T16:00:00Z,310.36,
GFS,BAUFI2,2025-06-28T16:30:00Z,261.99,
GFS,BAUFI2,2025-06-28T17:00:00Z,213.62,
GFS,BAUFI2,2025-06-28T17:30:00Z,186.92,
GFS,BAUFI2,2025-06-28T18:00:00Z,160.22,
GFS,BAUFI2,2025-06-28T18:30:00Z,144.19,
GFS,BAUFI2,2025-06-28T19:00:00Z,128.16,
GFS,BAUFI2,2025-06-28T19:30:00Z,117.48,
GFS,BAUFI2,2025-06-28T20:00:00Z,106.8,
GFS,BAUFI2,2025-06-28T20:30:00Z,53.4,
GFS,BAUFI2,2025-06-28T21:00:00Z,0,
GFS,BAUFI2,2025-06-28T21:30:00Z,0,
GFS,BAUFI2,2025-06-28T22:00:00Z,0,
GFS,BAUFI2,2025-06-28T22:30:00Z,0,
GFS,BAUFI2,2025-06-28T23:00:00Z,0,
GFS,BAUFI2,2025-06-28T23:30:00Z,0,
GFS,BAUFI2,2025-06-29T00:00:00Z,0,
GFS,BAUFI2,2025-06-29T00:30:00Z,0,
GFS,BAUFI2,2025-06-29T01:00:00Z,0,
GFS,BAUFI2,2025-06-29T01:30:00Z,0,
GFS,BAUFI2,2025-06-29T02:00:00Z,0,
GFS,BAUFI2,2025-06-29T02:30:00Z,0,
GFS,BAUFI2,2025-06-29T03:00:00Z,0,
GFS,BAUFI2,2025-06-29T03:30:00Z,0,
GFS,BAUFI2,2025-06-29T04:00:00Z,0,
GFS,BAUFI2,2025-06-29T04:30:00Z,0,
GFS,BAUFI2,2025-06-29T05:00:00Z,0,
GFS,BAUFI2,2025-06-29T05:30:00Z,3.02,
GFS,BAUFI2,2025-06-29T06:00:00Z,6.04,
GFS,BAUFI2,2025-06-29T06:30:00Z,25.36,
GFS,BAUFI2,2025-06-29T07:00:00Z,44.68,
GFS,BAUFI2,2025-06-29T07:30:00Z,75.27,
GFS,BAUFI2,2025-06-29T08:00:00Z,105.86,
GFS,BAUFI2,2025-06-29T08:30:00Z,350.75,
GFS,BAUFI2,2025-06-29T09:00:00Z,595.64,
GFS,BAUFI2,2025-06-29T09:30:00Z,629.06,
GFS,BAUFI2,2025-06-29T10:00:00Z,662.48,
GFS,BAUFI2,2025-06-29T10:30:00Z,685.47,
GFS,BAUFI2,2025-06-29T11:00:00Z,708.46,
GFS,BAUFI2,2025-06-29T11:30:00Z,720.23,
GFS,BAUFI2,2025-06-29T12:00:00Z,732,
GFS,BAUFI2,2025-06-29T12:30:00Z,732.28,
GFS,BAUFI2,2025-06-29T13:00:00Z,732.56,
GFS,BAUFI2,2025-06-29T13:30:00Z,721.775,
GFS,BAUFI2,2025-06-29T14:00:00Z,710.99,
GFS,BAUFI2,2025-06-29T14:30:00Z,565.175,
GFS,BAUFI2,2025-06-29T15:00:00Z,419.36,
GFS,BAUFI2,2025-06-29T15:30:00Z,365.57,
GFS,BAUFI2,2025-06-29T16:00:00Z,311.78,
GFS,BAUFI2,2025-06-29T16:30:00Z,263.9,
GFS,BAUFI2,2025-06-29T17:00:00Z,216.02,
GFS,BAUFI2,2025-06-29T17:30:00Z,189.02,
GFS,BAUFI2,2025-06-29T18:00:00Z,162.02,
GFS,BAUFI2,2025-06-29T18:30:00Z,145.82,
GFS,BAUFI2,2025-06-29T19:00:00Z,129.62,
GFS,BAUFI2,2025-06-29T19:30:00Z,118.82,
GFS,BAUFI2,2025-06-29T20:00:00Z,108.02,
GFS,BAUFI2,2025-06-29T20:30:00Z,54.01,
GFS,BAUFI2,2025-06-29T21:00:00Z,0,
GFS,BAUFI2,2025-06-29T21:30:00Z,0,
GFS,BAUFI2,2025-06-29T22:00:00Z,0,
GFS,BAUFI2,2025-06-29T22:30:00Z,0,
GFS,BAUFI2,2025-06-29T23:00:00Z,0,
GFS,BAUFI2,2025-06-29T23:30:00Z,0,
GFS,BAUFI2,2025-06-30T00:00:00Z,0,
GFS,BAUFI2,2025-06-30T00:30:00Z,0,
GFS,BAUFI2,2025-06-30T01:00:00Z,0,
GFS,BAUFI2,2025-06-30T01:30:00Z,0,
GFS,BAUFI2,2025-06-30T02:00:00Z,0,
GFS,BAUFI2,2025-06-30T02:30:00Z,0,
GFS,BAUFI2,2025-06-30T03:00:00Z,0,
GFS,BAUFI2,2025-06-30T03:30:00Z,0,
GFS,BAUFI2,2025-06-30T04:00:00Z,0,
GFS,BAUFI2,2025-06-30T04:30:00Z,0,
GFS,BAUFI2,2025-06-30T05:00:00Z,0,
GFS,BAUFI2,2025-06-30T05:30:00Z,3.23,
GFS,BAUFI2,2025-06-30T06:00:00Z,6.46,
GFS,BAUFI2,2025-06-30T06:30:00Z,26.76,
GFS,BAUFI2,2025-06-30T07:00:00Z,47.06,
GFS,BAUFI2,2025-06-30T07:30:00Z,78.88,
GFS,BAUFI2,2025-06-30T08:00:00Z,110.7,
GFS,BAUFI2,2025-06-30T08:30:00Z,364.15,
GFS,BAUFI2,2025-06-30T09:00:00Z,617.6,
GFS,BAUFI2,2025-06-30T09:30:00Z,651.44,
GFS,BAUFI2,2025-06-30T10:00:00Z,685.28,
GFS,BAUFI2,2025-06-30T10:30:00Z,708.29,
GFS,BAUFI2,2025-06-30T11:00:00Z,731.3,
GFS,BAUFI2,2025-06-30T11:30:00Z,742.76,
GFS,BAUFI2,2025-06-30T12:00:00Z,754.22,
GFS,BAUFI2,2025-06-30T12:30:00Z,753.99,
GFS,BAUFI2,2025-06-30T13:00:00Z,753.76,
GFS,BAUFI2,2025-06-30T13:30:00Z,742.27,
GFS,BAUFI2,2025-06-30T14:00:00Z,730.78,
GFS,BAUFI2,2025-06-30T14:30:00Z,579.33,
GFS,BAUFI2,2025-06-30T15:00:00Z,427.88,
GFS,BAUFI2,2025-06-30T15:30:00Z,373.17,
GFS,BAUFI2,2025-06-30T16:00:00Z,318.46,
GFS,BAUFI2,2025-06-30T16:30:00Z,269.66,
GFS,BAUFI2,2025-06-30T17:00:00Z,220.86,
GFS,BAUFI2,2025-06-30T17:30:00Z,193.25,
GFS,BAUFI2,2025-06-30T18:00:00Z,165.64,
GFS,BAUFI2,2025-06-30T18:30:00Z,149.08,
GFS,BAUFI2,2025-06-30T19:00:00Z,132.52,
GFS,BAUFI2,2025-06-30T19:30:00Z,121.475,
GFS,BAUFI2,2025-06-30T20:00:00Z,110.43,
GFS,BAUFI2,2025-06-30T20:30:00Z,55.215,
GFS,BAUFI2,2025-06-30T21:00:00Z,0,
GFS,BAUFI2,2025-06-30T21:30:00Z,0,
GFS,BAUFI2,2025-06-30T22:00:00Z,0,
GFS,BAUFI2,2025-06-30T22:30:00Z,0,
GFS,BAUFI2,2025-06-30T23:00:00Z,0,
GFS,BAUFI2,2025-06-30T23:30:00Z,0,
GFS,BAUFI2,2025-07-01T00:00:00Z,0,
GFS,BAUFI2,2025-07-01T00:30:00Z,0,
GFS,BAUFI2,2025-07-01T01:00:00Z,0,
GFS,BAUFI2,2025-07-01T01:30:00Z,0,
GFS,BAUFI2,2025-07-01T02:00:00Z,0,
GFS,BAUFI2,2025-07-01T02:30:00Z,0,
GFS,BAUFI2,2025-07-01T03:00:00Z,0,
GFS,BAUFI2,2025-07-01T03:30:00Z,0,
GFS,BAUFI2,2025-07-01T04:00:00Z,0,
GFS,BAUFI2,2025-07-01T04:30:00Z,0,
GFS,BAUFI2,2025-07-01T05:00:00Z,0,
GFS,BAUFI2,2025-07-01T05:30:00Z,3.03,
GFS,BAUFI2,2025-07-01T06:00:00Z,6.06,
GFS,BAUFI2,2025-07-01T06:30:00Z,25.45,
GFS,BAUFI2,2025-07-01T07:00:00Z,44.84,
GFS,BAUFI2,2025-07-01T07:30:00Z,75.49,
GFS,BAUFI2,2025-07-01T08:00:00Z,106.14,
GFS,BAUFI2,2025-07-01T08:30:00Z,351.19,
GFS,BAUFI2,2025-07-01T09:00:00Z,596.24,
GFS,BAUFI2,2025-07-01T09:30:00Z,629.39,
GFS,BAUFI2,2025-07-01T10:00:00Z,662.54,
GFS,BAUFI2,2025-07-01T10:30:00Z,684.98,
GFS,BAUFI2,2025-07-01T11:00:00Z,707.42,
GFS,BAUFI2,2025-07-01T11:30:00Z,718.57,
GFS,BAUFI2,2025-07-01T12:00:00Z,729.72,
GFS,BAUFI2,2025-07-01T12:30:00Z,729.525,
GFS,BAUFI2,2025-07-01T13:00:00Z,729.33,
GFS,BAUFI2,2025-07-01T13:30:00Z,717.705,
GFS,BAUFI2,2025-07-01T14:00:00Z,706.08,
GFS,BAUFI2,2025-07-01T14:30:00Z,557.82,
GFS,BAUFI2,2025-07-01T15:00:00Z,409.56,
GFS,BAUFI2,2025-07-01T15:30:00Z,356.59,
GFS,BAUFI2,2025-07-01T16:00:00Z,303.62,
GFS,BAUFI2,2025-07-01T16:30:00Z,256.83,
GFS,BAUFI2,2025-07-01T17:00:00Z,210.04,
GFS,BAUFI2,2025-07-01T17:30:00Z,183.78,
GFS,BAUFI2,2025-07-01T18:00:00Z,157.52,
GFS,BAUFI2,2025-07-01T18:30:00Z,141.77,
GFS,BAUFI2,2025-07-01T19:00:00Z,126.02,
GFS,BAUFI2,2025-07-01T19:30:00Z,115.52,
GFS,BAUFI2,2025-07-01T20:00:00Z,105.02,
GFS,BAUFI2,2025-07-01T20:30:00Z,52.51,
GFS,BAUFI2,2025-07-01T21:00:00Z,0,
GFS,BAUFI2,2025-07-01T21:30:00Z,0,
GFS,BAUFI2,2025-07-01T22:00:00Z,0,
GFS,BAUFI2,2025-07-01T22:30:00Z,0,
GFS,BAUFI2,2025-07-01T23:00:00Z,0,
GFS,BAUFI2,2025-07-01T23:30:00Z,0,
GFS,BAUFI2,2025-07-02T00:00:00Z,0,
GFS,BAUFI2,2025-07-02T00:30:00Z,0,
GFS,BAUFI2,2025-07-02T01:00:00Z,0,
GFS,BAUFI2,2025-07-02T01:30:00Z,0,
GFS,BAUFI2,2025-07-02T02:00:00Z,0,
GFS,BAUFI2,2025-07-02T02:30:00Z,0,
GFS,BAUFI2,2025-07-02T03:00:00Z,0,
GFS,BAUFI2,2025-07-02T03:30:00Z,0,
GFS,BAUFI2,2025-07-02T04:00:00Z,0,
GFS,BAUFI2,2025-07-02T04:30:00Z,0,
GFS,BAUFI2,2025-07-02T05:00:00Z,0,
GFS,BAUFI2,2025-07-02T05:30:00Z,3.03,
GFS,BAUFI2,2025-07-02T06:00:00Z,6.06,
GFS,BAUFI2,2025-07-02T06:30:00Z,25.52,
GFS,BAUFI2,2025-07-02T07:00:00Z,44.98,
GFS,BAUFI2,2025-07-02T07:30:00Z,75.73,
GFS,BAUFI2,2025-07-02T08:00:00Z,106.48,
GFS,BAUFI2,2025-07-02T08:30:00Z,352.29,
GFS,BAUFI2,2025-07-02T09:00:00Z,598.1,
GFS,BAUFI2,2025-07-02T09:30:00Z,631.43,
GFS,BAUFI2,2025-07-02T10:00:00Z,664.76,
GFS,BAUFI2,2025-07-02T10:30:00Z,687.39,
GFS,BAUFI2,2025-07-02T11:00:00Z,710.02,
GFS,BAUFI2,2025-07-02T11:30:00Z,721.42,
GFS,BAUFI2,2025-07-02T12:00:00Z,732.82,
GFS,BAUFI2,2025-07-02T12:30:00Z,732.825,
GFS,BAUFI2,2025-07-02T13:00:00Z,732.83,
GFS,BAUFI2,2025-07-02T13:30:00Z,721.855,
GFS,BAUFI2,2025-07-02T14:00:00Z,710.88,
GFS,BAUFI2,2025-07-02T14:30:00Z,564.26,
GFS,BAUFI2,2025-07-02T15:00:00Z,417.64,
GFS,BAUFI2,2025-07-02T15:30:00Z,364.23,
GFS,BAUFI2,2025-07-02T16:00:00Z,310.82,
GFS,BAUFI2,2025-07-02T16:30:00Z,263.21,
GFS,BAUFI2,2025-07-02T17:00:00Z,215.6,
GFS,BAUFI2,2025-07-02T17:30:00Z,188.65,
GFS,BAUFI2,2025-07-02T18:00:00Z,161.7,
GFS,BAUFI2,2025-07-02T18:30:00Z,145.53,
GFS,BAUFI2,2025-07-02T19:00:00Z,129.36,
GFS,BAUFI2,2025-07-02T19:30:00Z,118.585,
GFS,BAUFI2,2025-07-02T20:00:00Z,107.81,
GFS,BAUFI2,2025-07-02T20:30:00Z,53.905,
GFS,BAUFI2,2025-07-02T21:00:00Z,0,
GFS,BAUFI2,2025-07-02T21:30:00Z,0,
GFS,BAUFI2,2025-07-02T22:00:00Z,0,
GFS,BAUFI2,2025-07-02T22:30:00Z,0,
GFS,BAUFI2,2025-07-02T23:00:00Z,0,
GFS,BAUFI2,2025-07-02T23:30:00Z,0,
GFS,BAUFI3,2025-06-03T00:00:00Z,0,
GFS,BAUFI3,2025-06-03T00:30:00Z,0,
GFS,BAUFI3,2025-06-03T01:00:00Z,0,
GFS,BAUFI3,2025-06-03T01:30:00Z,0,
GFS,BAUFI3,2025-06-03T02:00:00Z,0,
GFS,BAUFI3,2025-06-03T02:30:00Z,0,
GFS,BAUFI3,2025-06-03T03:00:00Z,0,
GFS,BAUFI3,2025-06-03T03:30:00Z,0,
GFS,BAUFI3,2025-06-03T04:00:00Z,0,
GFS,BAUFI3,2025-06-03T04:30:00Z,0,
GFS,BAUFI3,2025-06-03T05:00:00Z,0,
GFS,BAUFI3,2025-06-03T05:30:00Z,3.64,
GFS,BAUFI3,2025-06-03T06:00:00Z,7.28,
GFS,BAUFI3,2025-06-03T06:30:00Z,28.68,
GFS,BAUFI3,2025-06-03T07:00:00Z,50.08,
GFS,BAUFI3,2025-06-03T07:30:00Z,81.33,
GFS,BAUFI3,2025-06-03T08:00:00Z,112.58,
GFS,BAUFI3,2025-06-03T08:30:00Z,354.79,
GFS,BAUFI3,2025-06-03T09:00:00Z,597,
GFS,BAUFI3,2025-06-03T09:30:00Z,632.26,
GFS,BAUFI3,2025-06-03T10:00:00Z,667.52,
GFS,BAUFI3,2025-06-03T10:30:00Z,686.83,
GFS,BAUFI3,2025-06-03T11:00:00Z,706.14,
GFS,BAUFI3,2025-06-03T11:30:00Z,713.95,
GFS,BAUFI3,2025-06-03T12:00:00Z,721.76,
GFS,BAUFI3,2025-06-03T12:30:00Z,718.81,
GFS,BAUFI3,2025-06-03T13:00:00Z,715.86,
GFS,BAUFI3,2025-06-03T13:30:00Z,704.52,
GFS,BAUFI3,2025-06-03T14:00:00Z,693.18,
GFS,BAUFI3,2025-06-03T14:30:00Z,530.4,
GFS,BAUFI3,2025-06-03T15:00:00Z,367.62,
GFS,BAUFI3,2025-06-03T15:30:00Z,312.96,
GFS,BAUFI3,2025-06-03T16:00:00Z,258.3,
GFS,BAUFI3,2025-06-03T16:30:00Z,218.14,
GFS,BAUFI3,2025-06-03T17:00:00Z,177.98,
GFS,BAUFI3,2025-06-03T17:30:00Z,155.73,
GFS,BAUFI3,2025-06-03T18:00:00Z,133.48,
GFS,BAUFI3,2025-06-03T18:30:00Z,120.13,
GFS,BAUFI3,2025-06-03T19:00:00Z,106.78,
GFS,BAUFI3,2025-06-03T19:30:00Z,97.885,
GFS,BAUFI3,2025-06-03T20:00:00Z,88.99,
GFS,BAUFI3,2025-06-03T20:30:00Z,44.495,
GFS,BAUFI3,2025-06-03T21:00:00Z,0,
GFS,BAUFI3,2025-06-03T21:30:00Z,0,
GFS,BAUFI3,2025-06-03T22:00:00Z,0,
GFS,BAUFI3,2025-06-03T22:30:00Z,0,
GFS,BAUFI3,2025-06-03T23:00:00Z,0,
GFS,BAUFI3,2025-06-03T23:30:00Z,0,
GFS,BAUFI3,2025-06-04T00:00:00Z,0,
GFS,BAUFI3,2025-06-04T00:30:00Z,0,
GFS,BAUFI3,2025-06-04T01:00:00Z,0,
GFS,BAUFI3,2025-06-04T01:30:00Z,0,
GFS,BAUFI3,2025-06-04T02:00:00Z,0,
GFS,BAUFI3,2025-06-04T02:30:00Z,0,
GFS,BAUFI3,2025-06-04T03:00:00Z,0,
GFS,BAUFI3,2025-06-04T03:30:00Z,0,
GFS,BAUFI3,2025-06-04T04:00:00Z,0,
GFS,BAUFI3,2025-06-04T04:30:00Z,0,
GFS,BAUFI3,2025-06-04T05:00:00Z,0,
GFS,BAUFI3,2025-06-04T05:30:00Z,4.2,
GFS,BAUFI3,2025-06-04T06:00:00Z,8.4,
GFS,BAUFI3,2025-06-04T06:30:00Z,29.77,
GFS,BAUFI3,2025-06-04T07:00:00Z,51.14,
GFS,BAUFI3,2025-06-04T07:30:00Z,83.22,
GFS,BAUFI3,2025-06-04T08:00:00Z,115.3,
GFS,BAUFI3,2025-06-04T08:30:00Z,366.11,
GFS,BAUFI3,2025-06-04T09:00:00Z,616.92,
GFS,BAUFI3,2025-06-04T09:30:00Z,649.14,
GFS,BAUFI3,2025-06-04T10:00:00Z,681.36,
GFS,BAUFI3,2025-06-04T10:30:00Z,702.78,
GFS,BAUFI3,2025-06-04T11:00:00Z,724.2,
GFS,BAUFI3,2025-06-04T11:30:00Z,734.125,
GFS,BAUFI3,2025-06-04T12:00:00Z,744.05,
GFS,BAUFI3,2025-06-04T12:30:00Z,742.345,
GFS,BAUFI3,2025-06-04T13:00:00Z,740.64,
GFS,BAUFI3,2025-06-04T13:30:00Z,727.935,
GFS,BAUFI3,2025-06-04T14:00:00Z,715.23,
GFS,BAUFI3,2025-06-04T14:30:00Z,557.225,
GFS,BAUFI3,2025-06-04T15:00:00Z,399.22,
GFS,BAUFI3,2025-06-04T15:30:00Z,345.36,
GFS,BAUFI3,2025-06-04T16:00:00Z,291.5,
GFS,BAUFI3,2025-06-04T16:30:00Z,245.16,
GFS,BAUFI3,2025-06-04T17:00:00Z,198.82,
GFS,BAUFI3,2025-06-04T17:30:00Z,173.97,
GFS,BAUFI3,2025-06-04T18:00:00Z,149.12,
GFS,BAUFI3,2025-06-04T18:30:00Z,134.21,
GFS,BAUFI3,2025-06-04T19:00:00Z,119.3,
GFS,BAUFI3,2025-06-04T19:30:00Z,109.355,
GFS,BAUFI3,2025-06-04T20:00:00Z,99.41,
GFS,BAUFI3,2025-06-04T20:30:00Z,49.705,
GFS,BAUFI3,2025-06-04T21:00:00Z,0,
GFS,BAUFI3,2025-06-04T21:30:00Z,0,
GFS,BAUFI3,2025-06-04T22:00:00Z,0,
GFS,BAUFI3,2025-06-04T22:30:00Z,0,
GFS,BAUFI3,2025-06-04T23:00:00Z,0,
GFS,BAUFI3,2025-06-04T23:30:00Z,0,
GFS,BAUFI3,2025-06-05T00:00:00Z,0,
GFS,BAUFI3,2025-06-05T00:30:00Z,0,
GFS,BAUFI3,2025-06-05T01:00:00Z,0,
GFS,BAUFI3,2025-06-05T01:30:00Z,0,
GFS,BAUFI3,2025-06-05T02:00:00Z,0,
GFS,BAUFI3,2025-06-05T02:30:00Z,0,
GFS,BAUFI3,2025-06-05T03:00:00Z,0,
GFS,BAUFI3,2025-06-05T03:30:00Z,0,
GFS,BAUFI3,2025-06-05T04:00:00Z,0,
GFS,BAUFI3,2025-06-05T04:30:00Z,0,
GFS,BAUFI3,2025-06-05T05:00:00Z,0,
GFS,BAUFI3,2025-06-05T05:30:00Z,4.23,
GFS,BAUFI3,2025-06-05T06:00:00Z,8.46,
GFS,BAUFI3,2025-06-05T06:30:00Z,29.96,
GFS,BAUFI3,2025-06-05T07:00:00Z,51.46,
GFS,BAUFI3,2025-06-05T07:30:00Z,83.67,
GFS,BAUFI3,2025-06-05T08:00:00Z,115.88,
GFS,BAUFI3,2025-06-05T08:30:00Z,368.11,
GFS,BAUFI3,2025-06-05T09:00:00Z,620.34,
GFS,BAUFI3,2025-06-05T09:30:00Z,652.96,
GFS,BAUFI3,2025-06-05T10:00:00Z,685.58,
GFS,BAUFI3,2025-06-05T10:30:00Z,707.56,
GFS,BAUFI3,2025-06-05T11:00:00Z,729.54,
GFS,BAUFI3,2025-06-05T11:30:00Z,739.83,
GFS,BAUFI3,2025-06-05T12:00:00Z,750.12,
GFS,BAUFI3,2025-06-05T12:30:00Z,748.73,
GFS,BAUFI3,2025-06-05T13:00:00Z,747.34,
GFS,BAUFI3,2025-06-05T13:30:00Z,734.775,
GFS,BAUFI3,2025-06-05T14:00:00Z,722.21,
GFS,BAUFI3,2025-06-05T14:30:00Z,564.295,
GFS,BAUFI3,2025-06-05T15:00:00Z,406.38,
GFS,BAUFI3,2025-06-05T15:30:00Z,351.87,
GFS,BAUFI3,2025-06-05T16:00:00Z,297.36,
GFS,BAUFI3,2025-06-05T16:30:00Z,250.85,
GFS,BAUFI3,2025-06-05T17:00:00Z,204.34,
GFS,BAUFI3,2025-06-05T17:30:00Z,178.79,
GFS,BAUFI3,2025-06-05T18:00:00Z,153.24,
GFS,BAUFI3,2025-06-05T18:30:00Z,137.915,
GFS,BAUFI3,2025-06-05T19:00:00Z,122.59,
GFS,BAUFI3,2025-06-05T19:30:00Z,112.375,
GFS,BAUFI3,2025-06-05T20:00:00Z,102.16,
GFS,BAUFI3,2025-06-05T20:30:00Z,51.08,
GFS,BAUFI3,2025-06-05T21:00:00Z,0,
GFS,BAUFI3,2025-06-05T21:30:00Z,0,
GFS,BAUFI3,2025-06-05T22:00:00Z,0,
GFS,BAUFI3,2025-06-05T22:30:00Z,0,
GFS,BAUFI3,2025-06-05T23:00:00Z,0,
GFS,BAUFI3,2025-06-05T23:30:00Z,0,
GFS,BAUFI3,2025-06-06T00:00:00Z,0,
GFS,BAUFI3,2025-06-06T00:30:00Z,0,
GFS,BAUFI3,2025-06-06T01:00:00Z,0,
GFS,BAUFI3,2025-06-06T01:30:00Z,0,
GFS,BAUFI3,2025-06-06T02:00:00Z,0,
GFS,BAUFI3,2025-06-06T02:30:00Z,0,
GFS,BAUFI3,2025-06-06T03:00:00Z,0,
GFS,BAUFI3,2025-06-06T03:30:00Z,0,
GFS,BAUFI3,2025-06-06T04:00:00Z,0,
GFS,BAUFI3,2025-06-06T04:30:00Z,0,
GFS,BAUFI3,2025-06-06T05:00:00Z,0,
GFS,BAUFI3,2025-06-06T05:30:00Z,4.31,
GFS,BAUFI3,2025-06-06T06:00:00Z,8.62,
GFS,BAUFI3,2025-06-06T06:30:00Z,30.48,
GFS,BAUFI3,2025-06-06T07:00:00Z,52.34,
GFS,BAUFI3,2025-06-06T07:30:00Z,84.99,
GFS,BAUFI3,2025-06-06T08:00:00Z,117.64,
GFS,BAUFI3,2025-06-06T08:30:00Z,372.87,
GFS,BAUFI3,2025-06-06T09:00:00Z,628.1,
GFS,BAUFI3,2025-06-06T09:30:00Z,660.31,
GFS,BAUFI3,2025-06-06T10:00:00Z,692.52,
GFS,BAUFI3,2025-06-06T10:30:00Z,714.03,
GFS,BAUFI3,2025-06-06T11:00:00Z,735.54,
GFS,BAUFI3,2025-06-06T11:30:00Z,745.665,
GFS,BAUFI3,2025-06-06T12:00:00Z,755.79,
GFS,BAUFI3,2025-06-06T12:30:00Z,754.2,
GFS,BAUFI3,2025-06-06T13:00:00Z,752.61,
GFS,BAUFI3,2025-06-06T13:30:00Z,739.935,
GFS,BAUFI3,2025-06-06T14:00:00Z,727.26,
GFS,BAUFI3,2025-06-06T14:30:00Z,568.62,
GFS,BAUFI3,2025-06-06T15:00:00Z,409.98,
GFS,BAUFI3,2025-06-06T15:30:00Z,355.07,
GFS,BAUFI3,2025-06-06T16:00:00Z,300.16,
GFS,BAUFI3,2025-06-06T16:30:00Z,253.23,
GFS,BAUFI3,2025-06-06T17:00:00Z,206.3,
GFS,BAUFI3,2025-06-06T17:30:00Z,180.51,
GFS,BAUFI3,2025-06-06T18:00:00Z,154.72,
GFS,BAUFI3,2025-06-06T18:30:00Z,139.25,
GFS,BAUFI3,2025-06-06T19:00:00Z,123.78,
GFS,BAUFI3,2025-06-06T19:30:00Z,113.465,
GFS,BAUFI3,2025-06-06T20:00:00Z,103.15,
GFS,BAUFI3,2025-06-06T20:30:00Z,51.575,
GFS,BAUFI3,2025-06-06T21:00:00Z,0,
GFS,BAUFI3,2025-06-06T21:30:00Z,0,
GFS,BAUFI3,2025-06-06T22:00:00Z,0,
GFS,BAUFI3,2025-06-06T22:30:00Z,0,
GFS,BAUFI3,2025-06-06T23:00:00Z,0,
GFS,BAUFI3,2025-06-06T23:30:00Z,0,
GFS,BAUFI3,2025-06-07T00:00:00Z,0,
GFS,BAUFI3,2025-06-07T00:30:00Z,0,
GFS,BAUFI3,2025-06-07T01:00:00Z,0,
GFS,BAUFI3,2025-06-07T01:30:00Z,0,
GFS,BAUFI3,2025-06-07T02:00:00Z,0,
GFS,BAUFI3,2025-06-07T02:30:00Z,0,
GFS,BAUFI3,2025-06-07T03:00:00Z,0,
GFS,BAUFI3,2025-06-07T03:30:00Z,0,
GFS,BAUFI3,2025-06-07T04:00:00Z,0,
GFS,BAUFI3,2025-06-07T04:30:00Z,0,
GFS,BAUFI3,2025-06-07T05:00:00Z,0,
GFS,BAUFI3,2025-06-07T05:30:00Z,4.22,
GFS,BAUFI3,2025-06-07T06:00:00Z,8.44,
GFS,BAUFI3,2025-06-07T06:30:00Z,30.04,
GFS,BAUFI3,2025-06-07T07:00:00Z,51.64,
GFS,BAUFI3,2025-06-07T07:30:00Z,84.1,
GFS,BAUFI3,2025-06-07T08:00:00Z,116.56,
GFS,BAUFI3,2025-06-07T08:30:00Z,370.84,
GFS,BAUFI3,2025-06-07T09:00:00Z,625.12,
GFS,BAUFI3,2025-06-07T09:30:00Z,657.46,
GFS,BAUFI3,2025-06-07T10:00:00Z,689.8,
GFS,BAUFI3,2025-06-07T10:30:00Z,711.59,
GFS,BAUFI3,2025-06-07T11:00:00Z,733.38,
GFS,BAUFI3,2025-06-07T11:30:00Z,743.53,
GFS,BAUFI3,2025-06-07T12:00:00Z,753.68,
GFS,BAUFI3,2025-06-07T12:30:00Z,752.095,
GFS,BAUFI3,2025-06-07T13:00:00Z,750.51,
GFS,BAUFI3,2025-06-07T13:30:00Z,737.765,
GFS,BAUFI3,2025-06-07T14:00:00Z,725.02,
GFS,BAUFI3,2025-06-07T14:30:00Z,565.82,
GFS,BAUFI3,2025-06-07T15:00:00Z,406.62,
GFS,BAUFI3,2025-06-07T15:30:00Z,352.02,
GFS,BAUFI3,2025-06-07T16:00:00Z,297.42,
GFS,BAUFI3,2025-06-07T16:30:00Z,250.91,
GFS,BAUFI3,2025-06-07T17:00:00Z,204.4,
GFS,BAUFI3,2025-06-07T17:30:00Z,178.85,
GFS,BAUFI3,2025-06-07T18:00:00Z,153.3,
GFS,BAUFI3,2025-06-07T18:30:00Z,137.97,
GFS,BAUFI3,2025-06-07T19:00:00Z,122.64,
GFS,BAUFI3,2025-06-07T19:30:00Z,112.415,
GFS,BAUFI3,2025-06-07T20:00:00Z,102.19,
GFS,BAUFI3,2025-06-07T20:30:00Z,51.095,
GFS,BAUFI3,2025-06-07T21:00:00Z,0,
GFS,BAUFI3,2025-06-07T21:30:00Z,0,
GFS,BAUFI3,2025-06-07T22:00:00Z,0,
GFS,BAUFI3,2025-06-07T22:30:00Z,0,
GFS,BAUFI3,2025-06-07T23:00:00Z,0,
GFS,BAUFI3,2025-06-07T23:30:00Z,0,
GFS,BAUFI3,2025-06-08T00:00:00Z,0,
GFS,BAUFI3,2025-06-08T00:30:00Z,0,
GFS,BAUFI3,2025-06-08T01:00:00Z,0,
GFS,BAUFI3,2025-06-08T01:30:00Z,0,
GFS,BAUFI3,2025-06-08T02:00:00Z,0,
GFS,BAUFI3,2025-06-08T02:30:00Z,0,
GFS,BAUFI3,2025-06-08T03:00:00Z,0,
GFS,BAUFI3,2025-06-08T03:30:00Z,0,
GFS,BAUFI3,2025-06-08T04:00:00Z,0,
GFS,BAUFI3,2025-06-08T04:30:00Z,0,
GFS,BAUFI3,2025-06-08T05:00:00Z,0,
GFS,BAUFI3,2025-06-08T05:30:00Z,4.04,
GFS,BAUFI3,2025-06-08T06:00:00Z,8.08,
GFS,BAUFI3,2025-06-08T06:30:00Z,29.39,
GFS,BAUFI3,2025-06-08T07:00:00Z,50.7,
GFS,BAUFI3,2025-06-08T07:30:00Z,82.07,
GFS,BAUFI3,2025-06-08T08:00:00Z,113.44,
GFS,BAUFI3,2025-06-08T08:30:00Z,351.85,
GFS,BAUFI3,2025-06-08T09:00:00Z,590.26,
GFS,BAUFI3,2025-06-08T09:30:00Z,626.66,
GFS,BAUFI3,2025-06-08T10:00:00Z,663.06,
GFS,BAUFI3,2025-06-08T10:30:00Z,687.34,
GFS,BAUFI3,2025-06-08T11:00:00Z,711.62,
GFS,BAUFI3,2025-06-08T11:30:00Z,723.45,
GFS,BAUFI3,2025-06-08T12:00:00Z,735.28,
GFS,BAUFI3,2025-06-08T12:30:00Z,734.33,
GFS,BAUFI3,2025-06-08T13:00:00Z,733.38,
GFS,BAUFI3,2025-06-08T13:30:00Z,719.26,
GFS,BAUFI3,2025-06-08T14:00:00Z,705.14,
GFS,BAUFI3,2025-06-08T14:30:00Z,530.9,
GFS,BAUFI3,2025-06-08T15:00:00Z,356.66,
GFS,BAUFI3,2025-06-08T15:30:00Z,305.71,
GFS,BAUFI3,2025-06-08T16:00:00Z,254.76,
GFS,BAUFI3,2025-06-08T16:30:00Z,215.07,
GFS,BAUFI3,2025-06-08T17:00:00Z,175.38,
GFS,BAUFI3,2025-06-08T17:30:00Z,153.46,
GFS,BAUFI3,2025-06-08T18:00:00Z,131.54,
GFS,BAUFI3,2025-06-08T18:30:00Z,118.38,
GFS,BAUFI3,2025-06-08T19:00:00Z,105.22,
GFS,BAUFI3,2025-06-08T19:30:00Z,96.46,
GFS,BAUFI3,2025-06-08T20:00:00Z,87.7,
GFS,BAUFI3,2025-06-08T20:30:00Z,43.85,
GFS,BAUFI3,2025-06-08T21:00:00Z,0,
GFS,BAUFI3,2025-06-08T21:30:00Z,0,
GFS,BAUFI3,2025-06-08T22:00:00Z,0,
GFS,BAUFI3,2025-06-08T22:30:00Z,0,
GFS,BAUFI3,2025-06-08T23:00:00Z,0,
GFS,BAUFI3,2025-06-08T23:30:00Z,0,
GFS,BAUFI3,2025-06-09T00:00:00Z,0,
GFS,BAUFI3,2025-06-09T00:30:00Z,0,
GFS,BAUFI3,2025-06-09T01:00:00Z,0,
GFS,BAUFI3,2025-06-09T01:30:00Z,0,
GFS,BAUFI3,2025-06-09T02:00:00Z,0,
GFS,BAUFI3,2025-06-09T02:30:00Z,0,
GFS,BAUFI3,2025-06-09T03:00:00Z,0,
GFS,BAUFI3,2025-06-09T03:30:00Z,0,
GFS,BAUFI3,2025-06-09T04:00:00Z,0,
GFS,BAUFI3,2025-06-09T04:30:00Z,0,
GFS,BAUFI3,2025-06-09T05:00:00Z,0,
GFS,BAUFI3,2025-06-09T05:30:00Z,4.23,
GFS,BAUFI3,2025-06-09T06:00:00Z,8.46,
GFS,BAUFI3,2025-06-09T06:30:00Z,30.39,
GFS,BAUFI3,2025-06-09T07:00:00Z,52.32,
GFS,BAUFI3,2025-06-09T07:30:00Z,83.975,
GFS,BAUFI3,2025-06-09T08:00:00Z,115.63,
GFS,BAUFI3,2025-06-09T08:30:00Z,373.005,
GFS,BAUFI3,2025-06-09T09:00:00Z,630.38,
GFS,BAUFI3,2025-06-09T09:30:00Z,663.02,
GFS,BAUFI3,2025-06-09T10:00:00Z,695.66,
GFS,BAUFI3,2025-06-09T10:30:00Z,717.37,
GFS,BAUFI3,2025-06-09T11:00:00Z,739.08,
GFS,BAUFI3,2025-06-09T11:30:00Z,748.65,
GFS,BAUFI3,2025-06-09T12:00:00Z,758.22,
GFS,BAUFI3,2025-06-09T12:30:00Z,753.48,
GFS,BAUFI3,2025-06-09T13:00:00Z,748.74,
GFS,BAUFI3,2025-06-09T13:30:00Z,736.555,
GFS,BAUFI3,2025-06-09T14:00:00Z,724.37,
GFS,BAUFI3,2025-06-09T14:30:00Z,568.445,
GFS,BAUFI3,2025-06-09T15:00:00Z,412.52,
GFS,BAUFI3,2025-06-09T15:30:00Z,357.46,
GFS,BAUFI3,2025-06-09T16:00:00Z,302.4,
GFS,BAUFI3,2025-06-09T16:30:00Z,255.13,
GFS,BAUFI3,2025-06-09T17:00:00Z,207.86,
GFS,BAUFI3,2025-06-09T17:30:00Z,181.88,
GFS,BAUFI3,2025-06-09T18:00:00Z,155.9,
GFS,BAUFI3,2025-06-09T18:30:00Z,140.31,
GFS,BAUFI3,2025-06-09T19:00:00Z,124.72,
GFS,BAUFI3,2025-06-09T19:30:00Z,114.33,
GFS,BAUFI3,2025-06-09T20:00:00Z,103.94,
GFS,BAUFI3,2025-06-09T20:30:00Z,51.97,
GFS,BAUFI3,2025-06-09T21:00:00Z,0,
GFS,BAUFI3,2025-06-09T21:30:00Z,0,
GFS,BAUFI3,2025-06-09T22:00:00Z,0,
GFS,BAUFI3,2025-06-09T22:30:00Z,0,
GFS,BAUFI3,2025-06-09T23:00:00Z,0,
GFS,BAUFI3,2025-06-09T23:30:00Z,0,
GFS,BAUFI3,2025-06-10T00:00:00Z,0,
GFS,BAUFI3,2025-06-10T00:30:00Z,0,
GFS,BAUFI3,2025-06-10T01:00:00Z,0,
GFS,BAUFI3,2025-06-10T01:30:00Z,0,
GFS,BAUFI3,2025-06-10T02:00:00Z,0,
GFS,BAUFI3,2025-06-10T02:30:00Z,0,
GFS,BAUFI3,2025-06-10T03:00:00Z,0,
GFS,BAUFI3,2025-06-10T03:30:00Z,0,
GFS,BAUFI3,2025-06-10T04:00:00Z,0,
GFS,BAUFI3,2025-06-10T04:30:00Z,0,
GFS,BAUFI3,2025-06-10T05:00:00Z,0,
GFS,BAUFI3,2025-06-10T05:30:00Z,4.06,
GFS,BAUFI3,2025-06-10T06:00:00Z,8.12,
GFS,BAUFI3,2025-06-10T06:30:00Z,29.59,
GFS,BAUFI3,2025-06-10T07:00:00Z,51.06,
GFS,BAUFI3,2025-06-10T07:30:00Z,83.41,
GFS,BAUFI3,2025-06-10T08:00:00Z,115.76,
GFS,BAUFI3,2025-06-10T08:30:00Z,369.24,
GFS,BAUFI3,2025-06-10T09:00:00Z,622.72,
GFS,BAUFI3,2025-06-10T09:30:00Z,655.42,
GFS,BAUFI3,2025-06-10T10:00:00Z,688.12,
GFS,BAUFI3,2025-06-10T10:30:00Z,709.93,
GFS,BAUFI3,2025-06-10T11:00:00Z,731.74,
GFS,BAUFI3,2025-06-10T11:30:00Z,741.91,
GFS,BAUFI3,2025-06-10T12:00:00Z,752.08,
GFS,BAUFI3,2025-06-10T12:30:00Z,750.655,
GFS,BAUFI3,2025-06-10T13:00:00Z,749.23,
GFS,BAUFI3,2025-06-10T13:30:00Z,736.695,
GFS,BAUFI3,2025-06-10T14:00:00Z,724.16,
GFS,BAUFI3,2025-06-10T14:30:00Z,566.26,
GFS,BAUFI3,2025-06-10T15:00:00Z,408.36,
GFS,BAUFI3,2025-06-10T15:30:00Z,353.74,
GFS,BAUFI3,2025-06-10T16:00:00Z,299.12,
GFS,BAUFI3,2025-06-10T16:30:00Z,252.38,
GFS,BAUFI3,2025-06-10T17:00:00Z,205.64,
GFS,BAUFI3,2025-06-10T17:30:00Z,179.93,
GFS,BAUFI3,2025-06-10T18:00:00Z,154.22,
GFS,BAUFI3,2025-06-10T18:30:00Z,138.8,
GFS,BAUFI3,2025-06-10T19:00:00Z,123.38,
GFS,BAUFI3,2025-06-10T19:30:00Z,113.1,
GFS,BAUFI3,2025-06-10T20:00:00Z,102.82,
GFS,BAUFI3,2025-06-10T20:30:00Z,51.41,
GFS,BAUFI3,2025-06-10T21:00:00Z,0,
GFS,BAUFI3,2025-06-10T21:30:00Z,0,
GFS,BAUFI3,2025-06-10T22:00:00Z,0,
GFS,BAUFI3,2025-06-10T22:30:00Z,0,
GFS,BAUFI3,2025-06-10T23:00:00Z,0,
GFS,BAUFI3,2025-06-10T23:30:00Z,0,
GFS,BAUFI3,2025-06-11T00:00:00Z,0,
GFS,BAUFI3,2025-06-11T00:30:00Z,0,
GFS,BAUFI3,2025-06-11T01:00:00Z,0,
GFS,BAUFI3,2025-06-11T01:30:00Z,0,
GFS,BAUFI3,2025-06-11T02:00:00Z,0,
GFS,BAUFI3,2025-06-11T02:30:00Z,0,
GFS,BAUFI3,2025-06-11T03:00:00Z,0,
GFS,BAUFI3,2025-06-11T03:30:00Z,0,
GFS,BAUFI3,2025-06-11T04:00:00Z,0,
GFS,BAUFI3,2025-06-11T04:30:00Z,0,
GFS,BAUFI3,2025-06-11T05:00:00Z,0,
GFS,BAUFI3,2025-06-11T05:30:00Z,3.74,
GFS,BAUFI3,2025-06-11T06:00:00Z,7.48,
GFS,BAUFI3,2025-06-11T06:30:00Z,28.67,
GFS,BAUFI3,2025-06-11T07:00:00Z,49.86,
GFS,BAUFI3,2025-06-11T07:30:00Z,81.825,
GFS,BAUFI3,2025-06-11T08:00:00Z,113.79,
GFS,BAUFI3,2025-06-11T08:30:00Z,364.675,
GFS,BAUFI3,2025-06-11T09:00:00Z,615.56,
GFS,BAUFI3,2025-06-11T09:30:00Z,648.01,
GFS,BAUFI3,2025-06-11T10:00:00Z,680.46,
GFS,BAUFI3,2025-06-11T10:30:00Z,702.2,
GFS,BAUFI3,2025-06-11T11:00:00Z,723.94,
GFS,BAUFI3,2025-06-11T11:30:00Z,734.13,
GFS,BAUFI3,2025-06-11T12:00:00Z,744.32,
GFS,BAUFI3,2025-06-11T12:30:00Z,742.825,
GFS,BAUFI3,2025-06-11T13:00:00Z,741.33,
GFS,BAUFI3,2025-06-11T13:30:00Z,728.77,
GFS,BAUFI3,2025-06-11T14:00:00Z,716.21,
GFS,BAUFI3,2025-06-11T14:30:00Z,559.395,
GFS,BAUFI3,2025-06-11T15:00:00Z,402.58,
GFS,BAUFI3,2025-06-11T15:30:00Z,346.69,
GFS,BAUFI3,2025-06-11T16:00:00Z,290.8,
GFS,BAUFI3,2025-06-11T16:30:00Z,245.32,
GFS,BAUFI3,2025-06-11T17:00:00Z,199.84,
GFS,BAUFI3,2025-06-11T17:30:00Z,174.86,
GFS,BAUFI3,2025-06-11T18:00:00Z,149.88,
GFS,BAUFI3,2025-06-11T18:30:00Z,134.89,
GFS,BAUFI3,2025-06-11T19:00:00Z,119.9,
GFS,BAUFI3,2025-06-11T19:30:00Z,109.91,
GFS,BAUFI3,2025-06-11T20:00:00Z,99.92,
GFS,BAUFI3,2025-06-11T20:30:00Z,49.96,
GFS,BAUFI3,2025-06-11T21:00:00Z,0,
GFS,BAUFI3,2025-06-11T21:30:00Z,0,
GFS,BAUFI3,2025-06-11T22:00:00Z,0,
GFS,BAUFI3,2025-06-11T22:30:00Z,0,
GFS,BAUFI3,2025-06-11T23:00:00Z,0,
GFS,BAUFI3,2025-06-11T23:30:00Z,0,
GFS,BAUFI3,2025-06-12T00:00:00Z,0,
GFS,BAUFI3,2025-06-12T00:30:00Z,0,
GFS,BAUFI3,2025-06-12T01:00:00Z,0,
GFS,BAUFI3,2025-06-12T01:30:00Z,0,
GFS,BAUFI3,2025-06-12T02:00:00Z,0,
GFS,BAUFI3,2025-06-12T02:30:00Z,0,
GFS,BAUFI3,2025-06-12T03:00:00Z,0,
GFS,BAUFI3,2025-06-12T03:30:00Z,0,
GFS,BAUFI3,2025-06-12T04:00:00Z,0,
GFS,BAUFI3,2025-06-12T04:30:00Z,0,
GFS,BAUFI3,2025-06-12T05:00:00Z,0,
GFS,BAUFI3,2025-06-12T05:30:00Z,3.75,
GFS,BAUFI3,2025-06-12T06:00:00Z,7.5,
GFS,BAUFI3,2025-06-12T06:30:00Z,28.14,
GFS,BAUFI3,2025-06-12T07:00:00Z,48.78,
GFS,BAUFI3,2025-06-12T07:30:00Z,79.99,
GFS,BAUFI3,2025-06-12T08:00:00Z,111.2,
GFS,BAUFI3,2025-06-12T08:30:00Z,357.97,
GFS,BAUFI3,2025-06-12T09:00:00Z,604.74,
GFS,BAUFI3,2025-06-12T09:30:00Z,637.36,
GFS,BAUFI3,2025-06-12T10:00:00Z,669.98,
GFS,BAUFI3,2025-06-12T10:30:00Z,691.49,
GFS,BAUFI3,2025-06-12T11:00:00Z,713,
GFS,BAUFI3,2025-06-12T11:30:00Z,722.86,
GFS,BAUFI3,2025-06-12T12:00:00Z,732.72,
GFS,BAUFI3,2025-06-12T12:30:00Z,731.2,
GFS,BAUFI3,2025-06-12T13:00:00Z,729.68,
GFS,BAUFI3,2025-06-12T13:30:00Z,716.59,
GFS,BAUFI3,2025-06-12T14:00:00Z,703.5,
GFS,BAUFI3,2025-06-12T14:30:00Z,528.88,
GFS,BAUFI3,2025-06-12T15:00:00Z,354.26,
GFS,BAUFI3,2025-06-12T15:30:00Z,280.07,
GFS,BAUFI3,2025-06-12T16:00:00Z,205.88,
GFS,BAUFI3,2025-06-12T16:30:00Z,171.82,
GFS,BAUFI3,2025-06-12T17:00:00Z,137.76,
GFS,BAUFI3,2025-06-12T17:30:00Z,120.54,
GFS,BAUFI3,2025-06-12T18:00:00Z,103.32,
GFS,BAUFI3,2025-06-12T18:30:00Z,92.98,
GFS,BAUFI3,2025-06-12T19:00:00Z,82.64,
GFS,BAUFI3,2025-06-12T19:30:00Z,75.76,
GFS,BAUFI3,2025-06-12T20:00:00Z,68.88,
GFS,BAUFI3,2025-06-12T20:30:00Z,34.44,
GFS,BAUFI3,2025-06-12T21:00:00Z,0,
GFS,BAUFI3,2025-06-12T21:30:00Z,0,
GFS,BAUFI3,2025-06-12T22:00:00Z,0,
GFS,BAUFI3,2025-06-12T22:30:00Z,0,
GFS,BAUFI3,2025-06-12T23:00:00Z,0,
GFS,BAUFI3,2025-06-12T23:30:00Z,0,
GFS,BAUFI3,2025-06-13T00:00:00Z,0,
GFS,BAUFI3,2025-06-13T00:30:00Z,0,
GFS,BAUFI3,2025-06-13T01:00:00Z,0,
GFS,BAUFI3,2025-06-13T01:30:00Z,0,
GFS,BAUFI3,2025-06-13T02:00:00Z,0,
GFS,BAUFI3,2025-06-13T02:30:00Z,0,
GFS,BAUFI3,2025-06-13T03:00:00Z,0,
GFS,BAUFI3,2025-06-13T03:30:00Z,0,
GFS,BAUFI3,2025-06-13T04:00:00Z,0,
GFS,BAUFI3,2025-06-13T04:30:00Z,0,
GFS,BAUFI3,2025-06-13T05:00:00Z,0,
GFS,BAUFI3,2025-06-13T05:30:00Z,3.54,
GFS,BAUFI3,2025-06-13T06:00:00Z,7.08,
GFS,BAUFI3,2025-06-13T06:30:00Z,26.91,
GFS,BAUFI3,2025-06-13T07:00:00Z,46.74,
GFS,BAUFI3,2025-06-13T07:30:00Z,77.36,
GFS,BAUFI3,2025-06-13T08:00:00Z,107.98,
GFS,BAUFI3,2025-06-13T08:30:00Z,351.02,
GFS,BAUFI3,2025-06-13T09:00:00Z,594.06,
GFS,BAUFI3,2025-06-13T09:30:00Z,626.89,
GFS,BAUFI3,2025-06-13T10:00:00Z,659.72,
GFS,BAUFI3,2025-06-13T10:30:00Z,681.62,
GFS,BAUFI3,2025-06-13T11:00:00Z,703.52,
GFS,BAUFI3,2025-06-13T11:30:00Z,714.04,
GFS,BAUFI3,2025-06-13T12:00:00Z,724.56,
GFS,BAUFI3,2025-06-13T12:30:00Z,723.43,
GFS,BAUFI3,2025-06-13T13:00:00Z,722.3,
GFS,BAUFI3,2025-06-13T13:30:00Z,695.455,
GFS,BAUFI3,2025-06-13T14:00:00Z,668.61,
GFS,BAUFI3,2025-06-13T14:30:00Z,367.735,
GFS,BAUFI3,2025-06-13T15:00:00Z,66.86,
GFS,BAUFI3,2025-06-13T15:30:00Z,58.64,
GFS,BAUFI3,2025-06-13T16:00:00Z,50.42,
GFS,BAUFI3,2025-06-13T16:30:00Z,43.16,
GFS,BAUFI3,2025-06-13T17:00:00Z,35.9,
GFS,BAUFI3,2025-06-13T17:30:00Z,31.41,
GFS,BAUFI3,2025-06-13T18:00:00Z,26.92,
GFS,BAUFI3,2025-06-13T18:30:00Z,24.23,
GFS,BAUFI3,2025-06-13T19:00:00Z,21.54,
GFS,BAUFI3,2025-06-13T19:30:00Z,19.745,
GFS,BAUFI3,2025-06-13T20:00:00Z,17.95,
GFS,BAUFI3,2025-06-13T20:30:00Z,8.975,
GFS,BAUFI3,2025-06-13T21:00:00Z,0,
GFS,BAUFI3,2025-06-13T21:30:00Z,0,
GFS,BAUFI3,2025-06-13T22:00:00Z,0,
GFS,BAUFI3,2025-06-13T22:30:00Z,0,
GFS,BAUFI3,2025-06-13T23:00:00Z,0,
GFS,BAUFI3,2025-06-13T23:30:00Z,0,
GFS,BAUFI3,2025-06-14T00:00:00Z,0,
GFS,BAUFI3,2025-06-14T00:30:00Z,0,
GFS,BAUFI3,2025-06-14T01:00:00Z,0,
GFS,BAUFI3,2025-06-14T01:30:00Z,0,
GFS,BAUFI3,2025-06-14T02:00:00Z,0,
GFS,BAUFI3,2025-06-14T02:30:00Z,0,
GFS,BAUFI3,2025-06-14T03:00:00Z,0,
GFS,BAUFI3,2025-06-14T03:30:00Z,0,
GFS,BAUFI3,2025-06-14T04:00:00Z,0,
GFS,BAUFI3,2025-06-14T04:30:00Z,0,
GFS,BAUFI3,2025-06-14T05:00:00Z,0,
GFS,BAUFI3,2025-06-14T05:30:00Z,3.5,
GFS,BAUFI3,2025-06-14T06:00:00Z,7,
GFS,BAUFI3,2025-06-14T06:30:00Z,26.93,
GFS,BAUFI3,2025-06-14T07:00:00Z,46.86,
GFS,BAUFI3,2025-06-14T07:30:00Z,77.76,
GFS,BAUFI3,2025-06-14T08:00:00Z,108.66,
GFS,BAUFI3,2025-06-14T08:30:00Z,354.18,
GFS,BAUFI3,2025-06-14T09:00:00Z,599.7,
GFS,BAUFI3,2025-06-14T09:30:00Z,632.01,
GFS,BAUFI3,2025-06-14T10:00:00Z,664.32,
GFS,BAUFI3,2025-06-14T10:30:00Z,685.99,
GFS,BAUFI3,2025-06-14T11:00:00Z,707.66,
GFS,BAUFI3,2025-06-14T11:30:00Z,718,
GFS,BAUFI3,2025-06-14T12:00:00Z,728.34,
GFS,BAUFI3,2025-06-14T12:30:00Z,727.37,
GFS,BAUFI3,2025-06-14T13:00:00Z,726.4,
GFS,BAUFI3,2025-06-14T13:30:00Z,714.44,
GFS,BAUFI3,2025-06-14T14:00:00Z,702.48,
GFS,BAUFI3,2025-06-14T14:30:00Z,550.28,
GFS,BAUFI3,2025-06-14T15:00:00Z,398.08,
GFS,BAUFI3,2025-06-14T15:30:00Z,344.91,
GFS,BAUFI3,2025-06-14T16:00:00Z,291.74,
GFS,BAUFI3,2025-06-14T16:30:00Z,246.23,
GFS,BAUFI3,2025-06-14T17:00:00Z,200.72,
GFS,BAUFI3,2025-06-14T17:30:00Z,175.63,
GFS,BAUFI3,2025-06-14T18:00:00Z,150.54,
GFS,BAUFI3,2025-06-14T18:30:00Z,135.49,
GFS,BAUFI3,2025-06-14T19:00:00Z,120.44,
GFS,BAUFI3,2025-06-14T19:30:00Z,110.395,
GFS,BAUFI3,2025-06-14T20:00:00Z,100.35,
GFS,BAUFI3,2025-06-14T20:30:00Z,50.175,
GFS,BAUFI3,2025-06-14T21:00:00Z,0,
GFS,BAUFI3,2025-06-14T21:30:00Z,0,
GFS,BAUFI3,2025-06-14T22:00:00Z,0,
GFS,BAUFI3,2025-06-14T22:30:00Z,0,
GFS,BAUFI3,2025-06-14T23:00:00Z,0,
GFS,BAUFI3,2025-06-14T23:30:00Z,0,
GFS,BAUFI3,2025-06-15T00:00:00Z,0,
GFS,BAUFI3,2025-06-15T00:30:00Z,0,
GFS,BAUFI3,2025-06-15T01:00:00Z,0,
GFS,BAUFI3,2025-06-15T01:30:00Z,0,
GFS,BAUFI3,2025-06-15T02:00:00Z,0,
GFS,BAUFI3,2025-06-15T02:30:00Z,0,
GFS,BAUFI3,2025-06-15T03:00:00Z,0,
GFS,BAUFI3,2025-06-15T03:30:00Z,0,
GFS,BAUFI3,2025-06-15T04:00:00Z,0,
GFS,BAUFI3,2025-06-15T04:30:00Z,0,
GFS,BAUFI3,2025-06-15T05:00:00Z,0,
GFS,BAUFI3,2025-06-15T05:30:00Z,3.6,
GFS,BAUFI3,2025-06-15T06:00:00Z,7.2,
GFS,BAUFI3,2025-06-15T06:30:00Z,27.65,
GFS,BAUFI3,2025-06-15T07:00:00Z,48.1,
GFS,BAUFI3,2025-06-15T07:30:00Z,79.59,
GFS,BAUFI3,2025-06-15T08:00:00Z,111.08,
GFS,BAUFI3,2025-06-15T08:30:00Z,360.84,
GFS,BAUFI3,2025-06-15T09:00:00Z,610.6,
GFS,BAUFI3,2025-06-15T09:30:00Z,643.73,
GFS,BAUFI3,2025-06-15T10:00:00Z,676.86,
GFS,BAUFI3,2025-06-15T10:30:00Z,699.2,
GFS,BAUFI3,2025-06-15T11:00:00Z,721.54,
GFS,BAUFI3,2025-06-15T11:30:00Z,732.28,
GFS,BAUFI3,2025-06-15T12:00:00Z,743.02,
GFS,BAUFI3,2025-06-15T12:30:00Z,742.095,
GFS,BAUFI3,2025-06-15T13:00:00Z,741.17,
GFS,BAUFI3,2025-06-15T13:30:00Z,729.095,
GFS,BAUFI3,2025-06-15T14:00:00Z,717.02,
GFS,BAUFI3,2025-06-15T14:30:00Z,562.42,
GFS,BAUFI3,2025-06-15T15:00:00Z,407.82,
GFS,BAUFI3,2025-06-15T15:30:00Z,353.73,
GFS,BAUFI3,2025-06-15T16:00:00Z,299.64,
GFS,BAUFI3,2025-06-15T16:30:00Z,252.98,
GFS,BAUFI3,2025-06-15T17:00:00Z,206.32,
GFS,BAUFI3,2025-06-15T17:30:00Z,180.53,
GFS,BAUFI3,2025-06-15T18:00:00Z,154.74,
GFS,BAUFI3,2025-06-15T18:30:00Z,139.27,
GFS,BAUFI3,2025-06-15T19:00:00Z,123.8,
GFS,BAUFI3,2025-06-15T19:30:00Z,113.485,
GFS,BAUFI3,2025-06-15T20:00:00Z,103.17,
GFS,BAUFI3,2025-06-15T20:30:00Z,51.585,
GFS,BAUFI3,2025-06-15T21:00:00Z,0,
GFS,BAUFI3,2025-06-15T21:30:00Z,0,
GFS,BAUFI3,2025-06-15T22:00:00Z,0,
GFS,BAUFI3,2025-06-15T22:30:00Z,0,
GFS,BAUFI3,2025-06-15T23:00:00Z,0,
GFS,BAUFI3,2025-06-15T23:30:00Z,0,
GFS,BAUFI3,2025-06-16T00:00:00Z,0,
GFS,BAUFI3,2025-06-16T00:30:00Z,0,
GFS,BAUFI3,2025-06-16T01:00:00Z,0,
GFS,BAUFI3,2025-06-16T01:30:00Z,0,
GFS,BAUFI3,2025-06-16T02:00:00Z,0,
GFS,BAUFI3,2025-06-16T02:30:00Z,0,
GFS,BAUFI3,2025-06-16T03:00:00Z,0,
GFS,BAUFI3,2025-06-16T03:30:00Z,0,
GFS,BAUFI3,2025-06-16T04:00:00Z,0,
GFS,BAUFI3,2025-06-16T04:30:00Z,0,
GFS,BAUFI3,2025-06-16T05:00:00Z,0,
GFS,BAUFI3,2025-06-16T05:30:00Z,3.6,
GFS,BAUFI3,2025-06-16T06:00:00Z,7.2,
GFS,BAUFI3,2025-06-16T06:30:00Z,27.71,
GFS,BAUFI3,2025-06-16T07:00:00Z,48.22,
GFS,BAUFI3,2025-06-16T07:30:00Z,79.7,
GFS,BAUFI3,2025-06-16T08:00:00Z,111.18,
GFS,BAUFI3,2025-06-16T08:30:00Z,359.22,
GFS,BAUFI3,2025-06-16T09:00:00Z,607.26,
GFS,BAUFI3,2025-06-16T09:30:00Z,639.67,
GFS,BAUFI3,2025-06-16T10:00:00Z,672.08,
GFS,BAUFI3,2025-06-16T10:30:00Z,693.63,
GFS,BAUFI3,2025-06-16T11:00:00Z,715.18,
GFS,BAUFI3,2025-06-16T11:30:00Z,724.92,
GFS,BAUFI3,2025-06-16T12:00:00Z,734.66,
GFS,BAUFI3,2025-06-16T12:30:00Z,732.705,
GFS,BAUFI3,2025-06-16T13:00:00Z,730.75,
GFS,BAUFI3,2025-06-16T13:30:00Z,718.03,
GFS,BAUFI3,2025-06-16T14:00:00Z,705.31,
GFS,BAUFI3,2025-06-16T14:30:00Z,532.745,
GFS,BAUFI3,2025-06-16T15:00:00Z,360.18,
GFS,BAUFI3,2025-06-16T15:30:00Z,309.41,
GFS,BAUFI3,2025-06-16T16:00:00Z,258.64,
GFS,BAUFI3,2025-06-16T16:30:00Z,218.22,
GFS,BAUFI3,2025-06-16T17:00:00Z,177.8,
GFS,BAUFI3,2025-06-16T17:30:00Z,155.58,
GFS,BAUFI3,2025-06-16T18:00:00Z,133.36,
GFS,BAUFI3,2025-06-16T18:30:00Z,120.02,
GFS,BAUFI3,2025-06-16T19:00:00Z,106.68,
GFS,BAUFI3,2025-06-16T19:30:00Z,97.79,
GFS,BAUFI3,2025-06-16T20:00:00Z,88.9,
GFS,BAUFI3,2025-06-16T20:30:00Z,44.45,
GFS,BAUFI3,2025-06-16T21:00:00Z,0,
GFS,BAUFI3,2025-06-16T21:30:00Z,0,
GFS,BAUFI3,2025-06-16T22:00:00Z,0,
GFS,BAUFI3,2025-06-16T22:30:00Z,0,
GFS,BAUFI3,2025-06-16T23:00:00Z,0,
GFS,BAUFI3,2025-06-16T23:30:00Z,0,
GFS,BAUFI3,2025-06-17T00:00:00Z,0,
GFS,BAUFI3,2025-06-17T00:30:00Z,0,
GFS,BAUFI3,2025-06-17T01:00:00Z,0,
GFS,BAUFI3,2025-06-17T01:30:00Z,0,
GFS,BAUFI3,2025-06-17T02:00:00Z,0,
GFS,BAUFI3,2025-06-17T02:30:00Z,0,
GFS,BAUFI3,2025-06-17T03:00:00Z,0,
GFS,BAUFI3,2025-06-17T03:30:00Z,0,
GFS,BAUFI3,2025-06-17T04:00:00Z,0,
GFS,BAUFI3,2025-06-17T04:30:00Z,0,
GFS,BAUFI3,2025-06-17T05:00:00Z,0,
GFS,BAUFI3,2025-06-17T05:30:00Z,3.44,
GFS,BAUFI3,2025-06-17T06:00:00Z,6.88,
GFS,BAUFI3,2025-06-17T06:30:00Z,26.81,
GFS,BAUFI3,2025-06-17T07:00:00Z,46.74,
GFS,BAUFI3,2025-06-17T07:30:00Z,77.64,
GFS,BAUFI3,2025-06-17T08:00:00Z,108.54,
GFS,BAUFI3,2025-06-17T08:30:00Z,353.32,
GFS,BAUFI3,2025-06-17T09:00:00Z,598.1,
GFS,BAUFI3,2025-06-17T09:30:00Z,630.35,
GFS,BAUFI3,2025-06-17T10:00:00Z,662.6,
GFS,BAUFI3,2025-06-17T10:30:00Z,683.96,
GFS,BAUFI3,2025-06-17T11:00:00Z,705.32,
GFS,BAUFI3,2025-06-17T11:30:00Z,715.29,
GFS,BAUFI3,2025-06-17T12:00:00Z,725.26,
GFS,BAUFI3,2025-06-17T12:30:00Z,723.5,
GFS,BAUFI3,2025-06-17T13:00:00Z,721.74,
GFS,BAUFI3,2025-06-17T13:30:00Z,709.23,
GFS,BAUFI3,2025-06-17T14:00:00Z,696.72,
GFS,BAUFI3,2025-06-17T14:30:00Z,509.08,
GFS,BAUFI3,2025-06-17T15:00:00Z,321.44,
GFS,BAUFI3,2025-06-17T15:30:00Z,255.54,
GFS,BAUFI3,2025-06-17T16:00:00Z,189.64,
GFS,BAUFI3,2025-06-17T16:30:00Z,159.25,
GFS,BAUFI3,2025-06-17T17:00:00Z,128.86,
GFS,BAUFI3,2025-06-17T17:30:00Z,112.76,
GFS,BAUFI3,2025-06-17T18:00:00Z,96.66,
GFS,BAUFI3,2025-06-17T18:30:00Z,86.99,
GFS,BAUFI3,2025-06-17T19:00:00Z,77.32,
GFS,BAUFI3,2025-06-17T19:30:00Z,70.875,
GFS,BAUFI3,2025-06-17T20:00:00Z,64.43,
GFS,BAUFI3,2025-06-17T20:30:00Z,32.215,
GFS,BAUFI3,2025-06-17T21:00:00Z,0,
GFS,BAUFI3,2025-06-17T21:30:00Z,0,
GFS,BAUFI3,2025-06-17T22:00:00Z,0,
GFS,BAUFI3,2025-06-17T22:30:00Z,0,
GFS,BAUFI3,2025-06-17T23:00:00Z,0,
GFS,BAUFI3,2025-06-17T23:30:00Z,0,
GFS,BAUFI3,2025-06-18T00:00:00Z,0,
GFS,BAUFI3,2025-06-18T00:30:00Z,0,
GFS,BAUFI3,2025-06-18T01:00:00Z,0,
GFS,BAUFI3,2025-06-18T01:30:00Z,0,
GFS,BAUFI3,2025-06-18T02:00:00Z,0,
GFS,BAUFI3,2025-06-18T02:30:00Z,0,
GFS,BAUFI3,2025-06-18T03:00:00Z,0,
GFS,BAUFI3,2025-06-18T03:30:00Z,0,
GFS,BAUFI3,2025-06-18T04:00:00Z,0,
GFS,BAUFI3,2025-06-18T04:30:00Z,0,
GFS,BAUFI3,2025-06-18T05:00:00Z,0,
GFS,BAUFI3,2025-06-18T05:30:00Z,3.4,
GFS,BAUFI3,2025-06-18T06:00:00Z,6.8,
GFS,BAUFI3,2025-06-18T06:30:00Z,26.57,
GFS,BAUFI3,2025-06-18T07:00:00Z,46.34,
GFS,BAUFI3,2025-06-18T07:30:00Z,77.03,
GFS,BAUFI3,2025-06-18T08:00:00Z,107.72,
GFS,BAUFI3,2025-06-18T08:30:00Z,351.59,
GFS,BAUFI3,2025-06-18T09:00:00Z,595.46,
GFS,BAUFI3,2025-06-18T09:30:00Z,628,
GFS,BAUFI3,2025-06-18T10:00:00Z,660.54,
GFS,BAUFI3,2025-06-18T10:30:00Z,682.46,
GFS,BAUFI3,2025-06-18T11:00:00Z,704.38,
GFS,BAUFI3,2025-06-18T11:30:00Z,715.06,
GFS,BAUFI3,2025-06-18T12:00:00Z,725.74,
GFS,BAUFI3,2025-06-18T12:30:00Z,723.82,
GFS,BAUFI3,2025-06-18T13:00:00Z,721.9,
GFS,BAUFI3,2025-06-18T13:30:00Z,695.99,
GFS,BAUFI3,2025-06-18T14:00:00Z,670.08,
GFS,BAUFI3,2025-06-18T14:30:00Z,445.48,
GFS,BAUFI3,2025-06-18T15:00:00Z,220.88,
GFS,BAUFI3,2025-06-18T15:30:00Z,191.01,
GFS,BAUFI3,2025-06-18T16:00:00Z,161.14,
GFS,BAUFI3,2025-06-18T16:30:00Z,136.03,
GFS,BAUFI3,2025-06-18T17:00:00Z,110.92,
GFS,BAUFI3,2025-06-18T17:30:00Z,97.06,
GFS,BAUFI3,2025-06-18T18:00:00Z,83.2,
GFS,BAUFI3,2025-06-18T18:30:00Z,74.88,
GFS,BAUFI3,2025-06-18T19:00:00Z,66.56,
GFS,BAUFI3,2025-06-18T19:30:00Z,61.01,
GFS,BAUFI3,2025-06-18T20:00:00Z,55.46,
GFS,BAUFI3,2025-06-18T20:30:00Z,27.73,
GFS,BAUFI3,2025-06-18T21:00:00Z,0,
GFS,BAUFI3,2025-06-18T21:30:00Z,0,
GFS,BAUFI3,2025-06-18T22:00:00Z,0,
GFS,BAUFI3,2025-06-18T22:30:00Z,0,
GFS,BAUFI3,2025-06-18T23:00:00Z,0,
GFS,BAUFI3,2025-06-18T23:30:00Z,0,
GFS,BAUFI3,2025-06-19T00:00:00Z,0,
GFS,BAUFI3,2025-06-19T00:30:00Z,0,
GFS,BAUFI3,2025-06-19T01:00:00Z,0,
GFS,BAUFI3,2025-06-19T01:30:00Z,0,
GFS,BAUFI3,2025-06-19T02:00:00Z,0,
GFS,BAUFI3,2025-06-19T02:30:00Z,0,
GFS,BAUFI3,2025-06-19T03:00:00Z,0,
GFS,BAUFI3,2025-06-19T03:30:00Z,0,
GFS,BAUFI3,2025-06-19T04:00:00Z,0,
GFS,BAUFI3,2025-06-19T04:30:00Z,0,
GFS,BAUFI3,2025-06-19T05:00:00Z,0,
GFS,BAUFI3,2025-06-19T05:30:00Z,3.45,
GFS,BAUFI3,2025-06-19T06:00:00Z,6.9,
GFS,BAUFI3,2025-06-19T06:30:00Z,27.08,
GFS,BAUFI3,2025-06-19T07:00:00Z,47.26,
GFS,BAUFI3,2025-06-19T07:30:00Z,78.61,
GFS,BAUFI3,2025-06-19T08:00:00Z,109.96,
GFS,BAUFI3,2025-06-19T08:30:00Z,359.31,
GFS,BAUFI3,2025-06-19T09:00:00Z,608.66,
GFS,BAUFI3,2025-06-19T09:30:00Z,641.99,
GFS,BAUFI3,2025-06-19T10:00:00Z,675.32,
GFS,BAUFI3,2025-06-19T10:30:00Z,697.9,
GFS,BAUFI3,2025-06-19T11:00:00Z,720.48,
GFS,BAUFI3,2025-06-19T11:30:00Z,731.42,
GFS,BAUFI3,2025-06-19T12:00:00Z,742.36,
GFS,BAUFI3,2025-06-19T12:30:00Z,741.66,
GFS,BAUFI3,2025-06-19T13:00:00Z,740.96,
GFS,BAUFI3,2025-06-19T13:30:00Z,729.16,
GFS,BAUFI3,2025-06-19T14:00:00Z,717.36,
GFS,BAUFI3,2025-06-19T14:30:00Z,564.89,
GFS,BAUFI3,2025-06-19T15:00:00Z,412.42,
GFS,BAUFI3,2025-06-19T15:30:00Z,358.27,
GFS,BAUFI3,2025-06-19T16:00:00Z,304.12,
GFS,BAUFI3,2025-06-19T16:30:00Z,256.94,
GFS,BAUFI3,2025-06-19T17:00:00Z,209.76,
GFS,BAUFI3,2025-06-19T17:30:00Z,183.54,
GFS,BAUFI3,2025-06-19T18:00:00Z,157.32,
GFS,BAUFI3,2025-06-19T18:30:00Z,141.59,
GFS,BAUFI3,2025-06-19T19:00:00Z,125.86,
GFS,BAUFI3,2025-06-19T19:30:00Z,115.37,
GFS,BAUFI3,2025-06-19T20:00:00Z,104.88,
GFS,BAUFI3,2025-06-19T20:30:00Z,52.44,
GFS,BAUFI3,2025-06-19T21:00:00Z,0,
GFS,BAUFI3,2025-06-19T21:30:00Z,0,
GFS,BAUFI3,2025-06-19T22:00:00Z,0,
GFS,BAUFI3,2025-06-19T22:30:00Z,0,
GFS,BAUFI3,2025-06-19T23:00:00Z,0,
GFS,BAUFI3,2025-06-19T23:30:00Z,0,
GFS,BAUFI3,2025-06-20T00:00:00Z,0,
GFS,BAUFI3,2025-06-20T00:30:00Z,0,
GFS,BAUFI3,2025-06-20T01:00:00Z,0,
GFS,BAUFI3,2025-06-20T01:30:00Z,0,
GFS,BAUFI3,2025-06-20T02:00:00Z,0,
GFS,BAUFI3,2025-06-20T02:30:00Z,0,
GFS,BAUFI3,2025-06-20T03:00:00Z,0,
GFS,BAUFI3,2025-06-20T03:30:00Z,0,
GFS,BAUFI3,2025-06-20T04:00:00Z,0,
GFS,BAUFI3,2025-06-20T04:30:00Z,0,
GFS,BAUFI3,2025-06-20T05:00:00Z,0,
GFS,BAUFI3,2025-06-20T05:30:00Z,3.42,
GFS,BAUFI3,2025-06-20T06:00:00Z,6.84,
GFS,BAUFI3,2025-06-20T06:30:00Z,27.02,
GFS,BAUFI3,2025-06-20T07:00:00Z,47.2,
GFS,BAUFI3,2025-06-20T07:30:00Z,78.5,
GFS,BAUFI3,2025-06-20T08:00:00Z,109.8,
GFS,BAUFI3,2025-06-20T08:30:00Z,358.27,
GFS,BAUFI3,2025-06-20T09:00:00Z,606.74,
GFS,BAUFI3,2025-06-20T09:30:00Z,639.72,
GFS,BAUFI3,2025-06-20T10:00:00Z,672.7,
GFS,BAUFI3,2025-06-20T10:30:00Z,694.78,
GFS,BAUFI3,2025-06-20T11:00:00Z,716.86,
GFS,BAUFI3,2025-06-20T11:30:00Z,727.64,
GFS,BAUFI3,2025-06-20T12:00:00Z,738.42,
GFS,BAUFI3,2025-06-20T12:30:00Z,737.65,
GFS,BAUFI3,2025-06-20T13:00:00Z,736.88,
GFS,BAUFI3,2025-06-20T13:30:00Z,725.04,
GFS,BAUFI3,2025-06-20T14:00:00Z,713.2,
GFS,BAUFI3,2025-06-20T14:30:00Z,560.84,
GFS,BAUFI3,2025-06-20T15:00:00Z,408.48,
GFS,BAUFI3,2025-06-20T15:30:00Z,354.71,
GFS,BAUFI3,2025-06-20T16:00:00Z,300.94,
GFS,BAUFI3,2025-06-20T16:30:00Z,254.28,
GFS,BAUFI3,2025-06-20T17:00:00Z,207.62,
GFS,BAUFI3,2025-06-20T17:30:00Z,181.66,
GFS,BAUFI3,2025-06-20T18:00:00Z,155.7,
GFS,BAUFI3,2025-06-20T18:30:00Z,140.13,
GFS,BAUFI3,2025-06-20T19:00:00Z,124.56,
GFS,BAUFI3,2025-06-20T19:30:00Z,114.185,
GFS,BAUFI3,2025-06-20T20:00:00Z,103.81,
GFS,BAUFI3,2025-06-20T20:30:00Z,51.905,
GFS,BAUFI3,2025-06-20T21:00:00Z,0,
GFS,BAUFI3,2025-06-20T21:30:00Z,0,
GFS,BAUFI3,2025-06-20T22:00:00Z,0,
GFS,BAUFI3,2025-06-20T22:30:00Z,0,
GFS,BAUFI3,2025-06-20T23:00:00Z,0,
GFS,BAUFI3,2025-06-20T23:30:00Z,0,
GFS,BAUFI3,2025-06-21T00:00:00Z,0,
GFS,BAUFI3,2025-06-21T00:30:00Z,0,
GFS,BAUFI3,2025-06-21T01:00:00Z,0,
GFS,BAUFI3,2025-06-21T01:30:00Z,0,
GFS,BAUFI3,2025-06-21T02:00:00Z,0,
GFS,BAUFI3,2025-06-21T02:30:00Z,0,
GFS,BAUFI3,2025-06-21T03:00:00Z,0,
GFS,BAUFI3,2025-06-21T03:30:00Z,0,
GFS,BAUFI3,2025-06-21T04:00:00Z,0,
GFS,BAUFI3,2025-06-21T04:30:00Z,0,
GFS,BAUFI3,2025-06-21T05:00:00Z,0,
GFS,BAUFI3,2025-06-21T05:30:00Z,3.3,
GFS,BAUFI3,2025-06-21T06:00:00Z,6.6,
GFS,BAUFI3,2025-06-21T06:30:00Z,26.46,
GFS,BAUFI3,2025-06-21T07:00:00Z,46.32,
GFS,BAUFI3,2025-06-21T07:30:00Z,77.175,
GFS,BAUFI3,2025-06-21T08:00:00Z,108.03,
GFS,BAUFI3,2025-06-21T08:30:00Z,353.415,
GFS,BAUFI3,2025-06-21T09:00:00Z,598.8,
GFS,BAUFI3,2025-06-21T09:30:00Z,631.78,
GFS,BAUFI3,2025-06-21T10:00:00Z,664.76,
GFS,BAUFI3,2025-06-21T10:30:00Z,686.75,
GFS,BAUFI3,2025-06-21T11:00:00Z,708.74,
GFS,BAUFI3,2025-06-21T11:30:00Z,719.52,
GFS,BAUFI3,2025-06-21T12:00:00Z,730.3,
GFS,BAUFI3,2025-06-21T12:30:00Z,729.7,
GFS,BAUFI3,2025-06-21T13:00:00Z,729.1,
GFS,BAUFI3,2025-06-21T13:30:00Z,717.43,
GFS,BAUFI3,2025-06-21T14:00:00Z,705.76,
GFS,BAUFI3,2025-06-21T14:30:00Z,539.72,
GFS,BAUFI3,2025-06-21T15:00:00Z,373.68,
GFS,BAUFI3,2025-06-21T15:30:00Z,321.44,
GFS,BAUFI3,2025-06-21T16:00:00Z,269.2,
GFS,BAUFI3,2025-06-21T16:30:00Z,227.36,
GFS,BAUFI3,2025-06-21T17:00:00Z,185.52,
GFS,BAUFI3,2025-06-21T17:30:00Z,162.33,
GFS,BAUFI3,2025-06-21T18:00:00Z,139.14,
GFS,BAUFI3,2025-06-21T18:30:00Z,125.23,
GFS,BAUFI3,2025-06-21T19:00:00Z,111.32,
GFS,BAUFI3,2025-06-21T19:30:00Z,102.035,
GFS,BAUFI3,2025-06-21T20:00:00Z,92.75,
GFS,BAUFI3,2025-06-21T20:30:00Z,46.375,
GFS,BAUFI3,2025-06-21T21:00:00Z,0,
GFS,BAUFI3,2025-06-21T21:30:00Z,0,
GFS,BAUFI3,2025-06-21T22:00:00Z,0,
GFS,BAUFI3,2025-06-21T22:30:00Z,0,
GFS,BAUFI3,2025-06-21T23:00:00Z,0,
GFS,BAUFI3,2025-06-21T23:30:00Z,0,
GFS,BAUFI3,2025-06-22T00:00:00Z,0,
GFS,BAUFI3,2025-06-22T00:30:00Z,0,
GFS,BAUFI3,2025-06-22T01:00:00Z,0,
GFS,BAUFI3,2025-06-22T01:30:00Z,0,
GFS,BAUFI3,2025-06-22T02:00:00Z,0,
GFS,BAUFI3,2025-06-22T02:30:00Z,0,
GFS,BAUFI3,2025-06-22T03:00:00Z,0,
GFS,BAUFI3,2025-06-22T03:30:00Z,0,
GFS,BAUFI3,2025-06-22T04:00:00Z,0,
GFS,BAUFI3,2025-06-22T04:30:00Z,0,
GFS,BAUFI3,2025-06-22T05:00:00Z,0,
GFS,BAUFI3,2025-06-22T05:30:00Z,2.23,
GFS,BAUFI3,2025-06-22T06:00:00Z,4.46,
GFS,BAUFI3,2025-06-22T06:30:00Z,17.85,
GFS,BAUFI3,2025-06-22T07:00:00Z,31.24,
GFS,BAUFI3,2025-06-22T07:30:00Z,61.965,
GFS,BAUFI3,2025-06-22T08:00:00Z,92.69,
GFS,BAUFI3,2025-06-22T08:30:00Z,348.365,
GFS,BAUFI3,2025-06-22T09:00:00Z,604.04,
GFS,BAUFI3,2025-06-22T09:30:00Z,636.82,
GFS,BAUFI3,2025-06-22T10:00:00Z,669.6,
GFS,BAUFI3,2025-06-22T10:30:00Z,691.72,
GFS,BAUFI3,2025-06-22T11:00:00Z,713.84,
GFS,BAUFI3,2025-06-22T11:30:00Z,724.74,
GFS,BAUFI3,2025-06-22T12:00:00Z,735.64,
GFS,BAUFI3,2025-06-22T12:30:00Z,735.035,
GFS,BAUFI3,2025-06-22T13:00:00Z,734.43,
GFS,BAUFI3,2025-06-22T13:30:00Z,722.765,
GFS,BAUFI3,2025-06-22T14:00:00Z,711.1,
GFS,BAUFI3,2025-06-22T14:30:00Z,559.81,
GFS,BAUFI3,2025-06-22T15:00:00Z,408.52,
GFS,BAUFI3,2025-06-22T15:30:00Z,353.69,
GFS,BAUFI3,2025-06-22T16:00:00Z,298.86,
GFS,BAUFI3,2025-06-22T16:30:00Z,252.14,
GFS,BAUFI3,2025-06-22T17:00:00Z,205.42,
GFS,BAUFI3,2025-06-22T17:30:00Z,179.74,
GFS,BAUFI3,2025-06-22T18:00:00Z,154.06,
GFS,BAUFI3,2025-06-22T18:30:00Z,138.66,
GFS,BAUFI3,2025-06-22T19:00:00Z,123.26,
GFS,BAUFI3,2025-06-22T19:30:00Z,112.98,
GFS,BAUFI3,2025-06-22T20:00:00Z,102.7,
GFS,BAUFI3,2025-06-22T20:30:00Z,51.35,
GFS,BAUFI3,2025-06-22T21:00:00Z,0,
GFS,BAUFI3,2025-06-22T21:30:00Z,0,
GFS,BAUFI3,2025-06-22T22:00:00Z,0,
GFS,BAUFI3,2025-06-22T22:30:00Z,0,
GFS,BAUFI3,2025-06-22T23:00:00Z,0,
GFS,BAUFI3,2025-06-22T23:30:00Z,0,
GFS,BAUFI3,2025-06-23T00:00:00Z,0,
GFS,BAUFI3,2025-06-23T00:30:00Z,0,
GFS,BAUFI3,2025-06-23T01:00:00Z,0,
GFS,BAUFI3,2025-06-23T01:30:00Z,0,
GFS,BAUFI3,2025-06-23T02:00:00Z,0,
GFS,BAUFI3,2025-06-23T02:30:00Z,0,
GFS,BAUFI3,2025-06-23T03:00:00Z,0,
GFS,BAUFI3,2025-06-23T03:30:00Z,0,
GFS,BAUFI3,2025-06-23T04:00:00Z,0,
GFS,BAUFI3,2025-06-23T04:30:00Z,0,
GFS,BAUFI3,2025-06-23T05:00:00Z,0,
GFS,BAUFI3,2025-06-23T05:30:00Z,3.31,
GFS,BAUFI3,2025-06-23T06:00:00Z,6.62,
GFS,BAUFI3,2025-06-23T06:30:00Z,26.76,
GFS,BAUFI3,2025-06-23T07:00:00Z,46.9,
GFS,BAUFI3,2025-06-23T07:30:00Z,78.235,
GFS,BAUFI3,2025-06-23T08:00:00Z,109.57,
GFS,BAUFI3,2025-06-23T08:30:00Z,358.205,
GFS,BAUFI3,2025-06-23T09:00:00Z,606.84,
GFS,BAUFI3,2025-06-23T09:30:00Z,639.82,
GFS,BAUFI3,2025-06-23T10:00:00Z,672.8,
GFS,BAUFI3,2025-06-23T10:30:00Z,695.08,
GFS,BAUFI3,2025-06-23T11:00:00Z,717.36,
GFS,BAUFI3,2025-06-23T11:30:00Z,728.295,
GFS,BAUFI3,2025-06-23T12:00:00Z,739.23,
GFS,BAUFI3,2025-06-23T12:30:00Z,738.67,
GFS,BAUFI3,2025-06-23T13:00:00Z,738.11,
GFS,BAUFI3,2025-06-23T13:30:00Z,726.505,
GFS,BAUFI3,2025-06-23T14:00:00Z,714.9,
GFS,BAUFI3,2025-06-23T14:30:00Z,563.58,
GFS,BAUFI3,2025-06-23T15:00:00Z,412.26,
GFS,BAUFI3,2025-06-23T15:30:00Z,358.42,
GFS,BAUFI3,2025-06-23T16:00:00Z,304.58,
GFS,BAUFI3,2025-06-23T16:30:00Z,257.45,
GFS,BAUFI3,2025-06-23T17:00:00Z,210.32,
GFS,BAUFI3,2025-06-23T17:30:00Z,184.03,
GFS,BAUFI3,2025-06-23T18:00:00Z,157.74,
GFS,BAUFI3,2025-06-23T18:30:00Z,141.97,
GFS,BAUFI3,2025-06-23T19:00:00Z,126.2,
GFS,BAUFI3,2025-06-23T19:30:00Z,115.685,
GFS,BAUFI3,2025-06-23T20:00:00Z,105.17,
GFS,BAUFI3,2025-06-23T20:30:00Z,52.585,
GFS,BAUFI3,2025-06-23T21:00:00Z,0,
GFS,BAUFI3,2025-06-23T21:30:00Z,0,
GFS,BAUFI3,2025-06-23T22:00:00Z,0,
GFS,BAUFI3,2025-06-23T22:30:00Z,0,
GFS,BAUFI3,2025-06-23T23:00:00Z,0,
GFS,BAUFI3,2025-06-23T23:30:00Z,0,
GFS,BAUFI3,2025-06-24T00:00:00Z,0,
GFS,BAUFI3,2025-06-24T00:30:00Z,0,
GFS,BAUFI3,2025-06-24T01:00:00Z,0,
GFS,BAUFI3,2025-06-24T01:30:00Z,0,
GFS,BAUFI3,2025-06-24T02:00:00Z,0,
GFS,BAUFI3,2025-06-24T02:30:00Z,0,
GFS,BAUFI3,2025-06-24T03:00:00Z,0,
GFS,BAUFI3,2025-06-24T03:30:00Z,0,
GFS,BAUFI3,2025-06-24T04:00:00Z,0,
GFS,BAUFI3,2025-06-24T04:30:00Z,0,
GFS,BAUFI3,2025-06-24T05:00:00Z,0,
GFS,BAUFI3,2025-06-24T05:30:00Z,3.3,
GFS,BAUFI3,2025-06-24T06:00:00Z,6.6,
GFS,BAUFI3,2025-06-24T06:30:00Z,26.73,
GFS,BAUFI3,2025-06-24T07:00:00Z,46.86,
GFS,BAUFI3,2025-06-24T07:30:00Z,78.14,
GFS,BAUFI3,2025-06-24T08:00:00Z,109.42,
GFS,BAUFI3,2025-06-24T08:30:00Z,357.72,
GFS,BAUFI3,2025-06-24T09:00:00Z,606.02,
GFS,BAUFI3,2025-06-24T09:30:00Z,639.11,
GFS,BAUFI3,2025-06-24T10:00:00Z,672.2,
GFS,BAUFI3,2025-06-24T10:30:00Z,694.82,
GFS,BAUFI3,2025-06-24T11:00:00Z,717.44,
GFS,BAUFI3,2025-06-24T11:30:00Z,728.84,
GFS,BAUFI3,2025-06-24T12:00:00Z,740.24,
GFS,BAUFI3,2025-06-24T12:30:00Z,739.825,
GFS,BAUFI3,2025-06-24T13:00:00Z,739.41,
GFS,BAUFI3,2025-06-24T13:30:00Z,727.815,
GFS,BAUFI3,2025-06-24T14:00:00Z,716.22,
GFS,BAUFI3,2025-06-24T14:30:00Z,565.38,
GFS,BAUFI3,2025-06-24T15:00:00Z,414.54,
GFS,BAUFI3,2025-06-24T15:30:00Z,360.54,
GFS,BAUFI3,2025-06-24T16:00:00Z,306.54,
GFS,BAUFI3,2025-06-24T16:30:00Z,259.17,
GFS,BAUFI3,2025-06-24T17:00:00Z,211.8,
GFS,BAUFI3,2025-06-24T17:30:00Z,185.33,
GFS,BAUFI3,2025-06-24T18:00:00Z,158.86,
GFS,BAUFI3,2025-06-24T18:30:00Z,142.97,
GFS,BAUFI3,2025-06-24T19:00:00Z,127.08,
GFS,BAUFI3,2025-06-24T19:30:00Z,116.49,
GFS,BAUFI3,2025-06-24T20:00:00Z,105.9,
GFS,BAUFI3,2025-06-24T20:30:00Z,52.95,
GFS,BAUFI3,2025-06-24T21:00:00Z,0,
GFS,BAUFI3,2025-06-24T21:30:00Z,0,
GFS,BAUFI3,2025-06-24T22:00:00Z,0,
GFS,BAUFI3,2025-06-24T22:30:00Z,0,
GFS,BAUFI3,2025-06-24T23:00:00Z,0,
GFS,BAUFI3,2025-06-24T23:30:00Z,0,
GFS,BAUFI3,2025-06-25T00:00:00Z,0,
GFS,BAUFI3,2025-06-25T00:30:00Z,0,
GFS,BAUFI3,2025-06-25T01:00:00Z,0,
GFS,BAUFI3,2025-06-25T01:30:00Z,0,
GFS,BAUFI3,2025-06-25T02:00:00Z,0,
GFS,BAUFI3,2025-06-25T02:30:00Z,0,
GFS,BAUFI3,2025-06-25T03:00:00Z,0,
GFS,BAUFI3,2025-06-25T03:30:00Z,0,
GFS,BAUFI3,2025-06-25T04:00:00Z,0,
GFS,BAUFI3,2025-06-25T04:30:00Z,0,
GFS,BAUFI3,2025-06-25T05:00:00Z,0,
GFS,BAUFI3,2025-06-25T05:30:00Z,3.26,
GFS,BAUFI3,2025-06-25T06:00:00Z,6.52,
GFS,BAUFI3,2025-06-25T06:30:00Z,26.6,
GFS,BAUFI3,2025-06-25T07:00:00Z,46.68,
GFS,BAUFI3,2025-06-25T07:30:00Z,77.91,
GFS,BAUFI3,2025-06-25T08:00:00Z,109.14,
GFS,BAUFI3,2025-06-25T08:30:00Z,356.49,
GFS,BAUFI3,2025-06-25T09:00:00Z,603.84,
GFS,BAUFI3,2025-06-25T09:30:00Z,636.78,
GFS,BAUFI3,2025-06-25T10:00:00Z,669.72,
GFS,BAUFI3,2025-06-25T10:30:00Z,692,
GFS,BAUFI3,2025-06-25T11:00:00Z,714.28,
GFS,BAUFI3,2025-06-25T11:30:00Z,725.15,
GFS,BAUFI3,2025-06-25T12:00:00Z,736.02,
GFS,BAUFI3,2025-06-25T12:30:00Z,735.49,
GFS,BAUFI3,2025-06-25T13:00:00Z,734.96,
GFS,BAUFI3,2025-06-25T13:30:00Z,723.465,
GFS,BAUFI3,2025-06-25T14:00:00Z,711.97,
GFS,BAUFI3,2025-06-25T14:30:00Z,562.025,
GFS,BAUFI3,2025-06-25T15:00:00Z,412.08,
GFS,BAUFI3,2025-06-25T15:30:00Z,358.47,
GFS,BAUFI3,2025-06-25T16:00:00Z,304.86,
GFS,BAUFI3,2025-06-25T16:30:00Z,257.77,
GFS,BAUFI3,2025-06-25T17:00:00Z,210.68,
GFS,BAUFI3,2025-06-25T17:30:00Z,184.35,
GFS,BAUFI3,2025-06-25T18:00:00Z,158.02,
GFS,BAUFI3,2025-06-25T18:30:00Z,142.22,
GFS,BAUFI3,2025-06-25T19:00:00Z,126.42,
GFS,BAUFI3,2025-06-25T19:30:00Z,115.88,
GFS,BAUFI3,2025-06-25T20:00:00Z,105.34,
GFS,BAUFI3,2025-06-25T20:30:00Z,52.67,
GFS,BAUFI3,2025-06-25T21:00:00Z,0,
GFS,BAUFI3,2025-06-25T21:30:00Z,0,
GFS,BAUFI3,2025-06-25T22:00:00Z,0,
GFS,BAUFI3,2025-06-25T22:30:00Z,0,
GFS,BAUFI3,2025-06-25T23:00:00Z,0,
GFS,BAUFI3,2025-06-25T23:30:00Z,0,
GFS,BAUFI3,2025-06-26T00:00:00Z,0,
GFS,BAUFI3,2025-06-26T00:30:00Z,0,
GFS,BAUFI3,2025-06-26T01:00:00Z,0,
GFS,BAUFI3,2025-06-26T01:30:00Z,0,
GFS,BAUFI3,2025-06-26T02:00:00Z,0,
GFS,BAUFI3,2025-06-26T02:30:00Z,0,
GFS,BAUFI3,2025-06-26T03:00:00Z,0,
GFS,BAUFI3,2025-06-26T03:30:00Z,0,
GFS,BAUFI3,2025-06-26T04:00:00Z,0,
GFS,BAUFI3,2025-06-26T04:30:00Z,0,
GFS,BAUFI3,2025-06-26T05:00:00Z,0,
GFS,BAUFI3,2025-06-26T05:30:00Z,3.05,
GFS,BAUFI3,2025-06-26T06:00:00Z,6.1,
GFS,BAUFI3,2025-06-26T06:30:00Z,25.27,
GFS,BAUFI3,2025-06-26T07:00:00Z,44.44,
GFS,BAUFI3,2025-06-26T07:30:00Z,74.63,
GFS,BAUFI3,2025-06-26T08:00:00Z,104.82,
GFS,BAUFI3,2025-06-26T08:30:00Z,347.87,
GFS,BAUFI3,2025-06-26T09:00:00Z,590.92,
GFS,BAUFI3,2025-06-26T09:30:00Z,624.1,
GFS,BAUFI3,2025-06-26T10:00:00Z,657.28,
GFS,BAUFI3,2025-06-26T10:30:00Z,679.84,
GFS,BAUFI3,2025-06-26T11:00:00Z,702.4,
GFS,BAUFI3,2025-06-26T11:30:00Z,713.59,
GFS,BAUFI3,2025-06-26T12:00:00Z,724.78,
GFS,BAUFI3,2025-06-26T12:30:00Z,724.46,
GFS,BAUFI3,2025-06-26T13:00:00Z,724.14,
GFS,BAUFI3,2025-06-26T13:30:00Z,712.9,
GFS,BAUFI3,2025-06-26T14:00:00Z,701.66,
GFS,BAUFI3,2025-06-26T14:30:00Z,553.88,
GFS,BAUFI3,2025-06-26T15:00:00Z,406.1,
GFS,BAUFI3,2025-06-26T15:30:00Z,351.14,
GFS,BAUFI3,2025-06-26T16:00:00Z,296.18,
GFS,BAUFI3,2025-06-26T16:30:00Z,248.65,
GFS,BAUFI3,2025-06-26T17:00:00Z,201.12,
GFS,BAUFI3,2025-06-26T17:30:00Z,175.98,
GFS,BAUFI3,2025-06-26T18:00:00Z,150.84,
GFS,BAUFI3,2025-06-26T18:30:00Z,135.75,
GFS,BAUFI3,2025-06-26T19:00:00Z,120.66,
GFS,BAUFI3,2025-06-26T19:30:00Z,110.61,
GFS,BAUFI3,2025-06-26T20:00:00Z,100.56,
GFS,BAUFI3,2025-06-26T20:30:00Z,50.28,
GFS,BAUFI3,2025-06-26T21:00:00Z,0,
GFS,BAUFI3,2025-06-26T21:30:00Z,0,
GFS,BAUFI3,2025-06-26T22:00:00Z,0,
GFS,BAUFI3,2025-06-26T22:30:00Z,0,
GFS,BAUFI3,2025-06-26T23:00:00Z,0,
GFS,BAUFI3,2025-06-26T23:30:00Z,0,
GFS,BAUFI3,2025-06-27T00:00:00Z,0,
GFS,BAUFI3,2025-06-27T00:30:00Z,0,
GFS,BAUFI3,2025-06-27T01:00:00Z,0,
GFS,BAUFI3,2025-06-27T01:30:00Z,0,
GFS,BAUFI3,2025-06-27T02:00:00Z,0,
GFS,BAUFI3,2025-06-27T02:30:00Z,0,
GFS,BAUFI3,2025-06-27T03:00:00Z,0,
GFS,BAUFI3,2025-06-27T03:30:00Z,0,
GFS,BAUFI3,2025-06-27T04:00:00Z,0,
GFS,BAUFI3,2025-06-27T04:30:00Z,0,
GFS,BAUFI3,2025-06-27T05:00:00Z,0,
GFS,BAUFI3,2025-06-27T05:30:00Z,3.06,
GFS,BAUFI3,2025-06-27T06:00:00Z,6.12,
GFS,BAUFI3,2025-06-27T06:30:00Z,25.48,
GFS,BAUFI3,2025-06-27T07:00:00Z,44.84,
GFS,BAUFI3,2025-06-27T07:30:00Z,75.395,
GFS,BAUFI3,2025-06-27T08:00:00Z,105.95,
GFS,BAUFI3,2025-06-27T08:30:00Z,350.315,
GFS,BAUFI3,2025-06-27T09:00:00Z,594.68,
GFS,BAUFI3,2025-06-27T09:30:00Z,627.75,
GFS,BAUFI3,2025-06-27T10:00:00Z,660.82,
GFS,BAUFI3,2025-06-27T10:30:00Z,683.3,
GFS,BAUFI3,2025-06-27T11:00:00Z,705.78,
GFS,BAUFI3,2025-06-27T11:30:00Z,717,
GFS,BAUFI3,2025-06-27T12:00:00Z,728.22,
GFS,BAUFI3,2025-06-27T12:30:00Z,727.95,
GFS,BAUFI3,2025-06-27T13:00:00Z,727.68,
GFS,BAUFI3,2025-06-27T13:30:00Z,716.455,
GFS,BAUFI3,2025-06-27T14:00:00Z,705.23,
GFS,BAUFI3,2025-06-27T14:30:00Z,557.195,
GFS,BAUFI3,2025-06-27T15:00:00Z,409.16,
GFS,BAUFI3,2025-06-27T15:30:00Z,355.96,
GFS,BAUFI3,2025-06-27T16:00:00Z,302.76,
GFS,BAUFI3,2025-06-27T16:30:00Z,256.07,
GFS,BAUFI3,2025-06-27T17:00:00Z,209.38,
GFS,BAUFI3,2025-06-27T17:30:00Z,183.21,
GFS,BAUFI3,2025-06-27T18:00:00Z,157.04,
GFS,BAUFI3,2025-06-27T18:30:00Z,141.33,
GFS,BAUFI3,2025-06-27T19:00:00Z,125.62,
GFS,BAUFI3,2025-06-27T19:30:00Z,115.155,
GFS,BAUFI3,2025-06-27T20:00:00Z,104.69,
GFS,BAUFI3,2025-06-27T20:30:00Z,52.345,
GFS,BAUFI3,2025-06-27T21:00:00Z,0,
GFS,BAUFI3,2025-06-27T21:30:00Z,0,
GFS,BAUFI3,2025-06-27T22:00:00Z,0,
GFS,BAUFI3,2025-06-27T22:30:00Z,0,
GFS,BAUFI3,2025-06-27T23:00:00Z,0,
GFS,BAUFI3,2025-06-27T23:30:00Z,0,
GFS,BAUFI3,2025-06-28T00:00:00Z,0,
GFS,BAUFI3,2025-06-28T00:30:00Z,0,
GFS,BAUFI3,2025-06-28T01:00:00Z,0,
GFS,BAUFI3,2025-06-28T01:30:00Z,0,
GFS,BAUFI3,2025-06-28T02:00:00Z,0,
GFS,BAUFI3,2025-06-28T02:30:00Z,0,
GFS,BAUFI3,2025-06-28T03:00:00Z,0,
GFS,BAUFI3,2025-06-28T03:30:00Z,0,
GFS,BAUFI3,2025-06-28T04:00:00Z,0,
GFS,BAUFI3,2025-06-28T04:30:00Z,0,
GFS,BAUFI3,2025-06-28T05:00:00Z,0,
GFS,BAUFI3,2025-06-28T05:30:00Z,3.11,
GFS,BAUFI3,2025-06-28T06:00:00Z,6.22,
GFS,BAUFI3,2025-06-28T06:30:00Z,25.98,
GFS,BAUFI3,2025-06-28T07:00:00Z,45.74,
GFS,BAUFI3,2025-06-28T07:30:00Z,76.885,
GFS,BAUFI3,2025-06-28T08:00:00Z,108.03,
GFS,BAUFI3,2025-06-28T08:30:00Z,357.485,
GFS,BAUFI3,2025-06-28T09:00:00Z,606.94,
GFS,BAUFI3,2025-06-28T09:30:00Z,641.21,
GFS,BAUFI3,2025-06-28T10:00:00Z,675.48,
GFS,BAUFI3,2025-06-28T10:30:00Z,699.04,
GFS,BAUFI3,2025-06-28T11:00:00Z,722.6,
GFS,BAUFI3,2025-06-28T11:30:00Z,734.45,
GFS,BAUFI3,2025-06-28T12:00:00Z,746.3,
GFS,BAUFI3,2025-06-28T12:30:00Z,746.2,
GFS,BAUFI3,2025-06-28T13:00:00Z,746.1,
GFS,BAUFI3,2025-06-28T13:30:00Z,734.52,
GFS,BAUFI3,2025-06-28T14:00:00Z,722.94,
GFS,BAUFI3,2025-06-28T14:30:00Z,570.84,
GFS,BAUFI3,2025-06-28T15:00:00Z,418.74,
GFS,BAUFI3,2025-06-28T15:30:00Z,364.55,
GFS,BAUFI3,2025-06-28T16:00:00Z,310.36,
GFS,BAUFI3,2025-06-28T16:30:00Z,261.99,
GFS,BAUFI3,2025-06-28T17:00:00Z,213.62,
GFS,BAUFI3,2025-06-28T17:30:00Z,186.92,
GFS,BAUFI3,2025-06-28T18:00:00Z,160.22,
GFS,BAUFI3,2025-06-28T18:30:00Z,144.19,
GFS,BAUFI3,2025-06-28T19:00:00Z,128.16,
GFS,BAUFI3,2025-06-28T19:30:00Z,117.48,
GFS,BAUFI3,2025-06-28T20:00:00Z,106.8,
GFS,BAUFI3,2025-06-28T20:30:00Z,53.4,
GFS,BAUFI3,2025-06-28T21:00:00Z,0,
GFS,BAUFI3,2025-06-28T21:30:00Z,0,
GFS,BAUFI3,2025-06-28T22:00:00Z,0,
GFS,BAUFI3,2025-06-28T22:30:00Z,0,
GFS,BAUFI3,2025-06-28T23:00:00Z,0,
GFS,BAUFI3,2025-06-28T23:30:00Z,0,
GFS,BAUFI3,2025-06-29T00:00:00Z,0,
GFS,BAUFI3,2025-06-29T00:30:00Z,0,
GFS,BAUFI3,2025-06-29T01:00:00Z,0,
GFS,BAUFI3,2025-06-29T01:30:00Z,0,
GFS,BAUFI3,2025-06-29T02:00:00Z,0,
GFS,BAUFI3,2025-06-29T02:30:00Z,0,
GFS,BAUFI3,2025-06-29T03:00:00Z,0,
GFS,BAUFI3,2025-06-29T03:30:00Z,0,
GFS,BAUFI3,2025-06-29T04:00:00Z,0,
GFS,BAUFI3,2025-06-29T04:30:00Z,0,
GFS,BAUFI3,2025-06-29T05:00:00Z,0,
GFS,BAUFI3,2025-06-29T05:30:00Z,3.02,
GFS,BAUFI3,2025-06-29T06:00:00Z,6.04,
GFS,BAUFI3,2025-06-29T06:30:00Z,25.36,
GFS,BAUFI3,2025-06-29T07:00:00Z,44.68,
GFS,BAUFI3,2025-06-29T07:30:00Z,75.27,
GFS,BAUFI3,2025-06-29T08:00:00Z,105.86,
GFS,BAUFI3,2025-06-29T08:30:00Z,350.75,
GFS,BAUFI3,2025-06-29T09:00:00Z,595.64,
GFS,BAUFI3,2025-06-29T09:30:00Z,629.06,
GFS,BAUFI3,2025-06-29T10:00:00Z,662.48,
GFS,BAUFI3,2025-06-29T10:30:00Z,685.47,
GFS,BAUFI3,2025-06-29T11:00:00Z,708.46,
GFS,BAUFI3,2025-06-29T11:30:00Z,720.23,
GFS,BAUFI3,2025-06-29T12:00:00Z,732,
GFS,BAUFI3,2025-06-29T12:30:00Z,732.28,
GFS,BAUFI3,2025-06-29T13:00:00Z,732.56,
GFS,BAUFI3,2025-06-29T13:30:00Z,721.775,
GFS,BAUFI3,2025-06-29T14:00:00Z,710.99,
GFS,BAUFI3,2025-06-29T14:30:00Z,565.175,
GFS,BAUFI3,2025-06-29T15:00:00Z,419.36,
GFS,BAUFI3,2025-06-29T15:30:00Z,365.57,
GFS,BAUFI3,2025-06-29T16:00:00Z,311.78,
GFS,BAUFI3,2025-06-29T16:30:00Z,263.9,
GFS,BAUFI3,2025-06-29T17:00:00Z,216.02,
GFS,BAUFI3,2025-06-29T17:30:00Z,189.02,
GFS,BAUFI3,2025-06-29T18:00:00Z,162.02,
GFS,BAUFI3,2025-06-29T18:30:00Z,145.82,
GFS,BAUFI3,2025-06-29T19:00:00Z,129.62,
GFS,BAUFI3,2025-06-29T19:30:00Z,118.82,
GFS,BAUFI3,2025-06-29T20:00:00Z,108.02,
GFS,BAUFI3,2025-06-29T20:30:00Z,54.01,
GFS,BAUFI3,2025-06-29T21:00:00Z,0,
GFS,BAUFI3,2025-06-29T21:30:00Z,0,
GFS,BAUFI3,2025-06-29T22:00:00Z,0,
GFS,BAUFI3,2025-06-29T22:30:00Z,0,
GFS,BAUFI3,2025-06-29T23:00:00Z,0,
GFS,BAUFI3,2025-06-29T23:30:00Z,0,
GFS,BAUFI3,2025-06-30T00:00:00Z,0,
GFS,BAUFI3,2025-06-30T00:30:00Z,0,
GFS,BAUFI3,2025-06-30T01:00:00Z,0,
GFS,BAUFI3,2025-06-30T01:30:00Z,0,
GFS,BAUFI3,2025-06-30T02:00:00Z,0,
GFS,BAUFI3,2025-06-30T02:30:00Z,0,
GFS,BAUFI3,2025-06-30T03:00:00Z,0,
GFS,BAUFI3,2025-06-30T03:30:00Z,0,
GFS,BAUFI3,2025-06-30T04:00:00Z,0,
GFS,BAUFI3,2025-06-30T04:30:00Z,0,
GFS,BAUFI3,2025-06-30T05:00:00Z,0,
GFS,BAUFI3,2025-06-30T05:30:00Z,3.23,
GFS,BAUFI3,2025-06-30T06:00:00Z,6.46,
GFS,BAUFI3,2025-06-30T06:30:00Z,26.76,
GFS,BAUFI3,2025-06-30T07:00:00Z,47.06,
GFS,BAUFI3,2025-06-30T07:30:00Z,78.88,
GFS,BAUFI3,2025-06-30T08:00:00Z,110.7,
GFS,BAUFI3,2025-06-30T08:30:00Z,364.15,
GFS,BAUFI3,2025-06-30T09:00:00Z,617.6,
GFS,BAUFI3,2025-06-30T09:30:00Z,651.44,
GFS,BAUFI3,2025-06-30T10:00:00Z,685.28,
GFS,BAUFI3,2025-06-30T10:30:00Z,708.29,
GFS,BAUFI3,2025-06-30T11:00:00Z,731.3,
GFS,BAUFI3,2025-06-30T11:30:00Z,742.76,
GFS,BAUFI3,2025-06-30T12:00:00Z,754.22,
GFS,BAUFI3,2025-06-30T12:30:00Z,753.99,
GFS,BAUFI3,2025-06-30T13:00:00Z,753.76,
GFS,BAUFI3,2025-06-30T13:30:00Z,742.27,
GFS,BAUFI3,2025-06-30T14:00:00Z,730.78,
GFS,BAUFI3,2025-06-30T14:30:00Z,579.33,
GFS,BAUFI3,2025-06-30T15:00:00Z,427.88,
GFS,BAUFI3,2025-06-30T15:30:00Z,373.17,
GFS,BAUFI3,2025-06-30T16:00:00Z,318.46,
GFS,BAUFI3,2025-06-30T16:30:00Z,269.66,
GFS,BAUFI3,2025-06-30T17:00:00Z,220.86,
GFS,BAUFI3,2025-06-30T17:30:00Z,193.25,
GFS,BAUFI3,2025-06-30T18:00:00Z,165.64,
GFS,BAUFI3,2025-06-30T18:30:00Z,149.08,
GFS,BAUFI3,2025-06-30T19:00:00Z,132.52,
GFS,BAUFI3,2025-06-30T19:30:00Z,121.475,
GFS,BAUFI3,2025-06-30T20:00:00Z,110.43,
GFS,BAUFI3,2025-06-30T20:30:00Z,55.215,
GFS,BAUFI3,2025-06-30T21:00:00Z,0,
GFS,BAUFI3,2025-06-30T21:30:00Z,0,
GFS,BAUFI3,2025-06-30T22:00:00Z,0,
GFS,BAUFI3,2025-06-30T22:30:00Z,0,
GFS,BAUFI3,2025-06-30T23:00:00Z,0,
GFS,BAUFI3,2025-06-30T23:30:00Z,0,
GFS,BAUFI3,2025-07-01T00:00:00Z,0,
GFS,BAUFI3,2025-07-01T00:30:00Z,0,
GFS,BAUFI3,2025-07-01T01:00:00Z,0,
GFS,BAUFI3,2025-07-01T01:30:00Z,0,
GFS,BAUFI3,2025-07-01T02:00:00Z,0,
GFS,BAUFI3,2025-07-01T02:30:00Z,0,
GFS,BAUFI3,2025-07-01T03:00:00Z,0,
GFS,BAUFI3,2025-07-01T03:30:00Z,0,
GFS,BAUFI3,2025-07-01T04:00:00Z,0,
GFS,BAUFI3,2025-07-01T04:30:00Z,0,
GFS,BAUFI3,2025-07-01T05:00:00Z,0,
GFS,BAUFI3,2025-07-01T05:30:00Z,3.03,
GFS,BAUFI3,2025-07-01T06:00:00Z,6.06,
GFS,BAUFI3,2025-07-01T06:30:00Z,25.45,
GFS,BAUFI3,2025-07-01T07:00:00Z,44.84,
GFS,BAUFI3,2025-07-01T07:30:00Z,75.49,
GFS,BAUFI3,2025-07-01T08:00:00Z,106.14,
GFS,BAUFI3,2025-07-01T08:30:00Z,351.19,
GFS,BAUFI3,2025-07-01T09:00:00Z,596.24,
GFS,BAUFI3,2025-07-01T09:30:00Z,629.39,
GFS,BAUFI3,2025-07-01T10:00:00Z,662.54,
GFS,BAUFI3,2025-07-01T10:30:00Z,684.98,
GFS,BAUFI3,2025-07-01T11:00:00Z,707.42,
GFS,BAUFI3,2025-07-01T11:30:00Z,718.57,
GFS,BAUFI3,2025-07-01T12:00:00Z,729.72,
GFS,BAUFI3,2025-07-01T12:30:00Z,729.525,
GFS,BAUFI3,2025-07-01T13:00:00Z,729.33,
GFS,BAUFI3,2025-07-01T13:30:00Z,717.705,
GFS,BAUFI3,2025-07-01T14:00:00Z,706.08,
GFS,BAUFI3,2025-07-01T14:30:00Z,557.82,
GFS,BAUFI3,2025-07-01T15:00:00Z,409.56,
GFS,BAUFI3,2025-07-01T15:30:00Z,356.59,
GFS,BAUFI3,2025-07-01T16:00:00Z,303.62,
GFS,BAUFI3,2025-07-01T16:30:00Z,256.83,
GFS,BAUFI3,2025-07-01T17:00:00Z,210.04,
GFS,BAUFI3,2025-07-01T17:30:00Z,183.78,
GFS,BAUFI3,2025-07-01T18:00:00Z,157.52,
GFS,BAUFI3,2025-07-01T18:30:00Z,141.77,
GFS,BAUFI3,2025-07-01T19:00:00Z,126.02,
GFS,BAUFI3,2025-07-01T19:30:00Z,115.52,
GFS,BAUFI3,2025-07-01T20:00:00Z,105.02,
GFS,BAUFI3,2025-07-01T20:30:00Z,52.51,
GFS,BAUFI3,2025-07-01T21:00:00Z,0,
GFS,BAUFI3,2025-07-01T21:30:00Z,0,
GFS,BAUFI3,2025-07-01T22:00:00Z,0,
GFS,BAUFI3,2025-07-01T22:30:00Z,0,
GFS,BAUFI3,2025-07-01T23:00:00Z,0,
GFS,BAUFI3,2025-07-01T23:30:00Z,0,
GFS,BAUFI3,2025-07-02T00:00:00Z,0,
GFS,BAUFI3,2025-07-02T00:30:00Z,0,
GFS,BAUFI3,2025-07-02T01:00:00Z,0,
GFS,BAUFI3,2025-07-02T01:30:00Z,0,
GFS,BAUFI3,2025-07-02T02:00:00Z,0,
GFS,BAUFI3,2025-07-02T02:30:00Z,0,
GFS,BAUFI3,2025-07-02T03:00:00Z,0,
GFS,BAUFI3,2025-07-02T03:30:00Z,0,
GFS,BAUFI3,2025-07-02T04:00:00Z,0,
GFS,BAUFI3,2025-07-02T04:30:00Z,0,
GFS,BAUFI3,2025-07-02T05:00:00Z,0,
GFS,BAUFI3,2025-07-02T05:30:00Z,3.03,
GFS,BAUFI3,2025-07-02T06:00:00Z,6.06,
GFS,BAUFI3,2025-07-02T06:30:00Z,25.52,
GFS,BAUFI3,2025-07-02T07:00:00Z,44.98,
GFS,BAUFI3,2025-07-02T07:30:00Z,75.73,
GFS,BAUFI3,2025-07-02T08:00:00Z,106.48,
GFS,BAUFI3,2025-07-02T08:30:00Z,352.29,
GFS,BAUFI3,2025-07-02T09:00:00Z,598.1,
GFS,BAUFI3,2025-07-02T09:30:00Z,631.43,
GFS,BAUFI3,2025-07-02T10:00:00Z,664.76,
GFS,BAUFI3,2025-07-02T10:30:00Z,687.39,
GFS,BAUFI3,2025-07-02T11:00:00Z,710.02,
GFS,BAUFI3,2025-07-02T11:30:00Z,721.42,
GFS,BAUFI3,2025-07-02T12:00:00Z,732.82,
GFS,BAUFI3,2025-07-02T12:30:00Z,732.825,
GFS,BAUFI3,2025-07-02T13:00:00Z,732.83,
GFS,BAUFI3,2025-07-02T13:30:00Z,721.855,
GFS,BAUFI3,2025-07-02T14:00:00Z,710.88,
GFS,BAUFI3,2025-07-02T14:30:00Z,564.26,
GFS,BAUFI3,2025-07-02T15:00:00Z,417.64,
GFS,BAUFI3,2025-07-02T15:30:00Z,364.23,
GFS,BAUFI3,2025-07-02T16:00:00Z,310.82,
GFS,BAUFI3,2025-07-02T16:30:00Z,263.21,
GFS,BAUFI3,2025-07-02T17:00:00Z,215.6,
GFS,BAUFI3,2025-07-02T17:30:00Z,188.65,
GFS,BAUFI3,2025-07-02T18:00:00Z,161.7,
GFS,BAUFI3,2025-07-02T18:30:00Z,145.53,
GFS,BAUFI3,2025-07-02T19:00:00Z,129.36,
GFS,BAUFI3,2025-07-02T19:30:00Z,118.585,
GFS,BAUFI3,2025-07-02T20:00:00Z,107.81,
GFS,BAUFI3,2025-07-02T20:30:00Z,53.905,
GFS,BAUFI3,2025-07-02T21:00:00Z,0,
GFS,BAUFI3,2025-07-02T21:30:00Z,0,
GFS,BAUFI3,2025-07-02T22:00:00Z,0,
GFS,BAUFI3,2025-07-02T22:30:00Z,0,
GFS,BAUFI3,2025-07-02T23:00:00Z,0,
GFS,BAUFI3,2025-07-02T23:30:00Z,0,
GFS,BAUFI4,2025-06-03T00:00:00Z,0,
GFS,BAUFI4,2025-06-03T00:30:00Z,0,
GFS,BAUFI4,2025-06-03T01:00:00Z,0,
GFS,BAUFI4,2025-06-03T01:30:00Z,0,
GFS,BAUFI4,2025-06-03T02:00:00Z,0,
GFS,BAUFI4,2025-06-03T02:30:00Z,0,
GFS,BAUFI4,2025-06-03T03:00:00Z,0,
GFS,BAUFI4,2025-06-03T03:30:00Z,0,
GFS,BAUFI4,2025-06-03T04:00:00Z,0,
GFS,BAUFI4,2025-06-03T04:30:00Z,0,
GFS,BAUFI4,2025-06-03T05:00:00Z,0,
GFS,BAUFI4,2025-06-03T05:30:00Z,3.64,
GFS,BAUFI4,2025-06-03T06:00:00Z,7.28,
GFS,BAUFI4,2025-06-03T06:30:00Z,28.68,
GFS,BAUFI4,2025-06-03T07:00:00Z,50.08,
GFS,BAUFI4,2025-06-03T07:30:00Z,81.33,
GFS,BAUFI4,2025-06-03T08:00:00Z,112.58,
GFS,BAUFI4,2025-06-03T08:30:00Z,354.79,
GFS,BAUFI4,2025-06-03T09:00:00Z,597,
GFS,BAUFI4,2025-06-03T09:30:00Z,632.26,
GFS,BAUFI4,2025-06-03T10:00:00Z,667.52,
GFS,BAUFI4,2025-06-03T10:30:00Z,686.83,
GFS,BAUFI4,2025-06-03T11:00:00Z,706.14,
GFS,BAUFI4,2025-06-03T11:30:00Z,713.95,
GFS,BAUFI4,2025-06-03T12:00:00Z,721.76,
GFS,BAUFI4,2025-06-03T12:30:00Z,718.81,
GFS,BAUFI4,2025-06-03T13:00:00Z,715.86,
GFS,BAUFI4,2025-06-03T13:30:00Z,704.52,
GFS,BAUFI4,2025-06-03T14:00:00Z,693.18,
GFS,BAUFI4,2025-06-03T14:30:00Z,530.4,
GFS,BAUFI4,2025-06-03T15:00:00Z,367.62,
GFS,BAUFI4,2025-06-03T15:30:00Z,312.96,
GFS,BAUFI4,2025-06-03T16:00:00Z,258.3,
GFS,BAUFI4,2025-06-03T16:30:00Z,218.14,
GFS,BAUFI4,2025-06-03T17:00:00Z,177.98,
GFS,BAUFI4,2025-06-03T17:30:00Z,155.73,
GFS,BAUFI4,2025-06-03T18:00:00Z,133.48,
GFS,BAUFI4,2025-06-03T18:30:00Z,120.13,
GFS,BAUFI4,2025-06-03T19:00:00Z,106.78,
GFS,BAUFI4,2025-06-03T19:30:00Z,97.885,
GFS,BAUFI4,2025-06-03T20:00:00Z,88.99,
GFS,BAUFI4,2025-06-03T20:30:00Z,44.495,
GFS,BAUFI4,2025-06-03T21:00:00Z,0,
GFS,BAUFI4,2025-06-03T21:30:00Z,0,
GFS,BAUFI4,2025-06-03T22:00:00Z,0,
GFS,BAUFI4,2025-06-03T22:30:00Z,0,
GFS,BAUFI4,2025-06-03T23:00:00Z,0,
GFS,BAUFI4,2025-06-03T23:30:00Z,0,
GFS,BAUFI4,2025-06-04T00:00:00Z,0,
GFS,BAUFI4,2025-06-04T00:30:00Z,0,
GFS,BAUFI4,2025-06-04T01:00:00Z,0,
GFS,BAUFI4,2025-06-04T01:30:00Z,0,
GFS,BAUFI4,2025-06-04T02:00:00Z,0,
GFS,BAUFI4,2025-06-04T02:30:00Z,0,
GFS,BAUFI4,2025-06-04T03:00:00Z,0,
GFS,BAUFI4,2025-06-04T03:30:00Z,0,
GFS,BAUFI4,2025-06-04T04:00:00Z,0,
GFS,BAUFI4,2025-06-04T04:30:00Z,0,
GFS,BAUFI4,2025-06-04T05:00:00Z,0,
GFS,BAUFI4,2025-06-04T05:30:00Z,4.2,
GFS,BAUFI4,2025-06-04T06:00:00Z,8.4,
GFS,BAUFI4,2025-06-04T06:30:00Z,29.77,
GFS,BAUFI4,2025-06-04T07:00:00Z,51.14,
GFS,BAUFI4,2025-06-04T07:30:00Z,83.22,
GFS,BAUFI4,2025-06-04T08:00:00Z,115.3,
GFS,BAUFI4,2025-06-04T08:30:00Z,366.11,
GFS,BAUFI4,2025-06-04T09:00:00Z,616.92,
GFS,BAUFI4,2025-06-04T09:30:00Z,649.14,
GFS,BAUFI4,2025-06-04T10:00:00Z,681.36,
GFS,BAUFI4,2025-06-04T10:30:00Z,702.78,
GFS,BAUFI4,2025-06-04T11:00:00Z,724.2,
GFS,BAUFI4,2025-06-04T11:30:00Z,734.125,
GFS,BAUFI4,2025-06-04T12:00:00Z,744.05,
GFS,BAUFI4,2025-06-04T12:30:00Z,742.345,
GFS,BAUFI4,2025-06-04T13:00:00Z,740.64,
GFS,BAUFI4,2025-06-04T13:30:00Z,727.935,
GFS,BAUFI4,2025-06-04T14:00:00Z,715.23,
GFS,BAUFI4,2025-06-04T14:30:00Z,557.225,
GFS,BAUFI4,2025-06-04T15:00:00Z,399.22,
GFS,BAUFI4,2025-06-04T15:30:00Z,345.36,
GFS,BAUFI4,2025-06-04T16:00:00Z,291.5,
GFS,BAUFI4,2025-06-04T16:30:00Z,245.16,
GFS,BAUFI4,2025-06-04T17:00:00Z,198.82,
GFS,BAUFI4,2025-06-04T17:30:00Z,173.97,
GFS,BAUFI4,2025-06-04T18:00:00Z,149.12,
GFS,BAUFI4,2025-06-04T18:30:00Z,134.21,
GFS,BAUFI4,2025-06-04T19:00:00Z,119.3,
GFS,BAUFI4,2025-06-04T19:30:00Z,109.355,
GFS,BAUFI4,2025-06-04T20:00:00Z,99.41,
GFS,BAUFI4,2025-06-04T20:30:00Z,49.705,
GFS,BAUFI4,2025-06-04T21:00:00Z,0,
GFS,BAUFI4,2025-06-04T21:30:00Z,0,
GFS,BAUFI4,2025-06-04T22:00:00Z,0,
GFS,BAUFI4,2025-06-04T22:30:00Z,0,
GFS,BAUFI4,2025-06-04T23:00:00Z,0,
GFS,BAUFI4,2025-06-04T23:30:00Z,0,
GFS,BAUFI4,2025-06-05T00:00:00Z,0,
GFS,BAUFI4,2025-06-05T00:30:00Z,0,
GFS,BAUFI4,2025-06-05T01:00:00Z,0,
GFS,BAUFI4,2025-06-05T01:30:00Z,0,
GFS,BAUFI4,2025-06-05T02:00:00Z,0,
GFS,BAUFI4,2025-06-05T02:30:00Z,0,
GFS,BAUFI4,2025-06-05T03:00:00Z,0,
GFS,BAUFI4,2025-06-05T03:30:00Z,0,
GFS,BAUFI4,2025-06-05T04:00:00Z,0,
GFS,BAUFI4,2025-06-05T04:30:00Z,0,
GFS,BAUFI4,2025-06-05T05:00:00Z,0,
GFS,BAUFI4,2025-06-05T05:30:00Z,4.23,
GFS,BAUFI4,2025-06-05T06:00:00Z,8.46,
GFS,BAUFI4,2025-06-05T06:30:00Z,29.96,
GFS,BAUFI4,2025-06-05T07:00:00Z,51.46,
GFS,BAUFI4,2025-06-05T07:30:00Z,83.67,
GFS,BAUFI4,2025-06-05T08:00:00Z,115.88,
GFS,BAUFI4,2025-06-05T08:30:00Z,368.11,
GFS,BAUFI4,2025-06-05T09:00:00Z,620.34,
GFS,BAUFI4,2025-06-05T09:30:00Z,652.96,
GFS,BAUFI4,2025-06-05T10:00:00Z,685.58,
GFS,BAUFI4,2025-06-05T10:30:00Z,707.56,
GFS,BAUFI4,2025-06-05T11:00:00Z,729.54,
GFS,BAUFI4,2025-06-05T11:30:00Z,739.83,
GFS,BAUFI4,2025-06-05T12:00:00Z,750.12,
GFS,BAUFI4,2025-06-05T12:30:00Z,748.73,
GFS,BAUFI4,2025-06-05T13:00:00Z,747.34,
GFS,BAUFI4,2025-06-05T13:30:00Z,734.775,
GFS,BAUFI4,2025-06-05T14:00:00Z,722.21,
GFS,BAUFI4,2025-06-05T14:30:00Z,564.295,
GFS,BAUFI4,2025-06-05T15:00:00Z,406.38,
GFS,BAUFI4,2025-06-05T15:30:00Z,351.87,
GFS,BAUFI4,2025-06-05T16:00:00Z,297.36,
GFS,BAUFI4,2025-06-05T16:30:00Z,250.85,
GFS,BAUFI4,2025-06-05T17:00:00Z,204.34,
GFS,BAUFI4,2025-06-05T17:30:00Z,178.79,
GFS,BAUFI4,2025-06-05T18:00:00Z,153.24,
GFS,BAUFI4,2025-06-05T18:30:00Z,137.915,
GFS,BAUFI4,2025-06-05T19:00:00Z,122.59,
GFS,BAUFI4,2025-06-05T19:30:00Z,112.375,
GFS,BAUFI4,2025-06-05T20:00:00Z,102.16,
GFS,BAUFI4,2025-06-05T20:30:00Z,51.08,
GFS,BAUFI4,2025-06-05T21:00:00Z,0,
GFS,BAUFI4,2025-06-05T21:30:00Z,0,
GFS,BAUFI4,2025-06-05T22:00:00Z,0,
GFS,BAUFI4,2025-06-05T22:30:00Z,0,
GFS,BAUFI4,2025-06-05T23:00:00Z,0,
GFS,BAUFI4,2025-06-05T23:30:00Z,0,
GFS,BAUFI4,2025-06-06T00:00:00Z,0,
GFS,BAUFI4,2025-06-06T00:30:00Z,0,
GFS,BAUFI4,2025-06-06T01:00:00Z,0,
GFS,BAUFI4,2025-06-06T01:30:00Z,0,
GFS,BAUFI4,2025-06-06T02:00:00Z,0,
GFS,BAUFI4,2025-06-06T02:30:00Z,0,
GFS,BAUFI4,2025-06-06T03:00:00Z,0,
GFS,BAUFI4,2025-06-06T03:30:00Z,0,
GFS,BAUFI4,2025-06-06T04:00:00Z,0,
GFS,BAUFI4,2025-06-06T04:30:00Z,0,
GFS,BAUFI4,2025-06-06T05:00:00Z,0,
GFS,BAUFI4,2025-06-06T05:30:00Z,4.31,
GFS,BAUFI4,2025-06-06T06:00:00Z,8.62,
GFS,BAUFI4,2025-06-06T06:30:00Z,30.48,
GFS,BAUFI4,2025-06-06T07:00:00Z,52.34,
GFS,BAUFI4,2025-06-06T07:30:00Z,84.99,
GFS,BAUFI4,2025-06-06T08:00:00Z,117.64,
GFS,BAUFI4,2025-06-06T08:30:00Z,372.87,
GFS,BAUFI4,2025-06-06T09:00:00Z,628.1,
GFS,BAUFI4,2025-06-06T09:30:00Z,660.31,
GFS,BAUFI4,2025-06-06T10:00:00Z,692.52,
GFS,BAUFI4,2025-06-06T10:30:00Z,714.03,
GFS,BAUFI4,2025-06-06T11:00:00Z,735.54,
GFS,BAUFI4,2025-06-06T11:30:00Z,745.665,
GFS,BAUFI4,2025-06-06T12:00:00Z,755.79,
GFS,BAUFI4,2025-06-06T12:30:00Z,754.2,
GFS,BAUFI4,2025-06-06T13:00:00Z,752.61,
GFS,BAUFI4,2025-06-06T13:30:00Z,739.935,
GFS,BAUFI4,2025-06-06T14:00:00Z,727.26,
GFS,BAUFI4,2025-06-06T14:30:00Z,568.62,
GFS,BAUFI4,2025-06-06T15:00:00Z,409.98,
GFS,BAUFI4,2025-06-06T15:30:00Z,355.07,
GFS,BAUFI4,2025-06-06T16:00:00Z,300.16,
GFS,BAUFI4,2025-06-06T16:30:00Z,253.23,
GFS,BAUFI4,2025-06-06T17:00:00Z,206.3,
GFS,BAUFI4,2025-06-06T17:30:00Z,180.51,
GFS,BAUFI4,2025-06-06T18:00:00Z,154.72,
GFS,BAUFI4,2025-06-06T18:30:00Z,139.25,
GFS,BAUFI4,2025-06-06T19:00:00Z,123.78,
GFS,BAUFI4,2025-06-06T19:30:00Z,113.465,
GFS,BAUFI4,2025-06-06T20:00:00Z,103.15,
GFS,BAUFI4,2025-06-06T20:30:00Z,51.575,
GFS,BAUFI4,2025-06-06T21:00:00Z,0,
GFS,BAUFI4,2025-06-06T21:30:00Z,0,
GFS,BAUFI4,2025-06-06T22:00:00Z,0,
GFS,BAUFI4,2025-06-06T22:30:00Z,0,
GFS,BAUFI4,2025-06-06T23:00:00Z,0,
GFS,BAUFI4,2025-06-06T23:30:00Z,0,
GFS,BAUFI4,2025-06-07T00:00:00Z,0,
GFS,BAUFI4,2025-06-07T00:30:00Z,0,
GFS,BAUFI4,2025-06-07T01:00:00Z,0,
GFS,BAUFI4,2025-06-07T01:30:00Z,0,
GFS,BAUFI4,2025-06-07T02:00:00Z,0,
GFS,BAUFI4,2025-06-07T02:30:00Z,0,
GFS,BAUFI4,2025-06-07T03:00:00Z,0,
GFS,BAUFI4,2025-06-07T03:30:00Z,0,
GFS,BAUFI4,2025-06-07T04:00:00Z,0,
GFS,BAUFI4,2025-06-07T04:30:00Z,0,
GFS,BAUFI4,2025-06-07T05:00:00Z,0,
GFS,BAUFI4,2025-06-07T05:30:00Z,4.22,
GFS,BAUFI4,2025-06-07T06:00:00Z,8.44,
GFS,BAUFI4,2025-06-07T06:30:00Z,30.04,
GFS,BAUFI4,2025-06-07T07:00:00Z,51.64,
GFS,BAUFI4,2025-06-07T07:30:00Z,84.1,
GFS,BAUFI4,2025-06-07T08:00:00Z,116.56,
GFS,BAUFI4,2025-06-07T08:30:00Z,370.84,
GFS,BAUFI4,2025-06-07T09:00:00Z,625.12,
GFS,BAUFI4,2025-06-07T09:30:00Z,657.46,
GFS,BAUFI4,2025-06-07T10:00:00Z,689.8,
GFS,BAUFI4,2025-06-07T10:30:00Z,711.59,
GFS,BAUFI4,2025-06-07T11:00:00Z,733.38,
GFS,BAUFI4,2025-06-07T11:30:00Z,743.53,
GFS,BAUFI4,2025-06-07T12:00:00Z,753.68,
GFS,BAUFI4,2025-06-07T12:30:00Z,752.095,
GFS,BAUFI4,2025-06-07T13:00:00Z,750.51,
GFS,BAUFI4,2025-06-07T13:30:00Z,737.765,
GFS,BAUFI4,2025-06-07T14:00:00Z,725.02,
GFS,BAUFI4,2025-06-07T14:30:00Z,565.82,
GFS,BAUFI4,2025-06-07T15:00:00Z,406.62,
GFS,BAUFI4,2025-06-07T15:30:00Z,352.02,
GFS,BAUFI4,2025-06-07T16:00:00Z,297.42,
GFS,BAUFI4,2025-06-07T16:30:00Z,250.91,
GFS,BAUFI4,2025-06-07T17:00:00Z,204.4,
GFS,BAUFI4,2025-06-07T17:30:00Z,178.85,
GFS,BAUFI4,2025-06-07T18:00:00Z,153.3,
GFS,BAUFI4,2025-06-07T18:30:00Z,137.97,
GFS,BAUFI4,2025-06-07T19:00:00Z,122.64,
GFS,BAUFI4,2025-06-07T19:30:00Z,112.415,
GFS,BAUFI4,2025-06-07T20:00:00Z,102.19,
GFS,BAUFI4,2025-06-07T20:30:00Z,51.095,
GFS,BAUFI4,2025-06-07T21:00:00Z,0,
GFS,BAUFI4,2025-06-07T21:30:00Z,0,
GFS,BAUFI4,2025-06-07T22:00:00Z,0,
GFS,BAUFI4,2025-06-07T22:30:00Z,0,
GFS,BAUFI4,2025-06-07T23:00:00Z,0,
GFS,BAUFI4,2025-06-07T23:30:00Z,0,
GFS,BAUFI4,2025-06-08T00:00:00Z,0,
GFS,BAUFI4,2025-06-08T00:30:00Z,0,
GFS,BAUFI4,2025-06-08T01:00:00Z,0,
GFS,BAUFI4,2025-06-08T01:30:00Z,0,
GFS,BAUFI4,2025-06-08T02:00:00Z,0,
GFS,BAUFI4,2025-06-08T02:30:00Z,0,
GFS,BAUFI4,2025-06-08T03:00:00Z,0,
GFS,BAUFI4,2025-06-08T03:30:00Z,0,
GFS,BAUFI4,2025-06-08T04:00:00Z,0,
GFS,BAUFI4,2025-06-08T04:30:00Z,0,
GFS,BAUFI4,2025-06-08T05:00:00Z,0,
GFS,BAUFI4,2025-06-08T05:30:00Z,4.04,
GFS,BAUFI4,2025-06-08T06:00:00Z,8.08,
GFS,BAUFI4,2025-06-08T06:30:00Z,29.39,
GFS,BAUFI4,2025-06-08T07:00:00Z,50.7,
GFS,BAUFI4,2025-06-08T07:30:00Z,82.07,
GFS,BAUFI4,2025-06-08T08:00:00Z,113.44,
GFS,BAUFI4,2025-06-08T08:30:00Z,351.85,
GFS,BAUFI4,2025-06-08T09:00:00Z,590.26,
GFS,BAUFI4,2025-06-08T09:30:00Z,626.66,
GFS,BAUFI4,2025-06-08T10:00:00Z,663.06,
GFS,BAUFI4,2025-06-08T10:30:00Z,687.34,
GFS,BAUFI4,2025-06-08T11:00:00Z,711.62,
GFS,BAUFI4,2025-06-08T11:30:00Z,723.45,
GFS,BAUFI4,2025-06-08T12:00:00Z,735.28,
GFS,BAUFI4,2025-06-08T12:30:00Z,734.33,
GFS,BAUFI4,2025-06-08T13:00:00Z,733.38,
GFS,BAUFI4,2025-06-08T13:30:00Z,719.26,
GFS,BAUFI4,2025-06-08T14:00:00Z,705.14,
GFS,BAUFI4,2025-06-08T14:30:00Z,530.9,
GFS,BAUFI4,2025-06-08T15:00:00Z,356.66,
GFS,BAUFI4,2025-06-08T15:30:00Z,305.71,
GFS,BAUFI4,2025-06-08T16:00:00Z,254.76,
GFS,BAUFI4,2025-06-08T16:30:00Z,215.07,
GFS,BAUFI4,2025-06-08T17:00:00Z,175.38,
GFS,BAUFI4,2025-06-08T17:30:00Z,153.46,
GFS,BAUFI4,2025-06-08T18:00:00Z,131.54,
GFS,BAUFI4,2025-06-08T18:30:00Z,118.38,
GFS,BAUFI4,2025-06-08T19:00:00Z,105.22,
GFS,BAUFI4,2025-06-08T19:30:00Z,96.46,
GFS,BAUFI4,2025-06-08T20:00:00Z,87.7,
GFS,BAUFI4,2025-06-08T20:30:00Z,43.85,
GFS,BAUFI4,2025-06-08T21:00:00Z,0,
GFS,BAUFI4,2025-06-08T21:30:00Z,0,
GFS,BAUFI4,2025-06-08T22:00:00Z,0,
GFS,BAUFI4,2025-06-08T22:30:00Z,0,
GFS,BAUFI4,2025-06-08T23:00:00Z,0,
GFS,BAUFI4,2025-06-08T23:30:00Z,0,
GFS,BAUFI4,2025-06-09T00:00:00Z,0,
GFS,BAUFI4,2025-06-09T00:30:00Z,0,
GFS,BAUFI4,2025-06-09T01:00:00Z,0,
GFS,BAUFI4,2025-06-09T01:30:00Z,0,
GFS,BAUFI4,2025-06-09T02:00:00Z,0,
GFS,BAUFI4,2025-06-09T02:30:00Z,0,
GFS,BAUFI4,2025-06-09T03:00:00Z,0,
GFS,BAUFI4,2025-06-09T03:30:00Z,0,
GFS,BAUFI4,2025-06-09T04:00:00Z,0,
GFS,BAUFI4,2025-06-09T04:30:00Z,0,
GFS,BAUFI4,2025-06-09T05:00:00Z,0,
GFS,BAUFI4,2025-06-09T05:30:00Z,4.23,
GFS,BAUFI4,2025-06-09T06:00:00Z,8.46,
GFS,BAUFI4,2025-06-09T06:30:00Z,30.39,
GFS,BAUFI4,2025-06-09T07:00:00Z,52.32,
GFS,BAUFI4,2025-06-09T07:30:00Z,83.975,
GFS,BAUFI4,2025-06-09T08:00:00Z,115.63,
GFS,BAUFI4,2025-06-09T08:30:00Z,373.005,
GFS,BAUFI4,2025-06-09T09:00:00Z,630.38,
GFS,BAUFI4,2025-06-09T09:30:00Z,663.02,
GFS,BAUFI4,2025-06-09T10:00:00Z,695.66,
GFS,BAUFI4,2025-06-09T10:30:00Z,717.37,
GFS,BAUFI4,2025-06-09T11:00:00Z,739.08,
GFS,BAUFI4,2025-06-09T11:30:00Z,748.65,
GFS,BAUFI4,2025-06-09T12:00:00Z,758.22,
GFS,BAUFI4,2025-06-09T12:30:00Z,753.48,
GFS,BAUFI4,2025-06-09T13:00:00Z,748.74,
GFS,BAUFI4,2025-06-09T13:30:00Z,736.555,
GFS,BAUFI4,2025-06-09T14:00:00Z,724.37,
GFS,BAUFI4,2025-06-09T14:30:00Z,568.445,
GFS,BAUFI4,2025-06-09T15:00:00Z,412.52,
GFS,BAUFI4,2025-06-09T15:30:00Z,357.46,
GFS,BAUFI4,2025-06-09T16:00:00Z,302.4,
GFS,BAUFI4,2025-06-09T16:30:00Z,255.13,
GFS,BAUFI4,2025-06-09T17:00:00Z,207.86,
GFS,BAUFI4,2025-06-09T17:30:00Z,181.88,
GFS,BAUFI4,2025-06-09T18:00:00Z,155.9,
GFS,BAUFI4,2025-06-09T18:30:00Z,140.31,
GFS,BAUFI4,2025-06-09T19:00:00Z,124.72,
GFS,BAUFI4,2025-06-09T19:30:00Z,114.33,
GFS,BAUFI4,2025-06-09T20:00:00Z,103.94,
GFS,BAUFI4,2025-06-09T20:30:00Z,51.97,
GFS,BAUFI4,2025-06-09T21:00:00Z,0,
GFS,BAUFI4,2025-06-09T21:30:00Z,0,
GFS,BAUFI4,2025-06-09T22:00:00Z,0,
GFS,BAUFI4,2025-06-09T22:30:00Z,0,
GFS,BAUFI4,2025-06-09T23:00:00Z,0,
GFS,BAUFI4,2025-06-09T23:30:00Z,0,
GFS,BAUFI4,2025-06-10T00:00:00Z,0,
GFS,BAUFI4,2025-06-10T00:30:00Z,0,
GFS,BAUFI4,2025-06-10T01:00:00Z,0,
GFS,BAUFI4,2025-06-10T01:30:00Z,0,
GFS,BAUFI4,2025-06-10T02:00:00Z,0,
GFS,BAUFI4,2025-06-10T02:30:00Z,0,
GFS,BAUFI4,2025-06-10T03:00:00Z,0,
GFS,BAUFI4,2025-06-10T03:30:00Z,0,
GFS,BAUFI4,2025-06-10T04:00:00Z,0,
GFS,BAUFI4,2025-06-10T04:30:00Z,0,
GFS,BAUFI4,2025-06-10T05:00:00Z,0,
GFS,BAUFI4,2025-06-10T05:30:00Z,4.06,
GFS,BAUFI4,2025-06-10T06:00:00Z,8.12,
GFS,BAUFI4,2025-06-10T06:30:00Z,29.59,
GFS,BAUFI4,2025-06-10T07:00:00Z,51.06,
GFS,BAUFI4,2025-06-10T07:30:00Z,83.41,
GFS,BAUFI4,2025-06-10T08:00:00Z,115.76,
GFS,BAUFI4,2025-06-10T08:30:00Z,369.24,
GFS,BAUFI4,2025-06-10T09:00:00Z,622.72,
GFS,BAUFI4,2025-06-10T09:30:00Z,655.42,
GFS,BAUFI4,2025-06-10T10:00:00Z,688.12,
GFS,BAUFI4,2025-06-10T10:30:00Z,709.93,
GFS,BAUFI4,2025-06-10T11:00:00Z,731.74,
GFS,BAUFI4,2025-06-10T11:30:00Z,741.91,
GFS,BAUFI4,2025-06-10T12:00:00Z,752.08,
GFS,BAUFI4,2025-06-10T12:30:00Z,750.655,
GFS,BAUFI4,2025-06-10T13:00:00Z,749.23,
GFS,BAUFI4,2025-06-10T13:30:00Z,736.695,
GFS,BAUFI4,2025-06-10T14:00:00Z,724.16,
GFS,BAUFI4,2025-06-10T14:30:00Z,566.26,
GFS,BAUFI4,2025-06-10T15:00:00Z,408.36,
GFS,BAUFI4,2025-06-10T15:30:00Z,353.74,
GFS,BAUFI4,2025-06-10T16:00:00Z,299.12,
GFS,BAUFI4,2025-06-10T16:30:00Z,252.38,
GFS,BAUFI4,2025-06-10T17:00:00Z,205.64,
GFS,BAUFI4,2025-06-10T17:30:00Z,179.93,
GFS,BAUFI4,2025-06-10T18:00:00Z,154.22,
GFS,BAUFI4,2025-06-10T18:30:00Z,138.8,
GFS,BAUFI4,2025-06-10T19:00:00Z,123.38,
GFS,BAUFI4,2025-06-10T19:30:00Z,113.1,
GFS,BAUFI4,2025-06-10T20:00:00Z,102.82,
GFS,BAUFI4,2025-06-10T20:30:00Z,51.41,
GFS,BAUFI4,2025-06-10T21:00:00Z,0,
GFS,BAUFI4,2025-06-10T21:30:00Z,0,
GFS,BAUFI4,2025-06-10T22:00:00Z,0,
GFS,BAUFI4,2025-06-10T22:30:00Z,0,
GFS,BAUFI4,2025-06-10T23:00:00Z,0,
GFS,BAUFI4,2025-06-10T23:30:00Z,0,
GFS,BAUFI4,2025-06-11T00:00:00Z,0,
GFS,BAUFI4,2025-06-11T00:30:00Z,0,
GFS,BAUFI4,2025-06-11T01:00:00Z,0,
GFS,BAUFI4,2025-06-11T01:30:00Z,0,
GFS,BAUFI4,2025-06-11T02:00:00Z,0,
GFS,BAUFI4,2025-06-11T02:30:00Z,0,
GFS,BAUFI4,2025-06-11T03:00:00Z,0,
GFS,BAUFI4,2025-06-11T03:30:00Z,0,
GFS,BAUFI4,2025-06-11T04:00:00Z,0,
GFS,BAUFI4,2025-06-11T04:30:00Z,0,
GFS,BAUFI4,2025-06-11T05:00:00Z,0,
GFS,BAUFI4,2025-06-11T05:30:00Z,3.74,
GFS,BAUFI4,2025-06-11T06:00:00Z,7.48,
GFS,BAUFI4,2025-06-11T06:30:00Z,28.67,
GFS,BAUFI4,2025-06-11T07:00:00Z,49.86,
GFS,BAUFI4,2025-06-11T07:30:00Z,81.825,
GFS,BAUFI4,2025-06-11T08:00:00Z,113.79,
GFS,BAUFI4,2025-06-11T08:30:00Z,364.675,
GFS,BAUFI4,2025-06-11T09:00:00Z,615.56,
GFS,BAUFI4,2025-06-11T09:30:00Z,648.01,
GFS,BAUFI4,2025-06-11T10:00:00Z,680.46,
GFS,BAUFI4,2025-06-11T10:30:00Z,702.2,
GFS,BAUFI4,2025-06-11T11:00:00Z,723.94,
GFS,BAUFI4,2025-06-11T11:30:00Z,734.13,
GFS,BAUFI4,2025-06-11T12:00:00Z,744.32,
GFS,BAUFI4,2025-06-11T12:30:00Z,742.825,
GFS,BAUFI4,2025-06-11T13:00:00Z,741.33,
GFS,BAUFI4,2025-06-11T13:30:00Z,728.77,
GFS,BAUFI4,2025-06-11T14:00:00Z,716.21,
GFS,BAUFI4,2025-06-11T14:30:00Z,559.395,
GFS,BAUFI4,2025-06-11T15:00:00Z,402.58,
GFS,BAUFI4,2025-06-11T15:30:00Z,346.69,
GFS,BAUFI4,2025-06-11T16:00:00Z,290.8,
GFS,BAUFI4,2025-06-11T16:30:00Z,245.32,
GFS,BAUFI4,2025-06-11T17:00:00Z,199.84,
GFS,BAUFI4,2025-06-11T17:30:00Z,174.86,
GFS,BAUFI4,2025-06-11T18:00:00Z,149.88,
GFS,BAUFI4,2025-06-11T18:30:00Z,134.89,
GFS,BAUFI4,2025-06-11T19:00:00Z,119.9,
GFS,BAUFI4,2025-06-11T19:30:00Z,109.91,
GFS,BAUFI4,2025-06-11T20:00:00Z,99.92,
GFS,BAUFI4,2025-06-11T20:30:00Z,49.96,
GFS,BAUFI4,2025-06-11T21:00:00Z,0,
GFS,BAUFI4,2025-06-11T21:30:00Z,0,
GFS,BAUFI4,2025-06-11T22:00:00Z,0,
GFS,BAUFI4,2025-06-11T22:30:00Z,0,
GFS,BAUFI4,2025-06-11T23:00:00Z,0,
GFS,BAUFI4,2025-06-11T23:30:00Z,0,
GFS,BAUFI4,2025-06-12T00:00:00Z,0,
GFS,BAUFI4,2025-06-12T00:30:00Z,0,
GFS,BAUFI4,2025-06-12T01:00:00Z,0,
GFS,BAUFI4,2025-06-12T01:30:00Z,0,
GFS,BAUFI4,2025-06-12T02:00:00Z,0,
GFS,BAUFI4,2025-06-12T02:30:00Z,0,
GFS,BAUFI4,2025-06-12T03:00:00Z,0,
GFS,BAUFI4,2025-06-12T03:30:00Z,0,
GFS,BAUFI4,2025-06-12T04:00:00Z,0,
GFS,BAUFI4,2025-06-12T04:30:00Z,0,
GFS,BAUFI4,2025-06-12T05:00:00Z,0,
GFS,BAUFI4,2025-06-12T05:30:00Z,3.75,
GFS,BAUFI4,2025-06-12T06:00:00Z,7.5,
GFS,BAUFI4,2025-06-12T06:30:00Z,28.14,
GFS,BAUFI4,2025-06-12T07:00:00Z,48.78,
GFS,BAUFI4,2025-06-12T07:30:00Z,79.99,
GFS,BAUFI4,2025-06-12T08:00:00Z,111.2,
GFS,BAUFI4,2025-06-12T08:30:00Z,357.97,
GFS,BAUFI4,2025-06-12T09:00:00Z,604.74,
GFS,BAUFI4,2025-06-12T09:30:00Z,637.36,
GFS,BAUFI4,2025-06-12T10:00:00Z,669.98,
GFS,BAUFI4,2025-06-12T10:30:00Z,691.49,
GFS,BAUFI4,2025-06-12T11:00:00Z,713,
GFS,BAUFI4,2025-06-12T11:30:00Z,722.86,
GFS,BAUFI4,2025-06-12T12:00:00Z,732.72,
GFS,BAUFI4,2025-06-12T12:30:00Z,731.2,
GFS,BAUFI4,2025-06-12T13:00:00Z,729.68,
GFS,BAUFI4,2025-06-12T13:30:00Z,716.59,
GFS,BAUFI4,2025-06-12T14:00:00Z,703.5,
GFS,BAUFI4,2025-06-12T14:30:00Z,528.88,
GFS,BAUFI4,2025-06-12T15:00:00Z,354.26,
GFS,BAUFI4,2025-06-12T15:30:00Z,280.07,
GFS,BAUFI4,2025-06-12T16:00:00Z,205.88,
GFS,BAUFI4,2025-06-12T16:30:00Z,171.82,
GFS,BAUFI4,2025-06-12T17:00:00Z,137.76,
GFS,BAUFI4,2025-06-12T17:30:00Z,120.54,
GFS,BAUFI4,2025-06-12T18:00:00Z,103.32,
GFS,BAUFI4,2025-06-12T18:30:00Z,92.98,
GFS,BAUFI4,2025-06-12T19:00:00Z,82.64,
GFS,BAUFI4,2025-06-12T19:30:00Z,75.76,
GFS,BAUFI4,2025-06-12T20:00:00Z,68.88,
GFS,BAUFI4,2025-06-12T20:30:00Z,34.44,
GFS,BAUFI4,2025-06-12T21:00:00Z,0,
GFS,BAUFI4,2025-06-12T21:30:00Z,0,
GFS,BAUFI4,2025-06-12T22:00:00Z,0,
GFS,BAUFI4,2025-06-12T22:30:00Z,0,
GFS,BAUFI4,2025-06-12T23:00:00Z,0,
GFS,BAUFI4,2025-06-12T23:30:00Z,0,
GFS,BAUFI4,2025-06-13T00:00:00Z,0,
GFS,BAUFI4,2025-06-13T00:30:00Z,0,
GFS,BAUFI4,2025-06-13T01:00:00Z,0,
GFS,BAUFI4,2025-06-13T01:30:00Z,0,
GFS,BAUFI4,2025-06-13T02:00:00Z,0,
GFS,BAUFI4,2025-06-13T02:30:00Z,0,
GFS,BAUFI4,2025-06-13T03:00:00Z,0,
GFS,BAUFI4,2025-06-13T03:30:00Z,0,
GFS,BAUFI4,2025-06-13T04:00:00Z,0,
GFS,BAUFI4,2025-06-13T04:30:00Z,0,
GFS,BAUFI4,2025-06-13T05:00:00Z,0,
GFS,BAUFI4,2025-06-13T05:30:00Z,3.54,
GFS,BAUFI4,2025-06-13T06:00:00Z,7.08,
GFS,BAUFI4,2025-06-13T06:30:00Z,26.91,
GFS,BAUFI4,2025-06-13T07:00:00Z,46.74,
GFS,BAUFI4,2025-06-13T07:30:00Z,77.36,
GFS,BAUFI4,2025-06-13T08:00:00Z,107.98,
GFS,BAUFI4,2025-06-13T08:30:00Z,351.02,
GFS,BAUFI4,2025-06-13T09:00:00Z,594.06,
GFS,BAUFI4,2025-06-13T09:30:00Z,626.89,
GFS,BAUFI4,2025-06-13T10:00:00Z,659.72,
GFS,BAUFI4,2025-06-13T10:30:00Z,681.62,
GFS,BAUFI4,2025-06-13T11:00:00Z,703.52,
GFS,BAUFI4,2025-06-13T11:30:00Z,714.04,
GFS,BAUFI4,2025-06-13T12:00:00Z,724.56,
GFS,BAUFI4,2025-06-13T12:30:00Z,723.43,
GFS,BAUFI4,2025-06-13T13:00:00Z,722.3,
GFS,BAUFI4,2025-06-13T13:30:00Z,695.455,
GFS,BAUFI4,2025-06-13T14:00:00Z,668.61,
GFS,BAUFI4,2025-06-13T14:30:00Z,367.735,
GFS,BAUFI4,2025-06-13T15:00:00Z,66.86,
GFS,BAUFI4,2025-06-13T15:30:00Z,58.64,
GFS,BAUFI4,2025-06-13T16:00:00Z,50.42,
GFS,BAUFI4,2025-06-13T16:30:00Z,43.16,
GFS,BAUFI4,2025-06-13T17:00:00Z,35.9,
GFS,BAUFI4,2025-06-13T17:30:00Z,31.41,
GFS,BAUFI4,2025-06-13T18:00:00Z,26.92,
GFS,BAUFI4,2025-06-13T18:30:00Z,24.23,
GFS,BAUFI4,2025-06-13T19:00:00Z,21.54,
GFS,BAUFI4,2025-06-13T19:30:00Z,19.745,
GFS,BAUFI4,2025-06-13T20:00:00Z,17.95,
GFS,BAUFI4,2025-06-13T20:30:00Z,8.975,
GFS,BAUFI4,2025-06-13T21:00:00Z,0,
GFS,BAUFI4,2025-06-13T21:30:00Z,0,
GFS,BAUFI4,2025-06-13T22:00:00Z,0,
GFS,BAUFI4,2025-06-13T22:30:00Z,0,
GFS,BAUFI4,2025-06-13T23:00:00Z,0,
GFS,BAUFI4,2025-06-13T23:30:00Z,0,
GFS,BAUFI4,2025-06-14T00:00:00Z,0,
GFS,BAUFI4,2025-06-14T00:30:00Z,0,
GFS,BAUFI4,2025-06-14T01:00:00Z,0,
GFS,BAUFI4,2025-06-14T01:30:00Z,0,
GFS,BAUFI4,2025-06-14T02:00:00Z,0,
GFS,BAUFI4,2025-06-14T02:30:00Z,0,
GFS,BAUFI4,2025-06-14T03:00:00Z,0,
GFS,BAUFI4,2025-06-14T03:30:00Z,0,
GFS,BAUFI4,2025-06-14T04:00:00Z,0,
GFS,BAUFI4,2025-06-14T04:30:00Z,0,
GFS,BAUFI4,2025-06-14T05:00:00Z,0,
GFS,BAUFI4,2025-06-14T05:30:00Z,3.5,
GFS,BAUFI4,2025-06-14T06:00:00Z,7,
GFS,BAUFI4,2025-06-14T06:30:00Z,26.93,
GFS,BAUFI4,2025-06-14T07:00:00Z,46.86,
GFS,BAUFI4,2025-06-14T07:30:00Z,77.76,
GFS,BAUFI4,2025-06-14T08:00:00Z,108.66,
GFS,BAUFI4,2025-06-14T08:30:00Z,354.18,
GFS,BAUFI4,2025-06-14T09:00:00Z,599.7,
GFS,BAUFI4,2025-06-14T09:30:00Z,632.01,
GFS,BAUFI4,2025-06-14T10:00:00Z,664.32,
GFS,BAUFI4,2025-06-14T10:30:00Z,685.99,
GFS,BAUFI4,2025-06-14T11:00:00Z,707.66,
GFS,BAUFI4,2025-06-14T11:30:00Z,718,
GFS,BAUFI4,2025-06-14T12:00:00Z,728.34,
GFS,BAUFI4,2025-06-14T12:30:00Z,727.37,
GFS,BAUFI4,2025-06-14T13:00:00Z,726.4,
GFS,BAUFI4,2025-06-14T13:30:00Z,714.44,
GFS,BAUFI4,2025-06-14T14:00:00Z,702.48,
GFS,BAUFI4,2025-06-14T14:30:00Z,550.28,
GFS,BAUFI4,2025-06-14T15:00:00Z,398.08,
GFS,BAUFI4,2025-06-14T15:30:00Z,344.91,
GFS,BAUFI4,2025-06-14T16:00:00Z,291.74,
GFS,BAUFI4,2025-06-14T16:30:00Z,246.23,
GFS,BAUFI4,2025-06-14T17:00:00Z,200.72,
GFS,BAUFI4,2025-06-14T17:30:00Z,175.63,
GFS,BAUFI4,2025-06-14T18:00:00Z,150.54,
GFS,BAUFI4,2025-06-14T18:30:00Z,135.49,
GFS,BAUFI4,2025-06-14T19:00:00Z,120.44,
GFS,BAUFI4,2025-06-14T19:30:00Z,110.395,
GFS,BAUFI4,2025-06-14T20:00:00Z,100.35,
GFS,BAUFI4,2025-06-14T20:30:00Z,50.175,
GFS,BAUFI4,2025-06-14T21:00:00Z,0,
GFS,BAUFI4,2025-06-14T21:30:00Z,0,
GFS,BAUFI4,2025-06-14T22:00:00Z,0,
GFS,BAUFI4,2025-06-14T22:30:00Z,0,
GFS,BAUFI4,2025-06-14T23:00:00Z,0,
GFS,BAUFI4,2025-06-14T23:30:00Z,0,
GFS,BAUFI4,2025-06-15T00:00:00Z,0,
GFS,BAUFI4,2025-06-15T00:30:00Z,0,
GFS,BAUFI4,2025-06-15T01:00:00Z,0,
GFS,BAUFI4,2025-06-15T01:30:00Z,0,
GFS,BAUFI4,2025-06-15T02:00:00Z,0,
GFS,BAUFI4,2025-06-15T02:30:00Z,0,
GFS,BAUFI4,2025-06-15T03:00:00Z,0,
GFS,BAUFI4,2025-06-15T03:30:00Z,0,
GFS,BAUFI4,2025-06-15T04:00:00Z,0,
GFS,BAUFI4,2025-06-15T04:30:00Z,0,
GFS,BAUFI4,2025-06-15T05:00:00Z,0,
GFS,BAUFI4,2025-06-15T05:30:00Z,3.6,
GFS,BAUFI4,2025-06-15T06:00:00Z,7.2,
GFS,BAUFI4,2025-06-15T06:30:00Z,27.65,
GFS,BAUFI4,2025-06-15T07:00:00Z,48.1,
GFS,BAUFI4,2025-06-15T07:30:00Z,79.59,
GFS,BAUFI4,2025-06-15T08:00:00Z,111.08,
GFS,BAUFI4,2025-06-15T08:30:00Z,360.84,
GFS,BAUFI4,2025-06-15T09:00:00Z,610.6,
GFS,BAUFI4,2025-06-15T09:30:00Z,643.73,
GFS,BAUFI4,2025-06-15T10:00:00Z,676.86,
GFS,BAUFI4,2025-06-15T10:30:00Z,699.2,
GFS,BAUFI4,2025-06-15T11:00:00Z,721.54,
GFS,BAUFI4,2025-06-15T11:30:00Z,732.28,
GFS,BAUFI4,2025-06-15T12:00:00Z,743.02,
GFS,BAUFI4,2025-06-15T12:30:00Z,742.095,
GFS,BAUFI4,2025-06-15T13:00:00Z,741.17,
GFS,BAUFI4,2025-06-15T13:30:00Z,729.095,
GFS,BAUFI4,2025-06-15T14:00:00Z,717.02,
GFS,BAUFI4,2025-06-15T14:30:00Z,562.42,
GFS,BAUFI4,2025-06-15T15:00:00Z,407.82,
GFS,BAUFI4,2025-06-15T15:30:00Z,353.73,
GFS,BAUFI4,2025-06-15T16:00:00Z,299.64,
GFS,BAUFI4,2025-06-15T16:30:00Z,252.98,
GFS,BAUFI4,2025-06-15T17:00:00Z,206.32,
GFS,BAUFI4,2025-06-15T17:30:00Z,180.53,
GFS,BAUFI4,2025-06-15T18:00:00Z,154.74,
GFS,BAUFI4,2025-06-15T18:30:00Z,139.27,
GFS,BAUFI4,2025-06-15T19:00:00Z,123.8,
GFS,BAUFI4,2025-06-15T19:30:00Z,113.485,
GFS,BAUFI4,2025-06-15T20:00:00Z,103.17,
GFS,BAUFI4,2025-06-15T20:30:00Z,51.585,
GFS,BAUFI4,2025-06-15T21:00:00Z,0,
GFS,BAUFI4,2025-06-15T21:30:00Z,0,
GFS,BAUFI4,2025-06-15T22:00:00Z,0,
GFS,BAUFI4,2025-06-15T22:30:00Z,0,
GFS,BAUFI4,2025-06-15T23:00:00Z,0,
GFS,BAUFI4,2025-06-15T23:30:00Z,0,
GFS,BAUFI4,2025-06-16T00:00:00Z,0,
GFS,BAUFI4,2025-06-16T00:30:00Z,0,
GFS,BAUFI4,2025-06-16T01:00:00Z,0,
GFS,BAUFI4,2025-06-16T01:30:00Z,0,
GFS,BAUFI4,2025-06-16T02:00:00Z,0,
GFS,BAUFI4,2025-06-16T02:30:00Z,0,
GFS,BAUFI4,2025-06-16T03:00:00Z,0,
GFS,BAUFI4,2025-06-16T03:30:00Z,0,
GFS,BAUFI4,2025-06-16T04:00:00Z,0,
GFS,BAUFI4,2025-06-16T04:30:00Z,0,
GFS,BAUFI4,2025-06-16T05:00:00Z,0,
GFS,BAUFI4,2025-06-16T05:30:00Z,3.6,
GFS,BAUFI4,2025-06-16T06:00:00Z,7.2,
GFS,BAUFI4,2025-06-16T06:30:00Z,27.71,
GFS,BAUFI4,2025-06-16T07:00:00Z,48.22,
GFS,BAUFI4,2025-06-16T07:30:00Z,79.7,
GFS,BAUFI4,2025-06-16T08:00:00Z,111.18,
GFS,BAUFI4,2025-06-16T08:30:00Z,359.22,
GFS,BAUFI4,2025-06-16T09:00:00Z,607.26,
GFS,BAUFI4,2025-06-16T09:30:00Z,639.67,
GFS,BAUFI4,2025-06-16T10:00:00Z,672.08,
GFS,BAUFI4,2025-06-16T10:30:00Z,693.63,
GFS,BAUFI4,2025-06-16T11:00:00Z,715.18,
GFS,BAUFI4,2025-06-16T11:30:00Z,724.92,
GFS,BAUFI4,2025-06-16T12:00:00Z,734.66,
GFS,BAUFI4,2025-06-16T12:30:00Z,732.705,
GFS,BAUFI4,2025-06-16T13:00:00Z,730.75,
GFS,BAUFI4,2025-06-16T13:30:00Z,718.03,
GFS,BAUFI4,2025-06-16T14:00:00Z,705.31,
GFS,BAUFI4,2025-06-16T14:30:00Z,532.745,
GFS,BAUFI4,2025-06-16T15:00:00Z,360.18,
GFS,BAUFI4,2025-06-16T15:30:00Z,309.41,
GFS,BAUFI4,2025-06-16T16:00:00Z,258.64,
GFS,BAUFI4,2025-06-16T16:30:00Z,218.22,
GFS,BAUFI4,2025-06-16T17:00:00Z,177.8,
GFS,BAUFI4,2025-06-16T17:30:00Z,155.58,
GFS,BAUFI4,2025-06-16T18:00:00Z,133.36,
GFS,BAUFI4,2025-06-16T18:30:00Z,120.02,
GFS,BAUFI4,2025-06-16T19:00:00Z,106.68,
GFS,BAUFI4,2025-06-16T19:30:00Z,97.79,
GFS,BAUFI4,2025-06-16T20:00:00Z,88.9,
GFS,BAUFI4,2025-06-16T20:30:00Z,44.45,
GFS,BAUFI4,2025-06-16T21:00:00Z,0,
GFS,BAUFI4,2025-06-16T21:30:00Z,0,
GFS,BAUFI4,2025-06-16T22:00:00Z,0,
GFS,BAUFI4,2025-06-16T22:30:00Z,0,
GFS,BAUFI4,2025-06-16T23:00:00Z,0,
GFS,BAUFI4,2025-06-16T23:30:00Z,0,
GFS,BAUFI4,2025-06-17T00:00:00Z,0,
GFS,BAUFI4,2025-06-17T00:30:00Z,0,
GFS,BAUFI4,2025-06-17T01:00:00Z,0,
GFS,BAUFI4,2025-06-17T01:30:00Z,0,
GFS,BAUFI4,2025-06-17T02:00:00Z,0,
GFS,BAUFI4,2025-06-17T02:30:00Z,0,
GFS,BAUFI4,2025-06-17T03:00:00Z,0,
GFS,BAUFI4,2025-06-17T03:30:00Z,0,
GFS,BAUFI4,2025-06-17T04:00:00Z,0,
GFS,BAUFI4,2025-06-17T04:30:00Z,0,
GFS,BAUFI4,2025-06-17T05:00:00Z,0,
GFS,BAUFI4,2025-06-17T05:30:00Z,3.44,
GFS,BAUFI4,2025-06-17T06:00:00Z,6.88,
GFS,BAUFI4,2025-06-17T06:30:00Z,26.81,
GFS,BAUFI4,2025-06-17T07:00:00Z,46.74,
GFS,BAUFI4,2025-06-17T07:30:00Z,77.64,
GFS,BAUFI4,2025-06-17T08:00:00Z,108.54,
GFS,BAUFI4,2025-06-17T08:30:00Z,353.32,
GFS,BAUFI4,2025-06-17T09:00:00Z,598.1,
GFS,BAUFI4,2025-06-17T09:30:00Z,630.35,
GFS,BAUFI4,2025-06-17T10:00:00Z,662.6,
GFS,BAUFI4,2025-06-17T10:30:00Z,683.96,
GFS,BAUFI4,2025-06-17T11:00:00Z,705.32,
GFS,BAUFI4,2025-06-17T11:30:00Z,715.29,
GFS,BAUFI4,2025-06-17T12:00:00Z,725.26,
GFS,BAUFI4,2025-06-17T12:30:00Z,723.5,
GFS,BAUFI4,2025-06-17T13:00:00Z,721.74,
GFS,BAUFI4,2025-06-17T13:30:00Z,709.23,
GFS,BAUFI4,2025-06-17T14:00:00Z,696.72,
GFS,BAUFI4,2025-06-17T14:30:00Z,509.08,
GFS,BAUFI4,2025-06-17T15:00:00Z,321.44,
GFS,BAUFI4,2025-06-17T15:30:00Z,255.54,
GFS,BAUFI4,2025-06-17T16:00:00Z,189.64,
GFS,BAUFI4,2025-06-17T16:30:00Z,159.25,
GFS,BAUFI4,2025-06-17T17:00:00Z,128.86,
GFS,BAUFI4,2025-06-17T17:30:00Z,112.76,
GFS,BAUFI4,2025-06-17T18:00:00Z,96.66,
GFS,BAUFI4,2025-06-17T18:30:00Z,86.99,
GFS,BAUFI4,2025-06-17T19:00:00Z,77.32,
GFS,BAUFI4,2025-06-17T19:30:00Z,70.875,
GFS,BAUFI4,2025-06-17T20:00:00Z,64.43,
GFS,BAUFI4,2025-06-17T20:30:00Z,32.215,
GFS,BAUFI4,2025-06-17T21:00:00Z,0,
GFS,BAUFI4,2025-06-17T21:30:00Z,0,
GFS,BAUFI4,2025-06-17T22:00:00Z,0,
GFS,BAUFI4,2025-06-17T22:30:00Z,0,
GFS,BAUFI4,2025-06-17T23:00:00Z,0,
GFS,BAUFI4,2025-06-17T23:30:00Z,0,
GFS,BAUFI4,2025-06-18T00:00:00Z,0,
GFS,BAUFI4,2025-06-18T00:30:00Z,0,
GFS,BAUFI4,2025-06-18T01:00:00Z,0,
GFS,BAUFI4,2025-06-18T01:30:00Z,0,
GFS,BAUFI4,2025-06-18T02:00:00Z,0,
GFS,BAUFI4,2025-06-18T02:30:00Z,0,
GFS,BAUFI4,2025-06-18T03:00:00Z,0,
GFS,BAUFI4,2025-06-18T03:30:00Z,0,
GFS,BAUFI4,2025-06-18T04:00:00Z,0,
GFS,BAUFI4,2025-06-18T04:30:00Z,0,
GFS,BAUFI4,2025-06-18T05:00:00Z,0,
GFS,BAUFI4,2025-06-18T05:30:00Z,3.4,
GFS,BAUFI4,2025-06-18T06:00:00Z,6.8,
GFS,BAUFI4,2025-06-18T06:30:00Z,26.57,
GFS,BAUFI4,2025-06-18T07:00:00Z,46.34,
GFS,BAUFI4,2025-06-18T07:30:00Z,77.03,
GFS,BAUFI4,2025-06-18T08:00:00Z,107.72,
GFS,BAUFI4,2025-06-18T08:30:00Z,351.59,
GFS,BAUFI4,2025-06-18T09:00:00Z,595.46,
GFS,BAUFI4,2025-06-18T09:30:00Z,628,
GFS,BAUFI4,2025-06-18T10:00:00Z,660.54,
GFS,BAUFI4,2025-06-18T10:30:00Z,682.46,
GFS,BAUFI4,2025-06-18T11:00:00Z,704.38,
GFS,BAUFI4,2025-06-18T11:30:00Z,715.06,
GFS,BAUFI4,2025-06-18T12:00:00Z,725.74,
GFS,BAUFI4,2025-06-18T12:30:00Z,723.82,
GFS,BAUFI4,2025-06-18T13:00:00Z,721.9,
GFS,BAUFI4,2025-06-18T13:30:00Z,695.99,
GFS,BAUFI4,2025-06-18T14:00:00Z,670.08,
GFS,BAUFI4,2025-06-18T14:30:00Z,445.48,
GFS,BAUFI4,2025-06-18T15:00:00Z,220.88,
GFS,BAUFI4,2025-06-18T15:30:00Z,191.01,
GFS,BAUFI4,2025-06-18T16:00:00Z,161.14,
GFS,BAUFI4,2025-06-18T16:30:00Z,136.03,
GFS,BAUFI4,2025-06-18T17:00:00Z,110.92,
GFS,BAUFI4,2025-06-18T17:30:00Z,97.06,
GFS,BAUFI4,2025-06-18T18:00:00Z,83.2,
GFS,BAUFI4,2025-06-18T18:30:00Z,74.88,
GFS,BAUFI4,2025-06-18T19:00:00Z,66.56,
GFS,BAUFI4,2025-06-18T19:30:00Z,61.01,
GFS,BAUFI4,2025-06-18T20:00:00Z,55.46,
GFS,BAUFI4,2025-06-18T20:30:00Z,27.73,
GFS,BAUFI4,2025-06-18T21:00:00Z,0,
GFS,BAUFI4,2025-06-18T21:30:00Z,0,
GFS,BAUFI4,2025-06-18T22:00:00Z,0,
GFS,BAUFI4,2025-06-18T22:30:00Z,0,
GFS,BAUFI4,2025-06-18T23:00:00Z,0,
GFS,BAUFI4,2025-06-18T23:30:00Z,0,
GFS,BAUFI4,2025-06-19T00:00:00Z,0,
GFS,BAUFI4,2025-06-19T00:30:00Z,0,
GFS,BAUFI4,2025-06-19T01:00:00Z,0,
GFS,BAUFI4,2025-06-19T01:30:00Z,0,
GFS,BAUFI4,2025-06-19T02:00:00Z,0,
GFS,BAUFI4,2025-06-19T02:30:00Z,0,
GFS,BAUFI4,2025-06-19T03:00:00Z,0,
GFS,BAUFI4,2025-06-19T03:30:00Z,0,
GFS,BAUFI4,2025-06-19T04:00:00Z,0,
GFS,BAUFI4,2025-06-19T04:30:00Z,0,
GFS,BAUFI4,2025-06-19T05:00:00Z,0,
GFS,BAUFI4,2025-06-19T05:30:00Z,3.45,
GFS,BAUFI4,2025-06-19T06:00:00Z,6.9,
GFS,BAUFI4,2025-06-19T06:30:00Z,27.08,
GFS,BAUFI4,2025-06-19T07:00:00Z,47.26,
GFS,BAUFI4,2025-06-19T07:30:00Z,78.61,
GFS,BAUFI4,2025-06-19T08:00:00Z,109.96,
GFS,BAUFI4,2025-06-19T08:30:00Z,359.31,
GFS,BAUFI4,2025-06-19T09:00:00Z,608.66,
GFS,BAUFI4,2025-06-19T09:30:00Z,641.99,
GFS,BAUFI4,2025-06-19T10:00:00Z,675.32,
GFS,BAUFI4,2025-06-19T10:30:00Z,697.9,
GFS,BAUFI4,2025-06-19T11:00:00Z,720.48,
GFS,BAUFI4,2025-06-19T11:30:00Z,731.42,
GFS,BAUFI4,2025-06-19T12:00:00Z,742.36,
GFS,BAUFI4,2025-06-19T12:30:00Z,741.66,
GFS,BAUFI4,2025-06-19T13:00:00Z,740.96,
GFS,BAUFI4,2025-06-19T13:30:00Z,729.16,
GFS,BAUFI4,2025-06-19T14:00:00Z,717.36,
GFS,BAUFI4,2025-06-19T14:30:00Z,564.89,
GFS,BAUFI4,2025-06-19T15:00:00Z,412.42,
GFS,BAUFI4,2025-06-19T15:30:00Z,358.27,
GFS,BAUFI4,2025-06-19T16:00:00Z,304.12,
GFS,BAUFI4,2025-06-19T16:30:00Z,256.94,
GFS,BAUFI4,2025-06-19T17:00:00Z,209.76,
GFS,BAUFI4,2025-06-19T17:30:00Z,183.54,
GFS,BAUFI4,2025-06-19T18:00:00Z,157.32,
GFS,BAUFI4,2025-06-19T18:30:00Z,141.59,
GFS,BAUFI4,2025-06-19T19:00:00Z,125.86,
GFS,BAUFI4,2025-06-19T19:30:00Z,115.37,
GFS,BAUFI4,2025-06-19T20:00:00Z,104.88,
GFS,BAUFI4,2025-06-19T20:30:00Z,52.44,
GFS,BAUFI4,2025-06-19T21:00:00Z,0,
GFS,BAUFI4,2025-06-19T21:30:00Z,0,
GFS,BAUFI4,2025-06-19T22:00:00Z,0,
GFS,BAUFI4,2025-06-19T22:30:00Z,0,
GFS,BAUFI4,2025-06-19T23:00:00Z,0,
GFS,BAUFI4,2025-06-19T23:30:00Z,0,
GFS,BAUFI4,2025-06-20T00:00:00Z,0,
GFS,BAUFI4,2025-06-20T00:30:00Z,0,
GFS,BAUFI4,2025-06-20T01:00:00Z,0,
GFS,BAUFI4,2025-06-20T01:30:00Z,0,
GFS,BAUFI4,2025-06-20T02:00:00Z,0,
GFS,BAUFI4,2025-06-20T02:30:00Z,0,
GFS,BAUFI4,2025-06-20T03:00:00Z,0,
GFS,BAUFI4,2025-06-20T03:30:00Z,0,
GFS,BAUFI4,2025-06-20T04:00:00Z,0,
GFS,BAUFI4,2025-06-20T04:30:00Z,0,
GFS,BAUFI4,2025-06-20T05:00:00Z,0,
GFS,BAUFI4,2025-06-20T05:30:00Z,3.42,
GFS,BAUFI4,2025-06-20T06:00:00Z,6.84,
GFS,BAUFI4,2025-06-20T06:30:00Z,27.02,
GFS,BAUFI4,2025-06-20T07:00:00Z,47.2,
GFS,BAUFI4,2025-06-20T07:30:00Z,78.5,
GFS,BAUFI4,2025-06-20T08:00:00Z,109.8,
GFS,BAUFI4,2025-06-20T08:30:00Z,358.27,
GFS,BAUFI4,2025-06-20T09:00:00Z,606.74,
GFS,BAUFI4,2025-06-20T09:30:00Z,639.72,
GFS,BAUFI4,2025-06-20T10:00:00Z,672.7,
GFS,BAUFI4,2025-06-20T10:30:00Z,694.78,
GFS,BAUFI4,2025-06-20T11:00:00Z,716.86,
GFS,BAUFI4,2025-06-20T11:30:00Z,727.64,
GFS,BAUFI4,2025-06-20T12:00:00Z,738.42,
GFS,BAUFI4,2025-06-20T12:30:00Z,737.65,
GFS,BAUFI4,2025-06-20T13:00:00Z,736.88,
GFS,BAUFI4,2025-06-20T13:30:00Z,725.04,
GFS,BAUFI4,2025-06-20T14:00:00Z,713.2,
GFS,BAUFI4,2025-06-20T14:30:00Z,560.84,
GFS,BAUFI4,2025-06-20T15:00:00Z,408.48,
GFS,BAUFI4,2025-06-20T15:30:00Z,354.71,
GFS,BAUFI4,2025-06-20T16:00:00Z,300.94,
GFS,BAUFI4,2025-06-20T16:30:00Z,254.28,
GFS,BAUFI4,2025-06-20T17:00:00Z,207.62,
GFS,BAUFI4,2025-06-20T17:30:00Z,181.66,
GFS,BAUFI4,2025-06-20T18:00:00Z,155.7,
GFS,BAUFI4,2025-06-20T18:30:00Z,140.13,
GFS,BAUFI4,2025-06-20T19:00:00Z,124.56,
GFS,BAUFI4,2025-06-20T19:30:00Z,114.185,
GFS,BAUFI4,2025-06-20T20:00:00Z,103.81,
GFS,BAUFI4,2025-06-20T20:30:00Z,51.905,
GFS,BAUFI4,2025-06-20T21:00:00Z,0,
GFS,BAUFI4,2025-06-20T21:30:00Z,0,
GFS,BAUFI4,2025-06-20T22:00:00Z,0,
GFS,BAUFI4,2025-06-20T22:30:00Z,0,
GFS,BAUFI4,2025-06-20T23:00:00Z,0,
GFS,BAUFI4,2025-06-20T23:30:00Z,0,
GFS,BAUFI4,2025-06-21T00:00:00Z,0,
GFS,BAUFI4,2025-06-21T00:30:00Z,0,
GFS,BAUFI4,2025-06-21T01:00:00Z,0,
GFS,BAUFI4,2025-06-21T01:30:00Z,0,
GFS,BAUFI4,2025-06-21T02:00:00Z,0,
GFS,BAUFI4,2025-06-21T02:30:00Z,0,
GFS,BAUFI4,2025-06-21T03:00:00Z,0,
GFS,BAUFI4,2025-06-21T03:30:00Z,0,
GFS,BAUFI4,2025-06-21T04:00:00Z,0,
GFS,BAUFI4,2025-06-21T04:30:00Z,0,
GFS,BAUFI4,2025-06-21T05:00:00Z,0,
GFS,BAUFI4,2025-06-21T05:30:00Z,3.3,
GFS,BAUFI4,2025-06-21T06:00:00Z,6.6,
GFS,BAUFI4,2025-06-21T06:30:00Z,26.46,
GFS,BAUFI4,2025-06-21T07:00:00Z,46.32,
GFS,BAUFI4,2025-06-21T07:30:00Z,77.175,
GFS,BAUFI4,2025-06-21T08:00:00Z,108.03,
GFS,BAUFI4,2025-06-21T08:30:00Z,353.415,
GFS,BAUFI4,2025-06-21T09:00:00Z,598.8,
GFS,BAUFI4,2025-06-21T09:30:00Z,631.78,
GFS,BAUFI4,2025-06-21T10:00:00Z,664.76,
GFS,BAUFI4,2025-06-21T10:30:00Z,686.75,
GFS,BAUFI4,2025-06-21T11:00:00Z,708.74,
GFS,BAUFI4,2025-06-21T11:30:00Z,719.52,
GFS,BAUFI4,2025-06-21T12:00:00Z,730.3,
GFS,BAUFI4,2025-06-21T12:30:00Z,729.7,
GFS,BAUFI4,2025-06-21T13:00:00Z,729.1,
GFS,BAUFI4,2025-06-21T13:30:00Z,717.43,
GFS,BAUFI4,2025-06-21T14:00:00Z,705.76,
GFS,BAUFI4,2025-06-21T14:30:00Z,539.72,
GFS,BAUFI4,2025-06-21T15:00:00Z,373.68,
GFS,BAUFI4,2025-06-21T15:30:00Z,321.44,
GFS,BAUFI4,2025-06-21T16:00:00Z,269.2,
GFS,BAUFI4,2025-06-21T16:30:00Z,227.36,
GFS,BAUFI4,2025-06-21T17:00:00Z,185.52,
GFS,BAUFI4,2025-06-21T17:30:00Z,162.33,
GFS,BAUFI4,2025-06-21T18:00:00Z,139.14,
GFS,BAUFI4,2025-06-21T18:30:00Z,125.23,
GFS,BAUFI4,2025-06-21T19:00:00Z,111.32,
GFS,BAUFI4,2025-06-21T19:30:00Z,102.035,
GFS,BAUFI4,2025-06-21T20:00:00Z,92.75,
GFS,BAUFI4,2025-06-21T20:30:00Z,46.375,
GFS,BAUFI4,2025-06-21T21:00:00Z,0,
GFS,BAUFI4,2025-06-21T21:30:00Z,0,
GFS,BAUFI4,2025-06-21T22:00:00Z,0,
GFS,BAUFI4,2025-06-21T22:30:00Z,0,
GFS,BAUFI4,2025-06-21T23:00:00Z,0,
GFS,BAUFI4,2025-06-21T23:30:00Z,0,
GFS,BAUFI4,2025-06-22T00:00:00Z,0,
GFS,BAUFI4,2025-06-22T00:30:00Z,0,
GFS,BAUFI4,2025-06-22T01:00:00Z,0,
GFS,BAUFI4,2025-06-22T01:30:00Z,0,
GFS,BAUFI4,2025-06-22T02:00:00Z,0,
GFS,BAUFI4,2025-06-22T02:30:00Z,0,
GFS,BAUFI4,2025-06-22T03:00:00Z,0,
GFS,BAUFI4,2025-06-22T03:30:00Z,0,
GFS,BAUFI4,2025-06-22T04:00:00Z,0,
GFS,BAUFI4,2025-06-22T04:30:00Z,0,
GFS,BAUFI4,2025-06-22T05:00:00Z,0,
GFS,BAUFI4,2025-06-22T05:30:00Z,2.23,
GFS,BAUFI4,2025-06-22T06:00:00Z,4.46,
GFS,BAUFI4,2025-06-22T06:30:00Z,17.85,
GFS,BAUFI4,2025-06-22T07:00:00Z,31.24,
GFS,BAUFI4,2025-06-22T07:30:00Z,61.965,
GFS,BAUFI4,2025-06-22T08:00:00Z,92.69,
GFS,BAUFI4,2025-06-22T08:30:00Z,348.365,
GFS,BAUFI4,2025-06-22T09:00:00Z,604.04,
GFS,BAUFI4,2025-06-22T09:30:00Z,636.82,
GFS,BAUFI4,2025-06-22T10:00:00Z,669.6,
GFS,BAUFI4,2025-06-22T10:30:00Z,691.72,
GFS,BAUFI4,2025-06-22T11:00:00Z,713.84,
GFS,BAUFI4,2025-06-22T11:30:00Z,724.74,
GFS,BAUFI4,2025-06-22T12:00:00Z,735.64,
GFS,BAUFI4,2025-06-22T12:30:00Z,735.035,
GFS,BAUFI4,2025-06-22T13:00:00Z,734.43,
GFS,BAUFI4,2025-06-22T13:30:00Z,722.765,
GFS,BAUFI4,2025-06-22T14:00:00Z,711.1,
GFS,BAUFI4,2025-06-22T14:30:00Z,559.81,
GFS,BAUFI4,2025-06-22T15:00:00Z,408.52,
GFS,BAUFI4,2025-06-22T15:30:00Z,353.69,
GFS,BAUFI4,2025-06-22T16:00:00Z,298.86,
GFS,BAUFI4,2025-06-22T16:30:00Z,252.14,
GFS,BAUFI4,2025-06-22T17:00:00Z,205.42,
GFS,BAUFI4,2025-06-22T17:30:00Z,179.74,
GFS,BAUFI4,2025-06-22T18:00:00Z,154.06,
GFS,BAUFI4,2025-06-22T18:30:00Z,138.66,
GFS,BAUFI4,2025-06-22T19:00:00Z,123.26,
GFS,BAUFI4,2025-06-22T19:30:00Z,112.98,
GFS,BAUFI4,2025-06-22T20:00:00Z,102.7,
GFS,BAUFI4,2025-06-22T20:30:00Z,51.35,
GFS,BAUFI4,2025-06-22T21:00:00Z,0,
GFS,BAUFI4,2025-06-22T21:30:00Z,0,
GFS,BAUFI4,2025-06-22T22:00:00Z,0,
GFS,BAUFI4,2025-06-22T22:30:00Z,0,
GFS,BAUFI4,2025-06-22T23:00:00Z,0,
GFS,BAUFI4,2025-06-22T23:30:00Z,0,
GFS,BAUFI4,2025-06-23T00:00:00Z,0,
GFS,BAUFI4,2025-06-23T00:30:00Z,0,
GFS,BAUFI4,2025-06-23T01:00:00Z,0,
GFS,BAUFI4,2025-06-23T01:30:00Z,0,
GFS,BAUFI4,2025-06-23T02:00:00Z,0,
GFS,BAUFI4,2025-06-23T02:30:00Z,0,
GFS,BAUFI4,2025-06-23T03:00:00Z,0,
GFS,BAUFI4,2025-06-23T03:30:00Z,0,
GFS,BAUFI4,2025-06-23T04:00:00Z,0,
GFS,BAUFI4,2025-06-23T04:30:00Z,0,
GFS,BAUFI4,2025-06-23T05:00:00Z,0,
GFS,BAUFI4,2025-06-23T05:30:00Z,3.31,
GFS,BAUFI4,2025-06-23T06:00:00Z,6.62,
GFS,BAUFI4,2025-06-23T06:30:00Z,26.76,
GFS,BAUFI4,2025-06-23T07:00:00Z,46.9,
GFS,BAUFI4,2025-06-23T07:30:00Z,78.235,
GFS,BAUFI4,2025-06-23T08:00:00Z,109.57,
GFS,BAUFI4,2025-06-23T08:30:00Z,358.205,
GFS,BAUFI4,2025-06-23T09:00:00Z,606.84,
GFS,BAUFI4,2025-06-23T09:30:00Z,639.82,
GFS,BAUFI4,2025-06-23T10:00:00Z,672.8,
GFS,BAUFI4,2025-06-23T10:30:00Z,695.08,
GFS,BAUFI4,2025-06-23T11:00:00Z,717.36,
GFS,BAUFI4,2025-06-23T11:30:00Z,728.295,
GFS,BAUFI4,2025-06-23T12:00:00Z,739.23,
GFS,BAUFI4,2025-06-23T12:30:00Z,738.67,
GFS,BAUFI4,2025-06-23T13:00:00Z,738.11,
GFS,BAUFI4,2025-06-23T13:30:00Z,726.505,
GFS,BAUFI4,2025-06-23T14:00:00Z,714.9,
GFS,BAUFI4,2025-06-23T14:30:00Z,563.58,
GFS,BAUFI4,2025-06-23T15:00:00Z,412.26,
GFS,BAUFI4,2025-06-23T15:30:00Z,358.42,
GFS,BAUFI4,2025-06-23T16:00:00Z,304.58,
GFS,BAUFI4,2025-06-23T16:30:00Z,257.45,
GFS,BAUFI4,2025-06-23T17:00:00Z,210.32,
GFS,BAUFI4,2025-06-23T17:30:00Z,184.03,
GFS,BAUFI4,2025-06-23T18:00:00Z,157.74,
GFS,BAUFI4,2025-06-23T18:30:00Z,141.97,
GFS,BAUFI4,2025-06-23T19:00:00Z,126.2,
GFS,BAUFI4,2025-06-23T19:30:00Z,115.685,
GFS,BAUFI4,2025-06-23T20:00:00Z,105.17,
GFS,BAUFI4,2025-06-23T20:30:00Z,52.585,
GFS,BAUFI4,2025-06-23T21:00:00Z,0,
GFS,BAUFI4,2025-06-23T21:30:00Z,0,
GFS,BAUFI4,2025-06-23T22:00:00Z,0,
GFS,BAUFI4,2025-06-23T22:30:00Z,0,
GFS,BAUFI4,2025-06-23T23:00:00Z,0,
GFS,BAUFI4,2025-06-23T23:30:00Z,0,
GFS,BAUFI4,2025-06-24T00:00:00Z,0,
GFS,BAUFI4,2025-06-24T00:30:00Z,0,
GFS,BAUFI4,2025-06-24T01:00:00Z,0,
GFS,BAUFI4,2025-06-24T01:30:00Z,0,
GFS,BAUFI4,2025-06-24T02:00:00Z,0,
GFS,BAUFI4,2025-06-24T02:30:00Z,0,
GFS,BAUFI4,2025-06-24T03:00:00Z,0,
GFS,BAUFI4,2025-06-24T03:30:00Z,0,
GFS,BAUFI4,2025-06-24T04:00:00Z,0,
GFS,BAUFI4,2025-06-24T04:30:00Z,0,
GFS,BAUFI4,2025-06-24T05:00:00Z,0,
GFS,BAUFI4,2025-06-24T05:30:00Z,3.3,
GFS,BAUFI4,2025-06-24T06:00:00Z,6.6,
GFS,BAUFI4,2025-06-24T06:30:00Z,26.73,
GFS,BAUFI4,2025-06-24T07:00:00Z,46.86,
GFS,BAUFI4,2025-06-24T07:30:00Z,78.14,
GFS,BAUFI4,2025-06-24T08:00:00Z,109.42,
GFS,BAUFI4,2025-06-24T08:30:00Z,357.72,
GFS,BAUFI4,2025-06-24T09:00:00Z,606.02,
GFS,BAUFI4,2025-06-24T09:30:00Z,639.11,
GFS,BAUFI4,2025-06-24T10:00:00Z,672.2,
GFS,BAUFI4,2025-06-24T10:30:00Z,694.82,
GFS,BAUFI4,2025-06-24T11:00:00Z,717.44,
GFS,BAUFI4,2025-06-24T11:30:00Z,728.84,
GFS,BAUFI4,2025-06-24T12:00:00Z,740.24,
GFS,BAUFI4,2025-06-24T12:30:00Z,739.825,
GFS,BAUFI4,2025-06-24T13:00:00Z,739.41,
GFS,BAUFI4,2025-06-24T13:30:00Z,727.815,
GFS,BAUFI4,2025-06-24T14:00:00Z,716.22,
GFS,BAUFI4,2025-06-24T14:30:00Z,565.38,
GFS,BAUFI4,2025-06-24T15:00:00Z,414.54,
GFS,BAUFI4,2025-06-24T15:30:00Z,360.54,
GFS,BAUFI4,2025-06-24T16:00:00Z,306.54,
GFS,BAUFI4,2025-06-24T16:30:00Z,259.17,
GFS,BAUFI4,2025-06-24T17:00:00Z,211.8,
GFS,BAUFI4,2025-06-24T17:30:00Z,185.33,
GFS,BAUFI4,2025-06-24T18:00:00Z,158.86,
GFS,BAUFI4,2025-06-24T18:30:00Z,142.97,
GFS,BAUFI4,2025-06-24T19:00:00Z,127.08,
GFS,BAUFI4,2025-06-24T19:30:00Z,116.49,
GFS,BAUFI4,2025-06-24T20:00:00Z,105.9,
GFS,BAUFI4,2025-06-24T20:30:00Z,52.95,
GFS,BAUFI4,2025-06-24T21:00:00Z,0,
GFS,BAUFI4,2025-06-24T21:30:00Z,0,
GFS,BAUFI4,2025-06-24T22:00:00Z,0,
GFS,BAUFI4,2025-06-24T22:30:00Z,0,
GFS,BAUFI4,2025-06-24T23:00:00Z,0,
GFS,BAUFI4,2025-06-24T23:30:00Z,0,
GFS,BAUFI4,2025-06-25T00:00:00Z,0,
GFS,BAUFI4,2025-06-25T00:30:00Z,0,
GFS,BAUFI4,2025-06-25T01:00:00Z,0,
GFS,BAUFI4,2025-06-25T01:30:00Z,0,
GFS,BAUFI4,2025-06-25T02:00:00Z,0,
GFS,BAUFI4,2025-06-25T02:30:00Z,0,
GFS,BAUFI4,2025-06-25T03:00:00Z,0,
GFS,BAUFI4,2025-06-25T03:30:00Z,0,
GFS,BAUFI4,2025-06-25T04:00:00Z,0,
GFS,BAUFI4,2025-06-25T04:30:00Z,0,
GFS,BAUFI4,2025-06-25T05:00:00Z,0,
GFS,BAUFI4,2025-06-25T05:30:00Z,3.26,
GFS,BAUFI4,2025-06-25T06:00:00Z,6.52,
GFS,BAUFI4,2025-06-25T06:30:00Z,26.6,
GFS,BAUFI4,2025-06-25T07:00:00Z,46.68,
GFS,BAUFI4,2025-06-25T07:30:00Z,77.91,
GFS,BAUFI4,2025-06-25T08:00:00Z,109.14,
GFS,BAUFI4,2025-06-25T08:30:00Z,356.49,
GFS,BAUFI4,2025-06-25T09:00:00Z,603.84,
GFS,BAUFI4,2025-06-25T09:30:00Z,636.78,
GFS,BAUFI4,2025-06-25T10:00:00Z,669.72,
GFS,BAUFI4,2025-06-25T10:30:00Z,692,
GFS,BAUFI4,2025-06-25T11:00:00Z,714.28,
GFS,BAUFI4,2025-06-25T11:30:00Z,725.15,
GFS,BAUFI4,2025-06-25T12:00:00Z,736.02,
GFS,BAUFI4,2025-06-25T12:30:00Z,735.49,
GFS,BAUFI4,2025-06-25T13:00:00Z,734.96,
GFS,BAUFI4,2025-06-25T13:30:00Z,723.465,
GFS,BAUFI4,2025-06-25T14:00:00Z,711.97,
GFS,BAUFI4,2025-06-25T14:30:00Z,562.025,
GFS,BAUFI4,2025-06-25T15:00:00Z,412.08,
GFS,BAUFI4,2025-06-25T15:30:00Z,358.47,
GFS,BAUFI4,2025-06-25T16:00:00Z,304.86,
GFS,BAUFI4,2025-06-25T16:30:00Z,257.77,
GFS,BAUFI4,2025-06-25T17:00:00Z,210.68,
GFS,BAUFI4,2025-06-25T17:30:00Z,184.35,
GFS,BAUFI4,2025-06-25T18:00:00Z,158.02,
GFS,BAUFI4,2025-06-25T18:30:00Z,142.22,
GFS,BAUFI4,2025-06-25T19:00:00Z,126.42,
GFS,BAUFI4,2025-06-25T19:30:00Z,115.88,
GFS,BAUFI4,2025-06-25T20:00:00Z,105.34,
GFS,BAUFI4,2025-06-25T20:30:00Z,52.67,
GFS,BAUFI4,2025-06-25T21:00:00Z,0,
GFS,BAUFI4,2025-06-25T21:30:00Z,0,
GFS,BAUFI4,2025-06-25T22:00:00Z,0,
GFS,BAUFI4,2025-06-25T22:30:00Z,0,
GFS,BAUFI4,2025-06-25T23:00:00Z,0,
GFS,BAUFI4,2025-06-25T23:30:00Z,0,
GFS,BAUFI4,2025-06-26T00:00:00Z,0,
GFS,BAUFI4,2025-06-26T00:30:00Z,0,
GFS,BAUFI4,2025-06-26T01:00:00Z,0,
GFS,BAUFI4,2025-06-26T01:30:00Z,0,
GFS,BAUFI4,2025-06-26T02:00:00Z,0,
GFS,BAUFI4,2025-06-26T02:30:00Z,0,
GFS,BAUFI4,2025-06-26T03:00:00Z,0,
GFS,BAUFI4,2025-06-26T03:30:00Z,0,
GFS,BAUFI4,2025-06-26T04:00:00Z,0,
GFS,BAUFI4,2025-06-26T04:30:00Z,0,
GFS,BAUFI4,2025-06-26T05:00:00Z,0,
GFS,BAUFI4,2025-06-26T05:30:00Z,3.05,
GFS,BAUFI4,2025-06-26T06:00:00Z,6.1,
GFS,BAUFI4,2025-06-26T06:30:00Z,25.27,
GFS,BAUFI4,2025-06-26T07:00:00Z,44.44,
GFS,BAUFI4,2025-06-26T07:30:00Z,74.63,
GFS,BAUFI4,2025-06-26T08:00:00Z,104.82,
GFS,BAUFI4,2025-06-26T08:30:00Z,347.87,
GFS,BAUFI4,2025-06-26T09:00:00Z,590.92,
GFS,BAUFI4,2025-06-26T09:30:00Z,624.1,
GFS,BAUFI4,2025-06-26T10:00:00Z,657.28,
GFS,BAUFI4,2025-06-26T10:30:00Z,679.84,
GFS,BAUFI4,2025-06-26T11:00:00Z,702.4,
GFS,BAUFI4,2025-06-26T11:30:00Z,713.59,
GFS,BAUFI4,2025-06-26T12:00:00Z,724.78,
GFS,BAUFI4,2025-06-26T12:30:00Z,724.46,
GFS,BAUFI4,2025-06-26T13:00:00Z,724.14,
GFS,BAUFI4,2025-06-26T13:30:00Z,712.9,
GFS,BAUFI4,2025-06-26T14:00:00Z,701.66,
GFS,BAUFI4,2025-06-26T14:30:00Z,553.88,
GFS,BAUFI4,2025-06-26T15:00:00Z,406.1,
GFS,BAUFI4,2025-06-26T15:30:00Z,351.14,
GFS,BAUFI4,2025-06-26T16:00:00Z,296.18,
GFS,BAUFI4,2025-06-26T16:30:00Z,248.65,
GFS,BAUFI4,2025-06-26T17:00:00Z,201.12,
GFS,BAUFI4,2025-06-26T17:30:00Z,175.98,
GFS,BAUFI4,2025-06-26T18:00:00Z,150.84,
GFS,BAUFI4,2025-06-26T18:30:00Z,135.75,
GFS,BAUFI4,2025-06-26T19:00:00Z,120.66,
GFS,BAUFI4,2025-06-26T19:30:00Z,110.61,
GFS,BAUFI4,2025-06-26T20:00:00Z,100.56,
GFS,BAUFI4,2025-06-26T20:30:00Z,50.28,
GFS,BAUFI4,2025-06-26T21:00:00Z,0,
GFS,BAUFI4,2025-06-26T21:30:00Z,0,
GFS,BAUFI4,2025-06-26T22:00:00Z,0,
GFS,BAUFI4,2025-06-26T22:30:00Z,0,
GFS,BAUFI4,2025-06-26T23:00:00Z,0,
GFS,BAUFI4,2025-06-26T23:30:00Z,0,
GFS,BAUFI4,2025-06-27T00:00:00Z,0,
GFS,BAUFI4,2025-06-27T00:30:00Z,0,
GFS,BAUFI4,2025-06-27T01:00:00Z,0,
GFS,BAUFI4,2025-06-27T01:30:00Z,0,
GFS,BAUFI4,2025-06-27T02:00:00Z,0,
GFS,BAUFI4,2025-06-27T02:30:00Z,0,
GFS,BAUFI4,2025-06-27T03:00:00Z,0,
GFS,BAUFI4,2025-06-27T03:30:00Z,0,
GFS,BAUFI4,2025-06-27T04:00:00Z,0,
GFS,BAUFI4,2025-06-27T04:30:00Z,0,
GFS,BAUFI4,2025-06-27T05:00:00Z,0,
GFS,BAUFI4,2025-06-27T05:30:00Z,3.06,
GFS,BAUFI4,2025-06-27T06:00:00Z,6.12,
GFS,BAUFI4,2025-06-27T06:30:00Z,25.48,
GFS,BAUFI4,2025-06-27T07:00:00Z,44.84,
GFS,BAUFI4,2025-06-27T07:30:00Z,75.395,
GFS,BAUFI4,2025-06-27T08:00:00Z,105.95,
GFS,BAUFI4,2025-06-27T08:30:00Z,350.315,
GFS,BAUFI4,2025-06-27T09:00:00Z,594.68,
GFS,BAUFI4,2025-06-27T09:30:00Z,627.75,
GFS,BAUFI4,2025-06-27T10:00:00Z,660.82,
GFS,BAUFI4,2025-06-27T10:30:00Z,683.3,
GFS,BAUFI4,2025-06-27T11:00:00Z,705.78,
GFS,BAUFI4,2025-06-27T11:30:00Z,717,
GFS,BAUFI4,2025-06-27T12:00:00Z,728.22,
GFS,BAUFI4,2025-06-27T12:30:00Z,727.95,
GFS,BAUFI4,2025-06-27T13:00:00Z,727.68,
GFS,BAUFI4,2025-06-27T13:30:00Z,716.455,
GFS,BAUFI4,2025-06-27T14:00:00Z,705.23,
GFS,BAUFI4,2025-06-27T14:30:00Z,557.195,
GFS,BAUFI4,2025-06-27T15:00:00Z,409.16,
GFS,BAUFI4,2025-06-27T15:30:00Z,355.96,
GFS,BAUFI4,2025-06-27T16:00:00Z,302.76,
GFS,BAUFI4,2025-06-27T16:30:00Z,256.07,
GFS,BAUFI4,2025-06-27T17:00:00Z,209.38,
GFS,BAUFI4,2025-06-27T17:30:00Z,183.21,
GFS,BAUFI4,2025-06-27T18:00:00Z,157.04,
GFS,BAUFI4,2025-06-27T18:30:00Z,141.33,
GFS,BAUFI4,2025-06-27T19:00:00Z,125.62,
GFS,BAUFI4,2025-06-27T19:30:00Z,115.155,
GFS,BAUFI4,2025-06-27T20:00:00Z,104.69,
GFS,BAUFI4,2025-06-27T20:30:00Z,52.345,
GFS,BAUFI4,2025-06-27T21:00:00Z,0,
GFS,BAUFI4,2025-06-27T21:30:00Z,0,
GFS,BAUFI4,2025-06-27T22:00:00Z,0,
GFS,BAUFI4,2025-06-27T22:30:00Z,0,
GFS,BAUFI4,2025-06-27T23:00:00Z,0,
GFS,BAUFI4,2025-06-27T23:30:00Z,0,
GFS,BAUFI4,2025-06-28T00:00:00Z,0,
GFS,BAUFI4,2025-06-28T00:30:00Z,0,
GFS,BAUFI4,2025-06-28T01:00:00Z,0,
GFS,BAUFI4,2025-06-28T01:30:00Z,0,
GFS,BAUFI4,2025-06-28T02:00:00Z,0,
GFS,BAUFI4,2025-06-28T02:30:00Z,0,
GFS,BAUFI4,2025-06-28T03:00:00Z,0,
GFS,BAUFI4,2025-06-28T03:30:00Z,0,
GFS,BAUFI4,2025-06-28T04:00:00Z,0,
GFS,BAUFI4,2025-06-28T04:30:00Z,0,
GFS,BAUFI4,2025-06-28T05:00:00Z,0,
GFS,BAUFI4,2025-06-28T05:30:00Z,3.11,
GFS,BAUFI4,2025-06-28T06:00:00Z,6.22,
GFS,BAUFI4,2025-06-28T06:30:00Z,25.98,
GFS,BAUFI4,2025-06-28T07:00:00Z,45.74,
GFS,BAUFI4,2025-06-28T07:30:00Z,76.885,
GFS,BAUFI4,2025-06-28T08:00:00Z,108.03,
GFS,BAUFI4,2025-06-28T08:30:00Z,357.485,
GFS,BAUFI4,2025-06-28T09:00:00Z,606.94,
GFS,BAUFI4,2025-06-28T09:30:00Z,641.21,
GFS,BAUFI4,2025-06-28T10:00:00Z,675.48,
GFS,BAUFI4,2025-06-28T10:30:00Z,699.04,
GFS,BAUFI4,2025-06-28T11:00:00Z,722.6,
GFS,BAUFI4,2025-06-28T11:30:00Z,734.45,
GFS,BAUFI4,2025-06-28T12:00:00Z,746.3,
GFS,BAUFI4,2025-06-28T12:30:00Z,746.2,
GFS,BAUFI4,2025-06-28T13:00:00Z,746.1,
GFS,BAUFI4,2025-06-28T13:30:00Z,734.52,
GFS,BAUFI4,2025-06-28T14:00:00Z,722.94,
GFS,BAUFI4,2025-06-28T14:30:00Z,570.84,
GFS,BAUFI4,2025-06-28T15:00:00Z,418.74,
GFS,BAUFI4,2025-06-28T15:30:00Z,364.55,
GFS,BAUFI4,2025-06-28T16:00:00Z,310.36,
GFS,BAUFI4,2025-06-28T16:30:00Z,261.99,
GFS,BAUFI4,2025-06-28T17:00:00Z,213.62,
GFS,BAUFI4,2025-06-28T17:30:00Z,186.92,
GFS,BAUFI4,2025-06-28T18:00:00Z,160.22,
GFS,BAUFI4,2025-06-28T18:30:00Z,144.19,
GFS,BAUFI4,2025-06-28T19:00:00Z,128.16,
GFS,BAUFI4,2025-06-28T19:30:00Z,117.48,
GFS,BAUFI4,2025-06-28T20:00:00Z,106.8,
GFS,BAUFI4,2025-06-28T20:30:00Z,53.4,
GFS,BAUFI4,2025-06-28T21:00:00Z,0,
GFS,BAUFI4,2025-06-28T21:30:00Z,0,
GFS,BAUFI4,2025-06-28T22:00:00Z,0,
GFS,BAUFI4,2025-06-28T22:30:00Z,0,
GFS,BAUFI4,2025-06-28T23:00:00Z,0,
GFS,BAUFI4,2025-06-28T23:30:00Z,0,
GFS,BAUFI4,2025-06-29T00:00:00Z,0,
GFS,BAUFI4,2025-06-29T00:30:00Z,0,
GFS,BAUFI4,2025-06-29T01:00:00Z,0,
GFS,BAUFI4,2025-06-29T01:30:00Z,0,
GFS,BAUFI4,2025-06-29T02:00:00Z,0,
GFS,BAUFI4,2025-06-29T02:30:00Z,0,
GFS,BAUFI4,2025-06-29T03:00:00Z,0,
GFS,BAUFI4,2025-06-29T03:30:00Z,0,
GFS,BAUFI4,2025-06-29T04:00:00Z,0,
GFS,BAUFI4,2025-06-29T04:30:00Z,0,
GFS,BAUFI4,2025-06-29T05:00:00Z,0,
GFS,BAUFI4,2025-06-29T05:30:00Z,3.02,
GFS,BAUFI4,2025-06-29T06:00:00Z,6.04,
GFS,BAUFI4,2025-06-29T06:30:00Z,25.36,
GFS,BAUFI4,2025-06-29T07:00:00Z,44.68,
GFS,BAUFI4,2025-06-29T07:30:00Z,75.27,
GFS,BAUFI4,2025-06-29T08:00:00Z,105.86,
GFS,BAUFI4,2025-06-29T08:30:00Z,350.75,
GFS,BAUFI4,2025-06-29T09:00:00Z,595.64,
GFS,BAUFI4,2025-06-29T09:30:00Z,629.06,
GFS,BAUFI4,2025-06-29T10:00:00Z,662.48,
GFS,BAUFI4,2025-06-29T10:30:00Z,685.47,
GFS,BAUFI4,2025-06-29T11:00:00Z,708.46,
GFS,BAUFI4,2025-06-29T11:30:00Z,720.23,
GFS,BAUFI4,2025-06-29T12:00:00Z,732,
GFS,BAUFI4,2025-06-29T12:30:00Z,732.28,
GFS,BAUFI4,2025-06-29T13:00:00Z,732.56,
GFS,BAUFI4,2025-06-29T13:30:00Z,721.775,
GFS,BAUFI4,2025-06-29T14:00:00Z,710.99,
GFS,BAUFI4,2025-06-29T14:30:00Z,565.175,
GFS,BAUFI4,2025-06-29T15:00:00Z,419.36,
GFS,BAUFI4,2025-06-29T15:30:00Z,365.57,
GFS,BAUFI4,2025-06-29T16:00:00Z,311.78,
GFS,BAUFI4,2025-06-29T16:30:00Z,263.9,
GFS,BAUFI4,2025-06-29T17:00:00Z,216.02,
GFS,BAUFI4,2025-06-29T17:30:00Z,189.02,
GFS,BAUFI4,2025-06-29T18:00:00Z,162.02,
GFS,BAUFI4,2025-06-29T18:30:00Z,145.82,
GFS,BAUFI4,2025-06-29T19:00:00Z,129.62,
GFS,BAUFI4,2025-06-29T19:30:00Z,118.82,
GFS,BAUFI4,2025-06-29T20:00:00Z,108.02,
GFS,BAUFI4,2025-06-29T20:30:00Z,54.01,
GFS,BAUFI4,2025-06-29T21:00:00Z,0,
GFS,BAUFI4,2025-06-29T21:30:00Z,0,
GFS,BAUFI4,2025-06-29T22:00:00Z,0,
GFS,BAUFI4,2025-06-29T22:30:00Z,0,
GFS,BAUFI4,2025-06-29T23:00:00Z,0,
GFS,BAUFI4,2025-06-29T23:30:00Z,0,
GFS,BAUFI4,2025-06-30T00:00:00Z,0,
GFS,BAUFI4,2025-06-30T00:30:00Z,0,
GFS,BAUFI4,2025-06-30T01:00:00Z,0,
GFS,BAUFI4,2025-06-30T01:30:00Z,0,
GFS,BAUFI4,2025-06-30T02:00:00Z,0,
GFS,BAUFI4,2025-06-30T02:30:00Z,0,
GFS,BAUFI4,2025-06-30T03:00:00Z,0,
GFS,BAUFI4,2025-06-30T03:30:00Z,0,
GFS,BAUFI4,2025-06-30T04:00:00Z,0,
GFS,BAUFI4,2025-06-30T04:30:00Z,0,
GFS,BAUFI4,2025-06-30T05:00:00Z,0,
GFS,BAUFI4,2025-06-30T05:30:00Z,3.23,
GFS,BAUFI4,2025-06-30T06:00:00Z,6.46,
GFS,BAUFI4,2025-06-30T06:30:00Z,26.76,
GFS,BAUFI4,2025-06-30T07:00:00Z,47.06,
GFS,BAUFI4,2025-06-30T07:30:00Z,78.88,
GFS,BAUFI4,2025-06-30T08:00:00Z,110.7,
GFS,BAUFI4,2025-06-30T08:30:00Z,364.15,
GFS,BAUFI4,2025-06-30T09:00:00Z,617.6,
GFS,BAUFI4,2025-06-30T09:30:00Z,651.44,
GFS,BAUFI4,2025-06-30T10:00:00Z,685.28,
GFS,BAUFI4,2025-06-30T10:30:00Z,708.29,
GFS,BAUFI4,2025-06-30T11:00:00Z,731.3,
GFS,BAUFI4,2025-06-30T11:30:00Z,742.76,
GFS,BAUFI4,2025-06-30T12:00:00Z,754.22,
GFS,BAUFI4,2025-06-30T12:30:00Z,753.99,
GFS,BAUFI4,2025-06-30T13:00:00Z,753.76,
GFS,BAUFI4,2025-06-30T13:30:00Z,742.27,
GFS,BAUFI4,2025-06-30T14:00:00Z,730.78,
GFS,BAUFI4,2025-06-30T14:30:00Z,579.33,
GFS,BAUFI4,2025-06-30T15:00:00Z,427.88,
GFS,BAUFI4,2025-06-30T15:30:00Z,373.17,
GFS,BAUFI4,2025-06-30T16:00:00Z,318.46,
GFS,BAUFI4,2025-06-30T16:30:00Z,269.66,
GFS,BAUFI4,2025-06-30T17:00:00Z,220.86,
GFS,BAUFI4,2025-06-30T17:30:00Z,193.25,
GFS,BAUFI4,2025-06-30T18:00:00Z,165.64,
GFS,BAUFI4,2025-06-30T18:30:00Z,149.08,
GFS,BAUFI4,2025-06-30T19:00:00Z,132.52,
GFS,BAUFI4,2025-06-30T19:30:00Z,121.475,
GFS,BAUFI4,2025-06-30T20:00:00Z,110.43,
GFS,BAUFI4,2025-06-30T20:30:00Z,55.215,
GFS,BAUFI4,2025-06-30T21:00:00Z,0,
GFS,BAUFI4,2025-06-30T21:30:00Z,0,
GFS,BAUFI4,2025-06-30T22:00:00Z,0,
GFS,BAUFI4,2025-06-30T22:30:00Z,0,
GFS,BAUFI4,2025-06-30T23:00:00Z,0,
GFS,BAUFI4,2025-06-30T23:30:00Z,0,
GFS,BAUFI4,2025-07-01T00:00:00Z,0,
GFS,BAUFI4,2025-07-01T00:30:00Z,0,
GFS,BAUFI4,2025-07-01T01:00:00Z,0,
GFS,BAUFI4,2025-07-01T01:30:00Z,0,
GFS,BAUFI4,2025-07-01T02:00:00Z,0,
GFS,BAUFI4,2025-07-01T02:30:00Z,0,
GFS,BAUFI4,2025-07-01T03:00:00Z,0,
GFS,BAUFI4,2025-07-01T03:30:00Z,0,
GFS,BAUFI4,2025-07-01T04:00:00Z,0,
GFS,BAUFI4,2025-07-01T04:30:00Z,0,
GFS,BAUFI4,2025-07-01T05:00:00Z,0,
GFS,BAUFI4,2025-07-01T05:30:00Z,3.03,
GFS,BAUFI4,2025-07-01T06:00:00Z,6.06,
GFS,BAUFI4,2025-07-01T06:30:00Z,25.45,
GFS,BAUFI4,2025-07-01T07:00:00Z,44.84,
GFS,BAUFI4,2025-07-01T07:30:00Z,75.49,
GFS,BAUFI4,2025-07-01T08:00:00Z,106.14,
GFS,BAUFI4,2025-07-01T08:30:00Z,351.19,
GFS,BAUFI4,2025-07-01T09:00:00Z,596.24,
GFS,BAUFI4,2025-07-01T09:30:00Z,629.39,
GFS,BAUFI4,2025-07-01T10:00:00Z,662.54,
GFS,BAUFI4,2025-07-01T10:30:00Z,684.98,
GFS,BAUFI4,2025-07-01T11:00:00Z,707.42,
GFS,BAUFI4,2025-07-01T11:30:00Z,718.57,
GFS,BAUFI4,2025-07-01T12:00:00Z,729.72,
GFS,BAUFI4,2025-07-01T12:30:00Z,729.525,
GFS,BAUFI4,2025-07-01T13:00:00Z,729.33,
GFS,BAUFI4,2025-07-01T13:30:00Z,717.705,
GFS,BAUFI4,2025-07-01T14:00:00Z,706.08,
GFS,BAUFI4,2025-07-01T14:30:00Z,557.82,
GFS,BAUFI4,2025-07-01T15:00:00Z,409.56,
GFS,BAUFI4,2025-07-01T15:30:00Z,356.59,
GFS,BAUFI4,2025-07-01T16:00:00Z,303.62,
GFS,BAUFI4,2025-07-01T16:30:00Z,256.83,
GFS,BAUFI4,2025-07-01T17:00:00Z,210.04,
GFS,BAUFI4,2025-07-01T17:30:00Z,183.78,
GFS,BAUFI4,2025-07-01T18:00:00Z,157.52,
GFS,BAUFI4,2025-07-01T18:30:00Z,141.77,
GFS,BAUFI4,2025-07-01T19:00:00Z,126.02,
GFS,BAUFI4,2025-07-01T19:30:00Z,115.52,
GFS,BAUFI4,2025-07-01T20:00:00Z,105.02,
GFS,BAUFI4,2025-07-01T20:30:00Z,52.51,
GFS,BAUFI4,2025-07-01T21:00:00Z,0,
GFS,BAUFI4,2025-07-01T21:30:00Z,0,
GFS,BAUFI4,2025-07-01T22:00:00Z,0,
GFS,BAUFI4,2025-07-01T22:30:00Z,0,
GFS,BAUFI4,2025-07-01T23:00:00Z,0,
GFS,BAUFI4,2025-07-01T23:30:00Z,0,
GFS,BAUFI4,2025-07-02T00:00:00Z,0,
GFS,BAUFI4,2025-07-02T00:30:00Z,0,
GFS,BAUFI4,2025-07-02T01:00:00Z,0,
GFS,BAUFI4,2025-07-02T01:30:00Z,0,
GFS,BAUFI4,2025-07-02T02:00:00Z,0,
GFS,BAUFI4,2025-07-02T02:30:00Z,0,
GFS,BAUFI4,2025-07-02T03:00:00Z,0,
GFS,BAUFI4,2025-07-02T03:30:00Z,0,
GFS,BAUFI4,2025-07-02T04:00:00Z,0,
GFS,BAUFI4,2025-07-02T04:30:00Z,0,
GFS,BAUFI4,2025-07-02T05:00:00Z,0,
GFS,BAUFI4,2025-07-02T05:30:00Z,3.03,
GFS,BAUFI4,2025-07-02T06:00:00Z,6.06,
GFS,BAUFI4,2025-07-02T06:30:00Z,25.52,
GFS,BAUFI4,2025-07-02T07:00:00Z,44.98,
GFS,BAUFI4,2025-07-02T07:30:00Z,75.73,
GFS,BAUFI4,2025-07-02T08:00:00Z,106.48,
GFS,BAUFI4,2025-07-02T08:30:00Z,352.29,
GFS,BAUFI4,2025-07-02T09:00:00Z,598.1,
GFS,BAUFI4,2025-07-02T09:30:00Z,631.43,
GFS,BAUFI4,2025-07-02T10:00:00Z,664.76,
GFS,BAUFI4,2025-07-02T10:30:00Z,687.39,
GFS,BAUFI4,2025-07-02T11:00:00Z,710.02,
GFS,BAUFI4,2025-07-02T11:30:00Z,721.42,
GFS,BAUFI4,2025-07-02T12:00:00Z,732.82,
GFS,BAUFI4,2025-07-02T12:30:00Z,732.825,
GFS,BAUFI4,2025-07-02T13:00:00Z,732.83,
GFS,BAUFI4,2025-07-02T13:30:00Z,721.855,
GFS,BAUFI4,2025-07-02T14:00:00Z,710.88,
GFS,BAUFI4,2025-07-02T14:30:00Z,564.26,
GFS,BAUFI4,2025-07-02T15:00:00Z,417.64,
GFS,BAUFI4,2025-07-02T15:30:00Z,364.23,
GFS,BAUFI4,2025-07-02T16:00:00Z,310.82,
GFS,BAUFI4,2025-07-02T16:30:00Z,263.21,
GFS,BAUFI4,2025-07-02T17:00:00Z,215.6,
GFS,BAUFI4,2025-07-02T17:30:00Z,188.65,
GFS,BAUFI4,2025-07-02T18:00:00Z,161.7,
GFS,BAUFI4,2025-07-02T18:30:00Z,145.53,
GFS,BAUFI4,2025-07-02T19:00:00Z,129.36,
GFS,BAUFI4,2025-07-02T19:30:00Z,118.585,
GFS,BAUFI4,2025-07-02T20:00:00Z,107.81,
GFS,BAUFI4,2025-07-02T20:30:00Z,53.905,
GFS,BAUFI4,2025-07-02T21:00:00Z,0,
GFS,BAUFI4,2025-07-02T21:30:00Z,0,
GFS,BAUFI4,2025-07-02T22:00:00Z,0,
GFS,BAUFI4,2025-07-02T22:30:00Z,0,
GFS,BAUFI4,2025-07-02T23:00:00Z,0,
GFS,BAUFI4,2025-07-02T23:30:00Z,0,
GFS,BAUFI5,2025-06-03T00:00:00Z,0,
GFS,BAUFI5,2025-06-03T00:30:00Z,0,
GFS,BAUFI5,2025-06-03T01:00:00Z,0,
GFS,BAUFI5,2025-06-03T01:30:00Z,0,
GFS,BAUFI5,2025-06-03T02:00:00Z,0,
GFS,BAUFI5,2025-06-03T02:30:00Z,0,
GFS,BAUFI5,2025-06-03T03:00:00Z,0,
GFS,BAUFI5,2025-06-03T03:30:00Z,0,
GFS,BAUFI5,2025-06-03T04:00:00Z,0,
GFS,BAUFI5,2025-06-03T04:30:00Z,0,
GFS,BAUFI5,2025-06-03T05:00:00Z,0,
GFS,BAUFI5,2025-06-03T05:30:00Z,3.64,
GFS,BAUFI5,2025-06-03T06:00:00Z,7.28,
GFS,BAUFI5,2025-06-03T06:30:00Z,28.68,
GFS,BAUFI5,2025-06-03T07:00:00Z,50.08,
GFS,BAUFI5,2025-06-03T07:30:00Z,81.33,
GFS,BAUFI5,2025-06-03T08:00:00Z,112.58,
GFS,BAUFI5,2025-06-03T08:30:00Z,354.79,
GFS,BAUFI5,2025-06-03T09:00:00Z,597,
GFS,BAUFI5,2025-06-03T09:30:00Z,632.26,
GFS,BAUFI5,2025-06-03T10:00:00Z,667.52,
GFS,BAUFI5,2025-06-03T10:30:00Z,686.83,
GFS,BAUFI5,2025-06-03T11:00:00Z,706.14,
GFS,BAUFI5,2025-06-03T11:30:00Z,713.95,
GFS,BAUFI5,2025-06-03T12:00:00Z,721.76,
GFS,BAUFI5,2025-06-03T12:30:00Z,718.81,
GFS,BAUFI5,2025-06-03T13:00:00Z,715.86,
GFS,BAUFI5,2025-06-03T13:30:00Z,704.52,
GFS,BAUFI5,2025-06-03T14:00:00Z,693.18,
GFS,BAUFI5,2025-06-03T14:30:00Z,530.4,
GFS,BAUFI5,2025-06-03T15:00:00Z,367.62,
GFS,BAUFI5,2025-06-03T15:30:00Z,312.96,
GFS,BAUFI5,2025-06-03T16:00:00Z,258.3,
GFS,BAUFI5,2025-06-03T16:30:00Z,218.14,
GFS,BAUFI5,2025-06-03T17:00:00Z,177.98,
GFS,BAUFI5,2025-06-03T17:30:00Z,155.73,
GFS,BAUFI5,2025-06-03T18:00:00Z,133.48,
GFS,BAUFI5,2025-06-03T18:30:00Z,120.13,
GFS,BAUFI5,2025-06-03T19:00:00Z,106.78,
GFS,BAUFI5,2025-06-03T19:30:00Z,97.885,
GFS,BAUFI5,2025-06-03T20:00:00Z,88.99,
GFS,BAUFI5,2025-06-03T20:30:00Z,44.495,
GFS,BAUFI5,2025-06-03T21:00:00Z,0,
GFS,BAUFI5,2025-06-03T21:30:00Z,0,
GFS,BAUFI5,2025-06-03T22:00:00Z,0,
GFS,BAUFI5,2025-06-03T22:30:00Z,0,
GFS,BAUFI5,2025-06-03T23:00:00Z,0,
GFS,BAUFI5,2025-06-03T23:30:00Z,0,
GFS,BAUFI5,2025-06-04T00:00:00Z,0,
GFS,BAUFI5,2025-06-04T00:30:00Z,0,
GFS,BAUFI5,2025-06-04T01:00:00Z,0,
GFS,BAUFI5,2025-06-04T01:30:00Z,0,
GFS,BAUFI5,2025-06-04T02:00:00Z,0,
GFS,BAUFI5,2025-06-04T02:30:00Z,0,
GFS,BAUFI5,2025-06-04T03:00:00Z,0,
GFS,BAUFI5,2025-06-04T03:30:00Z,0,
GFS,BAUFI5,2025-06-04T04:00:00Z,0,
GFS,BAUFI5,2025-06-04T04:30:00Z,0,
GFS,BAUFI5,2025-06-04T05:00:00Z,0,
GFS,BAUFI5,2025-06-04T05:30:00Z,4.2,
GFS,BAUFI5,2025-06-04T06:00:00Z,8.4,
GFS,BAUFI5,2025-06-04T06:30:00Z,29.77,
GFS,BAUFI5,2025-06-04T07:00:00Z,51.14,
GFS,BAUFI5,2025-06-04T07:30:00Z,83.22,
GFS,BAUFI5,2025-06-04T08:00:00Z,115.3,
GFS,BAUFI5,2025-06-04T08:30:00Z,366.11,
GFS,BAUFI5,2025-06-04T09:00:00Z,616.92,
GFS,BAUFI5,2025-06-04T09:30:00Z,649.14,
GFS,BAUFI5,2025-06-04T10:00:00Z,681.36,
GFS,BAUFI5,2025-06-04T10:30:00Z,702.78,
GFS,BAUFI5,2025-06-04T11:00:00Z,724.2,
GFS,BAUFI5,2025-06-04T11:30:00Z,734.125,
GFS,BAUFI5,2025-06-04T12:00:00Z,744.05,
GFS,BAUFI5,2025-06-04T12:30:00Z,742.345,
GFS,BAUFI5,2025-06-04T13:00:00Z,740.64,
GFS,BAUFI5,2025-06-04T13:30:00Z,727.935,
GFS,BAUFI5,2025-06-04T14:00:00Z,715.23,
GFS,BAUFI5,2025-06-04T14:30:00Z,557.225,
GFS,BAUFI5,2025-06-04T15:00:00Z,399.22,
GFS,BAUFI5,2025-06-04T15:30:00Z,345.36,
GFS,BAUFI5,2025-06-04T16:00:00Z,291.5,
GFS,BAUFI5,2025-06-04T16:30:00Z,245.16,
GFS,BAUFI5,2025-06-04T17:00:00Z,198.82,
GFS,BAUFI5,2025-06-04T17:30:00Z,173.97,
GFS,BAUFI5,2025-06-04T18:00:00Z,149.12,
GFS,BAUFI5,2025-06-04T18:30:00Z,134.21,
GFS,BAUFI5,2025-06-04T19:00:00Z,119.3,
GFS,BAUFI5,2025-06-04T19:30:00Z,109.355,
GFS,BAUFI5,2025-06-04T20:00:00Z,99.41,
GFS,BAUFI5,2025-06-04T20:30:00Z,49.705,
GFS,BAUFI5,2025-06-04T21:00:00Z,0,
GFS,BAUFI5,2025-06-04T21:30:00Z,0,
GFS,BAUFI5,2025-06-04T22:00:00Z,0,
GFS,BAUFI5,2025-06-04T22:30:00Z,0,
GFS,BAUFI5,2025-06-04T23:00:00Z,0,
GFS,BAUFI5,2025-06-04T23:30:00Z,0,
GFS,BAUFI5,2025-06-05T00:00:00Z,0,
GFS,BAUFI5,2025-06-05T00:30:00Z,0,
GFS,BAUFI5,2025-06-05T01:00:00Z,0,
GFS,BAUFI5,2025-06-05T01:30:00Z,0,
GFS,BAUFI5,2025-06-05T02:00:00Z,0,
GFS,BAUFI5,2025-06-05T02:30:00Z,0,
GFS,BAUFI5,2025-06-05T03:00:00Z,0,
GFS,BAUFI5,2025-06-05T03:30:00Z,0,
GFS,BAUFI5,2025-06-05T04:00:00Z,0,
GFS,BAUFI5,2025-06-05T04:30:00Z,0,
GFS,BAUFI5,2025-06-05T05:00:00Z,0,
GFS,BAUFI5,2025-06-05T05:30:00Z,4.23,
GFS,BAUFI5,2025-06-05T06:00:00Z,8.46,
GFS,BAUFI5,2025-06-05T06:30:00Z,29.96,
GFS,BAUFI5,2025-06-05T07:00:00Z,51.46,
GFS,BAUFI5,2025-06-05T07:30:00Z,83.67,
GFS,BAUFI5,2025-06-05T08:00:00Z,115.88,
GFS,BAUFI5,2025-06-05T08:30:00Z,368.11,
GFS,BAUFI5,2025-06-05T09:00:00Z,620.34,
GFS,BAUFI5,2025-06-05T09:30:00Z,652.96,
GFS,BAUFI5,2025-06-05T10:00:00Z,685.58,
GFS,BAUFI5,2025-06-05T10:30:00Z,707.56,
GFS,BAUFI5,2025-06-05T11:00:00Z,729.54,
GFS,BAUFI5,2025-06-05T11:30:00Z,739.83,
GFS,BAUFI5,2025-06-05T12:00:00Z,750.12,
GFS,BAUFI5,2025-06-05T12:30:00Z,748.73,
GFS,BAUFI5,2025-06-05T13:00:00Z,747.34,
GFS,BAUFI5,2025-06-05T13:30:00Z,734.775,
GFS,BAUFI5,2025-06-05T14:00:00Z,722.21,
GFS,BAUFI5,2025-06-05T14:30:00Z,564.295,
GFS,BAUFI5,2025-06-05T15:00:00Z,406.38,
GFS,BAUFI5,2025-06-05T15:30:00Z,351.87,
GFS,BAUFI5,2025-06-05T16:00:00Z,297.36,
GFS,BAUFI5,2025-06-05T16:30:00Z,250.85,
GFS,BAUFI5,2025-06-05T17:00:00Z,204.34,
GFS,BAUFI5,2025-06-05T17:30:00Z,178.79,
GFS,BAUFI5,2025-06-05T18:00:00Z,153.24,
GFS,BAUFI5,2025-06-05T18:30:00Z,137.915,
GFS,BAUFI5,2025-06-05T19:00:00Z,122.59,
GFS,BAUFI5,2025-06-05T19:30:00Z,112.375,
GFS,BAUFI5,2025-06-05T20:00:00Z,102.16,
GFS,BAUFI5,2025-06-05T20:30:00Z,51.08,
GFS,BAUFI5,2025-06-05T21:00:00Z,0,
GFS,BAUFI5,2025-06-05T21:30:00Z,0,
GFS,BAUFI5,2025-06-05T22:00:00Z,0,
GFS,BAUFI5,2025-06-05T22:30:00Z,0,
GFS,BAUFI5,2025-06-05T23:00:00Z,0,
GFS,BAUFI5,2025-06-05T23:30:00Z,0,
GFS,BAUFI5,2025-06-06T00:00:00Z,0,
GFS,BAUFI5,2025-06-06T00:30:00Z,0,
GFS,BAUFI5,2025-06-06T01:00:00Z,0,
GFS,BAUFI5,2025-06-06T01:30:00Z,0,
GFS,BAUFI5,2025-06-06T02:00:00Z,0,
GFS,BAUFI5,2025-06-06T02:30:00Z,0,
GFS,BAUFI5,2025-06-06T03:00:00Z,0,
GFS,BAUFI5,2025-06-06T03:30:00Z,0,
GFS,BAUFI5,2025-06-06T04:00:00Z,0,
GFS,BAUFI5,2025-06-06T04:30:00Z,0,
GFS,BAUFI5,2025-06-06T05:00:00Z,0,
GFS,BAUFI5,2025-06-06T05:30:00Z,4.31,
GFS,BAUFI5,2025-06-06T06:00:00Z,8.62,
GFS,BAUFI5,2025-06-06T06:30:00Z,30.48,
GFS,BAUFI5,2025-06-06T07:00:00Z,52.34,
GFS,BAUFI5,2025-06-06T07:30:00Z,84.99,
GFS,BAUFI5,2025-06-06T08:00:00Z,117.64,
GFS,BAUFI5,2025-06-06T08:30:00Z,372.87,
GFS,BAUFI5,2025-06-06T09:00:00Z,628.1,
GFS,BAUFI5,2025-06-06T09:30:00Z,660.31,
GFS,BAUFI5,2025-06-06T10:00:00Z,692.52,
GFS,BAUFI5,2025-06-06T10:30:00Z,714.03,
GFS,BAUFI5,2025-06-06T11:00:00Z,735.54,
GFS,BAUFI5,2025-06-06T11:30:00Z,745.665,
GFS,BAUFI5,2025-06-06T12:00:00Z,755.79,
GFS,BAUFI5,2025-06-06T12:30:00Z,754.2,
GFS,BAUFI5,2025-06-06T13:00:00Z,752.61,
GFS,BAUFI5,2025-06-06T13:30:00Z,739.935,
GFS,BAUFI5,2025-06-06T14:00:00Z,727.26,
GFS,BAUFI5,2025-06-06T14:30:00Z,568.62,
GFS,BAUFI5,2025-06-06T15:00:00Z,409.98,
GFS,BAUFI5,2025-06-06T15:30:00Z,355.07,
GFS,BAUFI5,2025-06-06T16:00:00Z,300.16,
GFS,BAUFI5,2025-06-06T16:30:00Z,253.23,
GFS,BAUFI5,2025-06-06T17:00:00Z,206.3,
GFS,BAUFI5,2025-06-06T17:30:00Z,180.51,
GFS,BAUFI5,2025-06-06T18:00:00Z,154.72,
GFS,BAUFI5,2025-06-06T18:30:00Z,139.25,
GFS,BAUFI5,2025-06-06T19:00:00Z,123.78,
GFS,BAUFI5,2025-06-06T19:30:00Z,113.465,
GFS,BAUFI5,2025-06-06T20:00:00Z,103.15,
GFS,BAUFI5,2025-06-06T20:30:00Z,51.575,
GFS,BAUFI5,2025-06-06T21:00:00Z,0,
GFS,BAUFI5,2025-06-06T21:30:00Z,0,
GFS,BAUFI5,2025-06-06T22:00:00Z,0,
GFS,BAUFI5,2025-06-06T22:30:00Z,0,
GFS,BAUFI5,2025-06-06T23:00:00Z,0,
GFS,BAUFI5,2025-06-06T23:30:00Z,0,
GFS,BAUFI5,2025-06-07T00:00:00Z,0,
GFS,BAUFI5,2025-06-07T00:30:00Z,0,
GFS,BAUFI5,2025-06-07T01:00:00Z,0,
GFS,BAUFI5,2025-06-07T01:30:00Z,0,
GFS,BAUFI5,2025-06-07T02:00:00Z,0,
GFS,BAUFI5,2025-06-07T02:30:00Z,0,
GFS,BAUFI5,2025-06-07T03:00:00Z,0,
GFS,BAUFI5,2025-06-07T03:30:00Z,0,
GFS,BAUFI5,2025-06-07T04:00:00Z,0,
GFS,BAUFI5,2025-06-07T04:30:00Z,0,
GFS,BAUFI5,2025-06-07T05:00:00Z,0,
GFS,BAUFI5,2025-06-07T05:30:00Z,4.22,
GFS,BAUFI5,2025-06-07T06:00:00Z,8.44,
GFS,BAUFI5,2025-06-07T06:30:00Z,30.04,
GFS,BAUFI5,2025-06-07T07:00:00Z,51.64,
GFS,BAUFI5,2025-06-07T07:30:00Z,84.1,
GFS,BAUFI5,2025-06-07T08:00:00Z,116.56,
GFS,BAUFI5,2025-06-07T08:30:00Z,370.84,
GFS,BAUFI5,2025-06-07T09:00:00Z,625.12,
GFS,BAUFI5,2025-06-07T09:30:00Z,657.46,
GFS,BAUFI5,2025-06-07T10:00:00Z,689.8,
GFS,BAUFI5,2025-06-07T10:30:00Z,711.59,
GFS,BAUFI5,2025-06-07T11:00:00Z,733.38,
GFS,BAUFI5,2025-06-07T11:30:00Z,743.53,
GFS,BAUFI5,2025-06-07T12:00:00Z,753.68,
GFS,BAUFI5,2025-06-07T12:30:00Z,752.095,
GFS,BAUFI5,2025-06-07T13:00:00Z,750.51,
GFS,BAUFI5,2025-06-07T13:30:00Z,737.765,
GFS,BAUFI5,2025-06-07T14:00:00Z,725.02,
GFS,BAUFI5,2025-06-07T14:30:00Z,565.82,
GFS,BAUFI5,2025-06-07T15:00:00Z,406.62,
GFS,BAUFI5,2025-06-07T15:30:00Z,352.02,
GFS,BAUFI5,2025-06-07T16:00:00Z,297.42,
GFS,BAUFI5,2025-06-07T16:30:00Z,250.91,
GFS,BAUFI5,2025-06-07T17:00:00Z,204.4,
GFS,BAUFI5,2025-06-07T17:30:00Z,178.85,
GFS,BAUFI5,2025-06-07T18:00:00Z,153.3,
GFS,BAUFI5,2025-06-07T18:30:00Z,137.97,
GFS,BAUFI5,2025-06-07T19:00:00Z,122.64,
GFS,BAUFI5,2025-06-07T19:30:00Z,112.415,
GFS,BAUFI5,2025-06-07T20:00:00Z,102.19,
GFS,BAUFI5,2025-06-07T20:30:00Z,51.095,
GFS,BAUFI5,2025-06-07T21:00:00Z,0,
GFS,BAUFI5,2025-06-07T21:30:00Z,0,
GFS,BAUFI5,2025-06-07T22:00:00Z,0,
GFS,BAUFI5,2025-06-07T22:30:00Z,0,
GFS,BAUFI5,2025-06-07T23:00:00Z,0,
GFS,BAUFI5,2025-06-07T23:30:00Z,0,
GFS,BAUFI5,2025-06-08T00:00:00Z,0,
GFS,BAUFI5,2025-06-08T00:30:00Z,0,
GFS,BAUFI5,2025-06-08T01:00:00Z,0,
GFS,BAUFI5,2025-06-08T01:30:00Z,0,
GFS,BAUFI5,2025-06-08T02:00:00Z,0,
GFS,BAUFI5,2025-06-08T02:30:00Z,0,
GFS,BAUFI5,2025-06-08T03:00:00Z,0,
GFS,BAUFI5,2025-06-08T03:30:00Z,0,
GFS,BAUFI5,2025-06-08T04:00:00Z,0,
GFS,BAUFI5,2025-06-08T04:30:00Z,0,
GFS,BAUFI5,2025-06-08T05:00:00Z,0,
GFS,BAUFI5,2025-06-08T05:30:00Z,4.04,
GFS,BAUFI5,2025-06-08T06:00:00Z,8.08,
GFS,BAUFI5,2025-06-08T06:30:00Z,29.39,
GFS,BAUFI5,2025-06-08T07:00:00Z,50.7,
GFS,BAUFI5,2025-06-08T07:30:00Z,82.07,
GFS,BAUFI5,2025-06-08T08:00:00Z,113.44,
GFS,BAUFI5,2025-06-08T08:30:00Z,351.85,
GFS,BAUFI5,2025-06-08T09:00:00Z,590.26,
GFS,BAUFI5,2025-06-08T09:30:00Z,626.66,
GFS,BAUFI5,2025-06-08T10:00:00Z,663.06,
GFS,BAUFI5,2025-06-08T10:30:00Z,687.34,
GFS,BAUFI5,2025-06-08T11:00:00Z,711.62,
GFS,BAUFI5,2025-06-08T11:30:00Z,723.45,
GFS,BAUFI5,2025-06-08T12:00:00Z,735.28,
GFS,BAUFI5,2025-06-08T12:30:00Z,734.33,
GFS,BAUFI5,2025-06-08T13:00:00Z,733.38,
GFS,BAUFI5,2025-06-08T13:30:00Z,719.26,
GFS,BAUFI5,2025-06-08T14:00:00Z,705.14,
GFS,BAUFI5,2025-06-08T14:30:00Z,530.9,
GFS,BAUFI5,2025-06-08T15:00:00Z,356.66,
GFS,BAUFI5,2025-06-08T15:30:00Z,305.71,
GFS,BAUFI5,2025-06-08T16:00:00Z,254.76,
GFS,BAUFI5,2025-06-08T16:30:00Z,215.07,
GFS,BAUFI5,2025-06-08T17:00:00Z,175.38,
GFS,BAUFI5,2025-06-08T17:30:00Z,153.46,
GFS,BAUFI5,2025-06-08T18:00:00Z,131.54,
GFS,BAUFI5,2025-06-08T18:30:00Z,118.38,
GFS,BAUFI5,2025-06-08T19:00:00Z,105.22,
GFS,BAUFI5,2025-06-08T19:30:00Z,96.46,
GFS,BAUFI5,2025-06-08T20:00:00Z,87.7,
GFS,BAUFI5,2025-06-08T20:30:00Z,43.85,
GFS,BAUFI5,2025-06-08T21:00:00Z,0,
GFS,BAUFI5,2025-06-08T21:30:00Z,0,
GFS,BAUFI5,2025-06-08T22:00:00Z,0,
GFS,BAUFI5,2025-06-08T22:30:00Z,0,
GFS,BAUFI5,2025-06-08T23:00:00Z,0,
GFS,BAUFI5,2025-06-08T23:30:00Z,0,
GFS,BAUFI5,2025-06-09T00:00:00Z,0,
GFS,BAUFI5,2025-06-09T00:30:00Z,0,
GFS,BAUFI5,2025-06-09T01:00:00Z,0,
GFS,BAUFI5,2025-06-09T01:30:00Z,0,
GFS,BAUFI5,2025-06-09T02:00:00Z,0,
GFS,BAUFI5,2025-06-09T02:30:00Z,0,
GFS,BAUFI5,2025-06-09T03:00:00Z,0,
GFS,BAUFI5,2025-06-09T03:30:00Z,0,
GFS,BAUFI5,2025-06-09T04:00:00Z,0,
GFS,BAUFI5,2025-06-09T04:30:00Z,0,
GFS,BAUFI5,2025-06-09T05:00:00Z,0,
GFS,BAUFI5,2025-06-09T05:30:00Z,4.23,
GFS,BAUFI5,2025-06-09T06:00:00Z,8.46,
GFS,BAUFI5,2025-06-09T06:30:00Z,30.39,
GFS,BAUFI5,2025-06-09T07:00:00Z,52.32,
GFS,BAUFI5,2025-06-09T07:30:00Z,83.975,
GFS,BAUFI5,2025-06-09T08:00:00Z,115.63,
GFS,BAUFI5,2025-06-09T08:30:00Z,373.005,
GFS,BAUFI5,2025-06-09T09:00:00Z,630.38,
GFS,BAUFI5,2025-06-09T09:30:00Z,663.02,
GFS,BAUFI5,2025-06-09T10:00:00Z,695.66,
GFS,BAUFI5,2025-06-09T10:30:00Z,717.37,
GFS,BAUFI5,2025-06-09T11:00:00Z,739.08,
GFS,BAUFI5,2025-06-09T11:30:00Z,748.65,
GFS,BAUFI5,2025-06-09T12:00:00Z,758.22,
GFS,BAUFI5,2025-06-09T12:30:00Z,753.48,
GFS,BAUFI5,2025-06-09T13:00:00Z,748.74,
GFS,BAUFI5,2025-06-09T13:30:00Z,736.555,
GFS,BAUFI5,2025-06-09T14:00:00Z,724.37,
GFS,BAUFI5,2025-06-09T14:30:00Z,568.445,
GFS,BAUFI5,2025-06-09T15:00:00Z,412.52,
GFS,BAUFI5,2025-06-09T15:30:00Z,357.46,
GFS,BAUFI5,2025-06-09T16:00:00Z,302.4,
GFS,BAUFI5,2025-06-09T16:30:00Z,255.13,
GFS,BAUFI5,2025-06-09T17:00:00Z,207.86,
GFS,BAUFI5,2025-06-09T17:30:00Z,181.88,
GFS,BAUFI5,2025-06-09T18:00:00Z,155.9,
GFS,BAUFI5,2025-06-09T18:30:00Z,140.31,
GFS,BAUFI5,2025-06-09T19:00:00Z,124.72,
GFS,BAUFI5,2025-06-09T19:30:00Z,114.33,
GFS,BAUFI5,2025-06-09T20:00:00Z,103.94,
GFS,BAUFI5,2025-06-09T20:30:00Z,51.97,
GFS,BAUFI5,2025-06-09T21:00:00Z,0,
GFS,BAUFI5,2025-06-09T21:30:00Z,0,
GFS,BAUFI5,2025-06-09T22:00:00Z,0,
GFS,BAUFI5,2025-06-09T22:30:00Z,0,
GFS,BAUFI5,2025-06-09T23:00:00Z,0,
GFS,BAUFI5,2025-06-09T23:30:00Z,0,
GFS,BAUFI5,2025-06-10T00:00:00Z,0,
GFS,BAUFI5,2025-06-10T00:30:00Z,0,
GFS,BAUFI5,2025-06-10T01:00:00Z,0,
GFS,BAUFI5,2025-06-10T01:30:00Z,0,
GFS,BAUFI5,2025-06-10T02:00:00Z,0,
GFS,BAUFI5,2025-06-10T02:30:00Z,0,
GFS,BAUFI5,2025-06-10T03:00:00Z,0,
GFS,BAUFI5,2025-06-10T03:30:00Z,0,
GFS,BAUFI5,2025-06-10T04:00:00Z,0,
GFS,BAUFI5,2025-06-10T04:30:00Z,0,
GFS,BAUFI5,2025-06-10T05:00:00Z,0,
GFS,BAUFI5,2025-06-10T05:30:00Z,4.06,
GFS,BAUFI5,2025-06-10T06:00:00Z,8.12,
GFS,BAUFI5,2025-06-10T06:30:00Z,29.59,
GFS,BAUFI5,2025-06-10T07:00:00Z,51.06,
GFS,BAUFI5,2025-06-10T07:30:00Z,83.41,
GFS,BAUFI5,2025-06-10T08:00:00Z,115.76,
GFS,BAUFI5,2025-06-10T08:30:00Z,369.24,
GFS,BAUFI5,2025-06-10T09:00:00Z,622.72,
GFS,BAUFI5,2025-06-10T09:30:00Z,655.42,
GFS,BAUFI5,2025-06-10T10:00:00Z,688.12,
GFS,BAUFI5,2025-06-10T10:30:00Z,709.93,
GFS,BAUFI5,2025-06-10T11:00:00Z,731.74,
GFS,BAUFI5,2025-06-10T11:30:00Z,741.91,
GFS,BAUFI5,2025-06-10T12:00:00Z,752.08,
GFS,BAUFI5,2025-06-10T12:30:00Z,750.655,
GFS,BAUFI5,2025-06-10T13:00:00Z,749.23,
GFS,BAUFI5,2025-06-10T13:30:00Z,736.695,
GFS,BAUFI5,2025-06-10T14:00:00Z,724.16,
GFS,BAUFI5,2025-06-10T14:30:00Z,566.26,
GFS,BAUFI5,2025-06-10T15:00:00Z,408.36,
GFS,BAUFI5,2025-06-10T15:30:00Z,353.74,
GFS,BAUFI5,2025-06-10T16:00:00Z,299.12,
GFS,BAUFI5,2025-06-10T16:30:00Z,252.38,
GFS,BAUFI5,2025-06-10T17:00:00Z,205.64,
GFS,BAUFI5,2025-06-10T17:30:00Z,179.93,
GFS,BAUFI5,2025-06-10T18:00:00Z,154.22,
GFS,BAUFI5,2025-06-10T18:30:00Z,138.8,
GFS,BAUFI5,2025-06-10T19:00:00Z,123.38,
GFS,BAUFI5,2025-06-10T19:30:00Z,113.1,
GFS,BAUFI5,2025-06-10T20:00:00Z,102.82,
GFS,BAUFI5,2025-06-10T20:30:00Z,51.41,
GFS,BAUFI5,2025-06-10T21:00:00Z,0,
GFS,BAUFI5,2025-06-10T21:30:00Z,0,
GFS,BAUFI5,2025-06-10T22:00:00Z,0,
GFS,BAUFI5,2025-06-10T22:30:00Z,0,
GFS,BAUFI5,2025-06-10T23:00:00Z,0,
GFS,BAUFI5,2025-06-10T23:30:00Z,0,
GFS,BAUFI5,2025-06-11T00:00:00Z,0,
GFS,BAUFI5,2025-06-11T00:30:00Z,0,
GFS,BAUFI5,2025-06-11T01:00:00Z,0,
GFS,BAUFI5,2025-06-11T01:30:00Z,0,
GFS,BAUFI5,2025-06-11T02:00:00Z,0,
GFS,BAUFI5,2025-06-11T02:30:00Z,0,
GFS,BAUFI5,2025-06-11T03:00:00Z,0,
GFS,BAUFI5,2025-06-11T03:30:00Z,0,
GFS,BAUFI5,2025-06-11T04:00:00Z,0,
GFS,BAUFI5,2025-06-11T04:30:00Z,0,
GFS,BAUFI5,2025-06-11T05:00:00Z,0,
GFS,BAUFI5,2025-06-11T05:30:00Z,3.74,
GFS,BAUFI5,2025-06-11T06:00:00Z,7.48,
GFS,BAUFI5,2025-06-11T06:30:00Z,28.67,
GFS,BAUFI5,2025-06-11T07:00:00Z,49.86,
GFS,BAUFI5,2025-06-11T07:30:00Z,81.825,
GFS,BAUFI5,2025-06-11T08:00:00Z,113.79,
GFS,BAUFI5,2025-06-11T08:30:00Z,364.675,
GFS,BAUFI5,2025-06-11T09:00:00Z,615.56,
GFS,BAUFI5,2025-06-11T09:30:00Z,648.01,
GFS,BAUFI5,2025-06-11T10:00:00Z,680.46,
GFS,BAUFI5,2025-06-11T10:30:00Z,702.2,
GFS,BAUFI5,2025-06-11T11:00:00Z,723.94,
GFS,BAUFI5,2025-06-11T11:30:00Z,734.13,
GFS,BAUFI5,2025-06-11T12:00:00Z,744.32,
GFS,BAUFI5,2025-06-11T12:30:00Z,742.825,
GFS,BAUFI5,2025-06-11T13:00:00Z,741.33,
GFS,BAUFI5,2025-06-11T13:30:00Z,728.77,
GFS,BAUFI5,2025-06-11T14:00:00Z,716.21,
GFS,BAUFI5,2025-06-11T14:30:00Z,559.395,
GFS,BAUFI5,2025-06-11T15:00:00Z,402.58,
GFS,BAUFI5,2025-06-11T15:30:00Z,346.69,
GFS,BAUFI5,2025-06-11T16:00:00Z,290.8,
GFS,BAUFI5,2025-06-11T16:30:00Z,245.32,
GFS,BAUFI5,2025-06-11T17:00:00Z,199.84,
GFS,BAUFI5,2025-06-11T17:30:00Z,174.86,
GFS,BAUFI5,2025-06-11T18:00:00Z,149.88,
GFS,BAUFI5,2025-06-11T18:30:00Z,134.89,
GFS,BAUFI5,2025-06-11T19:00:00Z,119.9,
GFS,BAUFI5,2025-06-11T19:30:00Z,109.91,
GFS,BAUFI5,2025-06-11T20:00:00Z,99.92,
GFS,BAUFI5,2025-06-11T20:30:00Z,49.96,
GFS,BAUFI5,2025-06-11T21:00:00Z,0,
GFS,BAUFI5,2025-06-11T21:30:00Z,0,
GFS,BAUFI5,2025-06-11T22:00:00Z,0,
GFS,BAUFI5,2025-06-11T22:30:00Z,0,
GFS,BAUFI5,2025-06-11T23:00:00Z,0,
GFS,BAUFI5,2025-06-11T23:30:00Z,0,
GFS,BAUFI5,2025-06-12T00:00:00Z,0,
GFS,BAUFI5,2025-06-12T00:30:00Z,0,
GFS,BAUFI5,2025-06-12T01:00:00Z,0,
GFS,BAUFI5,2025-06-12T01:30:00Z,0,
GFS,BAUFI5,2025-06-12T02:00:00Z,0,
GFS,BAUFI5,2025-06-12T02:30:00Z,0,
GFS,BAUFI5,2025-06-12T03:00:00Z,0,
GFS,BAUFI5,2025-06-12T03:30:00Z,0,
GFS,BAUFI5,2025-06-12T04:00:00Z,0,
GFS,BAUFI5,2025-06-12T04:30:00Z,0,
GFS,BAUFI5,2025-06-12T05:00:00Z,0,
GFS,BAUFI5,2025-06-12T05:30:00Z,3.75,
GFS,BAUFI5,2025-06-12T06:00:00Z,7.5,
GFS,BAUFI5,2025-06-12T06:30:00Z,28.14,
GFS,BAUFI5,2025-06-12T07:00:00Z,48.78,
GFS,BAUFI5,2025-06-12T07:30:00Z,79.99,
GFS,BAUFI5,2025-06-12T08:00:00Z,111.2,
GFS,BAUFI5,2025-06-12T08:30:00Z,357.97,
GFS,BAUFI5,2025-06-12T09:00:00Z,604.74,
GFS,BAUFI5,2025-06-12T09:30:00Z,637.36,
GFS,BAUFI5,2025-06-12T10:00:00Z,669.98,
GFS,BAUFI5,2025-06-12T10:30:00Z,691.49,
GFS,BAUFI5,2025-06-12T11:00:00Z,713,
GFS,BAUFI5,2025-06-12T11:30:00Z,722.86,
GFS,BAUFI5,2025-06-12T12:00:00Z,732.72,
GFS,BAUFI5,2025-06-12T12:30:00Z,731.2,
GFS,BAUFI5,2025-06-12T13:00:00Z,729.68,
GFS,BAUFI5,2025-06-12T13:30:00Z,716.59,
GFS,BAUFI5,2025-06-12T14:00:00Z,703.5,
GFS,BAUFI5,2025-06-12T14:30:00Z,528.88,
GFS,BAUFI5,2025-06-12T15:00:00Z,354.26,
GFS,BAUFI5,2025-06-12T15:30:00Z,280.07,
GFS,BAUFI5,2025-06-12T16:00:00Z,205.88,
GFS,BAUFI5,2025-06-12T16:30:00Z,171.82,
GFS,BAUFI5,2025-06-12T17:00:00Z,137.76,
GFS,BAUFI5,2025-06-12T17:30:00Z,120.54,
GFS,BAUFI5,2025-06-12T18:00:00Z,103.32,
GFS,BAUFI5,2025-06-12T18:30:00Z,92.98,
GFS,BAUFI5,2025-06-12T19:00:00Z,82.64,
GFS,BAUFI5,2025-06-12T19:30:00Z,75.76,
GFS,BAUFI5,2025-06-12T20:00:00Z,68.88,
GFS,BAUFI5,2025-06-12T20:30:00Z,34.44,
GFS,BAUFI5,2025-06-12T21:00:00Z,0,
GFS,BAUFI5,2025-06-12T21:30:00Z,0,
GFS,BAUFI5,2025-06-12T22:00:00Z,0,
GFS,BAUFI5,2025-06-12T22:30:00Z,0,
GFS,BAUFI5,2025-06-12T23:00:00Z,0,
GFS,BAUFI5,2025-06-12T23:30:00Z,0,
GFS,BAUFI5,2025-06-13T00:00:00Z,0,
GFS,BAUFI5,2025-06-13T00:30:00Z,0,
GFS,BAUFI5,2025-06-13T01:00:00Z,0,
GFS,BAUFI5,2025-06-13T01:30:00Z,0,
GFS,BAUFI5,2025-06-13T02:00:00Z,0,
GFS,BAUFI5,2025-06-13T02:30:00Z,0,
GFS,BAUFI5,2025-06-13T03:00:00Z,0,
GFS,BAUFI5,2025-06-13T03:30:00Z,0,
GFS,BAUFI5,2025-06-13T04:00:00Z,0,
GFS,BAUFI5,2025-06-13T04:30:00Z,0,
GFS,BAUFI5,2025-06-13T05:00:00Z,0,
GFS,BAUFI5,2025-06-13T05:30:00Z,3.54,
GFS,BAUFI5,2025-06-13T06:00:00Z,7.08,
GFS,BAUFI5,2025-06-13T06:30:00Z,26.91,
GFS,BAUFI5,2025-06-13T07:00:00Z,46.74,
GFS,BAUFI5,2025-06-13T07:30:00Z,77.36,
GFS,BAUFI5,2025-06-13T08:00:00Z,107.98,
GFS,BAUFI5,2025-06-13T08:30:00Z,351.02,
GFS,BAUFI5,2025-06-13T09:00:00Z,594.06,
GFS,BAUFI5,2025-06-13T09:30:00Z,626.89,
GFS,BAUFI5,2025-06-13T10:00:00Z,659.72,
GFS,BAUFI5,2025-06-13T10:30:00Z,681.62,
GFS,BAUFI5,2025-06-13T11:00:00Z,703.52,
GFS,BAUFI5,2025-06-13T11:30:00Z,714.04,
GFS,BAUFI5,2025-06-13T12:00:00Z,724.56,
GFS,BAUFI5,2025-06-13T12:30:00Z,723.43,
GFS,BAUFI5,2025-06-13T13:00:00Z,722.3,
GFS,BAUFI5,2025-06-13T13:30:00Z,695.455,
GFS,BAUFI5,2025-06-13T14:00:00Z,668.61,
GFS,BAUFI5,2025-06-13T14:30:00Z,367.735,
GFS,BAUFI5,2025-06-13T15:00:00Z,66.86,
GFS,BAUFI5,2025-06-13T15:30:00Z,58.64,
GFS,BAUFI5,2025-06-13T16:00:00Z,50.42,
GFS,BAUFI5,2025-06-13T16:30:00Z,43.16,
GFS,BAUFI5,2025-06-13T17:00:00Z,35.9,
GFS,BAUFI5,2025-06-13T17:30:00Z,31.41,
GFS,BAUFI5,2025-06-13T18:00:00Z,26.92,
GFS,BAUFI5,2025-06-13T18:30:00Z,24.23,
GFS,BAUFI5,2025-06-13T19:00:00Z,21.54,
GFS,BAUFI5,2025-06-13T19:30:00Z,19.745,
GFS,BAUFI5,2025-06-13T20:00:00Z,17.95,
GFS,BAUFI5,2025-06-13T20:30:00Z,8.975,
GFS,BAUFI5,2025-06-13T21:00:00Z,0,
GFS,BAUFI5,2025-06-13T21:30:00Z,0,
GFS,BAUFI5,2025-06-13T22:00:00Z,0,
GFS,BAUFI5,2025-06-13T22:30:00Z,0,
GFS,BAUFI5,2025-06-13T23:00:00Z,0,
GFS,BAUFI5,2025-06-13T23:30:00Z,0,
GFS,BAUFI5,2025-06-14T00:00:00Z,0,
GFS,BAUFI5,2025-06-14T00:30:00Z,0,
GFS,BAUFI5,2025-06-14T01:00:00Z,0,
GFS,BAUFI5,2025-06-14T01:30:00Z,0,
GFS,BAUFI5,2025-06-14T02:00:00Z,0,
GFS,BAUFI5,2025-06-14T02:30:00Z,0,
GFS,BAUFI5,2025-06-14T03:00:00Z,0,
GFS,BAUFI5,2025-06-14T03:30:00Z,0,
GFS,BAUFI5,2025-06-14T04:00:00Z,0,
GFS,BAUFI5,2025-06-14T04:30:00Z,0,
GFS,BAUFI5,2025-06-14T05:00:00Z,0,
GFS,BAUFI5,2025-06-14T05:30:00Z,3.5,
GFS,BAUFI5,2025-06-14T06:00:00Z,7,
GFS,BAUFI5,2025-06-14T06:30:00Z,26.93,
GFS,BAUFI5,2025-06-14T07:00:00Z,46.86,
GFS,BAUFI5,2025-06-14T07:30:00Z,77.76,
GFS,BAUFI5,2025-06-14T08:00:00Z,108.66,
GFS,BAUFI5,2025-06-14T08:30:00Z,354.18,
GFS,BAUFI5,2025-06-14T09:00:00Z,599.7,
GFS,BAUFI5,2025-06-14T09:30:00Z,632.01,
GFS,BAUFI5,2025-06-14T10:00:00Z,664.32,
GFS,BAUFI5,2025-06-14T10:30:00Z,685.99,
GFS,BAUFI5,2025-06-14T11:00:00Z,707.66,
GFS,BAUFI5,2025-06-14T11:30:00Z,718,
GFS,BAUFI5,2025-06-14T12:00:00Z,728.34,
GFS,BAUFI5,2025-06-14T12:30:00Z,727.37,
GFS,BAUFI5,2025-06-14T13:00:00Z,726.4,
GFS,BAUFI5,2025-06-14T13:30:00Z,714.44,
GFS,BAUFI5,2025-06-14T14:00:00Z,702.48,
GFS,BAUFI5,2025-06-14T14:30:00Z,550.28,
GFS,BAUFI5,2025-06-14T15:00:00Z,398.08,
GFS,BAUFI5,2025-06-14T15:30:00Z,344.91,
GFS,BAUFI5,2025-06-14T16:00:00Z,291.74,
GFS,BAUFI5,2025-06-14T16:30:00Z,246.23,
GFS,BAUFI5,2025-06-14T17:00:00Z,200.72,
GFS,BAUFI5,2025-06-14T17:30:00Z,175.63,
GFS,BAUFI5,2025-06-14T18:00:00Z,150.54,
GFS,BAUFI5,2025-06-14T18:30:00Z,135.49,
GFS,BAUFI5,2025-06-14T19:00:00Z,120.44,
GFS,BAUFI5,2025-06-14T19:30:00Z,110.395,
GFS,BAUFI5,2025-06-14T20:00:00Z,100.35,
GFS,BAUFI5,2025-06-14T20:30:00Z,50.175,
GFS,BAUFI5,2025-06-14T21:00:00Z,0,
GFS,BAUFI5,2025-06-14T21:30:00Z,0,
GFS,BAUFI5,2025-06-14T22:00:00Z,0,
GFS,BAUFI5,2025-06-14T22:30:00Z,0,
GFS,BAUFI5,2025-06-14T23:00:00Z,0,
GFS,BAUFI5,2025-06-14T23:30:00Z,0,
GFS,BAUFI5,2025-06-15T00:00:00Z,0,
GFS,BAUFI5,2025-06-15T00:30:00Z,0,
GFS,BAUFI5,2025-06-15T01:00:00Z,0,
GFS,BAUFI5,2025-06-15T01:30:00Z,0,
GFS,BAUFI5,2025-06-15T02:00:00Z,0,
GFS,BAUFI5,2025-06-15T02:30:00Z,0,
GFS,BAUFI5,2025-06-15T03:00:00Z,0,
GFS,BAUFI5,2025-06-15T03:30:00Z,0,
GFS,BAUFI5,2025-06-15T04:00:00Z,0,
GFS,BAUFI5,2025-06-15T04:30:00Z,0,
GFS,BAUFI5,2025-06-15T05:00:00Z,0,
GFS,BAUFI5,2025-06-15T05:30:00Z,3.6,
GFS,BAUFI5,2025-06-15T06:00:00Z,7.2,
GFS,BAUFI5,2025-06-15T06:30:00Z,27.65,
GFS,BAUFI5,2025-06-15T07:00:00Z,48.1,
GFS,BAUFI5,2025-06-15T07:30:00Z,79.59,
GFS,BAUFI5,2025-06-15T08:00:00Z,111.08,
GFS,BAUFI5,2025-06-15T08:30:00Z,360.84,
GFS,BAUFI5,2025-06-15T09:00:00Z,610.6,
GFS,BAUFI5,2025-06-15T09:30:00Z,643.73,
GFS,BAUFI5,2025-06-15T10:00:00Z,676.86,
GFS,BAUFI5,2025-06-15T10:30:00Z,699.2,
GFS,BAUFI5,2025-06-15T11:00:00Z,721.54,
GFS,BAUFI5,2025-06-15T11:30:00Z,732.28,
GFS,BAUFI5,2025-06-15T12:00:00Z,743.02,
GFS,BAUFI5,2025-06-15T12:30:00Z,742.095,
GFS,BAUFI5,2025-06-15T13:00:00Z,741.17,
GFS,BAUFI5,2025-06-15T13:30:00Z,729.095,
GFS,BAUFI5,2025-06-15T14:00:00Z,717.02,
GFS,BAUFI5,2025-06-15T14:30:00Z,562.42,
GFS,BAUFI5,2025-06-15T15:00:00Z,407.82,
GFS,BAUFI5,2025-06-15T15:30:00Z,353.73,
GFS,BAUFI5,2025-06-15T16:00:00Z,299.64,
GFS,BAUFI5,2025-06-15T16:30:00Z,252.98,
GFS,BAUFI5,2025-06-15T17:00:00Z,206.32,
GFS,BAUFI5,2025-06-15T17:30:00Z,180.53,
GFS,BAUFI5,2025-06-15T18:00:00Z,154.74,
GFS,BAUFI5,2025-06-15T18:30:00Z,139.27,
GFS,BAUFI5,2025-06-15T19:00:00Z,123.8,
GFS,BAUFI5,2025-06-15T19:30:00Z,113.485,
GFS,BAUFI5,2025-06-15T20:00:00Z,103.17,
GFS,BAUFI5,2025-06-15T20:30:00Z,51.585,
GFS,BAUFI5,2025-06-15T21:00:00Z,0,
GFS,BAUFI5,2025-06-15T21:30:00Z,0,
GFS,BAUFI5,2025-06-15T22:00:00Z,0,
GFS,BAUFI5,2025-06-15T22:30:00Z,0,
GFS,BAUFI5,2025-06-15T23:00:00Z,0,
GFS,BAUFI5,2025-06-15T23:30:00Z,0,
GFS,BAUFI5,2025-06-16T00:00:00Z,0,
GFS,BAUFI5,2025-06-16T00:30:00Z,0,
GFS,BAUFI5,2025-06-16T01:00:00Z,0,
GFS,BAUFI5,2025-06-16T01:30:00Z,0,
GFS,BAUFI5,2025-06-16T02:00:00Z,0,
GFS,BAUFI5,2025-06-16T02:30:00Z,0,
GFS,BAUFI5,2025-06-16T03:00:00Z,0,
GFS,BAUFI5,2025-06-16T03:30:00Z,0,
GFS,BAUFI5,2025-06-16T04:00:00Z,0,
GFS,BAUFI5,2025-06-16T04:30:00Z,0,
GFS,BAUFI5,2025-06-16T05:00:00Z,0,
GFS,BAUFI5,2025-06-16T05:30:00Z,3.6,
GFS,BAUFI5,2025-06-16T06:00:00Z,7.2,
GFS,BAUFI5,2025-06-16T06:30:00Z,27.71,
GFS,BAUFI5,2025-06-16T07:00:00Z,48.22,
GFS,BAUFI5,2025-06-16T07:30:00Z,79.7,
GFS,BAUFI5,2025-06-16T08:00:00Z,111.18,
GFS,BAUFI5,2025-06-16T08:30:00Z,359.22,
GFS,BAUFI5,2025-06-16T09:00:00Z,607.26,
GFS,BAUFI5,2025-06-16T09:30:00Z,639.67,
GFS,BAUFI5,2025-06-16T10:00:00Z,672.08,
GFS,BAUFI5,2025-06-16T10:30:00Z,693.63,
GFS,BAUFI5,2025-06-16T11:00:00Z,715.18,
GFS,BAUFI5,2025-06-16T11:30:00Z,724.92,
GFS,BAUFI5,2025-06-16T12:00:00Z,734.66,
GFS,BAUFI5,2025-06-16T12:30:00Z,732.705,
GFS,BAUFI5,2025-06-16T13:00:00Z,730.75,
GFS,BAUFI5,2025-06-16T13:30:00Z,718.03,
GFS,BAUFI5,2025-06-16T14:00:00Z,705.31,
GFS,BAUFI5,2025-06-16T14:30:00Z,532.745,
GFS,BAUFI5,2025-06-16T15:00:00Z,360.18,
GFS,BAUFI5,2025-06-16T15:30:00Z,309.41,
GFS,BAUFI5,2025-06-16T16:00:00Z,258.64,
GFS,BAUFI5,2025-06-16T16:30:00Z,218.22,
GFS,BAUFI5,2025-06-16T17:00:00Z,177.8,
GFS,BAUFI5,2025-06-16T17:30:00Z,155.58,
GFS,BAUFI5,2025-06-16T18:00:00Z,133.36,
GFS,BAUFI5,2025-06-16T18:30:00Z,120.02,
GFS,BAUFI5,2025-06-16T19:00:00Z,106.68,
GFS,BAUFI5,2025-06-16T19:30:00Z,97.79,
GFS,BAUFI5,2025-06-16T20:00:00Z,88.9,
GFS,BAUFI5,2025-06-16T20:30:00Z,44.45,
GFS,BAUFI5,2025-06-16T21:00:00Z,0,
GFS,BAUFI5,2025-06-16T21:30:00Z,0,
GFS,BAUFI5,2025-06-16T22:00:00Z,0,
GFS,BAUFI5,2025-06-16T22:30:00Z,0,
GFS,BAUFI5,2025-06-16T23:00:00Z,0,
GFS,BAUFI5,2025-06-16T23:30:00Z,0,
GFS,BAUFI5,2025-06-17T00:00:00Z,0,
GFS,BAUFI5,2025-06-17T00:30:00Z,0,
GFS,BAUFI5,2025-06-17T01:00:00Z,0,
GFS,BAUFI5,2025-06-17T01:30:00Z,0,
GFS,BAUFI5,2025-06-17T02:00:00Z,0,
GFS,BAUFI5,2025-06-17T02:30:00Z,0,
GFS,BAUFI5,2025-06-17T03:00:00Z,0,
GFS,BAUFI5,2025-06-17T03:30:00Z,0,
GFS,BAUFI5,2025-06-17T04:00:00Z,0,
GFS,BAUFI5,2025-06-17T04:30:00Z,0,
GFS,BAUFI5,2025-06-17T05:00:00Z,0,
GFS,BAUFI5,2025-06-17T05:30:00Z,3.44,
GFS,BAUFI5,2025-06-17T06:00:00Z,6.88,
GFS,BAUFI5,2025-06-17T06:30:00Z,26.81,
GFS,BAUFI5,2025-06-17T07:00:00Z,46.74,
GFS,BAUFI5,2025-06-17T07:30:00Z,77.64,
GFS,BAUFI5,2025-06-17T08:00:00Z,108.54,
GFS,BAUFI5,2025-06-17T08:30:00Z,353.32,
GFS,BAUFI5,2025-06-17T09:00:00Z,598.1,
GFS,BAUFI5,2025-06-17T09:30:00Z,630.35,
GFS,BAUFI5,2025-06-17T10:00:00Z,662.6,
GFS,BAUFI5,2025-06-17T10:30:00Z,683.96,
GFS,BAUFI5,2025-06-17T11:00:00Z,705.32,
GFS,BAUFI5,2025-06-17T11:30:00Z,715.29,
GFS,BAUFI5,2025-06-17T12:00:00Z,725.26,
GFS,BAUFI5,2025-06-17T12:30:00Z,723.5,
GFS,BAUFI5,2025-06-17T13:00:00Z,721.74,
GFS,BAUFI5,2025-06-17T13:30:00Z,709.23,
GFS,BAUFI5,2025-06-17T14:00:00Z,696.72,
GFS,BAUFI5,2025-06-17T14:30:00Z,509.08,
GFS,BAUFI5,2025-06-17T15:00:00Z,321.44,
GFS,BAUFI5,2025-06-17T15:30:00Z,255.54,
GFS,BAUFI5,2025-06-17T16:00:00Z,189.64,
GFS,BAUFI5,2025-06-17T16:30:00Z,159.25,
GFS,BAUFI5,2025-06-17T17:00:00Z,128.86,
GFS,BAUFI5,2025-06-17T17:30:00Z,112.76,
GFS,BAUFI5,2025-06-17T18:00:00Z,96.66,
GFS,BAUFI5,2025-06-17T18:30:00Z,86.99,
GFS,BAUFI5,2025-06-17T19:00:00Z,77.32,
GFS,BAUFI5,2025-06-17T19:30:00Z,70.875,
GFS,BAUFI5,2025-06-17T20:00:00Z,64.43,
GFS,BAUFI5,2025-06-17T20:30:00Z,32.215,
GFS,BAUFI5,2025-06-17T21:00:00Z,0,
GFS,BAUFI5,2025-06-17T21:30:00Z,0,
GFS,BAUFI5,2025-06-17T22:00:00Z,0,
GFS,BAUFI5,2025-06-17T22:30:00Z,0,
GFS,BAUFI5,2025-06-17T23:00:00Z,0,
GFS,BAUFI5,2025-06-17T23:30:00Z,0,
GFS,BAUFI5,2025-06-18T00:00:00Z,0,
GFS,BAUFI5,2025-06-18T00:30:00Z,0,
GFS,BAUFI5,2025-06-18T01:00:00Z,0,
GFS,BAUFI5,2025-06-18T01:30:00Z,0,
GFS,BAUFI5,2025-06-18T02:00:00Z,0,
GFS,BAUFI5,2025-06-18T02:30:00Z,0,
GFS,BAUFI5,2025-06-18T03:00:00Z,0,
GFS,BAUFI5,2025-06-18T03:30:00Z,0,
GFS,BAUFI5,2025-06-18T04:00:00Z,0,
GFS,BAUFI5,2025-06-18T04:30:00Z,0,
GFS,BAUFI5,2025-06-18T05:00:00Z,0,
GFS,BAUFI5,2025-06-18T05:30:00Z,3.4,
GFS,BAUFI5,2025-06-18T06:00:00Z,6.8,
GFS,BAUFI5,2025-06-18T06:30:00Z,26.57,
GFS,BAUFI5,2025-06-18T07:00:00Z,46.34,
GFS,BAUFI5,2025-06-18T07:30:00Z,77.03,
GFS,BAUFI5,2025-06-18T08:00:00Z,107.72,
GFS,BAUFI5,2025-06-18T08:30:00Z,351.59,
GFS,BAUFI5,2025-06-18T09:00:00Z,595.46,
GFS,BAUFI5,2025-06-18T09:30:00Z,628,
GFS,BAUFI5,2025-06-18T10:00:00Z,660.54,
GFS,BAUFI5,2025-06-18T10:30:00Z,682.46,
GFS,BAUFI5,2025-06-18T11:00:00Z,704.38,
GFS,BAUFI5,2025-06-18T11:30:00Z,715.06,
GFS,BAUFI5,2025-06-18T12:00:00Z,725.74,
GFS,BAUFI5,2025-06-18T12:30:00Z,723.82,
GFS,BAUFI5,2025-06-18T13:00:00Z,721.9,
GFS,BAUFI5,2025-06-18T13:30:00Z,695.99,
GFS,BAUFI5,2025-06-18T14:00:00Z,670.08,
GFS,BAUFI5,2025-06-18T14:30:00Z,445.48,
GFS,BAUFI5,2025-06-18T15:00:00Z,220.88,
GFS,BAUFI5,2025-06-18T15:30:00Z,191.01,
GFS,BAUFI5,2025-06-18T16:00:00Z,161.14,
GFS,BAUFI5,2025-06-18T16:30:00Z,136.03,
GFS,BAUFI5,2025-06-18T17:00:00Z,110.92,
GFS,BAUFI5,2025-06-18T17:30:00Z,97.06,
GFS,BAUFI5,2025-06-18T18:00:00Z,83.2,
GFS,BAUFI5,2025-06-18T18:30:00Z,74.88,
GFS,BAUFI5,2025-06-18T19:00:00Z,66.56,
GFS,BAUFI5,2025-06-18T19:30:00Z,61.01,
GFS,BAUFI5,2025-06-18T20:00:00Z,55.46,
GFS,BAUFI5,2025-06-18T20:30:00Z,27.73,
GFS,BAUFI5,2025-06-18T21:00:00Z,0,
GFS,BAUFI5,2025-06-18T21:30:00Z,0,
GFS,BAUFI5,2025-06-18T22:00:00Z,0,
GFS,BAUFI5,2025-06-18T22:30:00Z,0,
GFS,BAUFI5,2025-06-18T23:00:00Z,0,
GFS,BAUFI5,2025-06-18T23:30:00Z,0,
GFS,BAUFI5,2025-06-19T00:00:00Z,0,
GFS,BAUFI5,2025-06-19T00:30:00Z,0,
GFS,BAUFI5,2025-06-19T01:00:00Z,0,
GFS,BAUFI5,2025-06-19T01:30:00Z,0,
GFS,BAUFI5,2025-06-19T02:00:00Z,0,
GFS,BAUFI5,2025-06-19T02:30:00Z,0,
GFS,BAUFI5,2025-06-19T03:00:00Z,0,
GFS,BAUFI5,2025-06-19T03:30:00Z,0,
GFS,BAUFI5,2025-06-19T04:00:00Z,0,
GFS,BAUFI5,2025-06-19T04:30:00Z,0,
GFS,BAUFI5,2025-06-19T05:00:00Z,0,
GFS,BAUFI5,2025-06-19T05:30:00Z,3.45,
GFS,BAUFI5,2025-06-19T06:00:00Z,6.9,
GFS,BAUFI5,2025-06-19T06:30:00Z,27.08,
GFS,BAUFI5,2025-06-19T07:00:00Z,47.26,
GFS,BAUFI5,2025-06-19T07:30:00Z,78.61,
GFS,BAUFI5,2025-06-19T08:00:00Z,109.96,
GFS,BAUFI5,2025-06-19T08:30:00Z,359.31,
GFS,BAUFI5,2025-06-19T09:00:00Z,608.66,
GFS,BAUFI5,2025-06-19T09:30:00Z,641.99,
GFS,BAUFI5,2025-06-19T10:00:00Z,675.32,
GFS,BAUFI5,2025-06-19T10:30:00Z,697.9,
GFS,BAUFI5,2025-06-19T11:00:00Z,720.48,
GFS,BAUFI5,2025-06-19T11:30:00Z,731.42,
GFS,BAUFI5,2025-06-19T12:00:00Z,742.36,
GFS,BAUFI5,2025-06-19T12:30:00Z,741.66,
GFS,BAUFI5,2025-06-19T13:00:00Z,740.96,
GFS,BAUFI5,2025-06-19T13:30:00Z,729.16,
GFS,BAUFI5,2025-06-19T14:00:00Z,717.36,
GFS,BAUFI5,2025-06-19T14:30:00Z,564.89,
GFS,BAUFI5,2025-06-19T15:00:00Z,412.42,
GFS,BAUFI5,2025-06-19T15:30:00Z,358.27,
GFS,BAUFI5,2025-06-19T16:00:00Z,304.12,
GFS,BAUFI5,2025-06-19T16:30:00Z,256.94,
GFS,BAUFI5,2025-06-19T17:00:00Z,209.76,
GFS,BAUFI5,2025-06-19T17:30:00Z,183.54,
GFS,BAUFI5,2025-06-19T18:00:00Z,157.32,
GFS,BAUFI5,2025-06-19T18:30:00Z,141.59,
GFS,BAUFI5,2025-06-19T19:00:00Z,125.86,
GFS,BAUFI5,2025-06-19T19:30:00Z,115.37,
GFS,BAUFI5,2025-06-19T20:00:00Z,104.88,
GFS,BAUFI5,2025-06-19T20:30:00Z,52.44,
GFS,BAUFI5,2025-06-19T21:00:00Z,0,
GFS,BAUFI5,2025-06-19T21:30:00Z,0,
GFS,BAUFI5,2025-06-19T22:00:00Z,0,
GFS,BAUFI5,2025-06-19T22:30:00Z,0,
GFS,BAUFI5,2025-06-19T23:00:00Z,0,
GFS,BAUFI5,2025-06-19T23:30:00Z,0,
GFS,BAUFI5,2025-06-20T00:00:00Z,0,
GFS,BAUFI5,2025-06-20T00:30:00Z,0,
GFS,BAUFI5,2025-06-20T01:00:00Z,0,
GFS,BAUFI5,2025-06-20T01:30:00Z,0,
GFS,BAUFI5,2025-06-20T02:00:00Z,0,
GFS,BAUFI5,2025-06-20T02:30:00Z,0,
GFS,BAUFI5,2025-06-20T03:00:00Z,0,
GFS,BAUFI5,2025-06-20T03:30:00Z,0,
GFS,BAUFI5,2025-06-20T04:00:00Z,0,
GFS,BAUFI5,2025-06-20T04:30:00Z,0,
GFS,BAUFI5,2025-06-20T05:00:00Z,0,
GFS,BAUFI5,2025-06-20T05:30:00Z,3.42,
GFS,BAUFI5,2025-06-20T06:00:00Z,6.84,
GFS,BAUFI5,2025-06-20T06:30:00Z,27.02,
GFS,BAUFI5,2025-06-20T07:00:00Z,47.2,
GFS,BAUFI5,2025-06-20T07:30:00Z,78.5,
GFS,BAUFI5,2025-06-20T08:00:00Z,109.8,
GFS,BAUFI5,2025-06-20T08:30:00Z,358.27,
GFS,BAUFI5,2025-06-20T09:00:00Z,606.74,
GFS,BAUFI5,2025-06-20T09:30:00Z,639.72,
GFS,BAUFI5,2025-06-20T10:00:00Z,672.7,
GFS,BAUFI5,2025-06-20T10:30:00Z,694.78,
GFS,BAUFI5,2025-06-20T11:00:00Z,716.86,
GFS,BAUFI5,2025-06-20T11:30:00Z,727.64,
GFS,BAUFI5,2025-06-20T12:00:00Z,738.42,
GFS,BAUFI5,2025-06-20T12:30:00Z,737.65,
GFS,BAUFI5,2025-06-20T13:00:00Z,736.88,
GFS,BAUFI5,2025-06-20T13:30:00Z,725.04,
GFS,BAUFI5,2025-06-20T14:00:00Z,713.2,
GFS,BAUFI5,2025-06-20T14:30:00Z,560.84,
GFS,BAUFI5,2025-06-20T15:00:00Z,408.48,
GFS,BAUFI5,2025-06-20T15:30:00Z,354.71,
GFS,BAUFI5,2025-06-20T16:00:00Z,300.94,
GFS,BAUFI5,2025-06-20T16:30:00Z,254.28,
GFS,BAUFI5,2025-06-20T17:00:00Z,207.62,
GFS,BAUFI5,2025-06-20T17:30:00Z,181.66,
GFS,BAUFI5,2025-06-20T18:00:00Z,155.7,
GFS,BAUFI5,2025-06-20T18:30:00Z,140.13,
GFS,BAUFI5,2025-06-20T19:00:00Z,124.56,
GFS,BAUFI5,2025-06-20T19:30:00Z,114.185,
GFS,BAUFI5,2025-06-20T20:00:00Z,103.81,
GFS,BAUFI5,2025-06-20T20:30:00Z,51.905,
GFS,BAUFI5,2025-06-20T21:00:00Z,0,
GFS,BAUFI5,2025-06-20T21:30:00Z,0,
GFS,BAUFI5,2025-06-20T22:00:00Z,0,
GFS,BAUFI5,2025-06-20T22:30:00Z,0,
GFS,BAUFI5,2025-06-20T23:00:00Z,0,
GFS,BAUFI5,2025-06-20T23:30:00Z,0,
GFS,BAUFI5,2025-06-21T00:00:00Z,0,
GFS,BAUFI5,2025-06-21T00:30:00Z,0,
GFS,BAUFI5,2025-06-21T01:00:00Z,0,
GFS,BAUFI5,2025-06-21T01:30:00Z,0,
GFS,BAUFI5,2025-06-21T02:00:00Z,0,
GFS,BAUFI5,2025-06-21T02:30:00Z,0,
GFS,BAUFI5,2025-06-21T03:00:00Z,0,
GFS,BAUFI5,2025-06-21T03:30:00Z,0,
GFS,BAUFI5,2025-06-21T04:00:00Z,0,
GFS,BAUFI5,2025-06-21T04:30:00Z,0,
GFS,BAUFI5,2025-06-21T05:00:00Z,0,
GFS,BAUFI5,2025-06-21T05:30:00Z,3.3,
GFS,BAUFI5,2025-06-21T06:00:00Z,6.6,
GFS,BAUFI5,2025-06-21T06:30:00Z,26.46,
GFS,BAUFI5,2025-06-21T07:00:00Z,46.32,
GFS,BAUFI5,2025-06-21T07:30:00Z,77.175,
GFS,BAUFI5,2025-06-21T08:00:00Z,108.03,
GFS,BAUFI5,2025-06-21T08:30:00Z,353.415,
GFS,BAUFI5,2025-06-21T09:00:00Z,598.8,
GFS,BAUFI5,2025-06-21T09:30:00Z,631.78,
GFS,BAUFI5,2025-06-21T10:00:00Z,664.76,
GFS,BAUFI5,2025-06-21T10:30:00Z,686.75,
GFS,BAUFI5,2025-06-21T11:00:00Z,708.74,
GFS,BAUFI5,2025-06-21T11:30:00Z,719.52,
GFS,BAUFI5,2025-06-21T12:00:00Z,730.3,
GFS,BAUFI5,2025-06-21T12:30:00Z,729.7,
GFS,BAUFI5,2025-06-21T13:00:00Z,729.1,
GFS,BAUFI5,2025-06-21T13:30:00Z,717.43,
GFS,BAUFI5,2025-06-21T14:00:00Z,705.76,
GFS,BAUFI5,2025-06-21T14:30:00Z,539.72,
GFS,BAUFI5,2025-06-21T15:00:00Z,373.68,
GFS,BAUFI5,2025-06-21T15:30:00Z,321.44,
GFS,BAUFI5,2025-06-21T16:00:00Z,269.2,
GFS,BAUFI5,2025-06-21T16:30:00Z,227.36,
GFS,BAUFI5,2025-06-21T17:00:00Z,185.52,
GFS,BAUFI5,2025-06-21T17:30:00Z,162.33,
GFS,BAUFI5,2025-06-21T18:00:00Z,139.14,
GFS,BAUFI5,2025-06-21T18:30:00Z,125.23,
GFS,BAUFI5,2025-06-21T19:00:00Z,111.32,
GFS,BAUFI5,2025-06-21T19:30:00Z,102.035,
GFS,BAUFI5,2025-06-21T20:00:00Z,92.75,
GFS,BAUFI5,2025-06-21T20:30:00Z,46.375,
GFS,BAUFI5,2025-06-21T21:00:00Z,0,
GFS,BAUFI5,2025-06-21T21:30:00Z,0,
GFS,BAUFI5,2025-06-21T22:00:00Z,0,
GFS,BAUFI5,2025-06-21T22:30:00Z,0,
GFS,BAUFI5,2025-06-21T23:00:00Z,0,
GFS,BAUFI5,2025-06-21T23:30:00Z,0,
GFS,BAUFI5,2025-06-22T00:00:00Z,0,
GFS,BAUFI5,2025-06-22T00:30:00Z,0,
GFS,BAUFI5,2025-06-22T01:00:00Z,0,
GFS,BAUFI5,2025-06-22T01:30:00Z,0,
GFS,BAUFI5,2025-06-22T02:00:00Z,0,
GFS,BAUFI5,2025-06-22T02:30:00Z,0,
GFS,BAUFI5,2025-06-22T03:00:00Z,0,
GFS,BAUFI5,2025-06-22T03:30:00Z,0,
GFS,BAUFI5,2025-06-22T04:00:00Z,0,
GFS,BAUFI5,2025-06-22T04:30:00Z,0,
GFS,BAUFI5,2025-06-22T05:00:00Z,0,
GFS,BAUFI5,2025-06-22T05:30:00Z,2.23,
GFS,BAUFI5,2025-06-22T06:00:00Z,4.46,
GFS,BAUFI5,2025-06-22T06:30:00Z,17.85,
GFS,BAUFI5,2025-06-22T07:00:00Z,31.24,
GFS,BAUFI5,2025-06-22T07:30:00Z,61.965,
GFS,BAUFI5,2025-06-22T08:00:00Z,92.69,
GFS,BAUFI5,2025-06-22T08:30:00Z,348.365,
GFS,BAUFI5,2025-06-22T09:00:00Z,604.04,
GFS,BAUFI5,2025-06-22T09:30:00Z,636.82,
GFS,BAUFI5,2025-06-22T10:00:00Z,669.6,
GFS,BAUFI5,2025-06-22T10:30:00Z,691.72,
GFS,BAUFI5,2025-06-22T11:00:00Z,713.84,
GFS,BAUFI5,2025-06-22T11:30:00Z,724.74,
GFS,BAUFI5,2025-06-22T12:00:00Z,735.64,
GFS,BAUFI5,2025-06-22T12:30:00Z,735.035,
GFS,BAUFI5,2025-06-22T13:00:00Z,734.43,
GFS,BAUFI5,2025-06-22T13:30:00Z,722.765,
GFS,BAUFI5,2025-06-22T14:00:00Z,711.1,
GFS,BAUFI5,2025-06-22T14:30:00Z,559.81,
GFS,BAUFI5,2025-06-22T15:00:00Z,408.52,
GFS,BAUFI5,2025-06-22T15:30:00Z,353.69,
GFS,BAUFI5,2025-06-22T16:00:00Z,298.86,
GFS,BAUFI5,2025-06-22T16:30:00Z,252.14,
GFS,BAUFI5,2025-06-22T17:00:00Z,205.42,
GFS,BAUFI5,2025-06-22T17:30:00Z,179.74,
GFS,BAUFI5,2025-06-22T18:00:00Z,154.06,
GFS,BAUFI5,2025-06-22T18:30:00Z,138.66,
GFS,BAUFI5,2025-06-22T19:00:00Z,123.26,
GFS,BAUFI5,2025-06-22T19:30:00Z,112.98,
GFS,BAUFI5,2025-06-22T20:00:00Z,102.7,
GFS,BAUFI5,2025-06-22T20:30:00Z,51.35,
GFS,BAUFI5,2025-06-22T21:00:00Z,0,
GFS,BAUFI5,2025-06-22T21:30:00Z,0,
GFS,BAUFI5,2025-06-22T22:00:00Z,0,
GFS,BAUFI5,2025-06-22T22:30:00Z,0,
GFS,BAUFI5,2025-06-22T23:00:00Z,0,
GFS,BAUFI5,2025-06-22T23:30:00Z,0,
GFS,BAUFI5,2025-06-23T00:00:00Z,0,
GFS,BAUFI5,2025-06-23T00:30:00Z,0,
GFS,BAUFI5,2025-06-23T01:00:00Z,0,
GFS,BAUFI5,2025-06-23T01:30:00Z,0,
GFS,BAUFI5,2025-06-23T02:00:00Z,0,
GFS,BAUFI5,2025-06-23T02:30:00Z,0,
GFS,BAUFI5,2025-06-23T03:00:00Z,0,
GFS,BAUFI5,2025-06-23T03:30:00Z,0,
GFS,BAUFI5,2025-06-23T04:00:00Z,0,
GFS,BAUFI5,2025-06-23T04:30:00Z,0,
GFS,BAUFI5,2025-06-23T05:00:00Z,0,
GFS,BAUFI5,2025-06-23T05:30:00Z,3.31,
GFS,BAUFI5,2025-06-23T06:00:00Z,6.62,
GFS,BAUFI5,2025-06-23T06:30:00Z,26.76,
GFS,BAUFI5,2025-06-23T07:00:00Z,46.9,
GFS,BAUFI5,2025-06-23T07:30:00Z,78.235,
GFS,BAUFI5,2025-06-23T08:00:00Z,109.57,
GFS,BAUFI5,2025-06-23T08:30:00Z,358.205,
GFS,BAUFI5,2025-06-23T09:00:00Z,606.84,
GFS,BAUFI5,2025-06-23T09:30:00Z,639.82,
GFS,BAUFI5,2025-06-23T10:00:00Z,672.8,
GFS,BAUFI5,2025-06-23T10:30:00Z,695.08,
GFS,BAUFI5,2025-06-23T11:00:00Z,717.36,
GFS,BAUFI5,2025-06-23T11:30:00Z,728.295,
GFS,BAUFI5,2025-06-23T12:00:00Z,739.23,
GFS,BAUFI5,2025-06-23T12:30:00Z,738.67,
GFS,BAUFI5,2025-06-23T13:00:00Z,738.11,
GFS,BAUFI5,2025-06-23T13:30:00Z,726.505,
GFS,BAUFI5,2025-06-23T14:00:00Z,714.9,
GFS,BAUFI5,2025-06-23T14:30:00Z,563.58,
GFS,BAUFI5,2025-06-23T15:00:00Z,412.26,
GFS,BAUFI5,2025-06-23T15:30:00Z,358.42,
GFS,BAUFI5,2025-06-23T16:00:00Z,304.58,
GFS,BAUFI5,2025-06-23T16:30:00Z,257.45,
GFS,BAUFI5,2025-06-23T17:00:00Z,210.32,
GFS,BAUFI5,2025-06-23T17:30:00Z,184.03,
GFS,BAUFI5,2025-06-23T18:00:00Z,157.74,
GFS,BAUFI5,2025-06-23T18:30:00Z,141.97,
GFS,BAUFI5,2025-06-23T19:00:00Z,126.2,
GFS,BAUFI5,2025-06-23T19:30:00Z,115.685,
GFS,BAUFI5,2025-06-23T20:00:00Z,105.17,
GFS,BAUFI5,2025-06-23T20:30:00Z,52.585,
GFS,BAUFI5,2025-06-23T21:00:00Z,0,
GFS,BAUFI5,2025-06-23T21:30:00Z,0,
GFS,BAUFI5,2025-06-23T22:00:00Z,0,
GFS,BAUFI5,2025-06-23T22:30:00Z,0,
GFS,BAUFI5,2025-06-23T23:00:00Z,0,
GFS,BAUFI5,2025-06-23T23:30:00Z,0,
GFS,BAUFI5,2025-06-24T00:00:00Z,0,
GFS,BAUFI5,2025-06-24T00:30:00Z,0,
GFS,BAUFI5,2025-06-24T01:00:00Z,0,
GFS,BAUFI5,2025-06-24T01:30:00Z,0,
GFS,BAUFI5,2025-06-24T02:00:00Z,0,
GFS,BAUFI5,2025-06-24T02:30:00Z,0,
GFS,BAUFI5,2025-06-24T03:00:00Z,0,
GFS,BAUFI5,2025-06-24T03:30:00Z,0,
GFS,BAUFI5,2025-06-24T04:00:00Z,0,
GFS,BAUFI5,2025-06-24T04:30:00Z,0,
GFS,BAUFI5,2025-06-24T05:00:00Z,0,
GFS,BAUFI5,2025-06-24T05:30:00Z,3.3,
GFS,BAUFI5,2025-06-24T06:00:00Z,6.6,
GFS,BAUFI5,2025-06-24T06:30:00Z,26.73,
GFS,BAUFI5,2025-06-24T07:00:00Z,46.86,
GFS,BAUFI5,2025-06-24T07:30:00Z,78.14,
GFS,BAUFI5,2025-06-24T08:00:00Z,109.42,
GFS,BAUFI5,2025-06-24T08:30:00Z,357.72,
GFS,BAUFI5,2025-06-24T09:00:00Z,606.02,
GFS,BAUFI5,2025-06-24T09:30:00Z,639.11,
GFS,BAUFI5,2025-06-24T10:00:00Z,672.2,
GFS,BAUFI5,2025-06-24T10:30:00Z,694.82,
GFS,BAUFI5,2025-06-24T11:00:00Z,717.44,
GFS,BAUFI5,2025-06-24T11:30:00Z,728.84,
GFS,BAUFI5,2025-06-24T12:00:00Z,740.24,
GFS,BAUFI5,2025-06-24T12:30:00Z,739.825,
GFS,BAUFI5,2025-06-24T13:00:00Z,739.41,
GFS,BAUFI5,2025-06-24T13:30:00Z,727.815,
GFS,BAUFI5,2025-06-24T14:00:00Z,716.22,
GFS,BAUFI5,2025-06-24T14:30:00Z,565.38,
GFS,BAUFI5,2025-06-24T15:00:00Z,414.54,
GFS,BAUFI5,2025-06-24T15:30:00Z,360.54,
GFS,BAUFI5,2025-06-24T16:00:00Z,306.54,
GFS,BAUFI5,2025-06-24T16:30:00Z,259.17,
GFS,BAUFI5,2025-06-24T17:00:00Z,211.8,
GFS,BAUFI5,2025-06-24T17:30:00Z,185.33,
GFS,BAUFI5,2025-06-24T18:00:00Z,158.86,
GFS,BAUFI5,2025-06-24T18:30:00Z,142.97,
GFS,BAUFI5,2025-06-24T19:00:00Z,127.08,
GFS,BAUFI5,2025-06-24T19:30:00Z,116.49,
GFS,BAUFI5,2025-06-24T20:00:00Z,105.9,
GFS,BAUFI5,2025-06-24T20:30:00Z,52.95,
GFS,BAUFI5,2025-06-24T21:00:00Z,0,
GFS,BAUFI5,2025-06-24T21:30:00Z,0,
GFS,BAUFI5,2025-06-24T22:00:00Z,0,
GFS,BAUFI5,2025-06-24T22:30:00Z,0,
GFS,BAUFI5,2025-06-24T23:00:00Z,0,
GFS,BAUFI5,2025-06-24T23:30:00Z,0,
GFS,BAUFI5,2025-06-25T00:00:00Z,0,
GFS,BAUFI5,2025-06-25T00:30:00Z,0,
GFS,BAUFI5,2025-06-25T01:00:00Z,0,
GFS,BAUFI5,2025-06-25T01:30:00Z,0,
GFS,BAUFI5,2025-06-25T02:00:00Z,0,
GFS,BAUFI5,2025-06-25T02:30:00Z,0,
GFS,BAUFI5,2025-06-25T03:00:00Z,0,
GFS,BAUFI5,2025-06-25T03:30:00Z,0,
GFS,BAUFI5,2025-06-25T04:00:00Z,0,
GFS,BAUFI5,2025-06-25T04:30:00Z,0,
GFS,BAUFI5,2025-06-25T05:00:00Z,0,
GFS,BAUFI5,2025-06-25T05:30:00Z,3.26,
GFS,BAUFI5,2025-06-25T06:00:00Z,6.52,
GFS,BAUFI5,2025-06-25T06:30:00Z,26.6,
GFS,BAUFI5,2025-06-25T07:00:00Z,46.68,
GFS,BAUFI5,2025-06-25T07:30:00Z,77.91,
GFS,BAUFI5,2025-06-25T08:00:00Z,109.14,
GFS,BAUFI5,2025-06-25T08:30:00Z,356.49,
GFS,BAUFI5,2025-06-25T09:00:00Z,603.84,
GFS,BAUFI5,2025-06-25T09:30:00Z,636.78,
GFS,BAUFI5,2025-06-25T10:00:00Z,669.72,
GFS,BAUFI5,2025-06-25T10:30:00Z,692,
GFS,BAUFI5,2025-06-25T11:00:00Z,714.28,
GFS,BAUFI5,2025-06-25T11:30:00Z,725.15,
GFS,BAUFI5,2025-06-25T12:00:00Z,736.02,
GFS,BAUFI5,2025-06-25T12:30:00Z,735.49,
GFS,BAUFI5,2025-06-25T13:00:00Z,734.96,
GFS,BAUFI5,2025-06-25T13:30:00Z,723.465,
GFS,BAUFI5,2025-06-25T14:00:00Z,711.97,
GFS,BAUFI5,2025-06-25T14:30:00Z,562.025,
GFS,BAUFI5,2025-06-25T15:00:00Z,412.08,
GFS,BAUFI5,2025-06-25T15:30:00Z,358.47,
GFS,BAUFI5,2025-06-25T16:00:00Z,304.86,
GFS,BAUFI5,2025-06-25T16:30:00Z,257.77,
GFS,BAUFI5,2025-06-25T17:00:00Z,210.68,
GFS,BAUFI5,2025-06-25T17:30:00Z,184.35,
GFS,BAUFI5,2025-06-25T18:00:00Z,158.02,
GFS,BAUFI5,2025-06-25T18:30:00Z,142.22,
GFS,BAUFI5,2025-06-25T19:00:00Z,126.42,
GFS,BAUFI5,2025-06-25T19:30:00Z,115.88,
GFS,BAUFI5,2025-06-25T20:00:00Z,105.34,
GFS,BAUFI5,2025-06-25T20:30:00Z,52.67,
GFS,BAUFI5,2025-06-25T21:00:00Z,0,
GFS,BAUFI5,2025-06-25T21:30:00Z,0,
GFS,BAUFI5,2025-06-25T22:00:00Z,0,
GFS,BAUFI5,2025-06-25T22:30:00Z,0,
GFS,BAUFI5,2025-06-25T23:00:00Z,0,
GFS,BAUFI5,2025-06-25T23:30:00Z,0,
GFS,BAUFI5,2025-06-26T00:00:00Z,0,
GFS,BAUFI5,2025-06-26T00:30:00Z,0,
GFS,BAUFI5,2025-06-26T01:00:00Z,0,
GFS,BAUFI5,2025-06-26T01:30:00Z,0,
GFS,BAUFI5,2025-06-26T02:00:00Z,0,
GFS,BAUFI5,2025-06-26T02:30:00Z,0,
GFS,BAUFI5,2025-06-26T03:00:00Z,0,
GFS,BAUFI5,2025-06-26T03:30:00Z,0,
GFS,BAUFI5,2025-06-26T04:00:00Z,0,
GFS,BAUFI5,2025-06-26T04:30:00Z,0,
GFS,BAUFI5,2025-06-26T05:00:00Z,0,
GFS,BAUFI5,2025-06-26T05:30:00Z,3.05,
GFS,BAUFI5,2025-06-26T06:00:00Z,6.1,
GFS,BAUFI5,2025-06-26T06:30:00Z,25.27,
GFS,BAUFI5,2025-06-26T07:00:00Z,44.44,
GFS,BAUFI5,2025-06-26T07:30:00Z,74.63,
GFS,BAUFI5,2025-06-26T08:00:00Z,104.82,
GFS,BAUFI5,2025-06-26T08:30:00Z,347.87,
GFS,BAUFI5,2025-06-26T09:00:00Z,590.92,
GFS,BAUFI5,2025-06-26T09:30:00Z,624.1,
GFS,BAUFI5,2025-06-26T10:00:00Z,657.28,
GFS,BAUFI5,2025-06-26T10:30:00Z,679.84,
GFS,BAUFI5,2025-06-26T11:00:00Z,702.4,
GFS,BAUFI5,2025-06-26T11:30:00Z,713.59,
GFS,BAUFI5,2025-06-26T12:00:00Z,724.78,
GFS,BAUFI5,2025-06-26T12:30:00Z,724.46,
GFS,BAUFI5,2025-06-26T13:00:00Z,724.14,
GFS,BAUFI5,2025-06-26T13:30:00Z,712.9,
GFS,BAUFI5,2025-06-26T14:00:00Z,701.66,
GFS,BAUFI5,2025-06-26T14:30:00Z,553.88,
GFS,BAUFI5,2025-06-26T15:00:00Z,406.1,
GFS,BAUFI5,2025-06-26T15:30:00Z,351.14,
GFS,BAUFI5,2025-06-26T16:00:00Z,296.18,
GFS,BAUFI5,2025-06-26T16:30:00Z,248.65,
GFS,BAUFI5,2025-06-26T17:00:00Z,201.12,
GFS,BAUFI5,2025-06-26T17:30:00Z,175.98,
GFS,BAUFI5,2025-06-26T18:00:00Z,150.84,
GFS,BAUFI5,2025-06-26T18:30:00Z,135.75,
GFS,BAUFI5,2025-06-26T19:00:00Z,120.66,
GFS,BAUFI5,2025-06-26T19:30:00Z,110.61,
GFS,BAUFI5,2025-06-26T20:00:00Z,100.56,
GFS,BAUFI5,2025-06-26T20:30:00Z,50.28,
GFS,BAUFI5,2025-06-26T21:00:00Z,0,
GFS,BAUFI5,2025-06-26T21:30:00Z,0,
GFS,BAUFI5,2025-06-26T22:00:00Z,0,
GFS,BAUFI5,2025-06-26T22:30:00Z,0,
GFS,BAUFI5,2025-06-26T23:00:00Z,0,
GFS,BAUFI5,2025-06-26T23:30:00Z,0,
GFS,BAUFI5,2025-06-27T00:00:00Z,0,
GFS,BAUFI5,2025-06-27T00:30:00Z,0,
GFS,BAUFI5,2025-06-27T01:00:00Z,0,
GFS,BAUFI5,2025-06-27T01:30:00Z,0,
GFS,BAUFI5,2025-06-27T02:00:00Z,0,
GFS,BAUFI5,2025-06-27T02:30:00Z,0,
GFS,BAUFI5,2025-06-27T03:00:00Z,0,
GFS,BAUFI5,2025-06-27T03:30:00Z,0,
GFS,BAUFI5,2025-06-27T04:00:00Z,0,
GFS,BAUFI5,2025-06-27T04:30:00Z,0,
GFS,BAUFI5,2025-06-27T05:00:00Z,0,
GFS,BAUFI5,2025-06-27T05:30:00Z,3.06,
GFS,BAUFI5,2025-06-27T06:00:00Z,6.12,
GFS,BAUFI5,2025-06-27T06:30:00Z,25.48,
GFS,BAUFI5,2025-06-27T07:00:00Z,44.84,
GFS,BAUFI5,2025-06-27T07:30:00Z,75.395,
GFS,BAUFI5,2025-06-27T08:00:00Z,105.95,
GFS,BAUFI5,2025-06-27T08:30:00Z,350.315,
GFS,BAUFI5,2025-06-27T09:00:00Z,594.68,
GFS,BAUFI5,2025-06-27T09:30:00Z,627.75,
GFS,BAUFI5,2025-06-27T10:00:00Z,660.82,
GFS,BAUFI5,2025-06-27T10:30:00Z,683.3,
GFS,BAUFI5,2025-06-27T11:00:00Z,705.78,
GFS,BAUFI5,2025-06-27T11:30:00Z,717,
GFS,BAUFI5,2025-06-27T12:00:00Z,728.22,
GFS,BAUFI5,2025-06-27T12:30:00Z,727.95,
GFS,BAUFI5,2025-06-27T13:00:00Z,727.68,
GFS,BAUFI5,2025-06-27T13:30:00Z,716.455,
GFS,BAUFI5,2025-06-27T14:00:00Z,705.23,
GFS,BAUFI5,2025-06-27T14:30:00Z,557.195,
GFS,BAUFI5,2025-06-27T15:00:00Z,409.16,
GFS,BAUFI5,2025-06-27T15:30:00Z,355.96,
GFS,BAUFI5,2025-06-27T16:00:00Z,302.76,
GFS,BAUFI5,2025-06-27T16:30:00Z,256.07,
GFS,BAUFI5,2025-06-27T17:00:00Z,209.38,
GFS,BAUFI5,2025-06-27T17:30:00Z,183.21,
GFS,BAUFI5,2025-06-27T18:00:00Z,157.04,
GFS,BAUFI5,2025-06-27T18:30:00Z,141.33,
GFS,BAUFI5,2025-06-27T19:00:00Z,125.62,
GFS,BAUFI5,2025-06-27T19:30:00Z,115.155,
GFS,BAUFI5,2025-06-27T20:00:00Z,104.69,
GFS,BAUFI5,2025-06-27T20:30:00Z,52.345,
GFS,BAUFI5,2025-06-27T21:00:00Z,0,
GFS,BAUFI5,2025-06-27T21:30:00Z,0,
GFS,BAUFI5,2025-06-27T22:00:00Z,0,
GFS,BAUFI5,2025-06-27T22:30:00Z,0,
GFS,BAUFI5,2025-06-27T23:00:00Z,0,
GFS,BAUFI5,2025-06-27T23:30:00Z,0,
GFS,BAUFI5,2025-06-28T00:00:00Z,0,
GFS,BAUFI5,2025-06-28T00:30:00Z,0,
GFS,BAUFI5,2025-06-28T01:00:00Z,0,
GFS,BAUFI5,2025-06-28T01:30:00Z,0,
GFS,BAUFI5,2025-06-28T02:00:00Z,0,
GFS,BAUFI5,2025-06-28T02:30:00Z,0,
GFS,BAUFI5,2025-06-28T03:00:00Z,0,
GFS,BAUFI5,2025-06-28T03:30:00Z,0,
GFS,BAUFI5,2025-06-28T04:00:00Z,0,
GFS,BAUFI5,2025-06-28T04:30:00Z,0,
GFS,BAUFI5,2025-06-28T05:00:00Z,0,
GFS,BAUFI5,2025-06-28T05:30:00Z,3.11,
GFS,BAUFI5,2025-06-28T06:00:00Z,6.22,
GFS,BAUFI5,2025-06-28T06:30:00Z,25.98,
GFS,BAUFI5,2025-06-28T07:00:00Z,45.74,
GFS,BAUFI5,2025-06-28T07:30:00Z,76.885,
GFS,BAUFI5,2025-06-28T08:00:00Z,108.03,
GFS,BAUFI5,2025-06-28T08:30:00Z,357.485,
GFS,BAUFI5,2025-06-28T09:00:00Z,606.94,
GFS,BAUFI5,2025-06-28T09:30:00Z,641.21,
GFS,BAUFI5,2025-06-28T10:00:00Z,675.48,
GFS,BAUFI5,2025-06-28T10:30:00Z,699.04,
GFS,BAUFI5,2025-06-28T11:00:00Z,722.6,
GFS,BAUFI5,2025-06-28T11:30:00Z,734.45,
GFS,BAUFI5,2025-06-28T12:00:00Z,746.3,
GFS,BAUFI5,2025-06-28T12:30:00Z,746.2,
GFS,BAUFI5,2025-06-28T13:00:00Z,746.1,
GFS,BAUFI5,2025-06-28T13:30:00Z,734.52,
GFS,BAUFI5,2025-06-28T14:00:00Z,722.94,
GFS,BAUFI5,2025-06-28T14:30:00Z,570.84,
GFS,BAUFI5,2025-06-28T15:00:00Z,418.74,
GFS,BAUFI5,2025-06-28T15:30:00Z,364.55,
GFS,BAUFI5,2025-06-28T16:00:00Z,310.36,
GFS,BAUFI5,2025-06-28T16:30:00Z,261.99,
GFS,BAUFI5,2025-06-28T17:00:00Z,213.62,
GFS,BAUFI5,2025-06-28T17:30:00Z,186.92,
GFS,BAUFI5,2025-06-28T18:00:00Z,160.22,
GFS,BAUFI5,2025-06-28T18:30:00Z,144.19,
GFS,BAUFI5,2025-06-28T19:00:00Z,128.16,
GFS,BAUFI5,2025-06-28T19:30:00Z,117.48,
GFS,BAUFI5,2025-06-28T20:00:00Z,106.8,
GFS,BAUFI5,2025-06-28T20:30:00Z,53.4,
GFS,BAUFI5,2025-06-28T21:00:00Z,0,
GFS,BAUFI5,2025-06-28T21:30:00Z,0,
GFS,BAUFI5,2025-06-28T22:00:00Z,0,
GFS,BAUFI5,2025-06-28T22:30:00Z,0,
GFS,BAUFI5,2025-06-28T23:00:00Z,0,
GFS,BAUFI5,2025-06-28T23:30:00Z,0,
GFS,BAUFI5,2025-06-29T00:00:00Z,0,
GFS,BAUFI5,2025-06-29T00:30:00Z,0,
GFS,BAUFI5,2025-06-29T01:00:00Z,0,
GFS,BAUFI5,2025-06-29T01:30:00Z,0,
GFS,BAUFI5,2025-06-29T02:00:00Z,0,
GFS,BAUFI5,2025-06-29T02:30:00Z,0,
GFS,BAUFI5,2025-06-29T03:00:00Z,0,
GFS,BAUFI5,2025-06-29T03:30:00Z,0,
GFS,BAUFI5,2025-06-29T04:00:00Z,0,
GFS,BAUFI5,2025-06-29T04:30:00Z,0,
GFS,BAUFI5,2025-06-29T05:00:00Z,0,
GFS,BAUFI5,2025-06-29T05:30:00Z,3.02,
GFS,BAUFI5,2025-06-29T06:00:00Z,6.04,
GFS,BAUFI5,2025-06-29T06:30:00Z,25.36,
GFS,BAUFI5,2025-06-29T07:00:00Z,44.68,
GFS,BAUFI5,2025-06-29T07:30:00Z,75.27,
GFS,BAUFI5,2025-06-29T08:00:00Z,105.86,
GFS,BAUFI5,2025-06-29T08:30:00Z,350.75,
GFS,BAUFI5,2025-06-29T09:00:00Z,595.64,
GFS,BAUFI5,2025-06-29T09:30:00Z,629.06,
GFS,BAUFI5,2025-06-29T10:00:00Z,662.48,
GFS,BAUFI5,2025-06-29T10:30:00Z,685.47,
GFS,BAUFI5,2025-06-29T11:00:00Z,708.46,
GFS,BAUFI5,2025-06-29T11:30:00Z,720.23,
GFS,BAUFI5,2025-06-29T12:00:00Z,732,
GFS,BAUFI5,2025-06-29T12:30:00Z,732.28,
GFS,BAUFI5,2025-06-29T13:00:00Z,732.56,
GFS,BAUFI5,2025-06-29T13:30:00Z,721.775,
GFS,BAUFI5,2025-06-29T14:00:00Z,710.99,
GFS,BAUFI5,2025-06-29T14:30:00Z,565.175,
GFS,BAUFI5,2025-06-29T15:00:00Z,419.36,
GFS,BAUFI5,2025-06-29T15:30:00Z,365.57,
GFS,BAUFI5,2025-06-29T16:00:00Z,311.78,
GFS,BAUFI5,2025-06-29T16:30:00Z,263.9,
GFS,BAUFI5,2025-06-29T17:00:00Z,216.02,
GFS,BAUFI5,2025-06-29T17:30:00Z,189.02,
GFS,BAUFI5,2025-06-29T18:00:00Z,162.02,
GFS,BAUFI5,2025-06-29T18:30:00Z,145.82,
GFS,BAUFI5,2025-06-29T19:00:00Z,129.62,
GFS,BAUFI5,2025-06-29T19:30:00Z,118.82,
GFS,BAUFI5,2025-06-29T20:00:00Z,108.02,
GFS,BAUFI5,2025-06-29T20:30:00Z,54.01,
GFS,BAUFI5,2025-06-29T21:00:00Z,0,
GFS,BAUFI5,2025-06-29T21:30:00Z,0,
GFS,BAUFI5,2025-06-29T22:00:00Z,0,
GFS,BAUFI5,2025-06-29T22:30:00Z,0,
GFS,BAUFI5,2025-06-29T23:00:00Z,0,
GFS,BAUFI5,2025-06-29T23:30:00Z,0,
GFS,BAUFI5,2025-06-30T00:00:00Z,0,
GFS,BAUFI5,2025-06-30T00:30:00Z,0,
GFS,BAUFI5,2025-06-30T01:00:00Z,0,
GFS,BAUFI5,2025-06-30T01:30:00Z,0,
GFS,BAUFI5,2025-06-30T02:00:00Z,0,
GFS,BAUFI5,2025-06-30T02:30:00Z,0,
GFS,BAUFI5,2025-06-30T03:00:00Z,0,
GFS,BAUFI5,2025-06-30T03:30:00Z,0,
GFS,BAUFI5,2025-06-30T04:00:00Z,0,
GFS,BAUFI5,2025-06-30T04:30:00Z,0,
GFS,BAUFI5,2025-06-30T05:00:00Z,0,
GFS,BAUFI5,2025-06-30T05:30:00Z,3.23,
GFS,BAUFI5,2025-06-30T06:00:00Z,6.46,
GFS,BAUFI5,2025-06-30T06:30:00Z,26.76,
GFS,BAUFI5,2025-06-30T07:00:00Z,47.06,
GFS,BAUFI5,2025-06-30T07:30:00Z,78.88,
GFS,BAUFI5,2025-06-30T08:00:00Z,110.7,
GFS,BAUFI5,2025-06-30T08:30:00Z,364.15,
GFS,BAUFI5,2025-06-30T09:00:00Z,617.6,
GFS,BAUFI5,2025-06-30T09:30:00Z,651.44,
GFS,BAUFI5,2025-06-30T10:00:00Z,685.28,
GFS,BAUFI5,2025-06-30T10:30:00Z,708.29,
GFS,BAUFI5,2025-06-30T11:00:00Z,731.3,
GFS,BAUFI5,2025-06-30T11:30:00Z,742.76,
GFS,BAUFI5,2025-06-30T12:00:00Z,754.22,
GFS,BAUFI5,2025-06-30T12:30:00Z,753.99,
GFS,BAUFI5,2025-06-30T13:00:00Z,753.76,
GFS,BAUFI5,2025-06-30T13:30:00Z,742.27,
GFS,BAUFI5,2025-06-30T14:00:00Z,730.78,
GFS,BAUFI5,2025-06-30T14:30:00Z,579.33,
GFS,BAUFI5,2025-06-30T15:00:00Z,427.88,
GFS,BAUFI5,2025-06-30T15:30:00Z,373.17,
GFS,BAUFI5,2025-06-30T16:00:00Z,318.46,
GFS,BAUFI5,2025-06-30T16:30:00Z,269.66,
GFS,BAUFI5,2025-06-30T17:00:00Z,220.86,
GFS,BAUFI5,2025-06-30T17:30:00Z,193.25,
GFS,BAUFI5,2025-06-30T18:00:00Z,165.64,
GFS,BAUFI5,2025-06-30T18:30:00Z,149.08,
GFS,BAUFI5,2025-06-30T19:00:00Z,132.52,
GFS,BAUFI5,2025-06-30T19:30:00Z,121.475,
GFS,BAUFI5,2025-06-30T20:00:00Z,110.43,
GFS,BAUFI5,2025-06-30T20:30:00Z,55.215,
GFS,BAUFI5,2025-06-30T21:00:00Z,0,
GFS,BAUFI5,2025-06-30T21:30:00Z,0,
GFS,BAUFI5,2025-06-30T22:00:00Z,0,
GFS,BAUFI5,2025-06-30T22:30:00Z,0,
GFS,BAUFI5,2025-06-30T23:00:00Z,0,
GFS,BAUFI5,2025-06-30T23:30:00Z,0,
GFS,BAUFI5,2025-07-01T00:00:00Z,0,
GFS,BAUFI5,2025-07-01T00:30:00Z,0,
GFS,BAUFI5,2025-07-01T01:00:00Z,0,
GFS,BAUFI5,2025-07-01T01:30:00Z,0,
GFS,BAUFI5,2025-07-01T02:00:00Z,0,
GFS,BAUFI5,2025-07-01T02:30:00Z,0,
GFS,BAUFI5,2025-07-01T03:00:00Z,0,
GFS,BAUFI5,2025-07-01T03:30:00Z,0,
GFS,BAUFI5,2025-07-01T04:00:00Z,0,
GFS,BAUFI5,2025-07-01T04:30:00Z,0,
GFS,BAUFI5,2025-07-01T05:00:00Z,0,
GFS,BAUFI5,2025-07-01T05:30:00Z,3.03,
GFS,BAUFI5,2025-07-01T06:00:00Z,6.06,
GFS,BAUFI5,2025-07-01T06:30:00Z,25.45,
GFS,BAUFI5,2025-07-01T07:00:00Z,44.84,
GFS,BAUFI5,2025-07-01T07:30:00Z,75.49,
GFS,BAUFI5,2025-07-01T08:00:00Z,106.14,
GFS,BAUFI5,2025-07-01T08:30:00Z,351.19,
GFS,BAUFI5,2025-07-01T09:00:00Z,596.24,
GFS,BAUFI5,2025-07-01T09:30:00Z,629.39,
GFS,BAUFI5,2025-07-01T10:00:00Z,662.54,
GFS,BAUFI5,2025-07-01T10:30:00Z,684.98,
GFS,BAUFI5,2025-07-01T11:00:00Z,707.42,
GFS,BAUFI5,2025-07-01T11:30:00Z,718.57,
GFS,BAUFI5,2025-07-01T12:00:00Z,729.72,
GFS,BAUFI5,2025-07-01T12:30:00Z,729.525,
GFS,BAUFI5,2025-07-01T13:00:00Z,729.33,
GFS,BAUFI5,2025-07-01T13:30:00Z,717.705,
GFS,BAUFI5,2025-07-01T14:00:00Z,706.08,
GFS,BAUFI5,2025-07-01T14:30:00Z,557.82,
GFS,BAUFI5,2025-07-01T15:00:00Z,409.56,
GFS,BAUFI5,2025-07-01T15:30:00Z,356.59,
GFS,BAUFI5,2025-07-01T16:00:00Z,303.62,
GFS,BAUFI5,2025-07-01T16:30:00Z,256.83,
GFS,BAUFI5,2025-07-01T17:00:00Z,210.04,
GFS,BAUFI5,2025-07-01T17:30:00Z,183.78,
GFS,BAUFI5,2025-07-01T18:00:00Z,157.52,
GFS,BAUFI5,2025-07-01T18:30:00Z,141.77,
GFS,BAUFI5,2025-07-01T19:00:00Z,126.02,
GFS,BAUFI5,2025-07-01T19:30:00Z,115.52,
GFS,BAUFI5,2025-07-01T20:00:00Z,105.02,
GFS,BAUFI5,2025-07-01T20:30:00Z,52.51,
GFS,BAUFI5,2025-07-01T21:00:00Z,0,
GFS,BAUFI5,2025-07-01T21:30:00Z,0,
GFS,BAUFI5,2025-07-01T22:00:00Z,0,
GFS,BAUFI5,2025-07-01T22:30:00Z,0,
GFS,BAUFI5,2025-07-01T23:00:00Z,0,
GFS,BAUFI5,2025-07-01T23:30:00Z,0,
GFS,BAUFI5,2025-07-02T00:00:00Z,0,
GFS,BAUFI5,2025-07-02T00:30:00Z,0,
GFS,BAUFI5,2025-07-02T01:00:00Z,0,
GFS,BAUFI5,2025-07-02T01:30:00Z,0,
GFS,BAUFI5,2025-07-02T02:00:00Z,0,
GFS,BAUFI5,2025-07-02T02:30:00Z,0,
GFS,BAUFI5,2025-07-02T03:00:00Z,0,
GFS,BAUFI5,2025-07-02T03:30:00Z,0,
GFS,BAUFI5,2025-07-02T04:00:00Z,0,
GFS,BAUFI5,2025-07-02T04:30:00Z,0,
GFS,BAUFI5,2025-07-02T05:00:00Z,0,
GFS,BAUFI5,2025-07-02T05:30:00Z,3.03,
GFS,BAUFI5,2025-07-02T06:00:00Z,6.06,
GFS,BAUFI5,2025-07-02T06:30:00Z,25.52,
GFS,BAUFI5,2025-07-02T07:00:00Z,44.98,
GFS,BAUFI5,2025-07-02T07:30:00Z,75.73,
GFS,BAUFI5,2025-07-02T08:00:00Z,106.48,
GFS,BAUFI5,2025-07-02T08:30:00Z,352.29,
GFS,BAUFI5,2025-07-02T09:00:00Z,598.1,
GFS,BAUFI5,2025-07-02T09:30:00Z,631.43,
GFS,BAUFI5,2025-07-02T10:00:00Z,664.76,
GFS,BAUFI5,2025-07-02T10:30:00Z,687.39,
GFS,BAUFI5,2025-07-02T11:00:00Z,710.02,
GFS,BAUFI5,2025-07-02T11:30:00Z,721.42,
GFS,BAUFI5,2025-07-02T12:00:00Z,732.82,
GFS,BAUFI5,2025-07-02T12:30:00Z,732.825,
GFS,BAUFI5,2025-07-02T13:00:00Z,732.83,
GFS,BAUFI5,2025-07-02T13:30:00Z,721.855,
GFS,BAUFI5,2025-07-02T14:00:00Z,710.88,
GFS,BAUFI5,2025-07-02T14:30:00Z,564.26,
GFS,BAUFI5,2025-07-02T15:00:00Z,417.64,
GFS,BAUFI5,2025-07-02T15:30:00Z,364.23,
GFS,BAUFI5,2025-07-02T16:00:00Z,310.82,
GFS,BAUFI5,2025-07-02T16:30:00Z,263.21,
GFS,BAUFI5,2025-07-02T17:00:00Z,215.6,
GFS,BAUFI5,2025-07-02T17:30:00Z,188.65,
GFS,BAUFI5,2025-07-02T18:00:00Z,161.7,
GFS,BAUFI5,2025-07-02T18:30:00Z,145.53,
GFS,BAUFI5,2025-07-02T19:00:00Z,129.36,
GFS,BAUFI5,2025-07-02T19:30:00Z,118.585,
GFS,BAUFI5,2025-07-02T20:00:00Z,107.81,
GFS,BAUFI5,2025-07-02T20:30:00Z,53.905,
GFS,BAUFI5,2025-07-02T21:00:00Z,0,
GFS,BAUFI5,2025-07-02T21:30:00Z,0,
GFS,BAUFI5,2025-07-02T22:00:00Z,0,
GFS,BAUFI5,2025-07-02T22:30:00Z,0,
GFS,BAUFI5,2025-07-02T23:00:00Z,0,
GFS,BAUFI5,2025-07-02T23:30:00Z,0,
GFS,BAUFI6,2025-06-03T00:00:00Z,0,
GFS,BAUFI6,2025-06-03T00:30:00Z,0,
GFS,BAUFI6,2025-06-03T01:00:00Z,0,
GFS,BAUFI6,2025-06-03T01:30:00Z,0,
GFS,BAUFI6,2025-06-03T02:00:00Z,0,
GFS,BAUFI6,2025-06-03T02:30:00Z,0,
GFS,BAUFI6,2025-06-03T03:00:00Z,0,
GFS,BAUFI6,2025-06-03T03:30:00Z,0,
GFS,BAUFI6,2025-06-03T04:00:00Z,0,
GFS,BAUFI6,2025-06-03T04:30:00Z,0,
GFS,BAUFI6,2025-06-03T05:00:00Z,0,
GFS,BAUFI6,2025-06-03T05:30:00Z,3.64,
GFS,BAUFI6,2025-06-03T06:00:00Z,7.28,
GFS,BAUFI6,2025-06-03T06:30:00Z,28.68,
GFS,BAUFI6,2025-06-03T07:00:00Z,50.08,
GFS,BAUFI6,2025-06-03T07:30:00Z,81.33,
GFS,BAUFI6,2025-06-03T08:00:00Z,112.58,
GFS,BAUFI6,2025-06-03T08:30:00Z,354.79,
GFS,BAUFI6,2025-06-03T09:00:00Z,597,
GFS,BAUFI6,2025-06-03T09:30:00Z,632.26,
GFS,BAUFI6,2025-06-03T10:00:00Z,667.52,
GFS,BAUFI6,2025-06-03T10:30:00Z,686.83,
GFS,BAUFI6,2025-06-03T11:00:00Z,706.14,
GFS,BAUFI6,2025-06-03T11:30:00Z,713.95,
GFS,BAUFI6,2025-06-03T12:00:00Z,721.76,
GFS,BAUFI6,2025-06-03T12:30:00Z,718.81,
GFS,BAUFI6,2025-06-03T13:00:00Z,715.86,
GFS,BAUFI6,2025-06-03T13:30:00Z,704.52,
GFS,BAUFI6,2025-06-03T14:00:00Z,693.18,
GFS,BAUFI6,2025-06-03T14:30:00Z,530.4,
GFS,BAUFI6,2025-06-03T15:00:00Z,367.62,
GFS,BAUFI6,2025-06-03T15:30:00Z,312.96,
GFS,BAUFI6,2025-06-03T16:00:00Z,258.3,
GFS,BAUFI6,2025-06-03T16:30:00Z,218.14,
GFS,BAUFI6,2025-06-03T17:00:00Z,177.98,
GFS,BAUFI6,2025-06-03T17:30:00Z,155.73,
GFS,BAUFI6,2025-06-03T18:00:00Z,133.48,
GFS,BAUFI6,2025-06-03T18:30:00Z,120.13,
GFS,BAUFI6,2025-06-03T19:00:00Z,106.78,
GFS,BAUFI6,2025-06-03T19:30:00Z,97.885,
GFS,BAUFI6,2025-06-03T20:00:00Z,88.99,
GFS,BAUFI6,2025-06-03T20:30:00Z,44.495,
GFS,BAUFI6,2025-06-03T21:00:00Z,0,
GFS,BAUFI6,2025-06-03T21:30:00Z,0,
GFS,BAUFI6,2025-06-03T22:00:00Z,0,
GFS,BAUFI6,2025-06-03T22:30:00Z,0,
GFS,BAUFI6,2025-06-03T23:00:00Z,0,
GFS,BAUFI6,2025-06-03T23:30:00Z,0,
GFS,BAUFI6,2025-06-04T00:00:00Z,0,
GFS,BAUFI6,2025-06-04T00:30:00Z,0,
GFS,BAUFI6,2025-06-04T01:00:00Z,0,
GFS,BAUFI6,2025-06-04T01:30:00Z,0,
GFS,BAUFI6,2025-06-04T02:00:00Z,0,
GFS,BAUFI6,2025-06-04T02:30:00Z,0,
GFS,BAUFI6,2025-06-04T03:00:00Z,0,
GFS,BAUFI6,2025-06-04T03:30:00Z,0,
GFS,BAUFI6,2025-06-04T04:00:00Z,0,
GFS,BAUFI6,2025-06-04T04:30:00Z,0,
GFS,BAUFI6,2025-06-04T05:00:00Z,0,
GFS,BAUFI6,2025-06-04T05:30:00Z,4.2,
GFS,BAUFI6,2025-06-04T06:00:00Z,8.4,
GFS,BAUFI6,2025-06-04T06:30:00Z,29.77,
GFS,BAUFI6,2025-06-04T07:00:00Z,51.14,
GFS,BAUFI6,2025-06-04T07:30:00Z,83.22,
GFS,BAUFI6,2025-06-04T08:00:00Z,115.3,
GFS,BAUFI6,2025-06-04T08:30:00Z,366.11,
GFS,BAUFI6,2025-06-04T09:00:00Z,616.92,
GFS,BAUFI6,2025-06-04T09:30:00Z,649.14,
GFS,BAUFI6,2025-06-04T10:00:00Z,681.36,
GFS,BAUFI6,2025-06-04T10:30:00Z,702.78,
GFS,BAUFI6,2025-06-04T11:00:00Z,724.2,
GFS,BAUFI6,2025-06-04T11:30:00Z,734.125,
GFS,BAUFI6,2025-06-04T12:00:00Z,744.05,
GFS,BAUFI6,2025-06-04T12:30:00Z,742.345,
GFS,BAUFI6,2025-06-04T13:00:00Z,740.64,
GFS,BAUFI6,2025-06-04T13:30:00Z,727.935,
GFS,BAUFI6,2025-06-04T14:00:00Z,715.23,
GFS,BAUFI6,2025-06-04T14:30:00Z,557.225,
GFS,BAUFI6,2025-06-04T15:00:00Z,399.22,
GFS,BAUFI6,2025-06-04T15:30:00Z,345.36,
GFS,BAUFI6,2025-06-04T16:00:00Z,291.5,
GFS,BAUFI6,2025-06-04T16:30:00Z,245.16,
GFS,BAUFI6,2025-06-04T17:00:00Z,198.82,
GFS,BAUFI6,2025-06-04T17:30:00Z,173.97,
GFS,BAUFI6,2025-06-04T18:00:00Z,149.12,
GFS,BAUFI6,2025-06-04T18:30:00Z,134.21,
GFS,BAUFI6,2025-06-04T19:00:00Z,119.3,
GFS,BAUFI6,2025-06-04T19:30:00Z,109.355,
GFS,BAUFI6,2025-06-04T20:00:00Z,99.41,
GFS,BAUFI6,2025-06-04T20:30:00Z,49.705,
GFS,BAUFI6,2025-06-04T21:00:00Z,0,
GFS,BAUFI6,2025-06-04T21:30:00Z,0,
GFS,BAUFI6,2025-06-04T22:00:00Z,0,
GFS,BAUFI6,2025-06-04T22:30:00Z,0,
GFS,BAUFI6,2025-06-04T23:00:00Z,0,
GFS,BAUFI6,2025-06-04T23:30:00Z,0,
GFS,BAUFI6,2025-06-05T00:00:00Z,0,
GFS,BAUFI6,2025-06-05T00:30:00Z,0,
GFS,BAUFI6,2025-06-05T01:00:00Z,0,
GFS,BAUFI6,2025-06-05T01:30:00Z,0,
GFS,BAUFI6,2025-06-05T02:00:00Z,0,
GFS,BAUFI6,2025-06-05T02:30:00Z,0,
GFS,BAUFI6,2025-06-05T03:00:00Z,0,
GFS,BAUFI6,2025-06-05T03:30:00Z,0,
GFS,BAUFI6,2025-06-05T04:00:00Z,0,
GFS,BAUFI6,2025-06-05T04:30:00Z,0,
GFS,BAUFI6,2025-06-05T05:00:00Z,0,
GFS,BAUFI6,2025-06-05T05:30:00Z,4.23,
GFS,BAUFI6,2025-06-05T06:00:00Z,8.46,
GFS,BAUFI6,2025-06-05T06:30:00Z,29.96,
GFS,BAUFI6,2025-06-05T07:00:00Z,51.46,
GFS,BAUFI6,2025-06-05T07:30:00Z,83.67,
GFS,BAUFI6,2025-06-05T08:00:00Z,115.88,
GFS,BAUFI6,2025-06-05T08:30:00Z,368.11,
GFS,BAUFI6,2025-06-05T09:00:00Z,620.34,
GFS,BAUFI6,2025-06-05T09:30:00Z,652.96,
GFS,BAUFI6,2025-06-05T10:00:00Z,685.58,
GFS,BAUFI6,2025-06-05T10:30:00Z,707.56,
GFS,BAUFI6,2025-06-05T11:00:00Z,729.54,
GFS,BAUFI6,2025-06-05T11:30:00Z,739.83,
GFS,BAUFI6,2025-06-05T12:00:00Z,750.12,
GFS,BAUFI6,2025-06-05T12:30:00Z,748.73,
GFS,BAUFI6,2025-06-05T13:00:00Z,747.34,
GFS,BAUFI6,2025-06-05T13:30:00Z,734.775,
GFS,BAUFI6,2025-06-05T14:00:00Z,722.21,
GFS,BAUFI6,2025-06-05T14:30:00Z,564.295,
GFS,BAUFI6,2025-06-05T15:00:00Z,406.38,
GFS,BAUFI6,2025-06-05T15:30:00Z,351.87,
GFS,BAUFI6,2025-06-05T16:00:00Z,297.36,
GFS,BAUFI6,2025-06-05T16:30:00Z,250.85,
GFS,BAUFI6,2025-06-05T17:00:00Z,204.34,
GFS,BAUFI6,2025-06-05T17:30:00Z,178.79,
GFS,BAUFI6,2025-06-05T18:00:00Z,153.24,
GFS,BAUFI6,2025-06-05T18:30:00Z,137.915,
GFS,BAUFI6,2025-06-05T19:00:00Z,122.59,
GFS,BAUFI6,2025-06-05T19:30:00Z,112.375,
GFS,BAUFI6,2025-06-05T20:00:00Z,102.16,
GFS,BAUFI6,2025-06-05T20:30:00Z,51.08,
GFS,BAUFI6,2025-06-05T21:00:00Z,0,
GFS,BAUFI6,2025-06-05T21:30:00Z,0,
GFS,BAUFI6,2025-06-05T22:00:00Z,0,
GFS,BAUFI6,2025-06-05T22:30:00Z,0,
GFS,BAUFI6,2025-06-05T23:00:00Z,0,
GFS,BAUFI6,2025-06-05T23:30:00Z,0,
GFS,BAUFI6,2025-06-06T00:00:00Z,0,
GFS,BAUFI6,2025-06-06T00:30:00Z,0,
GFS,BAUFI6,2025-06-06T01:00:00Z,0,
GFS,BAUFI6,2025-06-06T01:30:00Z,0,
GFS,BAUFI6,2025-06-06T02:00:00Z,0,
GFS,BAUFI6,2025-06-06T02:30:00Z,0,
GFS,BAUFI6,2025-06-06T03:00:00Z,0,
GFS,BAUFI6,2025-06-06T03:30:00Z,0,
GFS,BAUFI6,2025-06-06T04:00:00Z,0,
GFS,BAUFI6,2025-06-06T04:30:00Z,0,
GFS,BAUFI6,2025-06-06T05:00:00Z,0,
GFS,BAUFI6,2025-06-06T05:30:00Z,4.31,
GFS,BAUFI6,2025-06-06T06:00:00Z,8.62,
GFS,BAUFI6,2025-06-06T06:30:00Z,30.48,
GFS,BAUFI6,2025-06-06T07:00:00Z,52.34,
GFS,BAUFI6,2025-06-06T07:30:00Z,84.99,
GFS,BAUFI6,2025-06-06T08:00:00Z,117.64,
GFS,BAUFI6,2025-06-06T08:30:00Z,372.87,
GFS,BAUFI6,2025-06-06T09:00:00Z,628.1,
GFS,BAUFI6,2025-06-06T09:30:00Z,660.31,
GFS,BAUFI6,2025-06-06T10:00:00Z,692.52,
GFS,BAUFI6,2025-06-06T10:30:00Z,714.03,
GFS,BAUFI6,2025-06-06T11:00:00Z,735.54,
GFS,BAUFI6,2025-06-06T11:30:00Z,745.665,
GFS,BAUFI6,2025-06-06T12:00:00Z,755.79,
GFS,BAUFI6,2025-06-06T12:30:00Z,754.2,
GFS,BAUFI6,2025-06-06T13:00:00Z,752.61,
GFS,BAUFI6,2025-06-06T13:30:00Z,739.935,
GFS,BAUFI6,2025-06-06T14:00:00Z,727.26,
GFS,BAUFI6,2025-06-06T14:30:00Z,568.62,
GFS,BAUFI6,2025-06-06T15:00:00Z,409.98,
GFS,BAUFI6,2025-06-06T15:30:00Z,355.07,
GFS,BAUFI6,2025-06-06T16:00:00Z,300.16,
GFS,BAUFI6,2025-06-06T16:30:00Z,253.23,
GFS,BAUFI6,2025-06-06T17:00:00Z,206.3,
GFS,BAUFI6,2025-06-06T17:30:00Z,180.51,
GFS,BAUFI6,2025-06-06T18:00:00Z,154.72,
GFS,BAUFI6,2025-06-06T18:30:00Z,139.25,
GFS,BAUFI6,2025-06-06T19:00:00Z,123.78,
GFS,BAUFI6,2025-06-06T19:30:00Z,113.465,
GFS,BAUFI6,2025-06-06T20:00:00Z,103.15,
GFS,BAUFI6,2025-06-06T20:30:00Z,51.575,
GFS,BAUFI6,2025-06-06T21:00:00Z,0,
GFS,BAUFI6,2025-06-06T21:30:00Z,0,
GFS,BAUFI6,2025-06-06T22:00:00Z,0,
GFS,BAUFI6,2025-06-06T22:30:00Z,0,
GFS,BAUFI6,2025-06-06T23:00:00Z,0,
GFS,BAUFI6,2025-06-06T23:30:00Z,0,
GFS,BAUFI6,2025-06-07T00:00:00Z,0,
GFS,BAUFI6,2025-06-07T00:30:00Z,0,
GFS,BAUFI6,2025-06-07T01:00:00Z,0,
GFS,BAUFI6,2025-06-07T01:30:00Z,0,
GFS,BAUFI6,2025-06-07T02:00:00Z,0,
GFS,BAUFI6,2025-06-07T02:30:00Z,0,
GFS,BAUFI6,2025-06-07T03:00:00Z,0,
GFS,BAUFI6,2025-06-07T03:30:00Z,0,
GFS,BAUFI6,2025-06-07T04:00:00Z,0,
GFS,BAUFI6,2025-06-07T04:30:00Z,0,
GFS,BAUFI6,2025-06-07T05:00:00Z,0,
GFS,BAUFI6,2025-06-07T05:30:00Z,4.22,
GFS,BAUFI6,2025-06-07T06:00:00Z,8.44,
GFS,BAUFI6,2025-06-07T06:30:00Z,30.04,
GFS,BAUFI6,2025-06-07T07:00:00Z,51.64,
GFS,BAUFI6,2025-06-07T07:30:00Z,84.1,
GFS,BAUFI6,2025-06-07T08:00:00Z,116.56,
GFS,BAUFI6,2025-06-07T08:30:00Z,370.84,
GFS,BAUFI6,2025-06-07T09:00:00Z,625.12,
GFS,BAUFI6,2025-06-07T09:30:00Z,657.46,
GFS,BAUFI6,2025-06-07T10:00:00Z,689.8,
GFS,BAUFI6,2025-06-07T10:30:00Z,711.59,
GFS,BAUFI6,2025-06-07T11:00:00Z,733.38,
GFS,BAUFI6,2025-06-07T11:30:00Z,743.53,
GFS,BAUFI6,2025-06-07T12:00:00Z,753.68,
GFS,BAUFI6,2025-06-07T12:30:00Z,752.095,
GFS,BAUFI6,2025-06-07T13:00:00Z,750.51,
GFS,BAUFI6,2025-06-07T13:30:00Z,737.765,
GFS,BAUFI6,2025-06-07T14:00:00Z,725.02,
GFS,BAUFI6,2025-06-07T14:30:00Z,565.82,
GFS,BAUFI6,2025-06-07T15:00:00Z,406.62,
GFS,BAUFI6,2025-06-07T15:30:00Z,352.02,
GFS,BAUFI6,2025-06-07T16:00:00Z,297.42,
GFS,BAUFI6,2025-06-07T16:30:00Z,250.91,
GFS,BAUFI6,2025-06-07T17:00:00Z,204.4,
GFS,BAUFI6,2025-06-07T17:30:00Z,178.85,
GFS,BAUFI6,2025-06-07T18:00:00Z,153.3,
GFS,BAUFI6,2025-06-07T18:30:00Z,137.97,
GFS,BAUFI6,2025-06-07T19:00:00Z,122.64,
GFS,BAUFI6,2025-06-07T19:30:00Z,112.415,
GFS,BAUFI6,2025-06-07T20:00:00Z,102.19,
GFS,BAUFI6,2025-06-07T20:30:00Z,51.095,
GFS,BAUFI6,2025-06-07T21:00:00Z,0,
GFS,BAUFI6,2025-06-07T21:30:00Z,0,
GFS,BAUFI6,2025-06-07T22:00:00Z,0,
GFS,BAUFI6,2025-06-07T22:30:00Z,0,
GFS,BAUFI6,2025-06-07T23:00:00Z,0,
GFS,BAUFI6,2025-06-07T23:30:00Z,0,
GFS,BAUFI6,2025-06-08T00:00:00Z,0,
GFS,BAUFI6,2025-06-08T00:30:00Z,0,
GFS,BAUFI6,2025-06-08T01:00:00Z,0,
GFS,BAUFI6,2025-06-08T01:30:00Z,0,
GFS,BAUFI6,2025-06-08T02:00:00Z,0,
GFS,BAUFI6,2025-06-08T02:30:00Z,0,
GFS,BAUFI6,2025-06-08T03:00:00Z,0,
GFS,BAUFI6,2025-06-08T03:30:00Z,0,
GFS,BAUFI6,2025-06-08T04:00:00Z,0,
GFS,BAUFI6,2025-06-08T04:30:00Z,0,
GFS,BAUFI6,2025-06-08T05:00:00Z,0,
GFS,BAUFI6,2025-06-08T05:30:00Z,4.04,
GFS,BAUFI6,2025-06-08T06:00:00Z,8.08,
GFS,BAUFI6,2025-06-08T06:30:00Z,29.39,
GFS,BAUFI6,2025-06-08T07:00:00Z,50.7,
GFS,BAUFI6,2025-06-08T07:30:00Z,82.07,
GFS,BAUFI6,2025-06-08T08:00:00Z,113.44,
GFS,BAUFI6,2025-06-08T08:30:00Z,351.85,
GFS,BAUFI6,2025-06-08T09:00:00Z,590.26,
GFS,BAUFI6,2025-06-08T09:30:00Z,626.66,
GFS,BAUFI6,2025-06-08T10:00:00Z,663.06,
GFS,BAUFI6,2025-06-08T10:30:00Z,687.34,
GFS,BAUFI6,2025-06-08T11:00:00Z,711.62,
GFS,BAUFI6,2025-06-08T11:30:00Z,723.45,
GFS,BAUFI6,2025-06-08T12:00:00Z,735.28,
GFS,BAUFI6,2025-06-08T12:30:00Z,734.33,
GFS,BAUFI6,2025-06-08T13:00:00Z,733.38,
GFS,BAUFI6,2025-06-08T13:30:00Z,719.26,
GFS,BAUFI6,2025-06-08T14:00:00Z,705.14,
GFS,BAUFI6,2025-06-08T14:30:00Z,530.9,
GFS,BAUFI6,2025-06-08T15:00:00Z,356.66,
GFS,BAUFI6,2025-06-08T15:30:00Z,305.71,
GFS,BAUFI6,2025-06-08T16:00:00Z,254.76,
GFS,BAUFI6,2025-06-08T16:30:00Z,215.07,
GFS,BAUFI6,2025-06-08T17:00:00Z,175.38,
GFS,BAUFI6,2025-06-08T17:30:00Z,153.46,
GFS,BAUFI6,2025-06-08T18:00:00Z,131.54,
GFS,BAUFI6,2025-06-08T18:30:00Z,118.38,
GFS,BAUFI6,2025-06-08T19:00:00Z,105.22,
GFS,BAUFI6,2025-06-08T19:30:00Z,96.46,
GFS,BAUFI6,2025-06-08T20:00:00Z,87.7,
GFS,BAUFI6,2025-06-08T20:30:00Z,43.85,
GFS,BAUFI6,2025-06-08T21:00:00Z,0,
GFS,BAUFI6,2025-06-08T21:30:00Z,0,
GFS,BAUFI6,2025-06-08T22:00:00Z,0,
GFS,BAUFI6,2025-06-08T22:30:00Z,0,
GFS,BAUFI6,2025-06-08T23:00:00Z,0,
GFS,BAUFI6,2025-06-08T23:30:00Z,0,
GFS,BAUFI6,2025-06-09T00:00:00Z,0,
GFS,BAUFI6,2025-06-09T00:30:00Z,0,
GFS,BAUFI6,2025-06-09T01:00:00Z,0,
GFS,BAUFI6,2025-06-09T01:30:00Z,0,
GFS,BAUFI6,2025-06-09T02:00:00Z,0,
GFS,BAUFI6,2025-06-09T02:30:00Z,0,
GFS,BAUFI6,2025-06-09T03:00:00Z,0,
GFS,BAUFI6,2025-06-09T03:30:00Z,0,
GFS,BAUFI6,2025-06-09T04:00:00Z,0,
GFS,BAUFI6,2025-06-09T04:30:00Z,0,
GFS,BAUFI6,2025-06-09T05:00:00Z,0,
GFS,BAUFI6,2025-06-09T05:30:00Z,4.23,
GFS,BAUFI6,2025-06-09T06:00:00Z,8.46,
GFS,BAUFI6,2025-06-09T06:30:00Z,30.39,
GFS,BAUFI6,2025-06-09T07:00:00Z,52.32,
GFS,BAUFI6,2025-06-09T07:30:00Z,83.975,
GFS,BAUFI6,2025-06-09T08:00:00Z,115.63,
GFS,BAUFI6,2025-06-09T08:30:00Z,373.005,
GFS,BAUFI6,2025-06-09T09:00:00Z,630.38,
GFS,BAUFI6,2025-06-09T09:30:00Z,663.02,
GFS,BAUFI6,2025-06-09T10:00:00Z,695.66,
GFS,BAUFI6,2025-06-09T10:30:00Z,717.37,
GFS,BAUFI6,2025-06-09T11:00:00Z,739.08,
GFS,BAUFI6,2025-06-09T11:30:00Z,748.65,
GFS,BAUFI6,2025-06-09T12:00:00Z,758.22,
GFS,BAUFI6,2025-06-09T12:30:00Z,753.48,
GFS,BAUFI6,2025-06-09T13:00:00Z,748.74,
GFS,BAUFI6,2025-06-09T13:30:00Z,736.555,
GFS,BAUFI6,2025-06-09T14:00:00Z,724.37,
GFS,BAUFI6,2025-06-09T14:30:00Z,568.445,
GFS,BAUFI6,2025-06-09T15:00:00Z,412.52,
GFS,BAUFI6,2025-06-09T15:30:00Z,357.46,
GFS,BAUFI6,2025-06-09T16:00:00Z,302.4,
GFS,BAUFI6,2025-06-09T16:30:00Z,255.13,
GFS,BAUFI6,2025-06-09T17:00:00Z,207.86,
GFS,BAUFI6,2025-06-09T17:30:00Z,181.88,
GFS,BAUFI6,2025-06-09T18:00:00Z,155.9,
GFS,BAUFI6,2025-06-09T18:30:00Z,140.31,
GFS,BAUFI6,2025-06-09T19:00:00Z,124.72,
GFS,BAUFI6,2025-06-09T19:30:00Z,114.33,
GFS,BAUFI6,2025-06-09T20:00:00Z,103.94,
GFS,BAUFI6,2025-06-09T20:30:00Z,51.97,
GFS,BAUFI6,2025-06-09T21:00:00Z,0,
GFS,BAUFI6,2025-06-09T21:30:00Z,0,
GFS,BAUFI6,2025-06-09T22:00:00Z,0,
GFS,BAUFI6,2025-06-09T22:30:00Z,0,
GFS,BAUFI6,2025-06-09T23:00:00Z,0,
GFS,BAUFI6,2025-06-09T23:30:00Z,0,
GFS,BAUFI6,2025-06-10T00:00:00Z,0,
GFS,BAUFI6,2025-06-10T00:30:00Z,0,
GFS,BAUFI6,2025-06-10T01:00:00Z,0,
GFS,BAUFI6,2025-06-10T01:30:00Z,0,
GFS,BAUFI6,2025-06-10T02:00:00Z,0,
GFS,BAUFI6,2025-06-10T02:30:00Z,0,
GFS,BAUFI6,2025-06-10T03:00:00Z,0,
GFS,BAUFI6,2025-06-10T03:30:00Z,0,
GFS,BAUFI6,2025-06-10T04:00:00Z,0,
GFS,BAUFI6,2025-06-10T04:30:00Z,0,
GFS,BAUFI6,2025-06-10T05:00:00Z,0,
GFS,BAUFI6,2025-06-10T05:30:00Z,4.06,
GFS,BAUFI6,2025-06-10T06:00:00Z,8.12,
GFS,BAUFI6,2025-06-10T06:30:00Z,29.59,
GFS,BAUFI6,2025-06-10T07:00:00Z,51.06,
GFS,BAUFI6,2025-06-10T07:30:00Z,83.41,
GFS,BAUFI6,2025-06-10T08:00:00Z,115.76,
GFS,BAUFI6,2025-06-10T08:30:00Z,369.24,
GFS,BAUFI6,2025-06-10T09:00:00Z,622.72,
GFS,BAUFI6,2025-06-10T09:30:00Z,655.42,
GFS,BAUFI6,2025-06-10T10:00:00Z,688.12,
GFS,BAUFI6,2025-06-10T10:30:00Z,709.93,
GFS,BAUFI6,2025-06-10T11:00:00Z,731.74,
GFS,BAUFI6,2025-06-10T11:30:00Z,741.91,
GFS,BAUFI6,2025-06-10T12:00:00Z,752.08,
GFS,BAUFI6,2025-06-10T12:30:00Z,750.655,
GFS,BAUFI6,2025-06-10T13:00:00Z,749.23,
GFS,BAUFI6,2025-06-10T13:30:00Z,736.695,
GFS,BAUFI6,2025-06-10T14:00:00Z,724.16,
GFS,BAUFI6,2025-06-10T14:30:00Z,566.26,
GFS,BAUFI6,2025-06-10T15:00:00Z,408.36,
GFS,BAUFI6,2025-06-10T15:30:00Z,353.74,
GFS,BAUFI6,2025-06-10T16:00:00Z,299.12,
GFS,BAUFI6,2025-06-10T16:30:00Z,252.38,
GFS,BAUFI6,2025-06-10T17:00:00Z,205.64,
GFS,BAUFI6,2025-06-10T17:30:00Z,179.93,
GFS,BAUFI6,2025-06-10T18:00:00Z,154.22,
GFS,BAUFI6,2025-06-10T18:30:00Z,138.8,
GFS,BAUFI6,2025-06-10T19:00:00Z,123.38,
GFS,BAUFI6,2025-06-10T19:30:00Z,113.1,
GFS,BAUFI6,2025-06-10T20:00:00Z,102.82,
GFS,BAUFI6,2025-06-10T20:30:00Z,51.41,
GFS,BAUFI6,2025-06-10T21:00:00Z,0,
GFS,BAUFI6,2025-06-10T21:30:00Z,0,
GFS,BAUFI6,2025-06-10T22:00:00Z,0,
GFS,BAUFI6,2025-06-10T22:30:00Z,0,
GFS,BAUFI6,2025-06-10T23:00:00Z,0,
GFS,BAUFI6,2025-06-10T23:30:00Z,0,
GFS,BAUFI6,2025-06-11T00:00:00Z,0,
GFS,BAUFI6,2025-06-11T00:30:00Z,0,
GFS,BAUFI6,2025-06-11T01:00:00Z,0,
GFS,BAUFI6,2025-06-11T01:30:00Z,0,
GFS,BAUFI6,2025-06-11T02:00:00Z,0,
GFS,BAUFI6,2025-06-11T02:30:00Z,0,
GFS,BAUFI6,2025-06-11T03:00:00Z,0,
GFS,BAUFI6,2025-06-11T03:30:00Z,0,
GFS,BAUFI6,2025-06-11T04:00:00Z,0,
GFS,BAUFI6,2025-06-11T04:30:00Z,0,
GFS,BAUFI6,2025-06-11T05:00:00Z,0,
GFS,BAUFI6,2025-06-11T05:30:00Z,3.74,
GFS,BAUFI6,2025-06-11T06:00:00Z,7.48,
GFS,BAUFI6,2025-06-11T06:30:00Z,28.67,
GFS,BAUFI6,2025-06-11T07:00:00Z,49.86,
GFS,BAUFI6,2025-06-11T07:30:00Z,81.825,
GFS,BAUFI6,2025-06-11T08:00:00Z,113.79,
GFS,BAUFI6,2025-06-11T08:30:00Z,364.675,
GFS,BAUFI6,2025-06-11T09:00:00Z,615.56,
GFS,BAUFI6,2025-06-11T09:30:00Z,648.01,
GFS,BAUFI6,2025-06-11T10:00:00Z,680.46,
GFS,BAUFI6,2025-06-11T10:30:00Z,702.2,
GFS,BAUFI6,2025-06-11T11:00:00Z,723.94,
GFS,BAUFI6,2025-06-11T11:30:00Z,734.13,
GFS,BAUFI6,2025-06-11T12:00:00Z,744.32,
GFS,BAUFI6,2025-06-11T12:30:00Z,742.825,
GFS,BAUFI6,2025-06-11T13:00:00Z,741.33,
GFS,BAUFI6,2025-06-11T13:30:00Z,728.77,
GFS,BAUFI6,2025-06-11T14:00:00Z,716.21,
GFS,BAUFI6,2025-06-11T14:30:00Z,559.395,
GFS,BAUFI6,2025-06-11T15:00:00Z,402.58,
GFS,BAUFI6,2025-06-11T15:30:00Z,346.69,
GFS,BAUFI6,2025-06-11T16:00:00Z,290.8,
GFS,BAUFI6,2025-06-11T16:30:00Z,245.32,
GFS,BAUFI6,2025-06-11T17:00:00Z,199.84,
GFS,BAUFI6,2025-06-11T17:30:00Z,174.86,
GFS,BAUFI6,2025-06-11T18:00:00Z,149.88,
GFS,BAUFI6,2025-06-11T18:30:00Z,134.89,
GFS,BAUFI6,2025-06-11T19:00:00Z,119.9,
GFS,BAUFI6,2025-06-11T19:30:00Z,109.91,
GFS,BAUFI6,2025-06-11T20:00:00Z,99.92,
GFS,BAUFI6,2025-06-11T20:30:00Z,49.96,
GFS,BAUFI6,2025-06-11T21:00:00Z,0,
GFS,BAUFI6,2025-06-11T21:30:00Z,0,
GFS,BAUFI6,2025-06-11T22:00:00Z,0,
GFS,BAUFI6,2025-06-11T22:30:00Z,0,
GFS,BAUFI6,2025-06-11T23:00:00Z,0,
GFS,BAUFI6,2025-06-11T23:30:00Z,0,
GFS,BAUFI6,2025-06-12T00:00:00Z,0,
GFS,BAUFI6,2025-06-12T00:30:00Z,0,
GFS,BAUFI6,2025-06-12T01:00:00Z,0,
GFS,BAUFI6,2025-06-12T01:30:00Z,0,
GFS,BAUFI6,2025-06-12T02:00:00Z,0,
GFS,BAUFI6,2025-06-12T02:30:00Z,0,
GFS,BAUFI6,2025-06-12T03:00:00Z,0,
GFS,BAUFI6,2025-06-12T03:30:00Z,0,
GFS,BAUFI6,2025-06-12T04:00:00Z,0,
GFS,BAUFI6,2025-06-12T04:30:00Z,0,
GFS,BAUFI6,2025-06-12T05:00:00Z,0,
GFS,BAUFI6,2025-06-12T05:30:00Z,3.75,
GFS,BAUFI6,2025-06-12T06:00:00Z,7.5,
GFS,BAUFI6,2025-06-12T06:30:00Z,28.14,
GFS,BAUFI6,2025-06-12T07:00:00Z,48.78,
GFS,BAUFI6,2025-06-12T07:30:00Z,79.99,
GFS,BAUFI6,2025-06-12T08:00:00Z,111.2,
GFS,BAUFI6,2025-06-12T08:30:00Z,357.97,
GFS,BAUFI6,2025-06-12T09:00:00Z,604.74,
GFS,BAUFI6,2025-06-12T09:30:00Z,637.36,
GFS,BAUFI6,2025-06-12T10:00:00Z,669.98,
GFS,BAUFI6,2025-06-12T10:30:00Z,691.49,
GFS,BAUFI6,2025-06-12T11:00:00Z,713,
GFS,BAUFI6,2025-06-12T11:30:00Z,722.86,
GFS,BAUFI6,2025-06-12T12:00:00Z,732.72,
GFS,BAUFI6,2025-06-12T12:30:00Z,731.2,
GFS,BAUFI6,2025-06-12T13:00:00Z,729.68,
GFS,BAUFI6,2025-06-12T13:30:00Z,716.59,
GFS,BAUFI6,2025-06-12T14:00:00Z,703.5,
GFS,BAUFI6,2025-06-12T14:30:00Z,528.88,
GFS,BAUFI6,2025-06-12T15:00:00Z,354.26,
GFS,BAUFI6,2025-06-12T15:30:00Z,280.07,
GFS,BAUFI6,2025-06-12T16:00:00Z,205.88,
GFS,BAUFI6,2025-06-12T16:30:00Z,171.82,
GFS,BAUFI6,2025-06-12T17:00:00Z,137.76,
GFS,BAUFI6,2025-06-12T17:30:00Z,120.54,
GFS,BAUFI6,2025-06-12T18:00:00Z,103.32,
GFS,BAUFI6,2025-06-12T18:30:00Z,92.98,
GFS,BAUFI6,2025-06-12T19:00:00Z,82.64,
GFS,BAUFI6,2025-06-12T19:30:00Z,75.76,
GFS,BAUFI6,2025-06-12T20:00:00Z,68.88,
GFS,BAUFI6,2025-06-12T20:30:00Z,34.44,
GFS,BAUFI6,2025-06-12T21:00:00Z,0,
GFS,BAUFI6,2025-06-12T21:30:00Z,0,
GFS,BAUFI6,2025-06-12T22:00:00Z,0,
GFS,BAUFI6,2025-06-12T22:30:00Z,0,
GFS,BAUFI6,2025-06-12T23:00:00Z,0,
GFS,BAUFI6,2025-06-12T23:30:00Z,0,
GFS,BAUFI6,2025-06-13T00:00:00Z,0,
GFS,BAUFI6,2025-06-13T00:30:00Z,0,
GFS,BAUFI6,2025-06-13T01:00:00Z,0,
GFS,BAUFI6,2025-06-13T01:30:00Z,0,
GFS,BAUFI6,2025-06-13T02:00:00Z,0,
GFS,BAUFI6,2025-06-13T02:30:00Z,0,
GFS,BAUFI6,2025-06-13T03:00:00Z,0,
GFS,BAUFI6,2025-06-13T03:30:00Z,0,
GFS,BAUFI6,2025-06-13T04:00:00Z,0,
GFS,BAUFI6,2025-06-13T04:30:00Z,0,
GFS,BAUFI6,2025-06-13T05:00:00Z,0,
GFS,BAUFI6,2025-06-13T05:30:00Z,3.54,
GFS,BAUFI6,2025-06-13T06:00:00Z,7.08,
GFS,BAUFI6,2025-06-13T06:30:00Z,26.91,
GFS,BAUFI6,2025-06-13T07:00:00Z,46.74,
GFS,BAUFI6,2025-06-13T07:30:00Z,77.36,
GFS,BAUFI6,2025-06-13T08:00:00Z,107.98,
GFS,BAUFI6,2025-06-13T08:30:00Z,351.02,
GFS,BAUFI6,2025-06-13T09:00:00Z,594.06,
GFS,BAUFI6,2025-06-13T09:30:00Z,626.89,
GFS,BAUFI6,2025-06-13T10:00:00Z,659.72,
GFS,BAUFI6,2025-06-13T10:30:00Z,681.62,
GFS,BAUFI6,2025-06-13T11:00:00Z,703.52,
GFS,BAUFI6,2025-06-13T11:30:00Z,714.04,
GFS,BAUFI6,2025-06-13T12:00:00Z,724.56,
GFS,BAUFI6,2025-06-13T12:30:00Z,723.43,
GFS,BAUFI6,2025-06-13T13:00:00Z,722.3,
GFS,BAUFI6,2025-06-13T13:30:00Z,695.455,
GFS,BAUFI6,2025-06-13T14:00:00Z,668.61,
GFS,BAUFI6,2025-06-13T14:30:00Z,367.735,
GFS,BAUFI6,2025-06-13T15:00:00Z,66.86,
GFS,BAUFI6,2025-06-13T15:30:00Z,58.64,
GFS,BAUFI6,2025-06-13T16:00:00Z,50.42,
GFS,BAUFI6,2025-06-13T16:30:00Z,43.16,
GFS,BAUFI6,2025-06-13T17:00:00Z,35.9,
GFS,BAUFI6,2025-06-13T17:30:00Z,31.41,
GFS,BAUFI6,2025-06-13T18:00:00Z,26.92,
GFS,BAUFI6,2025-06-13T18:30:00Z,24.23,
GFS,BAUFI6,2025-06-13T19:00:00Z,21.54,
GFS,BAUFI6,2025-06-13T19:30:00Z,19.745,
GFS,BAUFI6,2025-06-13T20:00:00Z,17.95,
GFS,BAUFI6,2025-06-13T20:30:00Z,8.975,
GFS,BAUFI6,2025-06-13T21:00:00Z,0,
GFS,BAUFI6,2025-06-13T21:30:00Z,0,
GFS,BAUFI6,2025-06-13T22:00:00Z,0,
GFS,BAUFI6,2025-06-13T22:30:00Z,0,
GFS,BAUFI6,2025-06-13T23:00:00Z,0,
GFS,BAUFI6,2025-06-13T23:30:00Z,0,
GFS,BAUFI6,2025-06-14T00:00:00Z,0,
GFS,BAUFI6,2025-06-14T00:30:00Z,0,
GFS,BAUFI6,2025-06-14T01:00:00Z,0,
GFS,BAUFI6,2025-06-14T01:30:00Z,0,
GFS,BAUFI6,2025-06-14T02:00:00Z,0,
GFS,BAUFI6,2025-06-14T02:30:00Z,0,
GFS,BAUFI6,2025-06-14T03:00:00Z,0,
GFS,BAUFI6,2025-06-14T03:30:00Z,0,
GFS,BAUFI6,2025-06-14T04:00:00Z,0,
GFS,BAUFI6,2025-06-14T04:30:00Z,0,
GFS,BAUFI6,2025-06-14T05:00:00Z,0,
GFS,BAUFI6,2025-06-14T05:30:00Z,3.5,
GFS,BAUFI6,2025-06-14T06:00:00Z,7,
GFS,BAUFI6,2025-06-14T06:30:00Z,26.93,
GFS,BAUFI6,2025-06-14T07:00:00Z,46.86,
GFS,BAUFI6,2025-06-14T07:30:00Z,77.76,
GFS,BAUFI6,2025-06-14T08:00:00Z,108.66,
GFS,BAUFI6,2025-06-14T08:30:00Z,354.18,
GFS,BAUFI6,2025-06-14T09:00:00Z,599.7,
GFS,BAUFI6,2025-06-14T09:30:00Z,632.01,
GFS,BAUFI6,2025-06-14T10:00:00Z,664.32,
GFS,BAUFI6,2025-06-14T10:30:00Z,685.99,
GFS,BAUFI6,2025-06-14T11:00:00Z,707.66,
GFS,BAUFI6,2025-06-14T11:30:00Z,718,
GFS,BAUFI6,2025-06-14T12:00:00Z,728.34,
GFS,BAUFI6,2025-06-14T12:30:00Z,727.37,
GFS,BAUFI6,2025-06-14T13:00:00Z,726.4,
GFS,BAUFI6,2025-06-14T13:30:00Z,714.44,
GFS,BAUFI6,2025-06-14T14:00:00Z,702.48,
GFS,BAUFI6,2025-06-14T14:30:00Z,550.28,
GFS,BAUFI6,2025-06-14T15:00:00Z,398.08,
GFS,BAUFI6,2025-06-14T15:30:00Z,344.91,
GFS,BAUFI6,2025-06-14T16:00:00Z,291.74,
GFS,BAUFI6,2025-06-14T16:30:00Z,246.23,
GFS,BAUFI6,2025-06-14T17:00:00Z,200.72,
GFS,BAUFI6,2025-06-14T17:30:00Z,175.63,
GFS,BAUFI6,2025-06-14T18:00:00Z,150.54,
GFS,BAUFI6,2025-06-14T18:30:00Z,135.49,
GFS,BAUFI6,2025-06-14T19:00:00Z,120.44,
GFS,BAUFI6,2025-06-14T19:30:00Z,110.395,
GFS,BAUFI6,2025-06-14T20:00:00Z,100.35,
GFS,BAUFI6,2025-06-14T20:30:00Z,50.175,
GFS,BAUFI6,2025-06-14T21:00:00Z,0,
GFS,BAUFI6,2025-06-14T21:30:00Z,0,
GFS,BAUFI6,2025-06-14T22:00:00Z,0,
GFS,BAUFI6,2025-06-14T22:30:00Z,0,
GFS,BAUFI6,2025-06-14T23:00:00Z,0,
GFS,BAUFI6,2025-06-14T23:30:00Z,0,
GFS,BAUFI6,2025-06-15T00:00:00Z,0,
GFS,BAUFI6,2025-06-15T00:30:00Z,0,
GFS,BAUFI6,2025-06-15T01:00:00Z,0,
GFS,BAUFI6,2025-06-15T01:30:00Z,0,
GFS,BAUFI6,2025-06-15T02:00:00Z,0,
GFS,BAUFI6,2025-06-15T02:30:00Z,0,
GFS,BAUFI6,2025-06-15T03:00:00Z,0,
GFS,BAUFI6,2025-06-15T03:30:00Z,0,
GFS,BAUFI6,2025-06-15T04:00:00Z,0,
GFS,BAUFI6,2025-06-15T04:30:00Z,0,
GFS,BAUFI6,2025-06-15T05:00:00Z,0,
GFS,BAUFI6,2025-06-15T05:30:00Z,3.6,
GFS,BAUFI6,2025-06-15T06:00:00Z,7.2,
GFS,BAUFI6,2025-06-15T06:30:00Z,27.65,
GFS,BAUFI6,2025-06-15T07:00:00Z,48.1,
GFS,BAUFI6,2025-06-15T07:30:00Z,79.59,
GFS,BAUFI6,2025-06-15T08:00:00Z,111.08,
GFS,BAUFI6,2025-06-15T08:30:00Z,360.84,
GFS,BAUFI6,2025-06-15T09:00:00Z,610.6,
GFS,BAUFI6,2025-06-15T09:30:00Z,643.73,
GFS,BAUFI6,2025-06-15T10:00:00Z,676.86,
GFS,BAUFI6,2025-06-15T10:30:00Z,699.2,
GFS,BAUFI6,2025-06-15T11:00:00Z,721.54,
GFS,BAUFI6,2025-06-15T11:30:00Z,732.28,
GFS,BAUFI6,2025-06-15T12:00:00Z,743.02,
GFS,BAUFI6,2025-06-15T12:30:00Z,742.095,
GFS,BAUFI6,2025-06-15T13:00:00Z,741.17,
GFS,BAUFI6,2025-06-15T13:30:00Z,729.095,
GFS,BAUFI6,2025-06-15T14:00:00Z,717.02,
GFS,BAUFI6,2025-06-15T14:30:00Z,562.42,
GFS,BAUFI6,2025-06-15T15:00:00Z,407.82,
GFS,BAUFI6,2025-06-15T15:30:00Z,353.73,
GFS,BAUFI6,2025-06-15T16:00:00Z,299.64,
GFS,BAUFI6,2025-06-15T16:30:00Z,252.98,
GFS,BAUFI6,2025-06-15T17:00:00Z,206.32,
GFS,BAUFI6,2025-06-15T17:30:00Z,180.53,
GFS,BAUFI6,2025-06-15T18:00:00Z,154.74,
GFS,BAUFI6,2025-06-15T18:30:00Z,139.27,
GFS,BAUFI6,2025-06-15T19:00:00Z,123.8,
GFS,BAUFI6,2025-06-15T19:30:00Z,113.485,
GFS,BAUFI6,2025-06-15T20:00:00Z,103.17,
GFS,BAUFI6,2025-06-15T20:30:00Z,51.585,
GFS,BAUFI6,2025-06-15T21:00:00Z,0,
GFS,BAUFI6,2025-06-15T21:30:00Z,0,
GFS,BAUFI6,2025-06-15T22:00:00Z,0,
GFS,BAUFI6,2025-06-15T22:30:00Z,0,
GFS,BAUFI6,2025-06-15T23:00:00Z,0,
GFS,BAUFI6,2025-06-15T23:30:00Z,0,
GFS,BAUFI6,2025-06-16T00:00:00Z,0,
GFS,BAUFI6,2025-06-16T00:30:00Z,0,
GFS,BAUFI6,2025-06-16T01:00:00Z,0,
GFS,BAUFI6,2025-06-16T01:30:00Z,0,
GFS,BAUFI6,2025-06-16T02:00:00Z,0,
GFS,BAUFI6,2025-06-16T02:30:00Z,0,
GFS,BAUFI6,2025-06-16T03:00:00Z,0,
GFS,BAUFI6,2025-06-16T03:30:00Z,0,
GFS,BAUFI6,2025-06-16T04:00:00Z,0,
GFS,BAUFI6,2025-06-16T04:30:00Z,0,
GFS,BAUFI6,2025-06-16T05:00:00Z,0,
GFS,BAUFI6,2025-06-16T05:30:00Z,3.6,
GFS,BAUFI6,2025-06-16T06:00:00Z,7.2,
GFS,BAUFI6,2025-06-16T06:30:00Z,27.71,
GFS,BAUFI6,2025-06-16T07:00:00Z,48.22,
GFS,BAUFI6,2025-06-16T07:30:00Z,79.7,
GFS,BAUFI6,2025-06-16T08:00:00Z,111.18,
GFS,BAUFI6,2025-06-16T08:30:00Z,359.22,
GFS,BAUFI6,2025-06-16T09:00:00Z,607.26,
GFS,BAUFI6,2025-06-16T09:30:00Z,639.67,
GFS,BAUFI6,2025-06-16T10:00:00Z,672.08,
GFS,BAUFI6,2025-06-16T10:30:00Z,693.63,
GFS,BAUFI6,2025-06-16T11:00:00Z,715.18,
GFS,BAUFI6,2025-06-16T11:30:00Z,724.92,
GFS,BAUFI6,2025-06-16T12:00:00Z,734.66,
GFS,BAUFI6,2025-06-16T12:30:00Z,732.705,
GFS,BAUFI6,2025-06-16T13:00:00Z,730.75,
GFS,BAUFI6,2025-06-16T13:30:00Z,718.03,
GFS,BAUFI6,2025-06-16T14:00:00Z,705.31,
GFS,BAUFI6,2025-06-16T14:30:00Z,532.745,
GFS,BAUFI6,2025-06-16T15:00:00Z,360.18,
GFS,BAUFI6,2025-06-16T15:30:00Z,309.41,
GFS,BAUFI6,2025-06-16T16:00:00Z,258.64,
GFS,BAUFI6,2025-06-16T16:30:00Z,218.22,
GFS,BAUFI6,2025-06-16T17:00:00Z,177.8,
GFS,BAUFI6,2025-06-16T17:30:00Z,155.58,
GFS,BAUFI6,2025-06-16T18:00:00Z,133.36,
GFS,BAUFI6,2025-06-16T18:30:00Z,120.02,
GFS,BAUFI6,2025-06-16T19:00:00Z,106.68,
GFS,BAUFI6,2025-06-16T19:30:00Z,97.79,
GFS,BAUFI6,2025-06-16T20:00:00Z,88.9,
GFS,BAUFI6,2025-06-16T20:30:00Z,44.45,
GFS,BAUFI6,2025-06-16T21:00:00Z,0,
GFS,BAUFI6,2025-06-16T21:30:00Z,0,
GFS,BAUFI6,2025-06-16T22:00:00Z,0,
GFS,BAUFI6,2025-06-16T22:30:00Z,0,
GFS,BAUFI6,2025-06-16T23:00:00Z,0,
GFS,BAUFI6,2025-06-16T23:30:00Z,0,
GFS,BAUFI6,2025-06-17T00:00:00Z,0,
GFS,BAUFI6,2025-06-17T00:30:00Z,0,
GFS,BAUFI6,2025-06-17T01:00:00Z,0,
GFS,BAUFI6,2025-06-17T01:30:00Z,0,
GFS,BAUFI6,2025-06-17T02:00:00Z,0,
GFS,BAUFI6,2025-06-17T02:30:00Z,0,
GFS,BAUFI6,2025-06-17T03:00:00Z,0,
GFS,BAUFI6,2025-06-17T03:30:00Z,0,
GFS,BAUFI6,2025-06-17T04:00:00Z,0,
GFS,BAUFI6,2025-06-17T04:30:00Z,0,
GFS,BAUFI6,2025-06-17T05:00:00Z,0,
GFS,BAUFI6,2025-06-17T05:30:00Z,3.44,
GFS,BAUFI6,2025-06-17T06:00:00Z,6.88,
GFS,BAUFI6,2025-06-17T06:30:00Z,26.81,
GFS,BAUFI6,2025-06-17T07:00:00Z,46.74,
GFS,BAUFI6,2025-06-17T07:30:00Z,77.64,
GFS,BAUFI6,2025-06-17T08:00:00Z,108.54,
GFS,BAUFI6,2025-06-17T08:30:00Z,353.32,
GFS,BAUFI6,2025-06-17T09:00:00Z,598.1,
GFS,BAUFI6,2025-06-17T09:30:00Z,630.35,
GFS,BAUFI6,2025-06-17T10:00:00Z,662.6,
GFS,BAUFI6,2025-06-17T10:30:00Z,683.96,
GFS,BAUFI6,2025-06-17T11:00:00Z,705.32,
GFS,BAUFI6,2025-06-17T11:30:00Z,715.29,
GFS,BAUFI6,2025-06-17T12:00:00Z,725.26,
GFS,BAUFI6,2025-06-17T12:30:00Z,723.5,
GFS,BAUFI6,2025-06-17T13:00:00Z,721.74,
GFS,BAUFI6,2025-06-17T13:30:00Z,709.23,
GFS,BAUFI6,2025-06-17T14:00:00Z,696.72,
GFS,BAUFI6,2025-06-17T14:30:00Z,509.08,
GFS,BAUFI6,2025-06-17T15:00:00Z,321.44,
GFS,BAUFI6,2025-06-17T15:30:00Z,255.54,
GFS,BAUFI6,2025-06-17T16:00:00Z,189.64,
GFS,BAUFI6,2025-06-17T16:30:00Z,159.25,
GFS,BAUFI6,2025-06-17T17:00:00Z,128.86,
GFS,BAUFI6,2025-06-17T17:30:00Z,112.76,
GFS,BAUFI6,2025-06-17T18:00:00Z,96.66,
GFS,BAUFI6,2025-06-17T18:30:00Z,86.99,
GFS,BAUFI6,2025-06-17T19:00:00Z,77.32,
GFS,BAUFI6,2025-06-17T19:30:00Z,70.875,
GFS,BAUFI6,2025-06-17T20:00:00Z,64.43,
GFS,BAUFI6,2025-06-17T20:30:00Z,32.215,
GFS,BAUFI6,2025-06-17T21:00:00Z,0,
GFS,BAUFI6,2025-06-17T21:30:00Z,0,
GFS,BAUFI6,2025-06-17T22:00:00Z,0,
GFS,BAUFI6,2025-06-17T22:30:00Z,0,
GFS,BAUFI6,2025-06-17T23:00:00Z,0,
GFS,BAUFI6,2025-06-17T23:30:00Z,0,
GFS,BAUFI6,2025-06-18T00:00:00Z,0,
GFS,BAUFI6,2025-06-18T00:30:00Z,0,
GFS,BAUFI6,2025-06-18T01:00:00Z,0,
GFS,BAUFI6,2025-06-18T01:30:00Z,0,
GFS,BAUFI6,2025-06-18T02:00:00Z,0,
GFS,BAUFI6,2025-06-18T02:30:00Z,0,
GFS,BAUFI6,2025-06-18T03:00:00Z,0,
GFS,BAUFI6,2025-06-18T03:30:00Z,0,
GFS,BAUFI6,2025-06-18T04:00:00Z,0,
GFS,BAUFI6,2025-06-18T04:30:00Z,0,
GFS,BAUFI6,2025-06-18T05:00:00Z,0,
GFS,BAUFI6,2025-06-18T05:30:00Z,3.4,
GFS,BAUFI6,2025-06-18T06:00:00Z,6.8,
GFS,BAUFI6,2025-06-18T06:30:00Z,26.57,
GFS,BAUFI6,2025-06-18T07:00:00Z,46.34,
GFS,BAUFI6,2025-06-18T07:30:00Z,77.03,
GFS,BAUFI6,2025-06-18T08:00:00Z,107.72,
GFS,BAUFI6,2025-06-18T08:30:00Z,351.59,
GFS,BAUFI6,2025-06-18T09:00:00Z,595.46,
GFS,BAUFI6,2025-06-18T09:30:00Z,628,
GFS,BAUFI6,2025-06-18T10:00:00Z,660.54,
GFS,BAUFI6,2025-06-18T10:30:00Z,682.46,
GFS,BAUFI6,2025-06-18T11:00:00Z,704.38,
GFS,BAUFI6,2025-06-18T11:30:00Z,715.06,
GFS,BAUFI6,2025-06-18T12:00:00Z,725.74,
GFS,BAUFI6,2025-06-18T12:30:00Z,723.82,
GFS,BAUFI6,2025-06-18T13:00:00Z,721.9,
GFS,BAUFI6,2025-06-18T13:30:00Z,695.99,
GFS,BAUFI6,2025-06-18T14:00:00Z,670.08,
GFS,BAUFI6,2025-06-18T14:30:00Z,445.48,
GFS,BAUFI6,2025-06-18T15:00:00Z,220.88,
GFS,BAUFI6,2025-06-18T15:30:00Z,191.01,
GFS,BAUFI6,2025-06-18T16:00:00Z,161.14,
GFS,BAUFI6,2025-06-18T16:30:00Z,136.03,
GFS,BAUFI6,2025-06-18T17:00:00Z,110.92,
GFS,BAUFI6,2025-06-18T17:30:00Z,97.06,
GFS,BAUFI6,2025-06-18T18:00:00Z,83.2,
GFS,BAUFI6,2025-06-18T18:30:00Z,74.88,
GFS,BAUFI6,2025-06-18T19:00:00Z,66.56,
GFS,BAUFI6,2025-06-18T19:30:00Z,61.01,
GFS,BAUFI6,2025-06-18T20:00:00Z,55.46,
GFS,BAUFI6,2025-06-18T20:30:00Z,27.73,
GFS,BAUFI6,2025-06-18T21:00:00Z,0,
GFS,BAUFI6,2025-06-18T21:30:00Z,0,
GFS,BAUFI6,2025-06-18T22:00:00Z,0,
GFS,BAUFI6,2025-06-18T22:30:00Z,0,
GFS,BAUFI6,2025-06-18T23:00:00Z,0,
GFS,BAUFI6,2025-06-18T23:30:00Z,0,
GFS,BAUFI6,2025-06-19T00:00:00Z,0,
GFS,BAUFI6,2025-06-19T00:30:00Z,0,
GFS,BAUFI6,2025-06-19T01:00:00Z,0,
GFS,BAUFI6,2025-06-19T01:30:00Z,0,
GFS,BAUFI6,2025-06-19T02:00:00Z,0,
GFS,BAUFI6,2025-06-19T02:30:00Z,0,
GFS,BAUFI6,2025-06-19T03:00:00Z,0,
GFS,BAUFI6,2025-06-19T03:30:00Z,0,
GFS,BAUFI6,2025-06-19T04:00:00Z,0,
GFS,BAUFI6,2025-06-19T04:30:00Z,0,
GFS,BAUFI6,2025-06-19T05:00:00Z,0,
GFS,BAUFI6,2025-06-19T05:30:00Z,3.45,
GFS,BAUFI6,2025-06-19T06:00:00Z,6.9,
GFS,BAUFI6,2025-06-19T06:30:00Z,27.08,
GFS,BAUFI6,2025-06-19T07:00:00Z,47.26,
GFS,BAUFI6,2025-06-19T07:30:00Z,78.61,
GFS,BAUFI6,2025-06-19T08:00:00Z,109.96,
GFS,BAUFI6,2025-06-19T08:30:00Z,359.31,
GFS,BAUFI6,2025-06-19T09:00:00Z,608.66,
GFS,BAUFI6,2025-06-19T09:30:00Z,641.99,
GFS,BAUFI6,2025-06-19T10:00:00Z,675.32,
GFS,BAUFI6,2025-06-19T10:30:00Z,697.9,
GFS,BAUFI6,2025-06-19T11:00:00Z,720.48,
GFS,BAUFI6,2025-06-19T11:30:00Z,731.42,
GFS,BAUFI6,2025-06-19T12:00:00Z,742.36,
GFS,BAUFI6,2025-06-19T12:30:00Z,741.66,
GFS,BAUFI6,2025-06-19T13:00:00Z,740.96,
GFS,BAUFI6,2025-06-19T13:30:00Z,729.16,
GFS,BAUFI6,2025-06-19T14:00:00Z,717.36,
GFS,BAUFI6,2025-06-19T14:30:00Z,564.89,
GFS,BAUFI6,2025-06-19T15:00:00Z,412.42,
GFS,BAUFI6,2025-06-19T15:30:00Z,358.27,
GFS,BAUFI6,2025-06-19T16:00:00Z,304.12,
GFS,BAUFI6,2025-06-19T16:30:00Z,256.94,
GFS,BAUFI6,2025-06-19T17:00:00Z,209.76,
GFS,BAUFI6,2025-06-19T17:30:00Z,183.54,
GFS,BAUFI6,2025-06-19T18:00:00Z,157.32,
GFS,BAUFI6,2025-06-19T18:30:00Z,141.59,
GFS,BAUFI6,2025-06-19T19:00:00Z,125.86,
GFS,BAUFI6,2025-06-19T19:30:00Z,115.37,
GFS,BAUFI6,2025-06-19T20:00:00Z,104.88,
GFS,BAUFI6,2025-06-19T20:30:00Z,52.44,
GFS,BAUFI6,2025-06-19T21:00:00Z,0,
GFS,BAUFI6,2025-06-19T21:30:00Z,0,
GFS,BAUFI6,2025-06-19T22:00:00Z,0,
GFS,BAUFI6,2025-06-19T22:30:00Z,0,
GFS,BAUFI6,2025-06-19T23:00:00Z,0,
GFS,BAUFI6,2025-06-19T23:30:00Z,0,
GFS,BAUFI6,2025-06-20T00:00:00Z,0,
GFS,BAUFI6,2025-06-20T00:30:00Z,0,
GFS,BAUFI6,2025-06-20T01:00:00Z,0,
GFS,BAUFI6,2025-06-20T01:30:00Z,0,
GFS,BAUFI6,2025-06-20T02:00:00Z,0,
GFS,BAUFI6,2025-06-20T02:30:00Z,0,
GFS,BAUFI6,2025-06-20T03:00:00Z,0,
GFS,BAUFI6,2025-06-20T03:30:00Z,0,
GFS,BAUFI6,2025-06-20T04:00:00Z,0,
GFS,BAUFI6,2025-06-20T04:30:00Z,0,
GFS,BAUFI6,2025-06-20T05:00:00Z,0,
GFS,BAUFI6,2025-06-20T05:30:00Z,3.42,
GFS,BAUFI6,2025-06-20T06:00:00Z,6.84,
GFS,BAUFI6,2025-06-20T06:30:00Z,27.02,
GFS,BAUFI6,2025-06-20T07:00:00Z,47.2,
GFS,BAUFI6,2025-06-20T07:30:00Z,78.5,
GFS,BAUFI6,2025-06-20T08:00:00Z,109.8,
GFS,BAUFI6,2025-06-20T08:30:00Z,358.27,
GFS,BAUFI6,2025-06-20T09:00:00Z,606.74,
GFS,BAUFI6,2025-06-20T09:30:00Z,639.72,
GFS,BAUFI6,2025-06-20T10:00:00Z,672.7,
GFS,BAUFI6,2025-06-20T10:30:00Z,694.78,
GFS,BAUFI6,2025-06-20T11:00:00Z,716.86,
GFS,BAUFI6,2025-06-20T11:30:00Z,727.64,
GFS,BAUFI6,2025-06-20T12:00:00Z,738.42,
GFS,BAUFI6,2025-06-20T12:30:00Z,737.65,
GFS,BAUFI6,2025-06-20T13:00:00Z,736.88,
GFS,BAUFI6,2025-06-20T13:30:00Z,725.04,
GFS,BAUFI6,2025-06-20T14:00:00Z,713.2,
GFS,BAUFI6,2025-06-20T14:30:00Z,560.84,
GFS,BAUFI6,2025-06-20T15:00:00Z,408.48,
GFS,BAUFI6,2025-06-20T15:30:00Z,354.71,
GFS,BAUFI6,2025-06-20T16:00:00Z,300.94,
GFS,BAUFI6,2025-06-20T16:30:00Z,254.28,
GFS,BAUFI6,2025-06-20T17:00:00Z,207.62,
GFS,BAUFI6,2025-06-20T17:30:00Z,181.66,
GFS,BAUFI6,2025-06-20T18:00:00Z,155.7,
GFS,BAUFI6,2025-06-20T18:30:00Z,140.13,
GFS,BAUFI6,2025-06-20T19:00:00Z,124.56,
GFS,BAUFI6,2025-06-20T19:30:00Z,114.185,
GFS,BAUFI6,2025-06-20T20:00:00Z,103.81,
GFS,BAUFI6,2025-06-20T20:30:00Z,51.905,
GFS,BAUFI6,2025-06-20T21:00:00Z,0,
GFS,BAUFI6,2025-06-20T21:30:00Z,0,
GFS,BAUFI6,2025-06-20T22:00:00Z,0,
GFS,BAUFI6,2025-06-20T22:30:00Z,0,
GFS,BAUFI6,2025-06-20T23:00:00Z,0,
GFS,BAUFI6,2025-06-20T23:30:00Z,0,
GFS,BAUFI6,2025-06-21T00:00:00Z,0,
GFS,BAUFI6,2025-06-21T00:30:00Z,0,
GFS,BAUFI6,2025-06-21T01:00:00Z,0,
GFS,BAUFI6,2025-06-21T01:30:00Z,0,
GFS,BAUFI6,2025-06-21T02:00:00Z,0,
GFS,BAUFI6,2025-06-21T02:30:00Z,0,
GFS,BAUFI6,2025-06-21T03:00:00Z,0,
GFS,BAUFI6,2025-06-21T03:30:00Z,0,
GFS,BAUFI6,2025-06-21T04:00:00Z,0,
GFS,BAUFI6,2025-06-21T04:30:00Z,0,
GFS,BAUFI6,2025-06-21T05:00:00Z,0,
GFS,BAUFI6,2025-06-21T05:30:00Z,3.3,
GFS,BAUFI6,2025-06-21T06:00:00Z,6.6,
GFS,BAUFI6,2025-06-21T06:30:00Z,26.46,
GFS,BAUFI6,2025-06-21T07:00:00Z,46.32,
GFS,BAUFI6,2025-06-21T07:30:00Z,77.175,
GFS,BAUFI6,2025-06-21T08:00:00Z,108.03,
GFS,BAUFI6,2025-06-21T08:30:00Z,353.415,
GFS,BAUFI6,2025-06-21T09:00:00Z,598.8,
GFS,BAUFI6,2025-06-21T09:30:00Z,631.78,
GFS,BAUFI6,2025-06-21T10:00:00Z,664.76,
GFS,BAUFI6,2025-06-21T10:30:00Z,686.75,
GFS,BAUFI6,2025-06-21T11:00:00Z,708.74,
GFS,BAUFI6,2025-06-21T11:30:00Z,719.52,
GFS,BAUFI6,2025-06-21T12:00:00Z,730.3,
GFS,BAUFI6,2025-06-21T12:30:00Z,729.7,
GFS,BAUFI6,2025-06-21T13:00:00Z,729.1,
GFS,BAUFI6,2025-06-21T13:30:00Z,717.43,
GFS,BAUFI6,2025-06-21T14:00:00Z,705.76,
GFS,BAUFI6,2025-06-21T14:30:00Z,539.72,
GFS,BAUFI6,2025-06-21T15:00:00Z,373.68,
GFS,BAUFI6,2025-06-21T15:30:00Z,321.44,
GFS,BAUFI6,2025-06-21T16:00:00Z,269.2,
GFS,BAUFI6,2025-06-21T16:30:00Z,227.36,
GFS,BAUFI6,2025-06-21T17:00:00Z,185.52,
GFS,BAUFI6,2025-06-21T17:30:00Z,162.33,
GFS,BAUFI6,2025-06-21T18:00:00Z,139.14,
GFS,BAUFI6,2025-06-21T18:30:00Z,125.23,
GFS,BAUFI6,2025-06-21T19:00:00Z,111.32,
GFS,BAUFI6,2025-06-21T19:30:00Z,102.035,
GFS,BAUFI6,2025-06-21T20:00:00Z,92.75,
GFS,BAUFI6,2025-06-21T20:30:00Z,46.375,
GFS,BAUFI6,2025-06-21T21:00:00Z,0,
GFS,BAUFI6,2025-06-21T21:30:00Z,0,
GFS,BAUFI6,2025-06-21T22:00:00Z,0,
GFS,BAUFI6,2025-06-21T22:30:00Z,0,
GFS,BAUFI6,2025-06-21T23:00:00Z,0,
GFS,BAUFI6,2025-06-21T23:30:00Z,0,
GFS,BAUFI6,2025-06-22T00:00:00Z,0,
GFS,BAUFI6,2025-06-22T00:30:00Z,0,
GFS,BAUFI6,2025-06-22T01:00:00Z,0,
GFS,BAUFI6,2025-06-22T01:30:00Z,0,
GFS,BAUFI6,2025-06-22T02:00:00Z,0,
GFS,BAUFI6,2025-06-22T02:30:00Z,0,
GFS,BAUFI6,2025-06-22T03:00:00Z,0,
GFS,BAUFI6,2025-06-22T03:30:00Z,0,
GFS,BAUFI6,2025-06-22T04:00:00Z,0,
GFS,BAUFI6,2025-06-22T04:30:00Z,0,
GFS,BAUFI6,2025-06-22T05:00:00Z,0,
GFS,BAUFI6,2025-06-22T05:30:00Z,2.23,
GFS,BAUFI6,2025-06-22T06:00:00Z,4.46,
GFS,BAUFI6,2025-06-22T06:30:00Z,17.85,
GFS,BAUFI6,2025-06-22T07:00:00Z,31.24,
GFS,BAUFI6,2025-06-22T07:30:00Z,61.965,
GFS,BAUFI6,2025-06-22T08:00:00Z,92.69,
GFS,BAUFI6,2025-06-22T08:30:00Z,348.365,
GFS,BAUFI6,2025-06-22T09:00:00Z,604.04,
GFS,BAUFI6,2025-06-22T09:30:00Z,636.82,
GFS,BAUFI6,2025-06-22T10:00:00Z,669.6,
GFS,BAUFI6,2025-06-22T10:30:00Z,691.72,
GFS,BAUFI6,2025-06-22T11:00:00Z,713.84,
GFS,BAUFI6,2025-06-22T11:30:00Z,724.74,
GFS,BAUFI6,2025-06-22T12:00:00Z,735.64,
GFS,BAUFI6,2025-06-22T12:30:00Z,735.035,
GFS,BAUFI6,2025-06-22T13:00:00Z,734.43,
GFS,BAUFI6,2025-06-22T13:30:00Z,722.765,
GFS,BAUFI6,2025-06-22T14:00:00Z,711.1,
GFS,BAUFI6,2025-06-22T14:30:00Z,559.81,
GFS,BAUFI6,2025-06-22T15:00:00Z,408.52,
GFS,BAUFI6,2025-06-22T15:30:00Z,353.69,
GFS,BAUFI6,2025-06-22T16:00:00Z,298.86,
GFS,BAUFI6,2025-06-22T16:30:00Z,252.14,
GFS,BAUFI6,2025-06-22T17:00:00Z,205.42,
GFS,BAUFI6,2025-06-22T17:30:00Z,179.74,
GFS,BAUFI6,2025-06-22T18:00:00Z,154.06,
GFS,BAUFI6,2025-06-22T18:30:00Z,138.66,
GFS,BAUFI6,2025-06-22T19:00:00Z,123.26,
GFS,BAUFI6,2025-06-22T19:30:00Z,112.98,
GFS,BAUFI6,2025-06-22T20:00:00Z,102.7,
GFS,BAUFI6,2025-06-22T20:30:00Z,51.35,
GFS,BAUFI6,2025-06-22T21:00:00Z,0,
GFS,BAUFI6,2025-06-22T21:30:00Z,0,
GFS,BAUFI6,2025-06-22T22:00:00Z,0,
GFS,BAUFI6,2025-06-22T22:30:00Z,0,
GFS,BAUFI6,2025-06-22T23:00:00Z,0,
GFS,BAUFI6,2025-06-22T23:30:00Z,0,
GFS,BAUFI6,2025-06-23T00:00:00Z,0,
GFS,BAUFI6,2025-06-23T00:30:00Z,0,
GFS,BAUFI6,2025-06-23T01:00:00Z,0,
GFS,BAUFI6,2025-06-23T01:30:00Z,0,
GFS,BAUFI6,2025-06-23T02:00:00Z,0,
GFS,BAUFI6,2025-06-23T02:30:00Z,0,
GFS,BAUFI6,2025-06-23T03:00:00Z,0,
GFS,BAUFI6,2025-06-23T03:30:00Z,0,
GFS,BAUFI6,2025-06-23T04:00:00Z,0,
GFS,BAUFI6,2025-06-23T04:30:00Z,0,
GFS,BAUFI6,2025-06-23T05:00:00Z,0,
GFS,BAUFI6,2025-06-23T05:30:00Z,3.31,
GFS,BAUFI6,2025-06-23T06:00:00Z,6.62,
GFS,BAUFI6,2025-06-23T06:30:00Z,26.76,
GFS,BAUFI6,2025-06-23T07:00:00Z,46.9,
GFS,BAUFI6,2025-06-23T07:30:00Z,78.235,
GFS,BAUFI6,2025-06-23T08:00:00Z,109.57,
GFS,BAUFI6,2025-06-23T08:30:00Z,358.205,
GFS,BAUFI6,2025-06-23T09:00:00Z,606.84,
GFS,BAUFI6,2025-06-23T09:30:00Z,639.82,
GFS,BAUFI6,2025-06-23T10:00:00Z,672.8,
GFS,BAUFI6,2025-06-23T10:30:00Z,695.08,
GFS,BAUFI6,2025-06-23T11:00:00Z,717.36,
GFS,BAUFI6,2025-06-23T11:30:00Z,728.295,
GFS,BAUFI6,2025-06-23T12:00:00Z,739.23,
GFS,BAUFI6,2025-06-23T12:30:00Z,738.67,
GFS,BAUFI6,2025-06-23T13:00:00Z,738.11,
GFS,BAUFI6,2025-06-23T13:30:00Z,726.505,
GFS,BAUFI6,2025-06-23T14:00:00Z,714.9,
GFS,BAUFI6,2025-06-23T14:30:00Z,563.58,
GFS,BAUFI6,2025-06-23T15:00:00Z,412.26,
GFS,BAUFI6,2025-06-23T15:30:00Z,358.42,
GFS,BAUFI6,2025-06-23T16:00:00Z,304.58,
GFS,BAUFI6,2025-06-23T16:30:00Z,257.45,
GFS,BAUFI6,2025-06-23T17:00:00Z,210.32,
GFS,BAUFI6,2025-06-23T17:30:00Z,184.03,
GFS,BAUFI6,2025-06-23T18:00:00Z,157.74,
GFS,BAUFI6,2025-06-23T18:30:00Z,141.97,
GFS,BAUFI6,2025-06-23T19:00:00Z,126.2,
GFS,BAUFI6,2025-06-23T19:30:00Z,115.685,
GFS,BAUFI6,2025-06-23T20:00:00Z,105.17,
GFS,BAUFI6,2025-06-23T20:30:00Z,52.585,
GFS,BAUFI6,2025-06-23T21:00:00Z,0,
GFS,BAUFI6,2025-06-23T21:30:00Z,0,
GFS,BAUFI6,2025-06-23T22:00:00Z,0,
GFS,BAUFI6,2025-06-23T22:30:00Z,0,
GFS,BAUFI6,2025-06-23T23:00:00Z,0,
GFS,BAUFI6,2025-06-23T23:30:00Z,0,
GFS,BAUFI6,2025-06-24T00:00:00Z,0,
GFS,BAUFI6,2025-06-24T00:30:00Z,0,
GFS,BAUFI6,2025-06-24T01:00:00Z,0,
GFS,BAUFI6,2025-06-24T01:30:00Z,0,
GFS,BAUFI6,2025-06-24T02:00:00Z,0,
GFS,BAUFI6,2025-06-24T02:30:00Z,0,
GFS,BAUFI6,2025-06-24T03:00:00Z,0,
GFS,BAUFI6,2025-06-24T03:30:00Z,0,
GFS,BAUFI6,2025-06-24T04:00:00Z,0,
GFS,BAUFI6,2025-06-24T04:30:00Z,0,
GFS,BAUFI6,2025-06-24T05:00:00Z,0,
GFS,BAUFI6,2025-06-24T05:30:00Z,3.3,
GFS,BAUFI6,2025-06-24T06:00:00Z,6.6,
GFS,BAUFI6,2025-06-24T06:30:00Z,26.73,
GFS,BAUFI6,2025-06-24T07:00:00Z,46.86,
GFS,BAUFI6,2025-06-24T07:30:00Z,78.14,
GFS,BAUFI6,2025-06-24T08:00:00Z,109.42,
GFS,BAUFI6,2025-06-24T08:30:00Z,357.72,
GFS,BAUFI6,2025-06-24T09:00:00Z,606.02,
GFS,BAUFI6,2025-06-24T09:30:00Z,639.11,
GFS,BAUFI6,2025-06-24T10:00:00Z,672.2,
GFS,BAUFI6,2025-06-24T10:30:00Z,694.82,
GFS,BAUFI6,2025-06-24T11:00:00Z,717.44,
GFS,BAUFI6,2025-06-24T11:30:00Z,728.84,
GFS,BAUFI6,2025-06-24T12:00:00Z,740.24,
GFS,BAUFI6,2025-06-24T12:30:00Z,739.825,
GFS,BAUFI6,2025-06-24T13:00:00Z,739.41,
GFS,BAUFI6,2025-06-24T13:30:00Z,727.815,
GFS,BAUFI6,2025-06-24T14:00:00Z,716.22,
GFS,BAUFI6,2025-06-24T14:30:00Z,565.38,
GFS,BAUFI6,2025-06-24T15:00:00Z,414.54,
GFS,BAUFI6,2025-06-24T15:30:00Z,360.54,
GFS,BAUFI6,2025-06-24T16:00:00Z,306.54,
GFS,BAUFI6,2025-06-24T16:30:00Z,259.17,
GFS,BAUFI6,2025-06-24T17:00:00Z,211.8,
GFS,BAUFI6,2025-06-24T17:30:00Z,185.33,
GFS,BAUFI6,2025-06-24T18:00:00Z,158.86,
GFS,BAUFI6,2025-06-24T18:30:00Z,142.97,
GFS,BAUFI6,2025-06-24T19:00:00Z,127.08,
GFS,BAUFI6,2025-06-24T19:30:00Z,116.49,
GFS,BAUFI6,2025-06-24T20:00:00Z,105.9,
GFS,BAUFI6,2025-06-24T20:30:00Z,52.95,
GFS,BAUFI6,2025-06-24T21:00:00Z,0,
GFS,BAUFI6,2025-06-24T21:30:00Z,0,
GFS,BAUFI6,2025-06-24T22:00:00Z,0,
GFS,BAUFI6,2025-06-24T22:30:00Z,0,
GFS,BAUFI6,2025-06-24T23:00:00Z,0,
GFS,BAUFI6,2025-06-24T23:30:00Z,0,
GFS,BAUFI6,2025-06-25T00:00:00Z,0,
GFS,BAUFI6,2025-06-25T00:30:00Z,0,
GFS,BAUFI6,2025-06-25T01:00:00Z,0,
GFS,BAUFI6,2025-06-25T01:30:00Z,0,
GFS,BAUFI6,2025-06-25T02:00:00Z,0,
GFS,BAUFI6,2025-06-25T02:30:00Z,0,
GFS,BAUFI6,2025-06-25T03:00:00Z,0,
GFS,BAUFI6,2025-06-25T03:30:00Z,0,
GFS,BAUFI6,2025-06-25T04:00:00Z,0,
GFS,BAUFI6,2025-06-25T04:30:00Z,0,
GFS,BAUFI6,2025-06-25T05:00:00Z,0,
GFS,BAUFI6,2025-06-25T05:30:00Z,3.26,
GFS,BAUFI6,2025-06-25T06:00:00Z,6.52,
GFS,BAUFI6,2025-06-25T06:30:00Z,26.6,
GFS,BAUFI6,2025-06-25T07:00:00Z,46.68,
GFS,BAUFI6,2025-06-25T07:30:00Z,77.91,
GFS,BAUFI6,2025-06-25T08:00:00Z,109.14,
GFS,BAUFI6,2025-06-25T08:30:00Z,356.49,
GFS,BAUFI6,2025-06-25T09:00:00Z,603.84,
GFS,BAUFI6,2025-06-25T09:30:00Z,636.78,
GFS,BAUFI6,2025-06-25T10:00:00Z,669.72,
GFS,BAUFI6,2025-06-25T10:30:00Z,692,
GFS,BAUFI6,2025-06-25T11:00:00Z,714.28,
GFS,BAUFI6,2025-06-25T11:30:00Z,725.15,
GFS,BAUFI6,2025-06-25T12:00:00Z,736.02,
GFS,BAUFI6,2025-06-25T12:30:00Z,735.49,
GFS,BAUFI6,2025-06-25T13:00:00Z,734.96,
GFS,BAUFI6,2025-06-25T13:30:00Z,723.465,
GFS,BAUFI6,2025-06-25T14:00:00Z,711.97,
GFS,BAUFI6,2025-06-25T14:30:00Z,562.025,
GFS,BAUFI6,2025-06-25T15:00:00Z,412.08,
GFS,BAUFI6,2025-06-25T15:30:00Z,358.47,
GFS,BAUFI6,2025-06-25T16:00:00Z,304.86,
GFS,BAUFI6,2025-06-25T16:30:00Z,257.77,
GFS,BAUFI6,2025-06-25T17:00:00Z,210.68,
GFS,BAUFI6,2025-06-25T17:30:00Z,184.35,
GFS,BAUFI6,2025-06-25T18:00:00Z,158.02,
GFS,BAUFI6,2025-06-25T18:30:00Z,142.22,
GFS,BAUFI6,2025-06-25T19:00:00Z,126.42,
GFS,BAUFI6,2025-06-25T19:30:00Z,115.88,
GFS,BAUFI6,2025-06-25T20:00:00Z,105.34,
GFS,BAUFI6,2025-06-25T20:30:00Z,52.67,
GFS,BAUFI6,2025-06-25T21:00:00Z,0,
GFS,BAUFI6,2025-06-25T21:30:00Z,0,
GFS,BAUFI6,2025-06-25T22:00:00Z,0,
GFS,BAUFI6,2025-06-25T22:30:00Z,0,
GFS,BAUFI6,2025-06-25T23:00:00Z,0,
GFS,BAUFI6,2025-06-25T23:30:00Z,0,
GFS,BAUFI6,2025-06-26T00:00:00Z,0,
GFS,BAUFI6,2025-06-26T00:30:00Z,0,
GFS,BAUFI6,2025-06-26T01:00:00Z,0,
GFS,BAUFI6,2025-06-26T01:30:00Z,0,
GFS,BAUFI6,2025-06-26T02:00:00Z,0,
GFS,BAUFI6,2025-06-26T02:30:00Z,0,
GFS,BAUFI6,2025-06-26T03:00:00Z,0,
GFS,BAUFI6,2025-06-26T03:30:00Z,0,
GFS,BAUFI6,2025-06-26T04:00:00Z,0,
GFS,BAUFI6,2025-06-26T04:30:00Z,0,
GFS,BAUFI6,2025-06-26T05:00:00Z,0,
GFS,BAUFI6,2025-06-26T05:30:00Z,3.05,
GFS,BAUFI6,2025-06-26T06:00:00Z,6.1,
GFS,BAUFI6,2025-06-26T06:30:00Z,25.27,
GFS,BAUFI6,2025-06-26T07:00:00Z,44.44,
GFS,BAUFI6,2025-06-26T07:30:00Z,74.63,
GFS,BAUFI6,2025-06-26T08:00:00Z,104.82,
GFS,BAUFI6,2025-06-26T08:30:00Z,347.87,
GFS,BAUFI6,2025-06-26T09:00:00Z,590.92,
GFS,BAUFI6,2025-06-26T09:30:00Z,624.1,
GFS,BAUFI6,2025-06-26T10:00:00Z,657.28,
GFS,BAUFI6,2025-06-26T10:30:00Z,679.84,
GFS,BAUFI6,2025-06-26T11:00:00Z,702.4,
GFS,BAUFI6,2025-06-26T11:30:00Z,713.59,
GFS,BAUFI6,2025-06-26T12:00:00Z,724.78,
GFS,BAUFI6,2025-06-26T12:30:00Z,724.46,
GFS,BAUFI6,2025-06-26T13:00:00Z,724.14,
GFS,BAUFI6,2025-06-26T13:30:00Z,712.9,
GFS,BAUFI6,2025-06-26T14:00:00Z,701.66,
GFS,BAUFI6,2025-06-26T14:30:00Z,553.88,
GFS,BAUFI6,2025-06-26T15:00:00Z,406.1,
GFS,BAUFI6,2025-06-26T15:30:00Z,351.14,
GFS,BAUFI6,2025-06-26T16:00:00Z,296.18,
GFS,BAUFI6,2025-06-26T16:30:00Z,248.65,
GFS,BAUFI6,2025-06-26T17:00:00Z,201.12,
GFS,BAUFI6,2025-06-26T17:30:00Z,175.98,
GFS,BAUFI6,2025-06-26T18:00:00Z,150.84,
GFS,BAUFI6,2025-06-26T18:30:00Z,135.75,
GFS,BAUFI6,2025-06-26T19:00:00Z,120.66,
GFS,BAUFI6,2025-06-26T19:30:00Z,110.61,
GFS,BAUFI6,2025-06-26T20:00:00Z,100.56,
GFS,BAUFI6,2025-06-26T20:30:00Z,50.28,
GFS,BAUFI6,2025-06-26T21:00:00Z,0,
GFS,BAUFI6,2025-06-26T21:30:00Z,0,
GFS,BAUFI6,2025-06-26T22:00:00Z,0,
GFS,BAUFI6,2025-06-26T22:30:00Z,0,
GFS,BAUFI6,2025-06-26T23:00:00Z,0,
GFS,BAUFI6,2025-06-26T23:30:00Z,0,
GFS,BAUFI6,2025-06-27T00:00:00Z,0,
GFS,BAUFI6,2025-06-27T00:30:00Z,0,
GFS,BAUFI6,2025-06-27T01:00:00Z,0,
GFS,BAUFI6,2025-06-27T01:30:00Z,0,
GFS,BAUFI6,2025-06-27T02:00:00Z,0,
GFS,BAUFI6,2025-06-27T02:30:00Z,0,
GFS,BAUFI6,2025-06-27T03:00:00Z,0,
GFS,BAUFI6,2025-06-27T03:30:00Z,0,
GFS,BAUFI6,2025-06-27T04:00:00Z,0,
GFS,BAUFI6,2025-06-27T04:30:00Z,0,
GFS,BAUFI6,2025-06-27T05:00:00Z,0,
GFS,BAUFI6,2025-06-27T05:30:00Z,3.06,
GFS,BAUFI6,2025-06-27T06:00:00Z,6.12,
GFS,BAUFI6,2025-06-27T06:30:00Z,25.48,
GFS,BAUFI6,2025-06-27T07:00:00Z,44.84,
GFS,BAUFI6,2025-06-27T07:30:00Z,75.395,
GFS,BAUFI6,2025-06-27T08:00:00Z,105.95,
GFS,BAUFI6,2025-06-27T08:30:00Z,350.315,
GFS,BAUFI6,2025-06-27T09:00:00Z,594.68,
GFS,BAUFI6,2025-06-27T09:30:00Z,627.75,
GFS,BAUFI6,2025-06-27T10:00:00Z,660.82,
GFS,BAUFI6,2025-06-27T10:30:00Z,683.3,
GFS,BAUFI6,2025-06-27T11:00:00Z,705.78,
GFS,BAUFI6,2025-06-27T11:30:00Z,717,
GFS,BAUFI6,2025-06-27T12:00:00Z,728.22,
GFS,BAUFI6,2025-06-27T12:30:00Z,727.95,
GFS,BAUFI6,2025-06-27T13:00:00Z,727.68,
GFS,BAUFI6,2025-06-27T13:30:00Z,716.455,
GFS,BAUFI6,2025-06-27T14:00:00Z,705.23,
GFS,BAUFI6,2025-06-27T14:30:00Z,557.195,
GFS,BAUFI6,2025-06-27T15:00:00Z,409.16,
GFS,BAUFI6,2025-06-27T15:30:00Z,355.96,
GFS,BAUFI6,2025-06-27T16:00:00Z,302.76,
GFS,BAUFI6,2025-06-27T16:30:00Z,256.07,
GFS,BAUFI6,2025-06-27T17:00:00Z,209.38,
GFS,BAUFI6,2025-06-27T17:30:00Z,183.21,
GFS,BAUFI6,2025-06-27T18:00:00Z,157.04,
GFS,BAUFI6,2025-06-27T18:30:00Z,141.33,
GFS,BAUFI6,2025-06-27T19:00:00Z,125.62,
GFS,BAUFI6,2025-06-27T19:30:00Z,115.155,
GFS,BAUFI6,2025-06-27T20:00:00Z,104.69,
GFS,BAUFI6,2025-06-27T20:30:00Z,52.345,
GFS,BAUFI6,2025-06-27T21:00:00Z,0,
GFS,BAUFI6,2025-06-27T21:30:00Z,0,
GFS,BAUFI6,2025-06-27T22:00:00Z,0,
GFS,BAUFI6,2025-06-27T22:30:00Z,0,
GFS,BAUFI6,2025-06-27T23:00:00Z,0,
GFS,BAUFI6,2025-06-27T23:30:00Z,0,
GFS,BAUFI6,2025-06-28T00:00:00Z,0,
GFS,BAUFI6,2025-06-28T00:30:00Z,0,
GFS,BAUFI6,2025-06-28T01:00:00Z,0,
GFS,BAUFI6,2025-06-28T01:30:00Z,0,
GFS,BAUFI6,2025-06-28T02:00:00Z,0,
GFS,BAUFI6,2025-06-28T02:30:00Z,0,
GFS,BAUFI6,2025-06-28T03:00:00Z,0,
GFS,BAUFI6,2025-06-28T03:30:00Z,0,
GFS,BAUFI6,2025-06-28T04:00:00Z,0,
GFS,BAUFI6,2025-06-28T04:30:00Z,0,
GFS,BAUFI6,2025-06-28T05:00:00Z,0,
GFS,BAUFI6,2025-06-28T05:30:00Z,3.11,
GFS,BAUFI6,2025-06-28T06:00:00Z,6.22,
GFS,BAUFI6,2025-06-28T06:30:00Z,25.98,
GFS,BAUFI6,2025-06-28T07:00:00Z,45.74,
GFS,BAUFI6,2025-06-28T07:30:00Z,76.885,
GFS,BAUFI6,2025-06-28T08:00:00Z,108.03,
GFS,BAUFI6,2025-06-28T08:30:00Z,357.485,
GFS,BAUFI6,2025-06-28T09:00:00Z,606.94,
GFS,BAUFI6,2025-06-28T09:30:00Z,641.21,
GFS,BAUFI6,2025-06-28T10:00:00Z,675.48,
GFS,BAUFI6,2025-06-28T10:30:00Z,699.04,
GFS,BAUFI6,2025-06-28T11:00:00Z,722.6,
GFS,BAUFI6,2025-06-28T11:30:00Z,734.45,
GFS,BAUFI6,2025-06-28T12:00:00Z,746.3,
GFS,BAUFI6,2025-06-28T12:30:00Z,746.2,
GFS,BAUFI6,2025-06-28T13:00:00Z,746.1,
GFS,BAUFI6,2025-06-28T13:30:00Z,734.52,
GFS,BAUFI6,2025-06-28T14:00:00Z,722.94,
GFS,BAUFI6,2025-06-28T14:30:00Z,570.84,
GFS,BAUFI6,2025-06-28T15:00:00Z,418.74,
GFS,BAUFI6,2025-06-28T15:30:00Z,364.55,
GFS,BAUFI6,2025-06-28T16:00:00Z,310.36,
GFS,BAUFI6,2025-06-28T16:30:00Z,261.99,
GFS,BAUFI6,2025-06-28T17:00:00Z,213.62,
GFS,BAUFI6,2025-06-28T17:30:00Z,186.92,
GFS,BAUFI6,2025-06-28T18:00:00Z,160.22,
GFS,BAUFI6,2025-06-28T18:30:00Z,144.19,
GFS,BAUFI6,2025-06-28T19:00:00Z,128.16,
GFS,BAUFI6,2025-06-28T19:30:00Z,117.48,
GFS,BAUFI6,2025-06-28T20:00:00Z,106.8,
GFS,BAUFI6,2025-06-28T20:30:00Z,53.4,
GFS,BAUFI6,2025-06-28T21:00:00Z,0,
GFS,BAUFI6,2025-06-28T21:30:00Z,0,
GFS,BAUFI6,2025-06-28T22:00:00Z,0,
GFS,BAUFI6,2025-06-28T22:30:00Z,0,
GFS,BAUFI6,2025-06-28T23:00:00Z,0,
GFS,BAUFI6,2025-06-28T23:30:00Z,0,
GFS,BAUFI6,2025-06-29T00:00:00Z,0,
GFS,BAUFI6,2025-06-29T00:30:00Z,0,
GFS,BAUFI6,2025-06-29T01:00:00Z,0,
GFS,BAUFI6,2025-06-29T01:30:00Z,0,
GFS,BAUFI6,2025-06-29T02:00:00Z,0,
GFS,BAUFI6,2025-06-29T02:30:00Z,0,
GFS,BAUFI6,2025-06-29T03:00:00Z,0,
GFS,BAUFI6,2025-06-29T03:30:00Z,0,
GFS,BAUFI6,2025-06-29T04:00:00Z,0,
GFS,BAUFI6,2025-06-29T04:30:00Z,0,
GFS,BAUFI6,2025-06-29T05:00:00Z,0,
GFS,BAUFI6,2025-06-29T05:30:00Z,3.02,
GFS,BAUFI6,2025-06-29T06:00:00Z,6.04,
GFS,BAUFI6,2025-06-29T06:30:00Z,25.36,
GFS,BAUFI6,2025-06-29T07:00:00Z,44.68,
GFS,BAUFI6,2025-06-29T07:30:00Z,75.27,
GFS,BAUFI6,2025-06-29T08:00:00Z,105.86,
GFS,BAUFI6,2025-06-29T08:30:00Z,350.75,
GFS,BAUFI6,2025-06-29T09:00:00Z,595.64,
GFS,BAUFI6,2025-06-29T09:30:00Z,629.06,
GFS,BAUFI6,2025-06-29T10:00:00Z,662.48,
GFS,BAUFI6,2025-06-29T10:30:00Z,685.47,
GFS,BAUFI6,2025-06-29T11:00:00Z,708.46,
GFS,BAUFI6,2025-06-29T11:30:00Z,720.23,
GFS,BAUFI6,2025-06-29T12:00:00Z,732,
GFS,BAUFI6,2025-06-29T12:30:00Z,732.28,
GFS,BAUFI6,2025-06-29T13:00:00Z,732.56,
GFS,BAUFI6,2025-06-29T13:30:00Z,721.775,
GFS,BAUFI6,2025-06-29T14:00:00Z,710.99,
GFS,BAUFI6,2025-06-29T14:30:00Z,565.175,
GFS,BAUFI6,2025-06-29T15:00:00Z,419.36,
GFS,BAUFI6,2025-06-29T15:30:00Z,365.57,
GFS,BAUFI6,2025-06-29T16:00:00Z,311.78,
GFS,BAUFI6,2025-06-29T16:30:00Z,263.9,
GFS,BAUFI6,2025-06-29T17:00:00Z,216.02,
GFS,BAUFI6,2025-06-29T17:30:00Z,189.02,
GFS,BAUFI6,2025-06-29T18:00:00Z,162.02,
GFS,BAUFI6,2025-06-29T18:30:00Z,145.82,
GFS,BAUFI6,2025-06-29T19:00:00Z,129.62,
GFS,BAUFI6,2025-06-29T19:30:00Z,118.82,
GFS,BAUFI6,2025-06-29T20:00:00Z,108.02,
GFS,BAUFI6,2025-06-29T20:30:00Z,54.01,
GFS,BAUFI6,2025-06-29T21:00:00Z,0,
GFS,BAUFI6,2025-06-29T21:30:00Z,0,
GFS,BAUFI6,2025-06-29T22:00:00Z,0,
GFS,BAUFI6,2025-06-29T22:30:00Z,0,
GFS,BAUFI6,2025-06-29T23:00:00Z,0,
GFS,BAUFI6,2025-06-29T23:30:00Z,0,
GFS,BAUFI6,2025-06-30T00:00:00Z,0,
GFS,BAUFI6,2025-06-30T00:30:00Z,0,
GFS,BAUFI6,2025-06-30T01:00:00Z,0,
GFS,BAUFI6,2025-06-30T01:30:00Z,0,
GFS,BAUFI6,2025-06-30T02:00:00Z,0,
GFS,BAUFI6,2025-06-30T02:30:00Z,0,
GFS,BAUFI6,2025-06-30T03:00:00Z,0,
GFS,BAUFI6,2025-06-30T03:30:00Z,0,
GFS,BAUFI6,2025-06-30T04:00:00Z,0,
GFS,BAUFI6,2025-06-30T04:30:00Z,0,
GFS,BAUFI6,2025-06-30T05:00:00Z,0,
GFS,BAUFI6,2025-06-30T05:30:00Z,3.23,
GFS,BAUFI6,2025-06-30T06:00:00Z,6.46,
GFS,BAUFI6,2025-06-30T06:30:00Z,26.76,
GFS,BAUFI6,2025-06-30T07:00:00Z,47.06,
GFS,BAUFI6,2025-06-30T07:30:00Z,78.88,
GFS,BAUFI6,2025-06-30T08:00:00Z,110.7,
GFS,BAUFI6,2025-06-30T08:30:00Z,364.15,
GFS,BAUFI6,2025-06-30T09:00:00Z,617.6,
GFS,BAUFI6,2025-06-30T09:30:00Z,651.44,
GFS,BAUFI6,2025-06-30T10:00:00Z,685.28,
GFS,BAUFI6,2025-06-30T10:30:00Z,708.29,
GFS,BAUFI6,2025-06-30T11:00:00Z,731.3,
GFS,BAUFI6,2025-06-30T11:30:00Z,742.76,
GFS,BAUFI6,2025-06-30T12:00:00Z,754.22,
GFS,BAUFI6,2025-06-30T12:30:00Z,753.99,
GFS,BAUFI6,2025-06-30T13:00:00Z,753.76,
GFS,BAUFI6,2025-06-30T13:30:00Z,742.27,
GFS,BAUFI6,2025-06-30T14:00:00Z,730.78,
GFS,BAUFI6,2025-06-30T14:30:00Z,579.33,
GFS,BAUFI6,2025-06-30T15:00:00Z,427.88,
GFS,BAUFI6,2025-06-30T15:30:00Z,373.17,
GFS,BAUFI6,2025-06-30T16:00:00Z,318.46,
GFS,BAUFI6,2025-06-30T16:30:00Z,269.66,
GFS,BAUFI6,2025-06-30T17:00:00Z,220.86,
GFS,BAUFI6,2025-06-30T17:30:00Z,193.25,
GFS,BAUFI6,2025-06-30T18:00:00Z,165.64,
GFS,BAUFI6,2025-06-30T18:30:00Z,149.08,
GFS,BAUFI6,2025-06-30T19:00:00Z,132.52,
GFS,BAUFI6,2025-06-30T19:30:00Z,121.475,
GFS,BAUFI6,2025-06-30T20:00:00Z,110.43,
GFS,BAUFI6,2025-06-30T20:30:00Z,55.215,
GFS,BAUFI6,2025-06-30T21:00:00Z,0,
GFS,BAUFI6,2025-06-30T21:30:00Z,0,
GFS,BAUFI6,2025-06-30T22:00:00Z,0,
GFS,BAUFI6,2025-06-30T22:30:00Z,0,
GFS,BAUFI6,2025-06-30T23:00:00Z,0,
GFS,BAUFI6,2025-06-30T23:30:00Z,0,
GFS,BAUFI6,2025-07-01T00:00:00Z,0,
GFS,BAUFI6,2025-07-01T00:30:00Z,0,
GFS,BAUFI6,2025-07-01T01:00:00Z,0,
GFS,BAUFI6,2025-07-01T01:30:00Z,0,
GFS,BAUFI6,2025-07-01T02:00:00Z,0,
GFS,BAUFI6,2025-07-01T02:30:00Z,0,
GFS,BAUFI6,2025-07-01T03:00:00Z,0,
GFS,BAUFI6,2025-07-01T03:30:00Z,0,
GFS,BAUFI6,2025-07-01T04:00:00Z,0,
GFS,BAUFI6,2025-07-01T04:30:00Z,0,
GFS,BAUFI6,2025-07-01T05:00:00Z,0,
GFS,BAUFI6,2025-07-01T05:30:00Z,3.03,
GFS,BAUFI6,2025-07-01T06:00:00Z,6.06,
GFS,BAUFI6,2025-07-01T06:30:00Z,25.45,
GFS,BAUFI6,2025-07-01T07:00:00Z,44.84,
GFS,BAUFI6,2025-07-01T07:30:00Z,75.49,
GFS,BAUFI6,2025-07-01T08:00:00Z,106.14,
GFS,BAUFI6,2025-07-01T08:30:00Z,351.19,
GFS,BAUFI6,2025-07-01T09:00:00Z,596.24,
GFS,BAUFI6,2025-07-01T09:30:00Z,629.39,
GFS,BAUFI6,2025-07-01T10:00:00Z,662.54,
GFS,BAUFI6,2025-07-01T10:30:00Z,684.98,
GFS,BAUFI6,2025-07-01T11:00:00Z,707.42,
GFS,BAUFI6,2025-07-01T11:30:00Z,718.57,
GFS,BAUFI6,2025-07-01T12:00:00Z,729.72,
GFS,BAUFI6,2025-07-01T12:30:00Z,729.525,
GFS,BAUFI6,2025-07-01T13:00:00Z,729.33,
GFS,BAUFI6,2025-07-01T13:30:00Z,717.705,
GFS,BAUFI6,2025-07-01T14:00:00Z,706.08,
GFS,BAUFI6,2025-07-01T14:30:00Z,557.82,
GFS,BAUFI6,2025-07-01T15:00:00Z,409.56,
GFS,BAUFI6,2025-07-01T15:30:00Z,356.59,
GFS,BAUFI6,2025-07-01T16:00:00Z,303.62,
GFS,BAUFI6,2025-07-01T16:30:00Z,256.83,
GFS,BAUFI6,2025-07-01T17:00:00Z,210.04,
GFS,BAUFI6,2025-07-01T17:30:00Z,183.78,
GFS,BAUFI6,2025-07-01T18:00:00Z,157.52,
GFS,BAUFI6,2025-07-01T18:30:00Z,141.77,
GFS,BAUFI6,2025-07-01T19:00:00Z,126.02,
GFS,BAUFI6,2025-07-01T19:30:00Z,115.52,
GFS,BAUFI6,2025-07-01T20:00:00Z,105.02,
GFS,BAUFI6,2025-07-01T20:30:00Z,52.51,
GFS,BAUFI6,2025-07-01T21:00:00Z,0,
GFS,BAUFI6,2025-07-01T21:30:00Z,0,
GFS,BAUFI6,2025-07-01T22:00:00Z,0,
GFS,BAUFI6,2025-07-01T22:30:00Z,0,
GFS,BAUFI6,2025-07-01T23:00:00Z,0,
GFS,BAUFI6,2025-07-01T23:30:00Z,0,
GFS,BAUFI6,2025-07-02T00:00:00Z,0,
GFS,BAUFI6,2025-07-02T00:30:00Z,0,
GFS,BAUFI6,2025-07-02T01:00:00Z,0,
GFS,BAUFI6,2025-07-02T01:30:00Z,0,
GFS,BAUFI6,2025-07-02T02:00:00Z,0,
GFS,BAUFI6,2025-07-02T02:30:00Z,0,
GFS,BAUFI6,2025-07-02T03:00:00Z,0,
GFS,BAUFI6,2025-07-02T03:30:00Z,0,
GFS,BAUFI6,2025-07-02T04:00:00Z,0,
GFS,BAUFI6,2025-07-02T04:30:00Z,0,
GFS,BAUFI6,2025-07-02T05:00:00Z,0,
GFS,BAUFI6,2025-07-02T05:30:00Z,3.03,
GFS,BAUFI6,2025-07-02T06:00:00Z,6.06,
GFS,BAUFI6,2025-07-02T06:30:00Z,25.52,
GFS,BAUFI6,2025-07-02T07:00:00Z,44.98,
GFS,BAUFI6,2025-07-02T07:30:00Z,75.73,
GFS,BAUFI6,2025-07-02T08:00:00Z,106.48,
GFS,BAUFI6,2025-07-02T08:30:00Z,352.29,
GFS,BAUFI6,2025-07-02T09:00:00Z,598.1,
GFS,BAUFI6,2025-07-02T09:30:00Z,631.43,
GFS,BAUFI6,2025-07-02T10:00:00Z,664.76,
GFS,BAUFI6,2025-07-02T10:30:00Z,687.39,
GFS,BAUFI6,2025-07-02T11:00:00Z,710.02,
GFS,BAUFI6,2025-07-02T11:30:00Z,721.42,
GFS,BAUFI6,2025-07-02T12:00:00Z,732.82,
GFS,BAUFI6,2025-07-02T12:30:00Z,732.825,
GFS,BAUFI6,2025-07-02T13:00:00Z,732.83,
GFS,BAUFI6,2025-07-02T13:30:00Z,721.855,
GFS,BAUFI6,2025-07-02T14:00:00Z,710.88,
GFS,BAUFI6,2025-07-02T14:30:00Z,564.26,
GFS,BAUFI6,2025-07-02T15:00:00Z,417.64,
GFS,BAUFI6,2025-07-02T15:30:00Z,364.23,
GFS,BAUFI6,2025-07-02T16:00:00Z,310.82,
GFS,BAUFI6,2025-07-02T16:30:00Z,263.21,
GFS,BAUFI6,2025-07-02T17:00:00Z,215.6,
GFS,BAUFI6,2025-07-02T17:30:00Z,188.65,
GFS,BAUFI6,2025-07-02T18:00:00Z,161.7,
GFS,BAUFI6,2025-07-02T18:30:00Z,145.53,
GFS,BAUFI6,2025-07-02T19:00:00Z,129.36,
GFS,BAUFI6,2025-07-02T19:30:00Z,118.585,
GFS,BAUFI6,2025-07-02T20:00:00Z,107.81,
GFS,BAUFI6,2025-07-02T20:30:00Z,53.905,
GFS,BAUFI6,2025-07-02T21:00:00Z,0,
GFS,BAUFI6,2025-07-02T21:30:00Z,0,
GFS,BAUFI6,2025-07-02T22:00:00Z,0,
GFS,BAUFI6,2025-07-02T22:30:00Z,0,
GFS,BAUFI6,2025-07-02T23:00:00Z,0,
GFS,BAUFI6,2025-07-02T23:30:00Z,0,
GFS,BAUFI7,2025-06-03T00:00:00Z,0,
GFS,BAUFI7,2025-06-03T00:30:00Z,0,
GFS,BAUFI7,2025-06-03T01:00:00Z,0,
GFS,BAUFI7,2025-06-03T01:30:00Z,0,
GFS,BAUFI7,2025-06-03T02:00:00Z,0,
GFS,BAUFI7,2025-06-03T02:30:00Z,0,
GFS,BAUFI7,2025-06-03T03:00:00Z,0,
GFS,BAUFI7,2025-06-03T03:30:00Z,0,
GFS,BAUFI7,2025-06-03T04:00:00Z,0,
GFS,BAUFI7,2025-06-03T04:30:00Z,0,
GFS,BAUFI7,2025-06-03T05:00:00Z,0,
GFS,BAUFI7,2025-06-03T05:30:00Z,3.64,
GFS,BAUFI7,2025-06-03T06:00:00Z,7.28,
GFS,BAUFI7,2025-06-03T06:30:00Z,28.68,
GFS,BAUFI7,2025-06-03T07:00:00Z,50.08,
GFS,BAUFI7,2025-06-03T07:30:00Z,81.33,
GFS,BAUFI7,2025-06-03T08:00:00Z,112.58,
GFS,BAUFI7,2025-06-03T08:30:00Z,354.79,
GFS,BAUFI7,2025-06-03T09:00:00Z,597,
GFS,BAUFI7,2025-06-03T09:30:00Z,632.26,
GFS,BAUFI7,2025-06-03T10:00:00Z,667.52,
GFS,BAUFI7,2025-06-03T10:30:00Z,686.83,
GFS,BAUFI7,2025-06-03T11:00:00Z,706.14,
GFS,BAUFI7,2025-06-03T11:30:00Z,713.95,
GFS,BAUFI7,2025-06-03T12:00:00Z,721.76,
GFS,BAUFI7,2025-06-03T12:30:00Z,718.81,
GFS,BAUFI7,2025-06-03T13:00:00Z,715.86,
GFS,BAUFI7,2025-06-03T13:30:00Z,704.52,
GFS,BAUFI7,2025-06-03T14:00:00Z,693.18,
GFS,BAUFI7,2025-06-03T14:30:00Z,530.4,
GFS,BAUFI7,2025-06-03T15:00:00Z,367.62,
GFS,BAUFI7,2025-06-03T15:30:00Z,312.96,
GFS,BAUFI7,2025-06-03T16:00:00Z,258.3,
GFS,BAUFI7,2025-06-03T16:30:00Z,218.14,
GFS,BAUFI7,2025-06-03T17:00:00Z,177.98,
GFS,BAUFI7,2025-06-03T17:30:00Z,155.73,
GFS,BAUFI7,2025-06-03T18:00:00Z,133.48,
GFS,BAUFI7,2025-06-03T18:30:00Z,120.13,
GFS,BAUFI7,2025-06-03T19:00:00Z,106.78,
GFS,BAUFI7,2025-06-03T19:30:00Z,97.885,
GFS,BAUFI7,2025-06-03T20:00:00Z,88.99,
GFS,BAUFI7,2025-06-03T20:30:00Z,44.495,
GFS,BAUFI7,2025-06-03T21:00:00Z,0,
GFS,BAUFI7,2025-06-03T21:30:00Z,0,
GFS,BAUFI7,2025-06-03T22:00:00Z,0,
GFS,BAUFI7,2025-06-03T22:30:00Z,0,
GFS,BAUFI7,2025-06-03T23:00:00Z,0,
GFS,BAUFI7,2025-06-03T23:30:00Z,0,
GFS,BAUFI7,2025-06-04T00:00:00Z,0,
GFS,BAUFI7,2025-06-04T00:30:00Z,0,
GFS,BAUFI7,2025-06-04T01:00:00Z,0,
GFS,BAUFI7,2025-06-04T01:30:00Z,0,
GFS,BAUFI7,2025-06-04T02:00:00Z,0,
GFS,BAUFI7,2025-06-04T02:30:00Z,0,
GFS,BAUFI7,2025-06-04T03:00:00Z,0,
GFS,BAUFI7,2025-06-04T03:30:00Z,0,
GFS,BAUFI7,2025-06-04T04:00:00Z,0,
GFS,BAUFI7,2025-06-04T04:30:00Z,0,
GFS,BAUFI7,2025-06-04T05:00:00Z,0,
GFS,BAUFI7,2025-06-04T05:30:00Z,4.2,
GFS,BAUFI7,2025-06-04T06:00:00Z,8.4,
GFS,BAUFI7,2025-06-04T06:30:00Z,29.77,
GFS,BAUFI7,2025-06-04T07:00:00Z,51.14,
GFS,BAUFI7,2025-06-04T07:30:00Z,83.22,
GFS,BAUFI7,2025-06-04T08:00:00Z,115.3,
GFS,BAUFI7,2025-06-04T08:30:00Z,366.11,
GFS,BAUFI7,2025-06-04T09:00:00Z,616.92,
GFS,BAUFI7,2025-06-04T09:30:00Z,649.14,
GFS,BAUFI7,2025-06-04T10:00:00Z,681.36,
GFS,BAUFI7,2025-06-04T10:30:00Z,702.78,
GFS,BAUFI7,2025-06-04T11:00:00Z,724.2,
GFS,BAUFI7,2025-06-04T11:30:00Z,734.125,
GFS,BAUFI7,2025-06-04T12:00:00Z,744.05,
GFS,BAUFI7,2025-06-04T12:30:00Z,742.345,
GFS,BAUFI7,2025-06-04T13:00:00Z,740.64,
GFS,BAUFI7,2025-06-04T13:30:00Z,727.935,
GFS,BAUFI7,2025-06-04T14:00:00Z,715.23,
GFS,BAUFI7,2025-06-04T14:30:00Z,557.225,
GFS,BAUFI7,2025-06-04T15:00:00Z,399.22,
GFS,BAUFI7,2025-06-04T15:30:00Z,345.36,
GFS,BAUFI7,2025-06-04T16:00:00Z,291.5,
GFS,BAUFI7,2025-06-04T16:30:00Z,245.16,
GFS,BAUFI7,2025-06-04T17:00:00Z,198.82,
GFS,BAUFI7,2025-06-04T17:30:00Z,173.97,
GFS,BAUFI7,2025-06-04T18:00:00Z,149.12,
GFS,BAUFI7,2025-06-04T18:30:00Z,134.21,
GFS,BAUFI7,2025-06-04T19:00:00Z,119.3,
GFS,BAUFI7,2025-06-04T19:30:00Z,109.355,
GFS,BAUFI7,2025-06-04T20:00:00Z,99.41,
GFS,BAUFI7,2025-06-04T20:30:00Z,49.705,
GFS,BAUFI7,2025-06-04T21:00:00Z,0,
GFS,BAUFI7,2025-06-04T21:30:00Z,0,
GFS,BAUFI7,2025-06-04T22:00:00Z,0,
GFS,BAUFI7,2025-06-04T22:30:00Z,0,
GFS,BAUFI7,2025-06-04T23:00:00Z,0,
GFS,BAUFI7,2025-06-04T23:30:00Z,0,
GFS,BAUFI7,2025-06-05T00:00:00Z,0,
GFS,BAUFI7,2025-06-05T00:30:00Z,0,
GFS,BAUFI7,2025-06-05T01:00:00Z,0,
GFS,BAUFI7,2025-06-05T01:30:00Z,0,
GFS,BAUFI7,2025-06-05T02:00:00Z,0,
GFS,BAUFI7,2025-06-05T02:30:00Z,0,
GFS,BAUFI7,2025-06-05T03:00:00Z,0,
GFS,BAUFI7,2025-06-05T03:30:00Z,0,
GFS,BAUFI7,2025-06-05T04:00:00Z,0,
GFS,BAUFI7,2025-06-05T04:30:00Z,0,
GFS,BAUFI7,2025-06-05T05:00:00Z,0,
GFS,BAUFI7,2025-06-05T05:30:00Z,4.23,
GFS,BAUFI7,2025-06-05T06:00:00Z,8.46,
GFS,BAUFI7,2025-06-05T06:30:00Z,29.96,
GFS,BAUFI7,2025-06-05T07:00:00Z,51.46,
GFS,BAUFI7,2025-06-05T07:30:00Z,83.67,
GFS,BAUFI7,2025-06-05T08:00:00Z,115.88,
GFS,BAUFI7,2025-06-05T08:30:00Z,368.11,
GFS,BAUFI7,2025-06-05T09:00:00Z,620.34,
GFS,BAUFI7,2025-06-05T09:30:00Z,652.96,
GFS,BAUFI7,2025-06-05T10:00:00Z,685.58,
GFS,BAUFI7,2025-06-05T10:30:00Z,707.56,
GFS,BAUFI7,2025-06-05T11:00:00Z,729.54,
GFS,BAUFI7,2025-06-05T11:30:00Z,739.83,
GFS,BAUFI7,2025-06-05T12:00:00Z,750.12,
GFS,BAUFI7,2025-06-05T12:30:00Z,748.73,
GFS,BAUFI7,2025-06-05T13:00:00Z,747.34,
GFS,BAUFI7,2025-06-05T13:30:00Z,734.775,
GFS,BAUFI7,2025-06-05T14:00:00Z,722.21,
GFS,BAUFI7,2025-06-05T14:30:00Z,564.295,
GFS,BAUFI7,2025-06-05T15:00:00Z,406.38,
GFS,BAUFI7,2025-06-05T15:30:00Z,351.87,
GFS,BAUFI7,2025-06-05T16:00:00Z,297.36,
GFS,BAUFI7,2025-06-05T16:30:00Z,250.85,
GFS,BAUFI7,2025-06-05T17:00:00Z,204.34,
GFS,BAUFI7,2025-06-05T17:30:00Z,178.79,
GFS,BAUFI7,2025-06-05T18:00:00Z,153.24,
GFS,BAUFI7,2025-06-05T18:30:00Z,137.915,
GFS,BAUFI7,2025-06-05T19:00:00Z,122.59,
GFS,BAUFI7,2025-06-05T19:30:00Z,112.375,
GFS,BAUFI7,2025-06-05T20:00:00Z,102.16,
GFS,BAUFI7,2025-06-05T20:30:00Z,51.08,
GFS,BAUFI7,2025-06-05T21:00:00Z,0,
GFS,BAUFI7,2025-06-05T21:30:00Z,0,
GFS,BAUFI7,2025-06-05T22:00:00Z,0,
GFS,BAUFI7,2025-06-05T22:30:00Z,0,
GFS,BAUFI7,2025-06-05T23:00:00Z,0,
GFS,BAUFI7,2025-06-05T23:30:00Z,0,
GFS,BAUFI7,2025-06-06T00:00:00Z,0,
GFS,BAUFI7,2025-06-06T00:30:00Z,0,
GFS,BAUFI7,2025-06-06T01:00:00Z,0,
GFS,BAUFI7,2025-06-06T01:30:00Z,0,
GFS,BAUFI7,2025-06-06T02:00:00Z,0,
GFS,BAUFI7,2025-06-06T02:30:00Z,0,
GFS,BAUFI7,2025-06-06T03:00:00Z,0,
GFS,BAUFI7,2025-06-06T03:30:00Z,0,
GFS,BAUFI7,2025-06-06T04:00:00Z,0,
GFS,BAUFI7,2025-06-06T04:30:00Z,0,
GFS,BAUFI7,2025-06-06T05:00:00Z,0,
GFS,BAUFI7,2025-06-06T05:30:00Z,4.31,
GFS,BAUFI7,2025-06-06T06:00:00Z,8.62,
GFS,BAUFI7,2025-06-06T06:30:00Z,30.48,
GFS,BAUFI7,2025-06-06T07:00:00Z,52.34,
GFS,BAUFI7,2025-06-06T07:30:00Z,84.99,
GFS,BAUFI7,2025-06-06T08:00:00Z,117.64,
GFS,BAUFI7,2025-06-06T08:30:00Z,372.87,
GFS,BAUFI7,2025-06-06T09:00:00Z,628.1,
GFS,BAUFI7,2025-06-06T09:30:00Z,660.31,
GFS,BAUFI7,2025-06-06T10:00:00Z,692.52,
GFS,BAUFI7,2025-06-06T10:30:00Z,714.03,
GFS,BAUFI7,2025-06-06T11:00:00Z,735.54,
GFS,BAUFI7,2025-06-06T11:30:00Z,745.665,
GFS,BAUFI7,2025-06-06T12:00:00Z,755.79,
GFS,BAUFI7,2025-06-06T12:30:00Z,754.2,
GFS,BAUFI7,2025-06-06T13:00:00Z,752.61,
GFS,BAUFI7,2025-06-06T13:30:00Z,739.935,
GFS,BAUFI7,2025-06-06T14:00:00Z,727.26,
GFS,BAUFI7,2025-06-06T14:30:00Z,568.62,
GFS,BAUFI7,2025-06-06T15:00:00Z,409.98,
GFS,BAUFI7,2025-06-06T15:30:00Z,355.07,
GFS,BAUFI7,2025-06-06T16:00:00Z,300.16,
GFS,BAUFI7,2025-06-06T16:30:00Z,253.23,
GFS,BAUFI7,2025-06-06T17:00:00Z,206.3,
GFS,BAUFI7,2025-06-06T17:30:00Z,180.51,
GFS,BAUFI7,2025-06-06T18:00:00Z,154.72,
GFS,BAUFI7,2025-06-06T18:30:00Z,139.25,
GFS,BAUFI7,2025-06-06T19:00:00Z,123.78,
GFS,BAUFI7,2025-06-06T19:30:00Z,113.465,
GFS,BAUFI7,2025-06-06T20:00:00Z,103.15,
GFS,BAUFI7,2025-06-06T20:30:00Z,51.575,
GFS,BAUFI7,2025-06-06T21:00:00Z,0,
GFS,BAUFI7,2025-06-06T21:30:00Z,0,
GFS,BAUFI7,2025-06-06T22:00:00Z,0,
GFS,BAUFI7,2025-06-06T22:30:00Z,0,
GFS,BAUFI7,2025-06-06T23:00:00Z,0,
GFS,BAUFI7,2025-06-06T23:30:00Z,0,
GFS,BAUFI7,2025-06-07T00:00:00Z,0,
GFS,BAUFI7,2025-06-07T00:30:00Z,0,
GFS,BAUFI7,2025-06-07T01:00:00Z,0,
GFS,BAUFI7,2025-06-07T01:30:00Z,0,
GFS,BAUFI7,2025-06-07T02:00:00Z,0,
GFS,BAUFI7,2025-06-07T02:30:00Z,0,
GFS,BAUFI7,2025-06-07T03:00:00Z,0,
GFS,BAUFI7,2025-06-07T03:30:00Z,0,
GFS,BAUFI7,2025-06-07T04:00:00Z,0,
GFS,BAUFI7,2025-06-07T04:30:00Z,0,
GFS,BAUFI7,2025-06-07T05:00:00Z,0,
GFS,BAUFI7,2025-06-07T05:30:00Z,4.22,
GFS,BAUFI7,2025-06-07T06:00:00Z,8.44,
GFS,BAUFI7,2025-06-07T06:30:00Z,30.04,
GFS,BAUFI7,2025-06-07T07:00:00Z,51.64,
GFS,BAUFI7,2025-06-07T07:30:00Z,84.1,
GFS,BAUFI7,2025-06-07T08:00:00Z,116.56,
GFS,BAUFI7,2025-06-07T08:30:00Z,370.84,
GFS,BAUFI7,2025-06-07T09:00:00Z,625.12,
GFS,BAUFI7,2025-06-07T09:30:00Z,657.46,
GFS,BAUFI7,2025-06-07T10:00:00Z,689.8,
GFS,BAUFI7,2025-06-07T10:30:00Z,711.59,
GFS,BAUFI7,2025-06-07T11:00:00Z,733.38,
GFS,BAUFI7,2025-06-07T11:30:00Z,743.53,
GFS,BAUFI7,2025-06-07T12:00:00Z,753.68,
GFS,BAUFI7,2025-06-07T12:30:00Z,752.095,
GFS,BAUFI7,2025-06-07T13:00:00Z,750.51,
GFS,BAUFI7,2025-06-07T13:30:00Z,737.765,
GFS,BAUFI7,2025-06-07T14:00:00Z,725.02,
GFS,BAUFI7,2025-06-07T14:30:00Z,565.82,
GFS,BAUFI7,2025-06-07T15:00:00Z,406.62,
GFS,BAUFI7,2025-06-07T15:30:00Z,352.02,
GFS,BAUFI7,2025-06-07T16:00:00Z,297.42,
GFS,BAUFI7,2025-06-07T16:30:00Z,250.91,
GFS,BAUFI7,2025-06-07T17:00:00Z,204.4,
GFS,BAUFI7,2025-06-07T17:30:00Z,178.85,
GFS,BAUFI7,2025-06-07T18:00:00Z,153.3,
GFS,BAUFI7,2025-06-07T18:30:00Z,137.97,
GFS,BAUFI7,2025-06-07T19:00:00Z,122.64,
GFS,BAUFI7,2025-06-07T19:30:00Z,112.415,
GFS,BAUFI7,2025-06-07T20:00:00Z,102.19,
GFS,BAUFI7,2025-06-07T20:30:00Z,51.095,
GFS,BAUFI7,2025-06-07T21:00:00Z,0,
GFS,BAUFI7,2025-06-07T21:30:00Z,0,
GFS,BAUFI7,2025-06-07T22:00:00Z,0,
GFS,BAUFI7,2025-06-07T22:30:00Z,0,
GFS,BAUFI7,2025-06-07T23:00:00Z,0,
GFS,BAUFI7,2025-06-07T23:30:00Z,0,
GFS,BAUFI7,2025-06-08T00:00:00Z,0,
GFS,BAUFI7,2025-06-08T00:30:00Z,0,
GFS,BAUFI7,2025-06-08T01:00:00Z,0,
GFS,BAUFI7,2025-06-08T01:30:00Z,0,
GFS,BAUFI7,2025-06-08T02:00:00Z,0,
GFS,BAUFI7,2025-06-08T02:30:00Z,0,
GFS,BAUFI7,2025-06-08T03:00:00Z,0,
GFS,BAUFI7,2025-06-08T03:30:00Z,0,
GFS,BAUFI7,2025-06-08T04:00:00Z,0,
GFS,BAUFI7,2025-06-08T04:30:00Z,0,
GFS,BAUFI7,2025-06-08T05:00:00Z,0,
GFS,BAUFI7,2025-06-08T05:30:00Z,4.04,
GFS,BAUFI7,2025-06-08T06:00:00Z,8.08,
GFS,BAUFI7,2025-06-08T06:30:00Z,29.39,
GFS,BAUFI7,2025-06-08T07:00:00Z,50.7,
GFS,BAUFI7,2025-06-08T07:30:00Z,82.07,
GFS,BAUFI7,2025-06-08T08:00:00Z,113.44,
GFS,BAUFI7,2025-06-08T08:30:00Z,351.85,
GFS,BAUFI7,2025-06-08T09:00:00Z,590.26,
GFS,BAUFI7,2025-06-08T09:30:00Z,626.66,
GFS,BAUFI7,2025-06-08T10:00:00Z,663.06,
GFS,BAUFI7,2025-06-08T10:30:00Z,687.34,
GFS,BAUFI7,2025-06-08T11:00:00Z,711.62,
GFS,BAUFI7,2025-06-08T11:30:00Z,723.45,
GFS,BAUFI7,2025-06-08T12:00:00Z,735.28,
GFS,BAUFI7,2025-06-08T12:30:00Z,734.33,
GFS,BAUFI7,2025-06-08T13:00:00Z,733.38,
GFS,BAUFI7,2025-06-08T13:30:00Z,719.26,
GFS,BAUFI7,2025-06-08T14:00:00Z,705.14,
GFS,BAUFI7,2025-06-08T14:30:00Z,530.9,
GFS,BAUFI7,2025-06-08T15:00:00Z,356.66,
GFS,BAUFI7,2025-06-08T15:30:00Z,305.71,
GFS,BAUFI7,2025-06-08T16:00:00Z,254.76,
GFS,BAUFI7,2025-06-08T16:30:00Z,215.07,
GFS,BAUFI7,2025-06-08T17:00:00Z,175.38,
GFS,BAUFI7,2025-06-08T17:30:00Z,153.46,
GFS,BAUFI7,2025-06-08T18:00:00Z,131.54,
GFS,BAUFI7,2025-06-08T18:30:00Z,118.38,
GFS,BAUFI7,2025-06-08T19:00:00Z,105.22,
GFS,BAUFI7,2025-06-08T19:30:00Z,96.46,
GFS,BAUFI7,2025-06-08T20:00:00Z,87.7,
GFS,BAUFI7,2025-06-08T20:30:00Z,43.85,
GFS,BAUFI7,2025-06-08T21:00:00Z,0,
GFS,BAUFI7,2025-06-08T21:30:00Z,0,
GFS,BAUFI7,2025-06-08T22:00:00Z,0,
GFS,BAUFI7,2025-06-08T22:30:00Z,0,
GFS,BAUFI7,2025-06-08T23:00:00Z,0,
GFS,BAUFI7,2025-06-08T23:30:00Z,0,
GFS,BAUFI7,2025-06-09T00:00:00Z,0,
GFS,BAUFI7,2025-06-09T00:30:00Z,0,
GFS,BAUFI7,2025-06-09T01:00:00Z,0,
GFS,BAUFI7,2025-06-09T01:30:00Z,0,
GFS,BAUFI7,2025-06-09T02:00:00Z,0,
GFS,BAUFI7,2025-06-09T02:30:00Z,0,
GFS,BAUFI7,2025-06-09T03:00:00Z,0,
GFS,BAUFI7,2025-06-09T03:30:00Z,0,
GFS,BAUFI7,2025-06-09T04:00:00Z,0,
GFS,BAUFI7,2025-06-09T04:30:00Z,0,
GFS,BAUFI7,2025-06-09T05:00:00Z,0,
GFS,BAUFI7,2025-06-09T05:30:00Z,4.23,
GFS,BAUFI7,2025-06-09T06:00:00Z,8.46,
GFS,BAUFI7,2025-06-09T06:30:00Z,30.39,
GFS,BAUFI7,2025-06-09T07:00:00Z,52.32,
GFS,BAUFI7,2025-06-09T07:30:00Z,83.975,
GFS,BAUFI7,2025-06-09T08:00:00Z,115.63,
GFS,BAUFI7,2025-06-09T08:30:00Z,373.005,
GFS,BAUFI7,2025-06-09T09:00:00Z,630.38,
GFS,BAUFI7,2025-06-09T09:30:00Z,663.02,
GFS,BAUFI7,2025-06-09T10:00:00Z,695.66,
GFS,BAUFI7,2025-06-09T10:30:00Z,717.37,
GFS,BAUFI7,2025-06-09T11:00:00Z,739.08,
GFS,BAUFI7,2025-06-09T11:30:00Z,748.65,
GFS,BAUFI7,2025-06-09T12:00:00Z,758.22,
GFS,BAUFI7,2025-06-09T12:30:00Z,753.48,
GFS,BAUFI7,2025-06-09T13:00:00Z,748.74,
GFS,BAUFI7,2025-06-09T13:30:00Z,736.555,
GFS,BAUFI7,2025-06-09T14:00:00Z,724.37,
GFS,BAUFI7,2025-06-09T14:30:00Z,568.445,
GFS,BAUFI7,2025-06-09T15:00:00Z,412.52,
GFS,BAUFI7,2025-06-09T15:30:00Z,357.46,
GFS,BAUFI7,2025-06-09T16:00:00Z,302.4,
GFS,BAUFI7,2025-06-09T16:30:00Z,255.13,
GFS,BAUFI7,2025-06-09T17:00:00Z,207.86,
GFS,BAUFI7,2025-06-09T17:30:00Z,181.88,
GFS,BAUFI7,2025-06-09T18:00:00Z,155.9,
GFS,BAUFI7,2025-06-09T18:30:00Z,140.31,
GFS,BAUFI7,2025-06-09T19:00:00Z,124.72,
GFS,BAUFI7,2025-06-09T19:30:00Z,114.33,
GFS,BAUFI7,2025-06-09T20:00:00Z,103.94,
GFS,BAUFI7,2025-06-09T20:30:00Z,51.97,
GFS,BAUFI7,2025-06-09T21:00:00Z,0,
GFS,BAUFI7,2025-06-09T21:30:00Z,0,
GFS,BAUFI7,2025-06-09T22:00:00Z,0,
GFS,BAUFI7,2025-06-09T22:30:00Z,0,
GFS,BAUFI7,2025-06-09T23:00:00Z,0,
GFS,BAUFI7,2025-06-09T23:30:00Z,0,
GFS,BAUFI7,2025-06-10T00:00:00Z,0,
GFS,BAUFI7,2025-06-10T00:30:00Z,0,
GFS,BAUFI7,2025-06-10T01:00:00Z,0,
GFS,BAUFI7,2025-06-10T01:30:00Z,0,
GFS,BAUFI7,2025-06-10T02:00:00Z,0,
GFS,BAUFI7,2025-06-10T02:30:00Z,0,
GFS,BAUFI7,2025-06-10T03:00:00Z,0,
GFS,BAUFI7,2025-06-10T03:30:00Z,0,
GFS,BAUFI7,2025-06-10T04:00:00Z,0,
GFS,BAUFI7,2025-06-10T04:30:00Z,0,
GFS,BAUFI7,2025-06-10T05:00:00Z,0,
GFS,BAUFI7,2025-06-10T05:30:00Z,4.06,
GFS,BAUFI7,2025-06-10T06:00:00Z,8.12,
GFS,BAUFI7,2025-06-10T06:30:00Z,29.59,
GFS,BAUFI7,2025-06-10T07:00:00Z,51.06,
GFS,BAUFI7,2025-06-10T07:30:00Z,83.41,
GFS,BAUFI7,2025-06-10T08:00:00Z,115.76,
GFS,BAUFI7,2025-06-10T08:30:00Z,369.24,
GFS,BAUFI7,2025-06-10T09:00:00Z,622.72,
GFS,BAUFI7,2025-06-10T09:30:00Z,655.42,
GFS,BAUFI7,2025-06-10T10:00:00Z,688.12,
GFS,BAUFI7,2025-06-10T10:30:00Z,709.93,
GFS,BAUFI7,2025-06-10T11:00:00Z,731.74,
GFS,BAUFI7,2025-06-10T11:30:00Z,741.91,
GFS,BAUFI7,2025-06-10T12:00:00Z,752.08,
GFS,BAUFI7,2025-06-10T12:30:00Z,750.655,
GFS,BAUFI7,2025-06-10T13:00:00Z,749.23,
GFS,BAUFI7,2025-06-10T13:30:00Z,736.695,
GFS,BAUFI7,2025-06-10T14:00:00Z,724.16,
GFS,BAUFI7,2025-06-10T14:30:00Z,566.26,
GFS,BAUFI7,2025-06-10T15:00:00Z,408.36,
GFS,BAUFI7,2025-06-10T15:30:00Z,353.74,
GFS,BAUFI7,2025-06-10T16:00:00Z,299.12,
GFS,BAUFI7,2025-06-10T16:30:00Z,252.38,
GFS,BAUFI7,2025-06-10T17:00:00Z,205.64,
GFS,BAUFI7,2025-06-10T17:30:00Z,179.93,
GFS,BAUFI7,2025-06-10T18:00:00Z,154.22,
GFS,BAUFI7,2025-06-10T18:30:00Z,138.8,
GFS,BAUFI7,2025-06-10T19:00:00Z,123.38,
GFS,BAUFI7,2025-06-10T19:30:00Z,113.1,
GFS,BAUFI7,2025-06-10T20:00:00Z,102.82,
GFS,BAUFI7,2025-06-10T20:30:00Z,51.41,
GFS,BAUFI7,2025-06-10T21:00:00Z,0,
GFS,BAUFI7,2025-06-10T21:30:00Z,0,
GFS,BAUFI7,2025-06-10T22:00:00Z,0,
GFS,BAUFI7,2025-06-10T22:30:00Z,0,
GFS,BAUFI7,2025-06-10T23:00:00Z,0,
GFS,BAUFI7,2025-06-10T23:30:00Z,0,
GFS,BAUFI7,2025-06-11T00:00:00Z,0,
GFS,BAUFI7,2025-06-11T00:30:00Z,0,
GFS,BAUFI7,2025-06-11T01:00:00Z,0,
GFS,BAUFI7,2025-06-11T01:30:00Z,0,
GFS,BAUFI7,2025-06-11T02:00:00Z,0,
GFS,BAUFI7,2025-06-11T02:30:00Z,0,
GFS,BAUFI7,2025-06-11T03:00:00Z,0,
GFS,BAUFI7,2025-06-11T03:30:00Z,0,
GFS,BAUFI7,2025-06-11T04:00:00Z,0,
GFS,BAUFI7,2025-06-11T04:30:00Z,0,
GFS,BAUFI7,2025-06-11T05:00:00Z,0,
GFS,BAUFI7,2025-06-11T05:30:00Z,3.74,
GFS,BAUFI7,2025-06-11T06:00:00Z,7.48,
GFS,BAUFI7,2025-06-11T06:30:00Z,28.67,
GFS,BAUFI7,2025-06-11T07:00:00Z,49.86,
GFS,BAUFI7,2025-06-11T07:30:00Z,81.825,
GFS,BAUFI7,2025-06-11T08:00:00Z,113.79,
GFS,BAUFI7,2025-06-11T08:30:00Z,364.675,
GFS,BAUFI7,2025-06-11T09:00:00Z,615.56,
GFS,BAUFI7,2025-06-11T09:30:00Z,648.01,
GFS,BAUFI7,2025-06-11T10:00:00Z,680.46,
GFS,BAUFI7,2025-06-11T10:30:00Z,702.2,
GFS,BAUFI7,2025-06-11T11:00:00Z,723.94,
GFS,BAUFI7,2025-06-11T11:30:00Z,734.13,
GFS,BAUFI7,2025-06-11T12:00:00Z,744.32,
GFS,BAUFI7,2025-06-11T12:30:00Z,742.825,
GFS,BAUFI7,2025-06-11T13:00:00Z,741.33,
GFS,BAUFI7,2025-06-11T13:30:00Z,728.77,
GFS,BAUFI7,2025-06-11T14:00:00Z,716.21,
GFS,BAUFI7,2025-06-11T14:30:00Z,559.395,
GFS,BAUFI7,2025-06-11T15:00:00Z,402.58,
GFS,BAUFI7,2025-06-11T15:30:00Z,346.69,
GFS,BAUFI7,2025-06-11T16:00:00Z,290.8,
GFS,BAUFI7,2025-06-11T16:30:00Z,245.32,
GFS,BAUFI7,2025-06-11T17:00:00Z,199.84,
GFS,BAUFI7,2025-06-11T17:30:00Z,174.86,
GFS,BAUFI7,2025-06-11T18:00:00Z,149.88,
GFS,BAUFI7,2025-06-11T18:30:00Z,134.89,
GFS,BAUFI7,2025-06-11T19:00:00Z,119.9,
GFS,BAUFI7,2025-06-11T19:30:00Z,109.91,
GFS,BAUFI7,2025-06-11T20:00:00Z,99.92,
GFS,BAUFI7,2025-06-11T20:30:00Z,49.96,
GFS,BAUFI7,2025-06-11T21:00:00Z,0,
GFS,BAUFI7,2025-06-11T21:30:00Z,0,
GFS,BAUFI7,2025-06-11T22:00:00Z,0,
GFS,BAUFI7,2025-06-11T22:30:00Z,0,
GFS,BAUFI7,2025-06-11T23:00:00Z,0,
GFS,BAUFI7,2025-06-11T23:30:00Z,0,
GFS,BAUFI7,2025-06-12T00:00:00Z,0,
GFS,BAUFI7,2025-06-12T00:30:00Z,0,
GFS,BAUFI7,2025-06-12T01:00:00Z,0,
GFS,BAUFI7,2025-06-12T01:30:00Z,0,
GFS,BAUFI7,2025-06-12T02:00:00Z,0,
GFS,BAUFI7,2025-06-12T02:30:00Z,0,
GFS,BAUFI7,2025-06-12T03:00:00Z,0,
GFS,BAUFI7,2025-06-12T03:30:00Z,0,
GFS,BAUFI7,2025-06-12T04:00:00Z,0,
GFS,BAUFI7,2025-06-12T04:30:00Z,0,
GFS,BAUFI7,2025-06-12T05:00:00Z,0,
GFS,BAUFI7,2025-06-12T05:30:00Z,3.75,
GFS,BAUFI7,2025-06-12T06:00:00Z,7.5,
GFS,BAUFI7,2025-06-12T06:30:00Z,28.14,
GFS,BAUFI7,2025-06-12T07:00:00Z,48.78,
GFS,BAUFI7,2025-06-12T07:30:00Z,79.99,
GFS,BAUFI7,2025-06-12T08:00:00Z,111.2,
GFS,BAUFI7,2025-06-12T08:30:00Z,357.97,
GFS,BAUFI7,2025-06-12T09:00:00Z,604.74,
GFS,BAUFI7,2025-06-12T09:30:00Z,637.36,
GFS,BAUFI7,2025-06-12T10:00:00Z,669.98,
GFS,BAUFI7,2025-06-12T10:30:00Z,691.49,
GFS,BAUFI7,2025-06-12T11:00:00Z,713,
GFS,BAUFI7,2025-06-12T11:30:00Z,722.86,
GFS,BAUFI7,2025-06-12T12:00:00Z,732.72,
GFS,BAUFI7,2025-06-12T12:30:00Z,731.2,
GFS,BAUFI7,2025-06-12T13:00:00Z,729.68,
GFS,BAUFI7,2025-06-12T13:30:00Z,716.59,
GFS,BAUFI7,2025-06-12T14:00:00Z,703.5,
GFS,BAUFI7,2025-06-12T14:30:00Z,528.88,
GFS,BAUFI7,2025-06-12T15:00:00Z,354.26,
GFS,BAUFI7,2025-06-12T15:30:00Z,280.07,
GFS,BAUFI7,2025-06-12T16:00:00Z,205.88,
GFS,BAUFI7,2025-06-12T16:30:00Z,171.82,
GFS,BAUFI7,2025-06-12T17:00:00Z,137.76,
GFS,BAUFI7,2025-06-12T17:30:00Z,120.54,
GFS,BAUFI7,2025-06-12T18:00:00Z,103.32,
GFS,BAUFI7,2025-06-12T18:30:00Z,92.98,
GFS,BAUFI7,2025-06-12T19:00:00Z,82.64,
GFS,BAUFI7,2025-06-12T19:30:00Z,75.76,
GFS,BAUFI7,2025-06-12T20:00:00Z,68.88,
GFS,BAUFI7,2025-06-12T20:30:00Z,34.44,
GFS,BAUFI7,2025-06-12T21:00:00Z,0,
GFS,BAUFI7,2025-06-12T21:30:00Z,0,
GFS,BAUFI7,2025-06-12T22:00:00Z,0,
GFS,BAUFI7,2025-06-12T22:30:00Z,0,
GFS,BAUFI7,2025-06-12T23:00:00Z,0,
GFS,BAUFI7,2025-06-12T23:30:00Z,0,
GFS,BAUFI7,2025-06-13T00:00:00Z,0,
GFS,BAUFI7,2025-06-13T00:30:00Z,0,
GFS,BAUFI7,2025-06-13T01:00:00Z,0,
GFS,BAUFI7,2025-06-13T01:30:00Z,0,
GFS,BAUFI7,2025-06-13T02:00:00Z,0,
GFS,BAUFI7,2025-06-13T02:30:00Z,0,
GFS,BAUFI7,2025-06-13T03:00:00Z,0,
GFS,BAUFI7,2025-06-13T03:30:00Z,0,
GFS,BAUFI7,2025-06-13T04:00:00Z,0,
GFS,BAUFI7,2025-06-13T04:30:00Z,0,
GFS,BAUFI7,2025-06-13T05:00:00Z,0,
GFS,BAUFI7,2025-06-13T05:30:00Z,3.54,
GFS,BAUFI7,2025-06-13T06:00:00Z,7.08,
GFS,BAUFI7,2025-06-13T06:30:00Z,26.91,
GFS,BAUFI7,2025-06-13T07:00:00Z,46.74,
GFS,BAUFI7,2025-06-13T07:30:00Z,77.36,
GFS,BAUFI7,2025-06-13T08:00:00Z,107.98,
GFS,BAUFI7,2025-06-13T08:30:00Z,351.02,
GFS,BAUFI7,2025-06-13T09:00:00Z,594.06,
GFS,BAUFI7,2025-06-13T09:30:00Z,626.89,
GFS,BAUFI7,2025-06-13T10:00:00Z,659.72,
GFS,BAUFI7,2025-06-13T10:30:00Z,681.62,
GFS,BAUFI7,2025-06-13T11:00:00Z,703.52,
GFS,BAUFI7,2025-06-13T11:30:00Z,714.04,
GFS,BAUFI7,2025-06-13T12:00:00Z,724.56,
GFS,BAUFI7,2025-06-13T12:30:00Z,723.43,
GFS,BAUFI7,2025-06-13T13:00:00Z,722.3,
GFS,BAUFI7,2025-06-13T13:30:00Z,695.455,
GFS,BAUFI7,2025-06-13T14:00:00Z,668.61,
GFS,BAUFI7,2025-06-13T14:30:00Z,367.735,
GFS,BAUFI7,2025-06-13T15:00:00Z,66.86,
GFS,BAUFI7,2025-06-13T15:30:00Z,58.64,
GFS,BAUFI7,2025-06-13T16:00:00Z,50.42,
GFS,BAUFI7,2025-06-13T16:30:00Z,43.16,
GFS,BAUFI7,2025-06-13T17:00:00Z,35.9,
GFS,BAUFI7,2025-06-13T17:30:00Z,31.41,
GFS,BAUFI7,2025-06-13T18:00:00Z,26.92,
GFS,BAUFI7,2025-06-13T18:30:00Z,24.23,
GFS,BAUFI7,2025-06-13T19:00:00Z,21.54,
GFS,BAUFI7,2025-06-13T19:30:00Z,19.745,
GFS,BAUFI7,2025-06-13T20:00:00Z,17.95,
GFS,BAUFI7,2025-06-13T20:30:00Z,8.975,
GFS,BAUFI7,2025-06-13T21:00:00Z,0,
GFS,BAUFI7,2025-06-13T21:30:00Z,0,
GFS,BAUFI7,2025-06-13T22:00:00Z,0,
GFS,BAUFI7,2025-06-13T22:30:00Z,0,
GFS,BAUFI7,2025-06-13T23:00:00Z,0,
GFS,BAUFI7,2025-06-13T23:30:00Z,0,
GFS,BAUFI7,2025-06-14T00:00:00Z,0,
GFS,BAUFI7,2025-06-14T00:30:00Z,0,
GFS,BAUFI7,2025-06-14T01:00:00Z,0,
GFS,BAUFI7,2025-06-14T01:30:00Z,0,
GFS,BAUFI7,2025-06-14T02:00:00Z,0,
GFS,BAUFI7,2025-06-14T02:30:00Z,0,
GFS,BAUFI7,2025-06-14T03:00:00Z,0,
GFS,BAUFI7,2025-06-14T03:30:00Z,0,
GFS,BAUFI7,2025-06-14T04:00:00Z,0,
GFS,BAUFI7,2025-06-14T04:30:00Z,0,
GFS,BAUFI7,2025-06-14T05:00:00Z,0,
GFS,BAUFI7,2025-06-14T05:30:00Z,3.5,
GFS,BAUFI7,2025-06-14T06:00:00Z,7,
GFS,BAUFI7,2025-06-14T06:30:00Z,26.93,
GFS,BAUFI7,2025-06-14T07:00:00Z,46.86,
GFS,BAUFI7,2025-06-14T07:30:00Z,77.76,
GFS,BAUFI7,2025-06-14T08:00:00Z,108.66,
GFS,BAUFI7,2025-06-14T08:30:00Z,354.18,
GFS,BAUFI7,2025-06-14T09:00:00Z,599.7,
GFS,BAUFI7,2025-06-14T09:30:00Z,632.01,
GFS,BAUFI7,2025-06-14T10:00:00Z,664.32,
GFS,BAUFI7,2025-06-14T10:30:00Z,685.99,
GFS,BAUFI7,2025-06-14T11:00:00Z,707.66,
GFS,BAUFI7,2025-06-14T11:30:00Z,718,
GFS,BAUFI7,2025-06-14T12:00:00Z,728.34,
GFS,BAUFI7,2025-06-14T12:30:00Z,727.37,
GFS,BAUFI7,2025-06-14T13:00:00Z,726.4,
GFS,BAUFI7,2025-06-14T13:30:00Z,714.44,
GFS,BAUFI7,2025-06-14T14:00:00Z,702.48,
GFS,BAUFI7,2025-06-14T14:30:00Z,550.28,
GFS,BAUFI7,2025-06-14T15:00:00Z,398.08,
GFS,BAUFI7,2025-06-14T15:30:00Z,344.91,
GFS,BAUFI7,2025-06-14T16:00:00Z,291.74,
GFS,BAUFI7,2025-06-14T16:30:00Z,246.23,
GFS,BAUFI7,2025-06-14T17:00:00Z,200.72,
GFS,BAUFI7,2025-06-14T17:30:00Z,175.63,
GFS,BAUFI7,2025-06-14T18:00:00Z,150.54,
GFS,BAUFI7,2025-06-14T18:30:00Z,135.49,
GFS,BAUFI7,2025-06-14T19:00:00Z,120.44,
GFS,BAUFI7,2025-06-14T19:30:00Z,110.395,
GFS,BAUFI7,2025-06-14T20:00:00Z,100.35,
GFS,BAUFI7,2025-06-14T20:30:00Z,50.175,
GFS,BAUFI7,2025-06-14T21:00:00Z,0,
GFS,BAUFI7,2025-06-14T21:30:00Z,0,
GFS,BAUFI7,2025-06-14T22:00:00Z,0,
GFS,BAUFI7,2025-06-14T22:30:00Z,0,
GFS,BAUFI7,2025-06-14T23:00:00Z,0,
GFS,BAUFI7,2025-06-14T23:30:00Z,0,
GFS,BAUFI7,2025-06-15T00:00:00Z,0,
GFS,BAUFI7,2025-06-15T00:30:00Z,0,
GFS,BAUFI7,2025-06-15T01:00:00Z,0,
GFS,BAUFI7,2025-06-15T01:30:00Z,0,
GFS,BAUFI7,2025-06-15T02:00:00Z,0,
GFS,BAUFI7,2025-06-15T02:30:00Z,0,
GFS,BAUFI7,2025-06-15T03:00:00Z,0,
GFS,BAUFI7,2025-06-15T03:30:00Z,0,
GFS,BAUFI7,2025-06-15T04:00:00Z,0,
GFS,BAUFI7,2025-06-15T04:30:00Z,0,
GFS,BAUFI7,2025-06-15T05:00:00Z,0,
GFS,BAUFI7,2025-06-15T05:30:00Z,3.6,
GFS,BAUFI7,2025-06-15T06:00:00Z,7.2,
GFS,BAUFI7,2025-06-15T06:30:00Z,27.65,
GFS,BAUFI7,2025-06-15T07:00:00Z,48.1,
GFS,BAUFI7,2025-06-15T07:30:00Z,79.59,
GFS,BAUFI7,2025-06-15T08:00:00Z,111.08,
GFS,BAUFI7,2025-06-15T08:30:00Z,360.84,
GFS,BAUFI7,2025-06-15T09:00:00Z,610.6,
GFS,BAUFI7,2025-06-15T09:30:00Z,643.73,
GFS,BAUFI7,2025-06-15T10:00:00Z,676.86,
GFS,BAUFI7,2025-06-15T10:30:00Z,699.2,
GFS,BAUFI7,2025-06-15T11:00:00Z,721.54,
GFS,BAUFI7,2025-06-15T11:30:00Z,732.28,
GFS,BAUFI7,2025-06-15T12:00:00Z,743.02,
GFS,BAUFI7,2025-06-15T12:30:00Z,742.095,
GFS,BAUFI7,2025-06-15T13:00:00Z,741.17,
GFS,BAUFI7,2025-06-15T13:30:00Z,729.095,
GFS,BAUFI7,2025-06-15T14:00:00Z,717.02,
GFS,BAUFI7,2025-06-15T14:30:00Z,562.42,
GFS,BAUFI7,2025-06-15T15:00:00Z,407.82,
GFS,BAUFI7,2025-06-15T15:30:00Z,353.73,
GFS,BAUFI7,2025-06-15T16:00:00Z,299.64,
GFS,BAUFI7,2025-06-15T16:30:00Z,252.98,
GFS,BAUFI7,2025-06-15T17:00:00Z,206.32,
GFS,BAUFI7,2025-06-15T17:30:00Z,180.53,
GFS,BAUFI7,2025-06-15T18:00:00Z,154.74,
GFS,BAUFI7,2025-06-15T18:30:00Z,139.27,
GFS,BAUFI7,2025-06-15T19:00:00Z,123.8,
GFS,BAUFI7,2025-06-15T19:30:00Z,113.485,
GFS,BAUFI7,2025-06-15T20:00:00Z,103.17,
GFS,BAUFI7,2025-06-15T20:30:00Z,51.585,
GFS,BAUFI7,2025-06-15T21:00:00Z,0,
GFS,BAUFI7,2025-06-15T21:30:00Z,0,
GFS,BAUFI7,2025-06-15T22:00:00Z,0,
GFS,BAUFI7,2025-06-15T22:30:00Z,0,
GFS,BAUFI7,2025-06-15T23:00:00Z,0,
GFS,BAUFI7,2025-06-15T23:30:00Z,0,
GFS,BAUFI7,2025-06-16T00:00:00Z,0,
GFS,BAUFI7,2025-06-16T00:30:00Z,0,
GFS,BAUFI7,2025-06-16T01:00:00Z,0,
GFS,BAUFI7,2025-06-16T01:30:00Z,0,
GFS,BAUFI7,2025-06-16T02:00:00Z,0,
GFS,BAUFI7,2025-06-16T02:30:00Z,0,
GFS,BAUFI7,2025-06-16T03:00:00Z,0,
GFS,BAUFI7,2025-06-16T03:30:00Z,0,
GFS,BAUFI7,2025-06-16T04:00:00Z,0,
GFS,BAUFI7,2025-06-16T04:30:00Z,0,
GFS,BAUFI7,2025-06-16T05:00:00Z,0,
GFS,BAUFI7,2025-06-16T05:30:00Z,3.6,
GFS,BAUFI7,2025-06-16T06:00:00Z,7.2,
GFS,BAUFI7,2025-06-16T06:30:00Z,27.71,
GFS,BAUFI7,2025-06-16T07:00:00Z,48.22,
GFS,BAUFI7,2025-06-16T07:30:00Z,79.7,
GFS,BAUFI7,2025-06-16T08:00:00Z,111.18,
GFS,BAUFI7,2025-06-16T08:30:00Z,359.22,
GFS,BAUFI7,2025-06-16T09:00:00Z,607.26,
GFS,BAUFI7,2025-06-16T09:30:00Z,639.67,
GFS,BAUFI7,2025-06-16T10:00:00Z,672.08,
GFS,BAUFI7,2025-06-16T10:30:00Z,693.63,
GFS,BAUFI7,2025-06-16T11:00:00Z,715.18,
GFS,BAUFI7,2025-06-16T11:30:00Z,724.92,
GFS,BAUFI7,2025-06-16T12:00:00Z,734.66,
GFS,BAUFI7,2025-06-16T12:30:00Z,732.705,
GFS,BAUFI7,2025-06-16T13:00:00Z,730.75,
GFS,BAUFI7,2025-06-16T13:30:00Z,718.03,
GFS,BAUFI7,2025-06-16T14:00:00Z,705.31,
GFS,BAUFI7,2025-06-16T14:30:00Z,532.745,
GFS,BAUFI7,2025-06-16T15:00:00Z,360.18,
GFS,BAUFI7,2025-06-16T15:30:00Z,309.41,
GFS,BAUFI7,2025-06-16T16:00:00Z,258.64,
GFS,BAUFI7,2025-06-16T16:30:00Z,218.22,
GFS,BAUFI7,2025-06-16T17:00:00Z,177.8,
GFS,BAUFI7,2025-06-16T17:30:00Z,155.58,
GFS,BAUFI7,2025-06-16T18:00:00Z,133.36,
GFS,BAUFI7,2025-06-16T18:30:00Z,120.02,
GFS,BAUFI7,2025-06-16T19:00:00Z,106.68,
GFS,BAUFI7,2025-06-16T19:30:00Z,97.79,
GFS,BAUFI7,2025-06-16T20:00:00Z,88.9,
GFS,BAUFI7,2025-06-16T20:30:00Z,44.45,
GFS,BAUFI7,2025-06-16T21:00:00Z,0,
GFS,BAUFI7,2025-06-16T21:30:00Z,0,
GFS,BAUFI7,2025-06-16T22:00:00Z,0,
GFS,BAUFI7,2025-06-16T22:30:00Z,0,
GFS,BAUFI7,2025-06-16T23:00:00Z,0,
GFS,BAUFI7,2025-06-16T23:30:00Z,0,
GFS,BAUFI7,2025-06-17T00:00:00Z,0,
GFS,BAUFI7,2025-06-17T00:30:00Z,0,
GFS,BAUFI7,2025-06-17T01:00:00Z,0,
GFS,BAUFI7,2025-06-17T01:30:00Z,0,
GFS,BAUFI7,2025-06-17T02:00:00Z,0,
GFS,BAUFI7,2025-06-17T02:30:00Z,0,
GFS,BAUFI7,2025-06-17T03:00:00Z,0,
GFS,BAUFI7,2025-06-17T03:30:00Z,0,
GFS,BAUFI7,2025-06-17T04:00:00Z,0,
GFS,BAUFI7,2025-06-17T04:30:00Z,0,
GFS,BAUFI7,2025-06-17T05:00:00Z,0,
GFS,BAUFI7,2025-06-17T05:30:00Z,3.44,
GFS,BAUFI7,2025-06-17T06:00:00Z,6.88,
GFS,BAUFI7,2025-06-17T06:30:00Z,26.81,
GFS,BAUFI7,2025-06-17T07:00:00Z,46.74,
GFS,BAUFI7,2025-06-17T07:30:00Z,77.64,
GFS,BAUFI7,2025-06-17T08:00:00Z,108.54,
GFS,BAUFI7,2025-06-17T08:30:00Z,353.32,
GFS,BAUFI7,2025-06-17T09:00:00Z,598.1,
GFS,BAUFI7,2025-06-17T09:30:00Z,630.35,
GFS,BAUFI7,2025-06-17T10:00:00Z,662.6,
GFS,BAUFI7,2025-06-17T10:30:00Z,683.96,
GFS,BAUFI7,2025-06-17T11:00:00Z,705.32,
GFS,BAUFI7,2025-06-17T11:30:00Z,715.29,
GFS,BAUFI7,2025-06-17T12:00:00Z,725.26,
GFS,BAUFI7,2025-06-17T12:30:00Z,723.5,
GFS,BAUFI7,2025-06-17T13:00:00Z,721.74,
GFS,BAUFI7,2025-06-17T13:30:00Z,709.23,
GFS,BAUFI7,2025-06-17T14:00:00Z,696.72,
GFS,BAUFI7,2025-06-17T14:30:00Z,509.08,
GFS,BAUFI7,2025-06-17T15:00:00Z,321.44,
GFS,BAUFI7,2025-06-17T15:30:00Z,255.54,
GFS,BAUFI7,2025-06-17T16:00:00Z,189.64,
GFS,BAUFI7,2025-06-17T16:30:00Z,159.25,
GFS,BAUFI7,2025-06-17T17:00:00Z,128.86,
GFS,BAUFI7,2025-06-17T17:30:00Z,112.76,
GFS,BAUFI7,2025-06-17T18:00:00Z,96.66,
GFS,BAUFI7,2025-06-17T18:30:00Z,86.99,
GFS,BAUFI7,2025-06-17T19:00:00Z,77.32,
GFS,BAUFI7,2025-06-17T19:30:00Z,70.875,
GFS,BAUFI7,2025-06-17T20:00:00Z,64.43,
GFS,BAUFI7,2025-06-17T20:30:00Z,32.215,
GFS,BAUFI7,2025-06-17T21:00:00Z,0,
GFS,BAUFI7,2025-06-17T21:30:00Z,0,
GFS,BAUFI7,2025-06-17T22:00:00Z,0,
GFS,BAUFI7,2025-06-17T22:30:00Z,0,
GFS,BAUFI7,2025-06-17T23:00:00Z,0,
GFS,BAUFI7,2025-06-17T23:30:00Z,0,
GFS,BAUFI7,2025-06-18T00:00:00Z,0,
GFS,BAUFI7,2025-06-18T00:30:00Z,0,
GFS,BAUFI7,2025-06-18T01:00:00Z,0,
GFS,BAUFI7,2025-06-18T01:30:00Z,0,
GFS,BAUFI7,2025-06-18T02:00:00Z,0,
GFS,BAUFI7,2025-06-18T02:30:00Z,0,
GFS,BAUFI7,2025-06-18T03:00:00Z,0,
GFS,BAUFI7,2025-06-18T03:30:00Z,0,
GFS,BAUFI7,2025-06-18T04:00:00Z,0,
GFS,BAUFI7,2025-06-18T04:30:00Z,0,
GFS,BAUFI7,2025-06-18T05:00:00Z,0,
GFS,BAUFI7,2025-06-18T05:30:00Z,3.4,
GFS,BAUFI7,2025-06-18T06:00:00Z,6.8,
GFS,BAUFI7,2025-06-18T06:30:00Z,26.57,
GFS,BAUFI7,2025-06-18T07:00:00Z,46.34,
GFS,BAUFI7,2025-06-18T07:30:00Z,77.03,
GFS,BAUFI7,2025-06-18T08:00:00Z,107.72,
GFS,BAUFI7,2025-06-18T08:30:00Z,351.59,
GFS,BAUFI7,2025-06-18T09:00:00Z,595.46,
GFS,BAUFI7,2025-06-18T09:30:00Z,628,
GFS,BAUFI7,2025-06-18T10:00:00Z,660.54,
GFS,BAUFI7,2025-06-18T10:30:00Z,682.46,
GFS,BAUFI7,2025-06-18T11:00:00Z,704.38,
GFS,BAUFI7,2025-06-18T11:30:00Z,715.06,
GFS,BAUFI7,2025-06-18T12:00:00Z,725.74,
GFS,BAUFI7,2025-06-18T12:30:00Z,723.82,
GFS,BAUFI7,2025-06-18T13:00:00Z,721.9,
GFS,BAUFI7,2025-06-18T13:30:00Z,695.99,
GFS,BAUFI7,2025-06-18T14:00:00Z,670.08,
GFS,BAUFI7,2025-06-18T14:30:00Z,445.48,
GFS,BAUFI7,2025-06-18T15:00:00Z,220.88,
GFS,BAUFI7,2025-06-18T15:30:00Z,191.01,
GFS,BAUFI7,2025-06-18T16:00:00Z,161.14,
GFS,BAUFI7,2025-06-18T16:30:00Z,136.03,
GFS,BAUFI7,2025-06-18T17:00:00Z,110.92,
GFS,BAUFI7,2025-06-18T17:30:00Z,97.06,
GFS,BAUFI7,2025-06-18T18:00:00Z,83.2,
GFS,BAUFI7,2025-06-18T18:30:00Z,74.88,
GFS,BAUFI7,2025-06-18T19:00:00Z,66.56,
GFS,BAUFI7,2025-06-18T19:30:00Z,61.01,
GFS,BAUFI7,2025-06-18T20:00:00Z,55.46,
GFS,BAUFI7,2025-06-18T20:30:00Z,27.73,
GFS,BAUFI7,2025-06-18T21:00:00Z,0,
GFS,BAUFI7,2025-06-18T21:30:00Z,0,
GFS,BAUFI7,2025-06-18T22:00:00Z,0,
GFS,BAUFI7,2025-06-18T22:30:00Z,0,
GFS,BAUFI7,2025-06-18T23:00:00Z,0,
GFS,BAUFI7,2025-06-18T23:30:00Z,0,
GFS,BAUFI7,2025-06-19T00:00:00Z,0,
GFS,BAUFI7,2025-06-19T00:30:00Z,0,
GFS,BAUFI7,2025-06-19T01:00:00Z,0,
GFS,BAUFI7,2025-06-19T01:30:00Z,0,
GFS,BAUFI7,2025-06-19T02:00:00Z,0,
GFS,BAUFI7,2025-06-19T02:30:00Z,0,
GFS,BAUFI7,2025-06-19T03:00:00Z,0,
GFS,BAUFI7,2025-06-19T03:30:00Z,0,
GFS,BAUFI7,2025-06-19T04:00:00Z,0,
GFS,BAUFI7,2025-06-19T04:30:00Z,0,
GFS,BAUFI7,2025-06-19T05:00:00Z,0,
GFS,BAUFI7,2025-06-19T05:30:00Z,3.45,
GFS,BAUFI7,2025-06-19T06:00:00Z,6.9,
GFS,BAUFI7,2025-06-19T06:30:00Z,27.08,
GFS,BAUFI7,2025-06-19T07:00:00Z,47.26,
GFS,BAUFI7,2025-06-19T07:30:00Z,78.61,
GFS,BAUFI7,2025-06-19T08:00:00Z,109.96,
GFS,BAUFI7,2025-06-19T08:30:00Z,359.31,
GFS,BAUFI7,2025-06-19T09:00:00Z,608.66,
GFS,BAUFI7,2025-06-19T09:30:00Z,641.99,
GFS,BAUFI7,2025-06-19T10:00:00Z,675.32,
GFS,BAUFI7,2025-06-19T10:30:00Z,697.9,
GFS,BAUFI7,2025-06-19T11:00:00Z,720.48,
GFS,BAUFI7,2025-06-19T11:30:00Z,731.42,
GFS,BAUFI7,2025-06-19T12:00:00Z,742.36,
GFS,BAUFI7,2025-06-19T12:30:00Z,741.66,
GFS,BAUFI7,2025-06-19T13:00:00Z,740.96,
GFS,BAUFI7,2025-06-19T13:30:00Z,729.16,
GFS,BAUFI7,2025-06-19T14:00:00Z,717.36,
GFS,BAUFI7,2025-06-19T14:30:00Z,564.89,
GFS,BAUFI7,2025-06-19T15:00:00Z,412.42,
GFS,BAUFI7,2025-06-19T15:30:00Z,358.27,
GFS,BAUFI7,2025-06-19T16:00:00Z,304.12,
GFS,BAUFI7,2025-06-19T16:30:00Z,256.94,
GFS,BAUFI7,2025-06-19T17:00:00Z,209.76,
GFS,BAUFI7,2025-06-19T17:30:00Z,183.54,
GFS,BAUFI7,2025-06-19T18:00:00Z,157.32,
GFS,BAUFI7,2025-06-19T18:30:00Z,141.59,
GFS,BAUFI7,2025-06-19T19:00:00Z,125.86,
GFS,BAUFI7,2025-06-19T19:30:00Z,115.37,
GFS,BAUFI7,2025-06-19T20:00:00Z,104.88,
GFS,BAUFI7,2025-06-19T20:30:00Z,52.44,
GFS,BAUFI7,2025-06-19T21:00:00Z,0,
GFS,BAUFI7,2025-06-19T21:30:00Z,0,
GFS,BAUFI7,2025-06-19T22:00:00Z,0,
GFS,BAUFI7,2025-06-19T22:30:00Z,0,
GFS,BAUFI7,2025-06-19T23:00:00Z,0,
GFS,BAUFI7,2025-06-19T23:30:00Z,0,
GFS,BAUFI7,2025-06-20T00:00:00Z,0,
GFS,BAUFI7,2025-06-20T00:30:00Z,0,
GFS,BAUFI7,2025-06-20T01:00:00Z,0,
GFS,BAUFI7,2025-06-20T01:30:00Z,0,
GFS,BAUFI7,2025-06-20T02:00:00Z,0,
GFS,BAUFI7,2025-06-20T02:30:00Z,0,
GFS,BAUFI7,2025-06-20T03:00:00Z,0,
GFS,BAUFI7,2025-06-20T03:30:00Z,0,
GFS,BAUFI7,2025-06-20T04:00:00Z,0,
GFS,BAUFI7,2025-06-20T04:30:00Z,0,
GFS,BAUFI7,2025-06-20T05:00:00Z,0,
GFS,BAUFI7,2025-06-20T05:30:00Z,3.42,
GFS,BAUFI7,2025-06-20T06:00:00Z,6.84,
GFS,BAUFI7,2025-06-20T06:30:00Z,27.02,
GFS,BAUFI7,2025-06-20T07:00:00Z,47.2,
GFS,BAUFI7,2025-06-20T07:30:00Z,78.5,
GFS,BAUFI7,2025-06-20T08:00:00Z,109.8,
GFS,BAUFI7,2025-06-20T08:30:00Z,358.27,
GFS,BAUFI7,2025-06-20T09:00:00Z,606.74,
GFS,BAUFI7,2025-06-20T09:30:00Z,639.72,
GFS,BAUFI7,2025-06-20T10:00:00Z,672.7,
GFS,BAUFI7,2025-06-20T10:30:00Z,694.78,
GFS,BAUFI7,2025-06-20T11:00:00Z,716.86,
GFS,BAUFI7,2025-06-20T11:30:00Z,727.64,
GFS,BAUFI7,2025-06-20T12:00:00Z,738.42,
GFS,BAUFI7,2025-06-20T12:30:00Z,737.65,
GFS,BAUFI7,2025-06-20T13:00:00Z,736.88,
GFS,BAUFI7,2025-06-20T13:30:00Z,725.04,
GFS,BAUFI7,2025-06-20T14:00:00Z,713.2,
GFS,BAUFI7,2025-06-20T14:30:00Z,560.84,
GFS,BAUFI7,2025-06-20T15:00:00Z,408.48,
GFS,BAUFI7,2025-06-20T15:30:00Z,354.71,
GFS,BAUFI7,2025-06-20T16:00:00Z,300.94,
GFS,BAUFI7,2025-06-20T16:30:00Z,254.28,
GFS,BAUFI7,2025-06-20T17:00:00Z,207.62,
GFS,BAUFI7,2025-06-20T17:30:00Z,181.66,
GFS,BAUFI7,2025-06-20T18:00:00Z,155.7,
GFS,BAUFI7,2025-06-20T18:30:00Z,140.13,
GFS,BAUFI7,2025-06-20T19:00:00Z,124.56,
GFS,BAUFI7,2025-06-20T19:30:00Z,114.185,
GFS,BAUFI7,2025-06-20T20:00:00Z,103.81,
GFS,BAUFI7,2025-06-20T20:30:00Z,51.905,
GFS,BAUFI7,2025-06-20T21:00:00Z,0,
GFS,BAUFI7,2025-06-20T21:30:00Z,0,
GFS,BAUFI7,2025-06-20T22:00:00Z,0,
GFS,BAUFI7,2025-06-20T22:30:00Z,0,
GFS,BAUFI7,2025-06-20T23:00:00Z,0,
GFS,BAUFI7,2025-06-20T23:30:00Z,0,
GFS,BAUFI7,2025-06-21T00:00:00Z,0,
GFS,BAUFI7,2025-06-21T00:30:00Z,0,
GFS,BAUFI7,2025-06-21T01:00:00Z,0,
GFS,BAUFI7,2025-06-21T01:30:00Z,0,
GFS,BAUFI7,2025-06-21T02:00:00Z,0,
GFS,BAUFI7,2025-06-21T02:30:00Z,0,
GFS,BAUFI7,2025-06-21T03:00:00Z,0,
GFS,BAUFI7,2025-06-21T03:30:00Z,0,
GFS,BAUFI7,2025-06-21T04:00:00Z,0,
GFS,BAUFI7,2025-06-21T04:30:00Z,0,
GFS,BAUFI7,2025-06-21T05:00:00Z,0,
GFS,BAUFI7,2025-06-21T05:30:00Z,3.3,
GFS,BAUFI7,2025-06-21T06:00:00Z,6.6,
GFS,BAUFI7,2025-06-21T06:30:00Z,26.46,
GFS,BAUFI7,2025-06-21T07:00:00Z,46.32,
GFS,BAUFI7,2025-06-21T07:30:00Z,77.175,
GFS,BAUFI7,2025-06-21T08:00:00Z,108.03,
GFS,BAUFI7,2025-06-21T08:30:00Z,353.415,
GFS,BAUFI7,2025-06-21T09:00:00Z,598.8,
GFS,BAUFI7,2025-06-21T09:30:00Z,631.78,
GFS,BAUFI7,2025-06-21T10:00:00Z,664.76,
GFS,BAUFI7,2025-06-21T10:30:00Z,686.75,
GFS,BAUFI7,2025-06-21T11:00:00Z,708.74,
GFS,BAUFI7,2025-06-21T11:30:00Z,719.52,
GFS,BAUFI7,2025-06-21T12:00:00Z,730.3,
GFS,BAUFI7,2025-06-21T12:30:00Z,729.7,
GFS,BAUFI7,2025-06-21T13:00:00Z,729.1,
GFS,BAUFI7,2025-06-21T13:30:00Z,717.43,
GFS,BAUFI7,2025-06-21T14:00:00Z,705.76,
GFS,BAUFI7,2025-06-21T14:30:00Z,539.72,
GFS,BAUFI7,2025-06-21T15:00:00Z,373.68,
GFS,BAUFI7,2025-06-21T15:30:00Z,321.44,
GFS,BAUFI7,2025-06-21T16:00:00Z,269.2,
GFS,BAUFI7,2025-06-21T16:30:00Z,227.36,
GFS,BAUFI7,2025-06-21T17:00:00Z,185.52,
GFS,BAUFI7,2025-06-21T17:30:00Z,162.33,
GFS,BAUFI7,2025-06-21T18:00:00Z,139.14,
GFS,BAUFI7,2025-06-21T18:30:00Z,125.23,
GFS,BAUFI7,2025-06-21T19:00:00Z,111.32,
GFS,BAUFI7,2025-06-21T19:30:00Z,102.035,
GFS,BAUFI7,2025-06-21T20:00:00Z,92.75,
GFS,BAUFI7,2025-06-21T20:30:00Z,46.375,
GFS,BAUFI7,2025-06-21T21:00:00Z,0,
GFS,BAUFI7,2025-06-21T21:30:00Z,0,
GFS,BAUFI7,2025-06-21T22:00:00Z,0,
GFS,BAUFI7,2025-06-21T22:30:00Z,0,
GFS,BAUFI7,2025-06-21T23:00:00Z,0,
GFS,BAUFI7,2025-06-21T23:30:00Z,0,
GFS,BAUFI7,2025-06-22T00:00:00Z,0,
GFS,BAUFI7,2025-06-22T00:30:00Z,0,
GFS,BAUFI7,2025-06-22T01:00:00Z,0,
GFS,BAUFI7,2025-06-22T01:30:00Z,0,
GFS,BAUFI7,2025-06-22T02:00:00Z,0,
GFS,BAUFI7,2025-06-22T02:30:00Z,0,
GFS,BAUFI7,2025-06-22T03:00:00Z,0,
GFS,BAUFI7,2025-06-22T03:30:00Z,0,
GFS,BAUFI7,2025-06-22T04:00:00Z,0,
GFS,BAUFI7,2025-06-22T04:30:00Z,0,
GFS,BAUFI7,2025-06-22T05:00:00Z,0,
GFS,BAUFI7,2025-06-22T05:30:00Z,2.23,
GFS,BAUFI7,2025-06-22T06:00:00Z,4.46,
GFS,BAUFI7,2025-06-22T06:30:00Z,17.85,
GFS,BAUFI7,2025-06-22T07:00:00Z,31.24,
GFS,BAUFI7,2025-06-22T07:30:00Z,61.965,
GFS,BAUFI7,2025-06-22T08:00:00Z,92.69,
GFS,BAUFI7,2025-06-22T08:30:00Z,348.365,
GFS,BAUFI7,2025-06-22T09:00:00Z,604.04,
GFS,BAUFI7,2025-06-22T09:30:00Z,636.82,
GFS,BAUFI7,2025-06-22T10:00:00Z,669.6,
GFS,BAUFI7,2025-06-22T10:30:00Z,691.72,
GFS,BAUFI7,2025-06-22T11:00:00Z,713.84,
GFS,BAUFI7,2025-06-22T11:30:00Z,724.74,
GFS,BAUFI7,2025-06-22T12:00:00Z,735.64,
GFS,BAUFI7,2025-06-22T12:30:00Z,735.035,
GFS,BAUFI7,2025-06-22T13:00:00Z,734.43,
GFS,BAUFI7,2025-06-22T13:30:00Z,722.765,
GFS,BAUFI7,2025-06-22T14:00:00Z,711.1,
GFS,BAUFI7,2025-06-22T14:30:00Z,559.81,
GFS,BAUFI7,2025-06-22T15:00:00Z,408.52,
GFS,BAUFI7,2025-06-22T15:30:00Z,353.69,
GFS,BAUFI7,2025-06-22T16:00:00Z,298.86,
GFS,BAUFI7,2025-06-22T16:30:00Z,252.14,
GFS,BAUFI7,2025-06-22T17:00:00Z,205.42,
GFS,BAUFI7,2025-06-22T17:30:00Z,179.74,
GFS,BAUFI7,2025-06-22T18:00:00Z,154.06,
GFS,BAUFI7,2025-06-22T18:30:00Z,138.66,
GFS,BAUFI7,2025-06-22T19:00:00Z,123.26,
GFS,BAUFI7,2025-06-22T19:30:00Z,112.98,
GFS,BAUFI7,2025-06-22T20:00:00Z,102.7,
GFS,BAUFI7,2025-06-22T20:30:00Z,51.35,
GFS,BAUFI7,2025-06-22T21:00:00Z,0,
GFS,BAUFI7,2025-06-22T21:30:00Z,0,
GFS,BAUFI7,2025-06-22T22:00:00Z,0,
GFS,BAUFI7,2025-06-22T22:30:00Z,0,
GFS,BAUFI7,2025-06-22T23:00:00Z,0,
GFS,BAUFI7,2025-06-22T23:30:00Z,0,
GFS,BAUFI7,2025-06-23T00:00:00Z,0,
GFS,BAUFI7,2025-06-23T00:30:00Z,0,
GFS,BAUFI7,2025-06-23T01:00:00Z,0,
GFS,BAUFI7,2025-06-23T01:30:00Z,0,
GFS,BAUFI7,2025-06-23T02:00:00Z,0,
GFS,BAUFI7,2025-06-23T02:30:00Z,0,
GFS,BAUFI7,2025-06-23T03:00:00Z,0,
GFS,BAUFI7,2025-06-23T03:30:00Z,0,
GFS,BAUFI7,2025-06-23T04:00:00Z,0,
GFS,BAUFI7,2025-06-23T04:30:00Z,0,
GFS,BAUFI7,2025-06-23T05:00:00Z,0,
GFS,BAUFI7,2025-06-23T05:30:00Z,3.31,
GFS,BAUFI7,2025-06-23T06:00:00Z,6.62,
GFS,BAUFI7,2025-06-23T06:30:00Z,26.76,
GFS,BAUFI7,2025-06-23T07:00:00Z,46.9,
GFS,BAUFI7,2025-06-23T07:30:00Z,78.235,
GFS,BAUFI7,2025-06-23T08:00:00Z,109.57,
GFS,BAUFI7,2025-06-23T08:30:00Z,358.205,
GFS,BAUFI7,2025-06-23T09:00:00Z,606.84,
GFS,BAUFI7,2025-06-23T09:30:00Z,639.82,
GFS,BAUFI7,2025-06-23T10:00:00Z,672.8,
GFS,BAUFI7,2025-06-23T10:30:00Z,695.08,
GFS,BAUFI7,2025-06-23T11:00:00Z,717.36,
GFS,BAUFI7,2025-06-23T11:30:00Z,728.295,
GFS,BAUFI7,2025-06-23T12:00:00Z,739.23,
GFS,BAUFI7,2025-06-23T12:30:00Z,738.67,
GFS,BAUFI7,2025-06-23T13:00:00Z,738.11,
GFS,BAUFI7,2025-06-23T13:30:00Z,726.505,
GFS,BAUFI7,2025-06-23T14:00:00Z,714.9,
GFS,BAUFI7,2025-06-23T14:30:00Z,563.58,
GFS,BAUFI7,2025-06-23T15:00:00Z,412.26,
GFS,BAUFI7,2025-06-23T15:30:00Z,358.42,
GFS,BAUFI7,2025-06-23T16:00:00Z,304.58,
GFS,BAUFI7,2025-06-23T16:30:00Z,257.45,
GFS,BAUFI7,2025-06-23T17:00:00Z,210.32,
GFS,BAUFI7,2025-06-23T17:30:00Z,184.03,
GFS,BAUFI7,2025-06-23T18:00:00Z,157.74,
GFS,BAUFI7,2025-06-23T18:30:00Z,141.97,
GFS,BAUFI7,2025-06-23T19:00:00Z,126.2,
GFS,BAUFI7,2025-06-23T19:30:00Z,115.685,
GFS,BAUFI7,2025-06-23T20:00:00Z,105.17,
GFS,BAUFI7,2025-06-23T20:30:00Z,52.585,
GFS,BAUFI7,2025-06-23T21:00:00Z,0,
GFS,BAUFI7,2025-06-23T21:30:00Z,0,
GFS,BAUFI7,2025-06-23T22:00:00Z,0,
GFS,BAUFI7,2025-06-23T22:30:00Z,0,
GFS,BAUFI7,2025-06-23T23:00:00Z,0,
GFS,BAUFI7,2025-06-23T23:30:00Z,0,
GFS,BAUFI7,2025-06-24T00:00:00Z,0,
GFS,BAUFI7,2025-06-24T00:30:00Z,0,
GFS,BAUFI7,2025-06-24T01:00:00Z,0,
GFS,BAUFI7,2025-06-24T01:30:00Z,0,
GFS,BAUFI7,2025-06-24T02:00:00Z,0,
GFS,BAUFI7,2025-06-24T02:30:00Z,0,
GFS,BAUFI7,2025-06-24T03:00:00Z,0,
GFS,BAUFI7,2025-06-24T03:30:00Z,0,
GFS,BAUFI7,2025-06-24T04:00:00Z,0,
GFS,BAUFI7,2025-06-24T04:30:00Z,0,
GFS,BAUFI7,2025-06-24T05:00:00Z,0,
GFS,BAUFI7,2025-06-24T05:30:00Z,3.3,
GFS,BAUFI7,2025-06-24T06:00:00Z,6.6,
GFS,BAUFI7,2025-06-24T06:30:00Z,26.73,
GFS,BAUFI7,2025-06-24T07:00:00Z,46.86,
GFS,BAUFI7,2025-06-24T07:30:00Z,78.14,
GFS,BAUFI7,2025-06-24T08:00:00Z,109.42,
GFS,BAUFI7,2025-06-24T08:30:00Z,357.72,
GFS,BAUFI7,2025-06-24T09:00:00Z,606.02,
GFS,BAUFI7,2025-06-24T09:30:00Z,639.11,
GFS,BAUFI7,2025-06-24T10:00:00Z,672.2,
GFS,BAUFI7,2025-06-24T10:30:00Z,694.82,
GFS,BAUFI7,2025-06-24T11:00:00Z,717.44,
GFS,BAUFI7,2025-06-24T11:30:00Z,728.84,
GFS,BAUFI7,2025-06-24T12:00:00Z,740.24,
GFS,BAUFI7,2025-06-24T12:30:00Z,739.825,
GFS,BAUFI7,2025-06-24T13:00:00Z,739.41,
GFS,BAUFI7,2025-06-24T13:30:00Z,727.815,
GFS,BAUFI7,2025-06-24T14:00:00Z,716.22,
GFS,BAUFI7,2025-06-24T14:30:00Z,565.38,
GFS,BAUFI7,2025-06-24T15:00:00Z,414.54,
GFS,BAUFI7,2025-06-24T15:30:00Z,360.54,
GFS,BAUFI7,2025-06-24T16:00:00Z,306.54,
GFS,BAUFI7,2025-06-24T16:30:00Z,259.17,
GFS,BAUFI7,2025-06-24T17:00:00Z,211.8,
GFS,BAUFI7,2025-06-24T17:30:00Z,185.33,
GFS,BAUFI7,2025-06-24T18:00:00Z,158.86,
GFS,BAUFI7,2025-06-24T18:30:00Z,142.97,
GFS,BAUFI7,2025-06-24T19:00:00Z,127.08,
GFS,BAUFI7,2025-06-24T19:30:00Z,116.49,
GFS,BAUFI7,2025-06-24T20:00:00Z,105.9,
GFS,BAUFI7,2025-06-24T20:30:00Z,52.95,
GFS,BAUFI7,2025-06-24T21:00:00Z,0,
GFS,BAUFI7,2025-06-24T21:30:00Z,0,
GFS,BAUFI7,2025-06-24T22:00:00Z,0,
GFS,BAUFI7,2025-06-24T22:30:00Z,0,
GFS,BAUFI7,2025-06-24T23:00:00Z,0,
GFS,BAUFI7,2025-06-24T23:30:00Z,0,
GFS,BAUFI7,2025-06-25T00:00:00Z,0,
GFS,BAUFI7,2025-06-25T00:30:00Z,0,
GFS,BAUFI7,2025-06-25T01:00:00Z,0,
GFS,BAUFI7,2025-06-25T01:30:00Z,0,
GFS,BAUFI7,2025-06-25T02:00:00Z,0,
GFS,BAUFI7,2025-06-25T02:30:00Z,0,
GFS,BAUFI7,2025-06-25T03:00:00Z,0,
GFS,BAUFI7,2025-06-25T03:30:00Z,0,
GFS,BAUFI7,2025-06-25T04:00:00Z,0,
GFS,BAUFI7,2025-06-25T04:30:00Z,0,
GFS,BAUFI7,2025-06-25T05:00:00Z,0,
GFS,BAUFI7,2025-06-25T05:30:00Z,3.26,
GFS,BAUFI7,2025-06-25T06:00:00Z,6.52,
GFS,BAUFI7,2025-06-25T06:30:00Z,26.6,
GFS,BAUFI7,2025-06-25T07:00:00Z,46.68,
GFS,BAUFI7,2025-06-25T07:30:00Z,77.91,
GFS,BAUFI7,2025-06-25T08:00:00Z,109.14,
GFS,BAUFI7,2025-06-25T08:30:00Z,356.49,
GFS,BAUFI7,2025-06-25T09:00:00Z,603.84,
GFS,BAUFI7,2025-06-25T09:30:00Z,636.78,
GFS,BAUFI7,2025-06-25T10:00:00Z,669.72,
GFS,BAUFI7,2025-06-25T10:30:00Z,692,
GFS,BAUFI7,2025-06-25T11:00:00Z,714.28,
GFS,BAUFI7,2025-06-25T11:30:00Z,725.15,
GFS,BAUFI7,2025-06-25T12:00:00Z,736.02,
GFS,BAUFI7,2025-06-25T12:30:00Z,735.49,
GFS,BAUFI7,2025-06-25T13:00:00Z,734.96,
GFS,BAUFI7,2025-06-25T13:30:00Z,723.465,
GFS,BAUFI7,2025-06-25T14:00:00Z,711.97,
GFS,BAUFI7,2025-06-25T14:30:00Z,562.025,
GFS,BAUFI7,2025-06-25T15:00:00Z,412.08,
GFS,BAUFI7,2025-06-25T15:30:00Z,358.47,
GFS,BAUFI7,2025-06-25T16:00:00Z,304.86,
GFS,BAUFI7,2025-06-25T16:30:00Z,257.77,
GFS,BAUFI7,2025-06-25T17:00:00Z,210.68,
GFS,BAUFI7,2025-06-25T17:30:00Z,184.35,
GFS,BAUFI7,2025-06-25T18:00:00Z,158.02,
GFS,BAUFI7,2025-06-25T18:30:00Z,142.22,
GFS,BAUFI7,2025-06-25T19:00:00Z,126.42,
GFS,BAUFI7,2025-06-25T19:30:00Z,115.88,
GFS,BAUFI7,2025-06-25T20:00:00Z,105.34,
GFS,BAUFI7,2025-06-25T20:30:00Z,52.67,
GFS,BAUFI7,2025-06-25T21:00:00Z,0,
GFS,BAUFI7,2025-06-25T21:30:00Z,0,
GFS,BAUFI7,2025-06-25T22:00:00Z,0,
GFS,BAUFI7,2025-06-25T22:30:00Z,0,
GFS,BAUFI7,2025-06-25T23:00:00Z,0,
GFS,BAUFI7,2025-06-25T23:30:00Z,0,
GFS,BAUFI7,2025-06-26T00:00:00Z,0,
GFS,BAUFI7,2025-06-26T00:30:00Z,0,
GFS,BAUFI7,2025-06-26T01:00:00Z,0,
GFS,BAUFI7,2025-06-26T01:30:00Z,0,
GFS,BAUFI7,2025-06-26T02:00:00Z,0,
GFS,BAUFI7,2025-06-26T02:30:00Z,0,
GFS,BAUFI7,2025-06-26T03:00:00Z,0,
GFS,BAUFI7,2025-06-26T03:30:00Z,0,
GFS,BAUFI7,2025-06-26T04:00:00Z,0,
GFS,BAUFI7,2025-06-26T04:30:00Z,0,
GFS,BAUFI7,2025-06-26T05:00:00Z,0,
GFS,BAUFI7,2025-06-26T05:30:00Z,3.05,
GFS,BAUFI7,2025-06-26T06:00:00Z,6.1,
GFS,BAUFI7,2025-06-26T06:30:00Z,25.27,
GFS,BAUFI7,2025-06-26T07:00:00Z,44.44,
GFS,BAUFI7,2025-06-26T07:30:00Z,74.63,
GFS,BAUFI7,2025-06-26T08:00:00Z,104.82,
GFS,BAUFI7,2025-06-26T08:30:00Z,347.87,
GFS,BAUFI7,2025-06-26T09:00:00Z,590.92,
GFS,BAUFI7,2025-06-26T09:30:00Z,624.1,
GFS,BAUFI7,2025-06-26T10:00:00Z,657.28,
GFS,BAUFI7,2025-06-26T10:30:00Z,679.84,
GFS,BAUFI7,2025-06-26T11:00:00Z,702.4,
GFS,BAUFI7,2025-06-26T11:30:00Z,713.59,
GFS,BAUFI7,2025-06-26T12:00:00Z,724.78,
GFS,BAUFI7,2025-06-26T12:30:00Z,724.46,
GFS,BAUFI7,2025-06-26T13:00:00Z,724.14,
GFS,BAUFI7,2025-06-26T13:30:00Z,712.9,
GFS,BAUFI7,2025-06-26T14:00:00Z,701.66,
GFS,BAUFI7,2025-06-26T14:30:00Z,553.88,
GFS,BAUFI7,2025-06-26T15:00:00Z,406.1,
GFS,BAUFI7,2025-06-26T15:30:00Z,351.14,
GFS,BAUFI7,2025-06-26T16:00:00Z,296.18,
GFS,BAUFI7,2025-06-26T16:30:00Z,248.65,
GFS,BAUFI7,2025-06-26T17:00:00Z,201.12,
GFS,BAUFI7,2025-06-26T17:30:00Z,175.98,
GFS,BAUFI7,2025-06-26T18:00:00Z,150.84,
GFS,BAUFI7,2025-06-26T18:30:00Z,135.75,
GFS,BAUFI7,2025-06-26T19:00:00Z,120.66,
GFS,BAUFI7,2025-06-26T19:30:00Z,110.61,
GFS,BAUFI7,2025-06-26T20:00:00Z,100.56,
GFS,BAUFI7,2025-06-26T20:30:00Z,50.28,
GFS,BAUFI7,2025-06-26T21:00:00Z,0,
GFS,BAUFI7,2025-06-26T21:30:00Z,0,
GFS,BAUFI7,2025-06-26T22:00:00Z,0,
GFS,BAUFI7,2025-06-26T22:30:00Z,0,
GFS,BAUFI7,2025-06-26T23:00:00Z,0,
GFS,BAUFI7,2025-06-26T23:30:00Z,0,
GFS,BAUFI7,2025-06-27T00:00:00Z,0,
GFS,BAUFI7,2025-06-27T00:30:00Z,0,
GFS,BAUFI7,2025-06-27T01:00:00Z,0,
GFS,BAUFI7,2025-06-27T01:30:00Z,0,
GFS,BAUFI7,2025-06-27T02:00:00Z,0,
GFS,BAUFI7,2025-06-27T02:30:00Z,0,
GFS,BAUFI7,2025-06-27T03:00:00Z,0,
GFS,BAUFI7,2025-06-27T03:30:00Z,0,
GFS,BAUFI7,2025-06-27T04:00:00Z,0,
GFS,BAUFI7,2025-06-27T04:30:00Z,0,
GFS,BAUFI7,2025-06-27T05:00:00Z,0,
GFS,BAUFI7,2025-06-27T05:30:00Z,3.06,
GFS,BAUFI7,2025-06-27T06:00:00Z,6.12,
GFS,BAUFI7,2025-06-27T06:30:00Z,25.48,
GFS,BAUFI7,2025-06-27T07:00:00Z,44.84,
GFS,BAUFI7,2025-06-27T07:30:00Z,75.395,
GFS,BAUFI7,2025-06-27T08:00:00Z,105.95,
GFS,BAUFI7,2025-06-27T08:30:00Z,350.315,
GFS,BAUFI7,2025-06-27T09:00:00Z,594.68,
GFS,BAUFI7,2025-06-27T09:30:00Z,627.75,
GFS,BAUFI7,2025-06-27T10:00:00Z,660.82,
GFS,BAUFI7,2025-06-27T10:30:00Z,683.3,
GFS,BAUFI7,2025-06-27T11:00:00Z,705.78,
GFS,BAUFI7,2025-06-27T11:30:00Z,717,
GFS,BAUFI7,2025-06-27T12:00:00Z,728.22,
GFS,BAUFI7,2025-06-27T12:30:00Z,727.95,
GFS,BAUFI7,2025-06-27T13:00:00Z,727.68,
GFS,BAUFI7,2025-06-27T13:30:00Z,716.455,
GFS,BAUFI7,2025-06-27T14:00:00Z,705.23,
GFS,BAUFI7,2025-06-27T14:30:00Z,557.195,
GFS,BAUFI7,2025-06-27T15:00:00Z,409.16,
GFS,BAUFI7,2025-06-27T15:30:00Z,355.96,
GFS,BAUFI7,2025-06-27T16:00:00Z,302.76,
GFS,BAUFI7,2025-06-27T16:30:00Z,256.07,
GFS,BAUFI7,2025-06-27T17:00:00Z,209.38,
GFS,BAUFI7,2025-06-27T17:30:00Z,183.21,
GFS,BAUFI7,2025-06-27T18:00:00Z,157.04,
GFS,BAUFI7,2025-06-27T18:30:00Z,141.33,
GFS,BAUFI7,2025-06-27T19:00:00Z,125.62,
GFS,BAUFI7,2025-06-27T19:30:00Z,115.155,
GFS,BAUFI7,2025-06-27T20:00:00Z,104.69,
GFS,BAUFI7,2025-06-27T20:30:00Z,52.345,
GFS,BAUFI7,2025-06-27T21:00:00Z,0,
GFS,BAUFI7,2025-06-27T21:30:00Z,0,
GFS,BAUFI7,2025-06-27T22:00:00Z,0,
GFS,BAUFI7,2025-06-27T22:30:00Z,0,
GFS,BAUFI7,2025-06-27T23:00:00Z,0,
GFS,BAUFI7,2025-06-27T23:30:00Z,0,
GFS,BAUFI7,2025-06-28T00:00:00Z,0,
GFS,BAUFI7,2025-06-28T00:30:00Z,0,
GFS,BAUFI7,2025-06-28T01:00:00Z,0,
GFS,BAUFI7,2025-06-28T01:30:00Z,0,
GFS,BAUFI7,2025-06-28T02:00:00Z,0,
GFS,BAUFI7,2025-06-28T02:30:00Z,0,
GFS,BAUFI7,2025-06-28T03:00:00Z,0,
GFS,BAUFI7,2025-06-28T03:30:00Z,0,
GFS,BAUFI7,2025-06-28T04:00:00Z,0,
GFS,BAUFI7,2025-06-28T04:30:00Z,0,
GFS,BAUFI7,2025-06-28T05:00:00Z,0,
GFS,BAUFI7,2025-06-28T05:30:00Z,3.11,
GFS,BAUFI7,2025-06-28T06:00:00Z,6.22,
GFS,BAUFI7,2025-06-28T06:30:00Z,25.98,
GFS,BAUFI7,2025-06-28T07:00:00Z,45.74,
GFS,BAUFI7,2025-06-28T07:30:00Z,76.885,
GFS,BAUFI7,2025-06-28T08:00:00Z,108.03,
GFS,BAUFI7,2025-06-28T08:30:00Z,357.485,
GFS,BAUFI7,2025-06-28T09:00:00Z,606.94,
GFS,BAUFI7,2025-06-28T09:30:00Z,641.21,
GFS,BAUFI7,2025-06-28T10:00:00Z,675.48,
GFS,BAUFI7,2025-06-28T10:30:00Z,699.04,
GFS,BAUFI7,2025-06-28T11:00:00Z,722.6,
GFS,BAUFI7,2025-06-28T11:30:00Z,734.45,
GFS,BAUFI7,2025-06-28T12:00:00Z,746.3,
GFS,BAUFI7,2025-06-28T12:30:00Z,746.2,
GFS,BAUFI7,2025-06-28T13:00:00Z,746.1,
GFS,BAUFI7,2025-06-28T13:30:00Z,734.52,
GFS,BAUFI7,2025-06-28T14:00:00Z,722.94,
GFS,BAUFI7,2025-06-28T14:30:00Z,570.84,
GFS,BAUFI7,2025-06-28T15:00:00Z,418.74,
GFS,BAUFI7,2025-06-28T15:30:00Z,364.55,
GFS,BAUFI7,2025-06-28T16:00:00Z,310.36,
GFS,BAUFI7,2025-06-28T16:30:00Z,261.99,
GFS,BAUFI7,2025-06-28T17:00:00Z,213.62,
GFS,BAUFI7,2025-06-28T17:30:00Z,186.92,
GFS,BAUFI7,2025-06-28T18:00:00Z,160.22,
GFS,BAUFI7,2025-06-28T18:30:00Z,144.19,
GFS,BAUFI7,2025-06-28T19:00:00Z,128.16,
GFS,BAUFI7,2025-06-28T19:30:00Z,117.48,
GFS,BAUFI7,2025-06-28T20:00:00Z,106.8,
GFS,BAUFI7,2025-06-28T20:30:00Z,53.4,
GFS,BAUFI7,2025-06-28T21:00:00Z,0,
GFS,BAUFI7,2025-06-28T21:30:00Z,0,
GFS,BAUFI7,2025-06-28T22:00:00Z,0,
GFS,BAUFI7,2025-06-28T22:30:00Z,0,
GFS,BAUFI7,2025-06-28T23:00:00Z,0,
GFS,BAUFI7,2025-06-28T23:30:00Z,0,
GFS,BAUFI7,2025-06-29T00:00:00Z,0,
GFS,BAUFI7,2025-06-29T00:30:00Z,0,
GFS,BAUFI7,2025-06-29T01:00:00Z,0,
GFS,BAUFI7,2025-06-29T01:30:00Z,0,
GFS,BAUFI7,2025-06-29T02:00:00Z,0,
GFS,BAUFI7,2025-06-29T02:30:00Z,0,
GFS,BAUFI7,2025-06-29T03:00:00Z,0,
GFS,BAUFI7,2025-06-29T03:30:00Z,0,
GFS,BAUFI7,2025-06-29T04:00:00Z,0,
GFS,BAUFI7,2025-06-29T04:30:00Z,0,
GFS,BAUFI7,2025-06-29T05:00:00Z,0,
GFS,BAUFI7,2025-06-29T05:30:00Z,3.02,
GFS,BAUFI7,2025-06-29T06:00:00Z,6.04,
GFS,BAUFI7,2025-06-29T06:30:00Z,25.36,
GFS,BAUFI7,2025-06-29T07:00:00Z,44.68,
GFS,BAUFI7,2025-06-29T07:30:00Z,75.27,
GFS,BAUFI7,2025-06-29T08:00:00Z,105.86,
GFS,BAUFI7,2025-06-29T08:30:00Z,350.75,
GFS,BAUFI7,2025-06-29T09:00:00Z,595.64,
GFS,BAUFI7,2025-06-29T09:30:00Z,629.06,
GFS,BAUFI7,2025-06-29T10:00:00Z,662.48,
GFS,BAUFI7,2025-06-29T10:30:00Z,685.47,
GFS,BAUFI7,2025-06-29T11:00:00Z,708.46,
GFS,BAUFI7,2025-06-29T11:30:00Z,720.23,
GFS,BAUFI7,2025-06-29T12:00:00Z,732,
GFS,BAUFI7,2025-06-29T12:30:00Z,732.28,
GFS,BAUFI7,2025-06-29T13:00:00Z,732.56,
GFS,BAUFI7,2025-06-29T13:30:00Z,721.775,
GFS,BAUFI7,2025-06-29T14:00:00Z,710.99,
GFS,BAUFI7,2025-06-29T14:30:00Z,565.175,
GFS,BAUFI7,2025-06-29T15:00:00Z,419.36,
GFS,BAUFI7,2025-06-29T15:30:00Z,365.57,
GFS,BAUFI7,2025-06-29T16:00:00Z,311.78,
GFS,BAUFI7,2025-06-29T16:30:00Z,263.9,
GFS,BAUFI7,2025-06-29T17:00:00Z,216.02,
GFS,BAUFI7,2025-06-29T17:30:00Z,189.02,
GFS,BAUFI7,2025-06-29T18:00:00Z,162.02,
GFS,BAUFI7,2025-06-29T18:30:00Z,145.82,
GFS,BAUFI7,2025-06-29T19:00:00Z,129.62,
GFS,BAUFI7,2025-06-29T19:30:00Z,118.82,
GFS,BAUFI7,2025-06-29T20:00:00Z,108.02,
GFS,BAUFI7,2025-06-29T20:30:00Z,54.01,
GFS,BAUFI7,2025-06-29T21:00:00Z,0,
GFS,BAUFI7,2025-06-29T21:30:00Z,0,
GFS,BAUFI7,2025-06-29T22:00:00Z,0,
GFS,BAUFI7,2025-06-29T22:30:00Z,0,
GFS,BAUFI7,2025-06-29T23:00:00Z,0,
GFS,BAUFI7,2025-06-29T23:30:00Z,0,
GFS,BAUFI7,2025-06-30T00:00:00Z,0,
GFS,BAUFI7,2025-06-30T00:30:00Z,0,
GFS,BAUFI7,2025-06-30T01:00:00Z,0,
GFS,BAUFI7,2025-06-30T01:30:00Z,0,
GFS,BAUFI7,2025-06-30T02:00:00Z,0,
GFS,BAUFI7,2025-06-30T02:30:00Z,0,
GFS,BAUFI7,2025-06-30T03:00:00Z,0,
GFS,BAUFI7,2025-06-30T03:30:00Z,0,
GFS,BAUFI7,2025-06-30T04:00:00Z,0,
GFS,BAUFI7,2025-06-30T04:30:00Z,0,
GFS,BAUFI7,2025-06-30T05:00:00Z,0,
GFS,BAUFI7,2025-06-30T05:30:00Z,3.23,
GFS,BAUFI7,2025-06-30T06:00:00Z,6.46,
GFS,BAUFI7,2025-06-30T06:30:00Z,26.76,
GFS,BAUFI7,2025-06-30T07:00:00Z,47.06,
GFS,BAUFI7,2025-06-30T07:30:00Z,78.88,
GFS,BAUFI7,2025-06-30T08:00:00Z,110.7,
GFS,BAUFI7,2025-06-30T08:30:00Z,364.15,
GFS,BAUFI7,2025-06-30T09:00:00Z,617.6,
GFS,BAUFI7,2025-06-30T09:30:00Z,651.44,
GFS,BAUFI7,2025-06-30T10:00:00Z,685.28,
GFS,BAUFI7,2025-06-30T10:30:00Z,708.29,
GFS,BAUFI7,2025-06-30T11:00:00Z,731.3,
GFS,BAUFI7,2025-06-30T11:30:00Z,742.76,
GFS,BAUFI7,2025-06-30T12:00:00Z,754.22,
GFS,BAUFI7,2025-06-30T12:30:00Z,753.99,
GFS,BAUFI7,2025-06-30T13:00:00Z,753.76,
GFS,BAUFI7,2025-06-30T13:30:00Z,742.27,
GFS,BAUFI7,2025-06-30T14:00:00Z,730.78,
GFS,BAUFI7,2025-06-30T14:30:00Z,579.33,
GFS,BAUFI7,2025-06-30T15:00:00Z,427.88,
GFS,BAUFI7,2025-06-30T15:30:00Z,373.17,
GFS,BAUFI7,2025-06-30T16:00:00Z,318.46,
GFS,BAUFI7,2025-06-30T16:30:00Z,269.66,
GFS,BAUFI7,2025-06-30T17:00:00Z,220.86,
GFS,BAUFI7,2025-06-30T17:30:00Z,193.25,
GFS,BAUFI7,2025-06-30T18:00:00Z,165.64,
GFS,BAUFI7,2025-06-30T18:30:00Z,149.08,
GFS,BAUFI7,2025-06-30T19:00:00Z,132.52,
GFS,BAUFI7,2025-06-30T19:30:00Z,121.475,
GFS,BAUFI7,2025-06-30T20:00:00Z,110.43,
GFS,BAUFI7,2025-06-30T20:30:00Z,55.215,
GFS,BAUFI7,2025-06-30T21:00:00Z,0,
GFS,BAUFI7,2025-06-30T21:30:00Z,0,
GFS,BAUFI7,2025-06-30T22:00:00Z,0,
GFS,BAUFI7,2025-06-30T22:30:00Z,0,
GFS,BAUFI7,2025-06-30T23:00:00Z,0,
GFS,BAUFI7,2025-06-30T23:30:00Z,0,
GFS,BAUFI7,2025-07-01T00:00:00Z,0,
GFS,BAUFI7,2025-07-01T00:30:00Z,0,
GFS,BAUFI7,2025-07-01T01:00:00Z,0,
GFS,BAUFI7,2025-07-01T01:30:00Z,0,
GFS,BAUFI7,2025-07-01T02:00:00Z,0,
GFS,BAUFI7,2025-07-01T02:30:00Z,0,
GFS,BAUFI7,2025-07-01T03:00:00Z,0,
GFS,BAUFI7,2025-07-01T03:30:00Z,0,
GFS,BAUFI7,2025-07-01T04:00:00Z,0,
GFS,BAUFI7,2025-07-01T04:30:00Z,0,
GFS,BAUFI7,2025-07-01T05:00:00Z,0,
GFS,BAUFI7,2025-07-01T05:30:00Z,3.03,
GFS,BAUFI7,2025-07-01T06:00:00Z,6.06,
GFS,BAUFI7,2025-07-01T06:30:00Z,25.45,
GFS,BAUFI7,2025-07-01T07:00:00Z,44.84,
GFS,BAUFI7,2025-07-01T07:30:00Z,75.49,
GFS,BAUFI7,2025-07-01T08:00:00Z,106.14,
GFS,BAUFI7,2025-07-01T08:30:00Z,351.19,
GFS,BAUFI7,2025-07-01T09:00:00Z,596.24,
GFS,BAUFI7,2025-07-01T09:30:00Z,629.39,
GFS,BAUFI7,2025-07-01T10:00:00Z,662.54,
GFS,BAUFI7,2025-07-01T10:30:00Z,684.98,
GFS,BAUFI7,2025-07-01T11:00:00Z,707.42,
GFS,BAUFI7,2025-07-01T11:30:00Z,718.57,
GFS,BAUFI7,2025-07-01T12:00:00Z,729.72,
GFS,BAUFI7,2025-07-01T12:30:00Z,729.525,
GFS,BAUFI7,2025-07-01T13:00:00Z,729.33,
GFS,BAUFI7,2025-07-01T13:30:00Z,717.705,
GFS,BAUFI7,2025-07-01T14:00:00Z,706.08,
GFS,BAUFI7,2025-07-01T14:30:00Z,557.82,
GFS,BAUFI7,2025-07-01T15:00:00Z,409.56,
GFS,BAUFI7,2025-07-01T15:30:00Z,356.59,
GFS,BAUFI7,2025-07-01T16:00:00Z,303.62,
GFS,BAUFI7,2025-07-01T16:30:00Z,256.83,
GFS,BAUFI7,2025-07-01T17:00:00Z,210.04,
GFS,BAUFI7,2025-07-01T17:30:00Z,183.78,
GFS,BAUFI7,2025-07-01T18:00:00Z,157.52,
GFS,BAUFI7,2025-07-01T18:30:00Z,141.77,
GFS,BAUFI7,2025-07-01T19:00:00Z,126.02,
GFS,BAUFI7,2025-07-01T19:30:00Z,115.52,
GFS,BAUFI7,2025-07-01T20:00:00Z,105.02,
GFS,BAUFI7,2025-07-01T20:30:00Z,52.51,
GFS,BAUFI7,2025-07-01T21:00:00Z,0,
GFS,BAUFI7,2025-07-01T21:30:00Z,0,
GFS,BAUFI7,2025-07-01T22:00:00Z,0,
GFS,BAUFI7,2025-07-01T22:30:00Z,0,
GFS,BAUFI7,2025-07-01T23:00:00Z,0,
GFS,BAUFI7,2025-07-01T23:30:00Z,0,
GFS,BAUFI7,2025-07-02T00:00:00Z,0,
GFS,BAUFI7,2025-07-02T00:30:00Z,0,
GFS,BAUFI7,2025-07-02T01:00:00Z,0,
GFS,BAUFI7,2025-07-02T01:30:00Z,0,
GFS,BAUFI7,2025-07-02T02:00:00Z,0,
GFS,BAUFI7,2025-07-02T02:30:00Z,0,
GFS,BAUFI7,2025-07-02T03:00:00Z,0,
GFS,BAUFI7,2025-07-02T03:30:00Z,0,
GFS,BAUFI7,2025-07-02T04:00:00Z,0,
GFS,BAUFI7,2025-07-02T04:30:00Z,0,
GFS,BAUFI7,2025-07-02T05:00:00Z,0,
GFS,BAUFI7,2025-07-02T05:30:00Z,3.03,
GFS,BAUFI7,2025-07-02T06:00:00Z,6.06,
GFS,BAUFI7,2025-07-02T06:30:00Z,25.52,
GFS,BAUFI7,2025-07-02T07:00:00Z,44.98,
GFS,BAUFI7,2025-07-02T07:30:00Z,75.73,
GFS,BAUFI7,2025-07-02T08:00:00Z,106.48,
GFS,BAUFI7,2025-07-02T08:30:00Z,352.29,
GFS,BAUFI7,2025-07-02T09:00:00Z,598.1,
GFS,BAUFI7,2025-07-02T09:30:00Z,631.43,
GFS,BAUFI7,2025-07-02T10:00:00Z,664.76,
GFS,BAUFI7,2025-07-02T10:30:00Z,687.39,
GFS,BAUFI7,2025-07-02T11:00:00Z,710.02,
GFS,BAUFI7,2025-07-02T11:30:00Z,721.42,
GFS,BAUFI7,2025-07-02T12:00:00Z,732.82,
GFS,BAUFI7,2025-07-02T12:30:00Z,732.825,
GFS,BAUFI7,2025-07-02T13:00:00Z,732.83,
GFS,BAUFI7,2025-07-02T13:30:00Z,721.855,
GFS,BAUFI7,2025-07-02T14:00:00Z,710.88,
GFS,BAUFI7,2025-07-02T14:30:00Z,564.26,
GFS,BAUFI7,2025-07-02T15:00:00Z,417.64,
GFS,BAUFI7,2025-07-02T15:30:00Z,364.23,
GFS,BAUFI7,2025-07-02T16:00:00Z,310.82,
GFS,BAUFI7,2025-07-02T16:30:00Z,263.21,
GFS,BAUFI7,2025-07-02T17:00:00Z,215.6,
GFS,BAUFI7,2025-07-02T17:30:00Z,188.65,
GFS,BAUFI7,2025-07-02T18:00:00Z,161.7,
GFS,BAUFI7,2025-07-02T18:30:00Z,145.53,
GFS,BAUFI7,2025-07-02T19:00:00Z,129.36,
GFS,BAUFI7,2025-07-02T19:30:00Z,118.585,
GFS,BAUFI7,2025-07-02T20:00:00Z,107.81,
GFS,BAUFI7,2025-07-02T20:30:00Z,53.905,
GFS,BAUFI7,2025-07-02T21:00:00Z,0,
GFS,BAUFI7,2025-07-02T21:30:00Z,0,
GFS,BAUFI7,2025-07-02T22:00:00Z,0,
GFS,BAUFI7,2025-07-02T22:30:00Z,0,
GFS,BAUFI7,2025-07-02T23:00:00Z,0,
GFS,BAUFI7,2025-07-02T23:30:00Z,0,
