id_fonte_observacao,id_usina,data_hora_observacao,valor,status
Consis,BAUFI1,2025-05-19T00:00:00Z,0,1
Consis,BAUFI1,2025-05-19T00:30:00Z,0,1
Consis,BAUFI1,2025-05-19T01:00:00Z,0,1
Consis,BAUFI1,2025-05-19T01:30:00Z,0,1
Consis,BAUFI1,2025-05-19T02:00:00Z,0,1
Consis,BAUFI1,2025-05-19T02:30:00Z,0,1
Consis,BAUFI1,2025-05-19T03:00:00Z,0,1
Consis,BAUFI1,2025-05-19T03:30:00Z,0,1
Consis,BAUFI1,2025-05-19T04:00:00Z,0,1
Consis,BAUFI1,2025-05-19T04:30:00Z,0,1
Consis,BAUFI1,2025-05-19T05:00:00Z,0,1
Consis,BAUFI1,2025-05-19T05:30:00Z,0,1
Consis,BAUFI1,2025-05-19T06:00:00Z,0.351,1
Consis,BAUFI1,2025-05-19T06:30:00Z,4.4087,1
Consis,BAUFI1,2025-05-19T07:00:00Z,9.7215,1
Consis,BAUFI1,2025-05-19T07:30:00Z,16.6033,1
Consis,BAUFI1,2025-05-19T08:00:00Z,18.9893,1
Consis,BAUFI1,2025-05-19T08:30:00Z,20.9495,1
Consis,BAUFI1,2025-05-19T09:00:00Z,22.7477,1
Consis,BAUFI1,2025-05-19T09:30:00Z,22.7792,1
Consis,BAUFI1,2025-05-19T10:00:00Z,24.2121,1
Consis,BAUFI1,2025-05-19T10:30:00Z,24.9013,1
Consis,BAUFI1,2025-05-19T11:00:00Z,24.42,1
Consis,BAUFI1,2025-05-19T11:30:00Z,23.1173,1
Consis,BAUFI1,2025-05-19T12:00:00Z,24.6471,1
Consis,BAUFI1,2025-05-19T12:30:00Z,24.2534,1
Consis,BAUFI1,2025-05-19T13:00:00Z,23.949,1
Consis,BAUFI1,2025-05-19T13:30:00Z,23.5782,1
Consis,BAUFI1,2025-05-19T14:00:00Z,23.4291,1
Consis,BAUFI1,2025-05-19T14:30:00Z,24.1089,1
Consis,BAUFI1,2025-05-19T15:00:00Z,17.245,1
Consis,BAUFI1,2025-05-19T15:30:00Z,22.092,1
Consis,BAUFI1,2025-05-19T16:00:00Z,16.633,1
Consis,BAUFI1,2025-05-19T16:30:00Z,8.601,1
Consis,BAUFI1,2025-05-19T17:00:00Z,1.902,1
Consis,BAUFI1,2025-05-19T17:30:00Z,0.051,1
Consis,BAUFI1,2025-05-19T18:00:00Z,0,1
Consis,BAUFI1,2025-05-19T18:30:00Z,0,1
Consis,BAUFI1,2025-05-19T19:00:00Z,0,1
Consis,BAUFI1,2025-05-19T19:30:00Z,0,1
Consis,BAUFI1,2025-05-19T20:00:00Z,0,1
Consis,BAUFI1,2025-05-19T20:30:00Z,0,1
Consis,BAUFI1,2025-05-19T21:00:00Z,0,1
Consis,BAUFI1,2025-05-19T21:30:00Z,0,1
Consis,BAUFI1,2025-05-19T22:00:00Z,0,1
Consis,BAUFI1,2025-05-19T22:30:00Z,0,1
Consis,BAUFI1,2025-05-19T23:00:00Z,0,1
Consis,BAUFI1,2025-05-19T23:30:00Z,0,1
Consis,BAUFI1,2025-05-20T00:00:00Z,0,1
Consis,BAUFI1,2025-05-20T00:30:00Z,0,1
Consis,BAUFI1,2025-05-20T01:00:00Z,0,1
Consis,BAUFI1,2025-05-20T01:30:00Z,0,1
Consis,BAUFI1,2025-05-20T02:00:00Z,0,1
Consis,BAUFI1,2025-05-20T02:30:00Z,0,1
Consis,BAUFI1,2025-05-20T03:00:00Z,0,1
Consis,BAUFI1,2025-05-20T03:30:00Z,0,1
Consis,BAUFI1,2025-05-20T04:00:00Z,0,1
Consis,BAUFI1,2025-05-20T04:30:00Z,0,1
Consis,BAUFI1,2025-05-20T05:00:00Z,0,1
Consis,BAUFI1,2025-05-20T05:30:00Z,0,1
Consis,BAUFI1,2025-05-20T06:00:00Z,0.206,1
Consis,BAUFI1,2025-05-20T06:30:00Z,1.436,1
Consis,BAUFI1,2025-05-20T07:00:00Z,4.962,1
Consis,BAUFI1,2025-05-20T07:30:00Z,7.616,1
Consis,BAUFI1,2025-05-20T08:00:00Z,10.073,1
Consis,BAUFI1,2025-05-20T08:30:00Z,18.495,1
Consis,BAUFI1,2025-05-20T09:00:00Z,22.6557,1
Consis,BAUFI1,2025-05-20T09:30:00Z,22.8883,1
Consis,BAUFI1,2025-05-20T10:00:00Z,24.235,1
Consis,BAUFI1,2025-05-20T10:30:00Z,24.9406,1
Consis,BAUFI1,2025-05-20T11:00:00Z,24.6455,1
Consis,BAUFI1,2025-05-20T11:30:00Z,23.192,1
Consis,BAUFI1,2025-05-20T12:00:00Z,24.4417,1
Consis,BAUFI1,2025-05-20T12:30:00Z,24.2948,1
Consis,BAUFI1,2025-05-20T13:00:00Z,23.9478,1
Consis,BAUFI1,2025-05-20T13:30:00Z,23.5628,1
Consis,BAUFI1,2025-05-20T14:00:00Z,23.3648,1
Consis,BAUFI1,2025-05-20T14:30:00Z,24.037,1
Consis,BAUFI1,2025-05-20T15:00:00Z,23.367,1
Consis,BAUFI1,2025-05-20T15:30:00Z,11.894,1
Consis,BAUFI1,2025-05-20T16:00:00Z,3.39,1
Consis,BAUFI1,2025-05-20T16:30:00Z,6.827,1
Consis,BAUFI1,2025-05-20T17:00:00Z,1.84,1
Consis,BAUFI1,2025-05-20T17:30:00Z,0.03,1
Consis,BAUFI1,2025-05-20T18:00:00Z,0,1
Consis,BAUFI1,2025-05-20T18:30:00Z,0,1
Consis,BAUFI1,2025-05-20T19:00:00Z,0,1
Consis,BAUFI1,2025-05-20T19:30:00Z,0,1
Consis,BAUFI1,2025-05-20T20:00:00Z,0,1
Consis,BAUFI1,2025-05-20T20:30:00Z,0,1
Consis,BAUFI1,2025-05-20T21:00:00Z,0,1
Consis,BAUFI1,2025-05-20T21:30:00Z,0,1
Consis,BAUFI1,2025-05-20T22:00:00Z,0,1
Consis,BAUFI1,2025-05-20T22:30:00Z,0,1
Consis,BAUFI1,2025-05-20T23:00:00Z,0,1
Consis,BAUFI1,2025-05-20T23:30:00Z,0,1
Consis,BAUFI1,2025-05-21T00:00:00Z,0,1
Consis,BAUFI1,2025-05-21T00:30:00Z,0,1
Consis,BAUFI1,2025-05-21T01:00:00Z,0,1
Consis,BAUFI1,2025-05-21T01:30:00Z,0,1
Consis,BAUFI1,2025-05-21T02:00:00Z,0,1
Consis,BAUFI1,2025-05-21T02:30:00Z,0,1
Consis,BAUFI1,2025-05-21T03:00:00Z,0,1
Consis,BAUFI1,2025-05-21T03:30:00Z,0,1
Consis,BAUFI1,2025-05-21T04:00:00Z,0,1
Consis,BAUFI1,2025-05-21T04:30:00Z,0,1
Consis,BAUFI1,2025-05-21T05:00:00Z,0,1
Consis,BAUFI1,2025-05-21T05:30:00Z,0.001,1
Consis,BAUFI1,2025-05-21T06:00:00Z,0.414,1
Consis,BAUFI1,2025-05-21T06:30:00Z,4.203,1
Consis,BAUFI1,2025-05-21T07:00:00Z,11.196,1
Consis,BAUFI1,2025-05-21T07:30:00Z,17.05,1
Consis,BAUFI1,2025-05-21T08:00:00Z,21.104,1
Consis,BAUFI1,2025-05-21T08:30:00Z,21.958,1
Consis,BAUFI1,2025-05-21T09:00:00Z,23.122,1
Consis,BAUFI1,2025-05-21T09:30:00Z,,1
Consis,BAUFI1,2025-05-21T10:00:00Z,,1
Consis,BAUFI1,2025-05-21T10:30:00Z,,1
Consis,BAUFI1,2025-05-21T11:00:00Z,,1
Consis,BAUFI1,2025-05-21T11:30:00Z,,1
Consis,BAUFI1,2025-05-21T12:00:00Z,,1
Consis,BAUFI1,2025-05-21T12:30:00Z,,1
Consis,BAUFI1,2025-05-21T13:00:00Z,,1
Consis,BAUFI1,2025-05-21T13:30:00Z,,1
Consis,BAUFI1,2025-05-21T14:00:00Z,23.006,1
Consis,BAUFI1,2025-05-21T14:30:00Z,23.663,1
Consis,BAUFI1,2025-05-21T15:00:00Z,22.073,1
Consis,BAUFI1,2025-05-21T15:30:00Z,20.762,1
Consis,BAUFI1,2025-05-21T16:00:00Z,13.969,1
Consis,BAUFI1,2025-05-21T16:30:00Z,5.78,1
Consis,BAUFI1,2025-05-21T17:00:00Z,1.746,1
Consis,BAUFI1,2025-05-21T17:30:00Z,0.039,1
Consis,BAUFI1,2025-05-21T18:00:00Z,0,1
Consis,BAUFI1,2025-05-21T18:30:00Z,0,1
Consis,BAUFI1,2025-05-21T19:00:00Z,0,1
Consis,BAUFI1,2025-05-21T19:30:00Z,0,1
Consis,BAUFI1,2025-05-21T20:00:00Z,0,1
Consis,BAUFI1,2025-05-21T20:30:00Z,0,1
Consis,BAUFI1,2025-05-21T21:00:00Z,0,1
Consis,BAUFI1,2025-05-21T21:30:00Z,0,1
Consis,BAUFI1,2025-05-21T22:00:00Z,0,1
Consis,BAUFI1,2025-05-21T22:30:00Z,0,1
Consis,BAUFI1,2025-05-21T23:00:00Z,0,1
Consis,BAUFI1,2025-05-21T23:30:00Z,0,1
Consis,BAUFI1,2025-05-22T00:00:00Z,0,1
Consis,BAUFI1,2025-05-22T00:30:00Z,0,1
Consis,BAUFI1,2025-05-22T01:00:00Z,0,1
Consis,BAUFI1,2025-05-22T01:30:00Z,0,1
Consis,BAUFI1,2025-05-22T02:00:00Z,0,1
Consis,BAUFI1,2025-05-22T02:30:00Z,0,1
Consis,BAUFI1,2025-05-22T03:00:00Z,0,1
Consis,BAUFI1,2025-05-22T03:30:00Z,0,1
Consis,BAUFI1,2025-05-22T04:00:00Z,0,1
Consis,BAUFI1,2025-05-22T04:30:00Z,0,1
Consis,BAUFI1,2025-05-22T05:00:00Z,0,1
Consis,BAUFI1,2025-05-22T05:30:00Z,0,1
Consis,BAUFI1,2025-05-22T06:00:00Z,0.302,1
Consis,BAUFI1,2025-05-22T06:30:00Z,4.059,1
Consis,BAUFI1,2025-05-22T07:00:00Z,8.996,1
Consis,BAUFI1,2025-05-22T07:30:00Z,,1
Consis,BAUFI1,2025-05-22T08:00:00Z,,1
Consis,BAUFI1,2025-05-22T08:30:00Z,,1
Consis,BAUFI1,2025-05-22T09:00:00Z,,1
Consis,BAUFI1,2025-05-22T09:30:00Z,,1
Consis,BAUFI1,2025-05-22T10:00:00Z,,1
Consis,BAUFI1,2025-05-22T10:30:00Z,,1
Consis,BAUFI1,2025-05-22T11:00:00Z,,1
Consis,BAUFI1,2025-05-22T11:30:00Z,24.435,1
Consis,BAUFI1,2025-05-22T12:00:00Z,23.283,1
Consis,BAUFI1,2025-05-22T12:30:00Z,23.818,1
Consis,BAUFI1,2025-05-22T13:00:00Z,24.402,1
Consis,BAUFI1,2025-05-22T13:30:00Z,22.78,1
Consis,BAUFI1,2025-05-22T14:00:00Z,22.935,1
Consis,BAUFI1,2025-05-22T14:30:00Z,23.196,1
Consis,BAUFI1,2025-05-22T15:00:00Z,21.803,1
Consis,BAUFI1,2025-05-22T15:30:00Z,21.151,1
Consis,BAUFI1,2025-05-22T16:00:00Z,16.226,1
Consis,BAUFI1,2025-05-22T16:30:00Z,8.259,1
Consis,BAUFI1,2025-05-22T17:00:00Z,1.649,1
Consis,BAUFI1,2025-05-22T17:30:00Z,0.031,1
Consis,BAUFI1,2025-05-22T18:00:00Z,0,1
Consis,BAUFI1,2025-05-22T18:30:00Z,0,1
Consis,BAUFI1,2025-05-22T19:00:00Z,0,1
Consis,BAUFI1,2025-05-22T19:30:00Z,0,1
Consis,BAUFI1,2025-05-22T20:00:00Z,0,1
Consis,BAUFI1,2025-05-22T20:30:00Z,0,1
Consis,BAUFI1,2025-05-22T21:00:00Z,0,1
Consis,BAUFI1,2025-05-22T21:30:00Z,0,1
Consis,BAUFI1,2025-05-22T22:00:00Z,0,1
Consis,BAUFI1,2025-05-22T22:30:00Z,0,1
Consis,BAUFI1,2025-05-22T23:00:00Z,0,1
Consis,BAUFI1,2025-05-22T23:30:00Z,0,1
Consis,BAUFI1,2025-05-23T00:00:00Z,0,1
Consis,BAUFI1,2025-05-23T00:30:00Z,0,1
Consis,BAUFI1,2025-05-23T01:00:00Z,0,1
Consis,BAUFI1,2025-05-23T01:30:00Z,0,1
Consis,BAUFI1,2025-05-23T02:00:00Z,0,1
Consis,BAUFI1,2025-05-23T02:30:00Z,0,1
Consis,BAUFI1,2025-05-23T03:00:00Z,0,1
Consis,BAUFI1,2025-05-23T03:30:00Z,0,1
Consis,BAUFI1,2025-05-23T04:00:00Z,0,1
Consis,BAUFI1,2025-05-23T04:30:00Z,0,1
Consis,BAUFI1,2025-05-23T05:00:00Z,0,1
Consis,BAUFI1,2025-05-23T05:30:00Z,0,1
Consis,BAUFI1,2025-05-23T06:00:00Z,0.166,1
Consis,BAUFI1,2025-05-23T06:30:00Z,4.2702,1
Consis,BAUFI1,2025-05-23T07:00:00Z,9.6163,1
Consis,BAUFI1,2025-05-23T07:30:00Z,18.1814,1
Consis,BAUFI1,2025-05-23T08:00:00Z,20.4852,1
Consis,BAUFI1,2025-05-23T08:30:00Z,21.2099,1
Consis,BAUFI1,2025-05-23T09:00:00Z,22.6091,1
Consis,BAUFI1,2025-05-23T09:30:00Z,23.0738,1
Consis,BAUFI1,2025-05-23T10:00:00Z,24.0247,1
Consis,BAUFI1,2025-05-23T10:30:00Z,24.1802,1
Consis,BAUFI1,2025-05-23T11:00:00Z,23.794,1
Consis,BAUFI1,2025-05-23T11:30:00Z,22.5875,1
Consis,BAUFI1,2025-05-23T12:00:00Z,22.7271,1
Consis,BAUFI1,2025-05-23T12:30:00Z,23.0803,1
Consis,BAUFI1,2025-05-23T13:00:00Z,22.3524,1
Consis,BAUFI1,2025-05-23T13:30:00Z,23.996,1
Consis,BAUFI1,2025-05-23T14:00:00Z,24.014,1
Consis,BAUFI1,2025-05-23T14:30:00Z,20.289,1
Consis,BAUFI1,2025-05-23T15:00:00Z,9.043,1
Consis,BAUFI1,2025-05-23T15:30:00Z,5.997,1
Consis,BAUFI1,2025-05-23T16:00:00Z,8.679,1
Consis,BAUFI1,2025-05-23T16:30:00Z,9.604,1
Consis,BAUFI1,2025-05-23T17:00:00Z,1.359,1
Consis,BAUFI1,2025-05-23T17:30:00Z,0.013,1
Consis,BAUFI1,2025-05-23T18:00:00Z,0,1
Consis,BAUFI1,2025-05-23T18:30:00Z,0,1
Consis,BAUFI1,2025-05-23T19:00:00Z,0,1
Consis,BAUFI1,2025-05-23T19:30:00Z,0,1
Consis,BAUFI1,2025-05-23T20:00:00Z,0,1
Consis,BAUFI1,2025-05-23T20:30:00Z,0,1
Consis,BAUFI1,2025-05-23T21:00:00Z,0,1
Consis,BAUFI1,2025-05-23T21:30:00Z,0,1
Consis,BAUFI1,2025-05-23T22:00:00Z,0,1
Consis,BAUFI1,2025-05-23T22:30:00Z,0,1
Consis,BAUFI1,2025-05-23T23:00:00Z,0,1
Consis,BAUFI1,2025-05-23T23:30:00Z,0,1
Consis,BAUFI1,2025-05-24T00:00:00Z,0,1
Consis,BAUFI1,2025-05-24T00:30:00Z,0,1
Consis,BAUFI1,2025-05-24T01:00:00Z,0,1
Consis,BAUFI1,2025-05-24T01:30:00Z,0,1
Consis,BAUFI1,2025-05-24T02:00:00Z,0,1
Consis,BAUFI1,2025-05-24T02:30:00Z,0,1
Consis,BAUFI1,2025-05-24T03:00:00Z,0,1
Consis,BAUFI1,2025-05-24T03:30:00Z,0,1
Consis,BAUFI1,2025-05-24T04:00:00Z,0,1
Consis,BAUFI1,2025-05-24T04:30:00Z,0,1
Consis,BAUFI1,2025-05-24T05:00:00Z,0,1
Consis,BAUFI1,2025-05-24T05:30:00Z,0,1
Consis,BAUFI1,2025-05-24T06:00:00Z,0.275,1
Consis,BAUFI1,2025-05-24T06:30:00Z,3.829,1
Consis,BAUFI1,2025-05-24T07:00:00Z,8.739,1
Consis,BAUFI1,2025-05-24T07:30:00Z,16,1
Consis,BAUFI1,2025-05-24T08:00:00Z,18.0313,1
Consis,BAUFI1,2025-05-24T08:30:00Z,19.8647,1
Consis,BAUFI1,2025-05-24T09:00:00Z,21.4416,1
Consis,BAUFI1,2025-05-24T09:30:00Z,22.3137,1
Consis,BAUFI1,2025-05-24T10:00:00Z,22.6447,1
Consis,BAUFI1,2025-05-24T10:30:00Z,23.0663,1
Consis,BAUFI1,2025-05-24T11:00:00Z,22.9411,1
Consis,BAUFI1,2025-05-24T11:30:00Z,22.0872,1
Consis,BAUFI1,2025-05-24T12:00:00Z,22.2231,1
Consis,BAUFI1,2025-05-24T12:30:00Z,22.6228,1
Consis,BAUFI1,2025-05-24T13:00:00Z,21.7678,1
Consis,BAUFI1,2025-05-24T13:30:00Z,21.702,1
Consis,BAUFI1,2025-05-24T14:00:00Z,21.4844,1
Consis,BAUFI1,2025-05-24T14:30:00Z,21.7663,1
Consis,BAUFI1,2025-05-24T15:00:00Z,19.9501,1
Consis,BAUFI1,2025-05-24T15:30:00Z,17.559,1
Consis,BAUFI1,2025-05-24T16:00:00Z,12.964,1
Consis,BAUFI1,2025-05-24T16:30:00Z,4.137,1
Consis,BAUFI1,2025-05-24T17:00:00Z,1.872,1
Consis,BAUFI1,2025-05-24T17:30:00Z,0.035,1
Consis,BAUFI1,2025-05-24T18:00:00Z,0,1
Consis,BAUFI1,2025-05-24T18:30:00Z,0,1
Consis,BAUFI1,2025-05-24T19:00:00Z,0,1
Consis,BAUFI1,2025-05-24T19:30:00Z,0,1
Consis,BAUFI1,2025-05-24T20:00:00Z,0,1
Consis,BAUFI1,2025-05-24T20:30:00Z,0,1
Consis,BAUFI1,2025-05-24T21:00:00Z,0,1
Consis,BAUFI1,2025-05-24T21:30:00Z,0,1
Consis,BAUFI1,2025-05-24T22:00:00Z,0,1
Consis,BAUFI1,2025-05-24T22:30:00Z,0,1
Consis,BAUFI1,2025-05-24T23:00:00Z,0,1
Consis,BAUFI1,2025-05-24T23:30:00Z,0,1
Consis,BAUFI1,2025-05-25T00:00:00Z,0,1
Consis,BAUFI1,2025-05-25T00:30:00Z,0,1
Consis,BAUFI1,2025-05-25T01:00:00Z,0,1
Consis,BAUFI1,2025-05-25T01:30:00Z,0,1
Consis,BAUFI1,2025-05-25T02:00:00Z,0,1
Consis,BAUFI1,2025-05-25T02:30:00Z,0,1
Consis,BAUFI1,2025-05-25T03:00:00Z,0,1
Consis,BAUFI1,2025-05-25T03:30:00Z,0,1
Consis,BAUFI1,2025-05-25T04:00:00Z,0,1
Consis,BAUFI1,2025-05-25T04:30:00Z,0,1
Consis,BAUFI1,2025-05-25T05:00:00Z,0,1
Consis,BAUFI1,2025-05-25T05:30:00Z,0,1
Consis,BAUFI1,2025-05-25T06:00:00Z,0.185,1
Consis,BAUFI1,2025-05-25T06:30:00Z,1.97,1
Consis,BAUFI1,2025-05-25T07:00:00Z,8.8959,1
Consis,BAUFI1,2025-05-25T07:30:00Z,16.8427,1
Consis,BAUFI1,2025-05-25T08:00:00Z,18.6107,1
Consis,BAUFI1,2025-05-25T08:30:00Z,20.3793,1
Consis,BAUFI1,2025-05-25T09:00:00Z,21.9791,1
Consis,BAUFI1,2025-05-25T09:30:00Z,22.5222,1
Consis,BAUFI1,2025-05-25T10:00:00Z,23.4325,1
Consis,BAUFI1,2025-05-25T10:30:00Z,24.0536,1
Consis,BAUFI1,2025-05-25T11:00:00Z,23.9643,1
Consis,BAUFI1,2025-05-25T11:30:00Z,22.8971,1
Consis,BAUFI1,2025-05-25T12:00:00Z,23.8671,1
Consis,BAUFI1,2025-05-25T12:30:00Z,24.0548,1
Consis,BAUFI1,2025-05-25T13:00:00Z,23.5454,1
Consis,BAUFI1,2025-05-25T13:30:00Z,23.1166,1
Consis,BAUFI1,2025-05-25T14:00:00Z,23.0606,1
Consis,BAUFI1,2025-05-25T14:30:00Z,23.6115,1
Consis,BAUFI1,2025-05-25T15:00:00Z,20.5489,1
Consis,BAUFI1,2025-05-25T15:30:00Z,21.583,1
Consis,BAUFI1,2025-05-25T16:00:00Z,16.383,1
Consis,BAUFI1,2025-05-25T16:30:00Z,6.079,1
Consis,BAUFI1,2025-05-25T17:00:00Z,1.658,1
Consis,BAUFI1,2025-05-25T17:30:00Z,0.033,1
Consis,BAUFI1,2025-05-25T18:00:00Z,0,1
Consis,BAUFI1,2025-05-25T18:30:00Z,0,1
Consis,BAUFI1,2025-05-25T19:00:00Z,0,1
Consis,BAUFI1,2025-05-25T19:30:00Z,0,1
Consis,BAUFI1,2025-05-25T20:00:00Z,0,1
Consis,BAUFI1,2025-05-25T20:30:00Z,0,1
Consis,BAUFI1,2025-05-25T21:00:00Z,0,1
Consis,BAUFI1,2025-05-25T21:30:00Z,0,1
Consis,BAUFI1,2025-05-25T22:00:00Z,0,1
Consis,BAUFI1,2025-05-25T22:30:00Z,0,1
Consis,BAUFI1,2025-05-25T23:00:00Z,0,1
Consis,BAUFI1,2025-05-25T23:30:00Z,0,1
Consis,BAUFI1,2025-05-26T00:00:00Z,0,1
Consis,BAUFI1,2025-05-26T00:30:00Z,0,1
Consis,BAUFI1,2025-05-26T01:00:00Z,0,1
Consis,BAUFI1,2025-05-26T01:30:00Z,0,1
Consis,BAUFI1,2025-05-26T02:00:00Z,0,1
Consis,BAUFI1,2025-05-26T02:30:00Z,0,1
Consis,BAUFI1,2025-05-26T03:00:00Z,0,1
Consis,BAUFI1,2025-05-26T03:30:00Z,0,1
Consis,BAUFI1,2025-05-26T04:00:00Z,0,1
Consis,BAUFI1,2025-05-26T04:30:00Z,0,1
Consis,BAUFI1,2025-05-26T05:00:00Z,0,1
Consis,BAUFI1,2025-05-26T05:30:00Z,0,1
Consis,BAUFI1,2025-05-26T06:00:00Z,0.458,1
Consis,BAUFI1,2025-05-26T06:30:00Z,3.4641,1
Consis,BAUFI1,2025-05-26T07:00:00Z,8.3292,1
Consis,BAUFI1,2025-05-26T07:30:00Z,17.1672,1
Consis,BAUFI1,2025-05-26T08:00:00Z,18.7285,1
Consis,BAUFI1,2025-05-26T08:30:00Z,20.0686,1
Consis,BAUFI1,2025-05-26T09:00:00Z,22.1055,1
Consis,BAUFI1,2025-05-26T09:30:00Z,22.1297,1
Consis,BAUFI1,2025-05-26T10:00:00Z,23.6536,1
Consis,BAUFI1,2025-05-26T10:30:00Z,24.1064,1
Consis,BAUFI1,2025-05-26T11:00:00Z,23.9049,1
Consis,BAUFI1,2025-05-26T11:30:00Z,22.8052,1
Consis,BAUFI1,2025-05-26T12:00:00Z,24.0199,1
Consis,BAUFI1,2025-05-26T12:30:00Z,24.1629,1
Consis,BAUFI1,2025-05-26T13:00:00Z,23.5716,1
Consis,BAUFI1,2025-05-26T13:30:00Z,23.1255,1
Consis,BAUFI1,2025-05-26T14:00:00Z,23.0907,1
Consis,BAUFI1,2025-05-26T14:30:00Z,23.3688,1
Consis,BAUFI1,2025-05-26T15:00:00Z,20.306,1
Consis,BAUFI1,2025-05-26T15:30:00Z,17.7654,1
Consis,BAUFI1,2025-05-26T16:00:00Z,13.2219,1
Consis,BAUFI1,2025-05-26T16:30:00Z,6.7842,1
Consis,BAUFI1,2025-05-26T17:00:00Z,1.509,1
Consis,BAUFI1,2025-05-26T17:30:00Z,0.026,1
Consis,BAUFI1,2025-05-26T18:00:00Z,0,1
Consis,BAUFI1,2025-05-26T18:30:00Z,0,1
Consis,BAUFI1,2025-05-26T19:00:00Z,0,1
Consis,BAUFI1,2025-05-26T19:30:00Z,0,1
Consis,BAUFI1,2025-05-26T20:00:00Z,0,1
Consis,BAUFI1,2025-05-26T20:30:00Z,0,1
Consis,BAUFI1,2025-05-26T21:00:00Z,0,1
Consis,BAUFI1,2025-05-26T21:30:00Z,0,1
Consis,BAUFI1,2025-05-26T22:00:00Z,0,1
Consis,BAUFI1,2025-05-26T22:30:00Z,0,1
Consis,BAUFI1,2025-05-26T23:00:00Z,0,1
Consis,BAUFI1,2025-05-26T23:30:00Z,0,1
Consis,BAUFI1,2025-05-27T00:00:00Z,0,1
Consis,BAUFI1,2025-05-27T00:30:00Z,0,1
Consis,BAUFI1,2025-05-27T01:00:00Z,0,1
Consis,BAUFI1,2025-05-27T01:30:00Z,0,1
Consis,BAUFI1,2025-05-27T02:00:00Z,0,1
Consis,BAUFI1,2025-05-27T02:30:00Z,0,1
Consis,BAUFI1,2025-05-27T03:00:00Z,0,1
Consis,BAUFI1,2025-05-27T03:30:00Z,0,1
Consis,BAUFI1,2025-05-27T04:00:00Z,0,1
Consis,BAUFI1,2025-05-27T04:30:00Z,0,1
Consis,BAUFI1,2025-05-27T05:00:00Z,0,1
Consis,BAUFI1,2025-05-27T05:30:00Z,0,1
Consis,BAUFI1,2025-05-27T06:00:00Z,0.311,1
Consis,BAUFI1,2025-05-27T06:30:00Z,3.9243,1
Consis,BAUFI1,2025-05-27T07:00:00Z,9.1023,1
Consis,BAUFI1,2025-05-27T07:30:00Z,15.9182,1
Consis,BAUFI1,2025-05-27T08:00:00Z,18.0447,1
Consis,BAUFI1,2025-05-27T08:30:00Z,20.126,1
Consis,BAUFI1,2025-05-27T09:00:00Z,21.9524,1
Consis,BAUFI1,2025-05-27T09:30:00Z,22.4032,1
Consis,BAUFI1,2025-05-27T10:00:00Z,23.4035,1
Consis,BAUFI1,2025-05-27T10:30:00Z,23.8636,1
Consis,BAUFI1,2025-05-27T11:00:00Z,23.6209,1
Consis,BAUFI1,2025-05-27T11:30:00Z,22.6018,1
Consis,BAUFI1,2025-05-27T12:00:00Z,23.4568,1
Consis,BAUFI1,2025-05-27T12:30:00Z,23.3893,1
Consis,BAUFI1,2025-05-27T13:00:00Z,23.0049,1
Consis,BAUFI1,2025-05-27T13:30:00Z,22.401,1
Consis,BAUFI1,2025-05-27T14:00:00Z,22.3429,1
Consis,BAUFI1,2025-05-27T14:30:00Z,22.676,1
Consis,BAUFI1,2025-05-27T15:00:00Z,19.8078,1
Consis,BAUFI1,2025-05-27T15:30:00Z,20.039,1
Consis,BAUFI1,2025-05-27T16:00:00Z,16.275,1
Consis,BAUFI1,2025-05-27T16:30:00Z,6.436,1
Consis,BAUFI1,2025-05-27T17:00:00Z,1.667,1
Consis,BAUFI1,2025-05-27T17:30:00Z,0.034,1
Consis,BAUFI1,2025-05-27T18:00:00Z,0,1
Consis,BAUFI1,2025-05-27T18:30:00Z,0,1
Consis,BAUFI1,2025-05-27T19:00:00Z,0,1
Consis,BAUFI1,2025-05-27T19:30:00Z,0,1
Consis,BAUFI1,2025-05-27T20:00:00Z,0,1
Consis,BAUFI1,2025-05-27T20:30:00Z,0,1
Consis,BAUFI1,2025-05-27T21:00:00Z,0,1
Consis,BAUFI1,2025-05-27T21:30:00Z,0,1
Consis,BAUFI1,2025-05-27T22:00:00Z,0,1
Consis,BAUFI1,2025-05-27T22:30:00Z,0,1
Consis,BAUFI1,2025-05-27T23:00:00Z,0,1
Consis,BAUFI1,2025-05-27T23:30:00Z,0,1
Consis,BAUFI1,2025-05-28T00:00:00Z,0,1
Consis,BAUFI1,2025-05-28T00:30:00Z,0,1
Consis,BAUFI1,2025-05-28T01:00:00Z,0,1
Consis,BAUFI1,2025-05-28T01:30:00Z,0,1
Consis,BAUFI1,2025-05-28T02:00:00Z,0,1
Consis,BAUFI1,2025-05-28T02:30:00Z,0,1
Consis,BAUFI1,2025-05-28T03:00:00Z,0,1
Consis,BAUFI1,2025-05-28T03:30:00Z,0,1
Consis,BAUFI1,2025-05-28T04:00:00Z,0,1
Consis,BAUFI1,2025-05-28T04:30:00Z,0,1
Consis,BAUFI1,2025-05-28T05:00:00Z,0,1
Consis,BAUFI1,2025-05-28T05:30:00Z,0,1
Consis,BAUFI1,2025-05-28T06:00:00Z,0.238,1
Consis,BAUFI1,2025-05-28T06:30:00Z,4.1785,1
Consis,BAUFI1,2025-05-28T07:00:00Z,9.4609,1
Consis,BAUFI1,2025-05-28T07:30:00Z,18.8917,1
Consis,BAUFI1,2025-05-28T08:00:00Z,21.0087,1
Consis,BAUFI1,2025-05-28T08:30:00Z,22.0019,1
Consis,BAUFI1,2025-05-28T09:00:00Z,23.6446,1
Consis,BAUFI1,2025-05-28T09:30:00Z,23.3943,1
Consis,BAUFI1,2025-05-28T10:00:00Z,24.7555,1
Consis,BAUFI1,2025-05-28T10:30:00Z,25.0398,1
Consis,BAUFI1,2025-05-28T11:00:00Z,24.6684,1
Consis,BAUFI1,2025-05-28T11:30:00Z,23.2755,1
Consis,BAUFI1,2025-05-28T12:00:00Z,24.7803,1
Consis,BAUFI1,2025-05-28T12:30:00Z,24.035,1
Consis,BAUFI1,2025-05-28T13:00:00Z,23.89,1
Consis,BAUFI1,2025-05-28T13:30:00Z,24.04,1
Consis,BAUFI1,2025-05-28T14:00:00Z,23.684,1
Consis,BAUFI1,2025-05-28T14:30:00Z,23.404,1
Consis,BAUFI1,2025-05-28T15:00:00Z,22.663,1
Consis,BAUFI1,2025-05-28T15:30:00Z,21.251,1
Consis,BAUFI1,2025-05-28T16:00:00Z,16.334,1
Consis,BAUFI1,2025-05-28T16:30:00Z,8.32,1
Consis,BAUFI1,2025-05-28T17:00:00Z,1.63,1
Consis,BAUFI1,2025-05-28T17:30:00Z,0.029,1
Consis,BAUFI1,2025-05-28T18:00:00Z,0,1
Consis,BAUFI1,2025-05-28T18:30:00Z,0,1
Consis,BAUFI1,2025-05-28T19:00:00Z,0,1
Consis,BAUFI1,2025-05-28T19:30:00Z,0,1
Consis,BAUFI1,2025-05-28T20:00:00Z,0,1
Consis,BAUFI1,2025-05-28T20:30:00Z,0,1
Consis,BAUFI1,2025-05-28T21:00:00Z,0,1
Consis,BAUFI1,2025-05-28T21:30:00Z,0,1
Consis,BAUFI1,2025-05-28T22:00:00Z,0,1
Consis,BAUFI1,2025-05-28T22:30:00Z,0,1
Consis,BAUFI1,2025-05-28T23:00:00Z,0,1
Consis,BAUFI1,2025-05-28T23:30:00Z,0,1
Consis,BAUFI1,2025-05-29T00:00:00Z,0,1
Consis,BAUFI1,2025-05-29T00:30:00Z,0,1
Consis,BAUFI1,2025-05-29T01:00:00Z,0,1
Consis,BAUFI1,2025-05-29T01:30:00Z,0,1
Consis,BAUFI1,2025-05-29T02:00:00Z,0,1
Consis,BAUFI1,2025-05-29T02:30:00Z,0,1
Consis,BAUFI1,2025-05-29T03:00:00Z,0,1
Consis,BAUFI1,2025-05-29T03:30:00Z,0,1
Consis,BAUFI1,2025-05-29T04:00:00Z,0,1
Consis,BAUFI1,2025-05-29T04:30:00Z,0,1
Consis,BAUFI1,2025-05-29T05:00:00Z,0,1
Consis,BAUFI1,2025-05-29T05:30:00Z,0,1
Consis,BAUFI1,2025-05-29T06:00:00Z,0.239,1
Consis,BAUFI1,2025-05-29T06:30:00Z,4.07,1
Consis,BAUFI1,2025-05-29T07:00:00Z,11.865,1
Consis,BAUFI1,2025-05-29T07:30:00Z,19.111,1
Consis,BAUFI1,2025-05-29T08:00:00Z,22.385,1
Consis,BAUFI1,2025-05-29T08:30:00Z,23.382,1
Consis,BAUFI1,2025-05-29T09:00:00Z,23.718,1
Consis,BAUFI1,2025-05-29T09:30:00Z,23.967,1
Consis,BAUFI1,2025-05-29T10:00:00Z,23.854,1
Consis,BAUFI1,2025-05-29T10:30:00Z,23.719,1
Consis,BAUFI1,2025-05-29T11:00:00Z,23.621,1
Consis,BAUFI1,2025-05-29T11:30:00Z,23.692,1
Consis,BAUFI1,2025-05-29T12:00:00Z,23.847,1
Consis,BAUFI1,2025-05-29T12:30:00Z,23.905,1
Consis,BAUFI1,2025-05-29T13:00:00Z,23.751,1
Consis,BAUFI1,2025-05-29T13:30:00Z,23.63,1
Consis,BAUFI1,2025-05-29T14:00:00Z,23.413,1
Consis,BAUFI1,2025-05-29T14:30:00Z,23.19,1
Consis,BAUFI1,2025-05-29T15:00:00Z,19.234,1
Consis,BAUFI1,2025-05-29T15:30:00Z,21.107,1
Consis,BAUFI1,2025-05-29T16:00:00Z,15.93,1
Consis,BAUFI1,2025-05-29T16:30:00Z,8.044,1
Consis,BAUFI1,2025-05-29T17:00:00Z,1.467,1
Consis,BAUFI1,2025-05-29T17:30:00Z,0.028,1
Consis,BAUFI1,2025-05-29T18:00:00Z,0,1
Consis,BAUFI1,2025-05-29T18:30:00Z,0,1
Consis,BAUFI1,2025-05-29T19:00:00Z,0,1
Consis,BAUFI1,2025-05-29T19:30:00Z,0,1
Consis,BAUFI1,2025-05-29T20:00:00Z,0,1
Consis,BAUFI1,2025-05-29T20:30:00Z,0,1
Consis,BAUFI1,2025-05-29T21:00:00Z,0,1
Consis,BAUFI1,2025-05-29T21:30:00Z,0,1
Consis,BAUFI1,2025-05-29T22:00:00Z,0,1
Consis,BAUFI1,2025-05-29T22:30:00Z,0,1
Consis,BAUFI1,2025-05-29T23:00:00Z,0,1
Consis,BAUFI1,2025-05-29T23:30:00Z,0,1
Consis,BAUFI1,2025-05-30T00:00:00Z,0,1
Consis,BAUFI1,2025-05-30T00:30:00Z,0,1
Consis,BAUFI1,2025-05-30T01:00:00Z,0,1
Consis,BAUFI1,2025-05-30T01:30:00Z,0,1
Consis,BAUFI1,2025-05-30T02:00:00Z,0,1
Consis,BAUFI1,2025-05-30T02:30:00Z,0,1
Consis,BAUFI1,2025-05-30T03:00:00Z,0,1
Consis,BAUFI1,2025-05-30T03:30:00Z,0,1
Consis,BAUFI1,2025-05-30T04:00:00Z,0,1
Consis,BAUFI1,2025-05-30T04:30:00Z,0,1
Consis,BAUFI1,2025-05-30T05:00:00Z,0,1
Consis,BAUFI1,2025-05-30T05:30:00Z,0,1
Consis,BAUFI1,2025-05-30T06:00:00Z,0.232,1
Consis,BAUFI1,2025-05-30T06:30:00Z,3.628,1
Consis,BAUFI1,2025-05-30T07:00:00Z,11.443,1
Consis,BAUFI1,2025-05-30T07:30:00Z,18.591,1
Consis,BAUFI1,2025-05-30T08:00:00Z,21.865,1
Consis,BAUFI1,2025-05-30T08:30:00Z,22.886,1
Consis,BAUFI1,2025-05-30T09:00:00Z,23.16,1
Consis,BAUFI1,2025-05-30T09:30:00Z,22.231,1
Consis,BAUFI1,2025-05-30T10:00:00Z,23.699,1
Consis,BAUFI1,2025-05-30T10:30:00Z,23.5683,1
Consis,BAUFI1,2025-05-30T11:00:00Z,23.4345,1
Consis,BAUFI1,2025-05-30T11:30:00Z,22.3516,1
Consis,BAUFI1,2025-05-30T12:00:00Z,22.2452,1
Consis,BAUFI1,2025-05-30T12:30:00Z,22.8728,1
Consis,BAUFI1,2025-05-30T13:00:00Z,22.1085,1
Consis,BAUFI1,2025-05-30T13:30:00Z,22.0124,1
Consis,BAUFI1,2025-05-30T14:00:00Z,21.8373,1
Consis,BAUFI1,2025-05-30T14:30:00Z,22.0639,1
Consis,BAUFI1,2025-05-30T15:00:00Z,12.342,1
Consis,BAUFI1,2025-05-30T15:30:00Z,6.834,1
Consis,BAUFI1,2025-05-30T16:00:00Z,10.141,1
Consis,BAUFI1,2025-05-30T16:30:00Z,3.664,1
Consis,BAUFI1,2025-05-30T17:00:00Z,1.199,1
Consis,BAUFI1,2025-05-30T17:30:00Z,0.033,1
Consis,BAUFI1,2025-05-30T18:00:00Z,0,1
Consis,BAUFI1,2025-05-30T18:30:00Z,0,1
Consis,BAUFI1,2025-05-30T19:00:00Z,0,1
Consis,BAUFI1,2025-05-30T19:30:00Z,0,1
Consis,BAUFI1,2025-05-30T20:00:00Z,0,1
Consis,BAUFI1,2025-05-30T20:30:00Z,0,1
Consis,BAUFI1,2025-05-30T21:00:00Z,0,1
Consis,BAUFI1,2025-05-30T21:30:00Z,0,1
Consis,BAUFI1,2025-05-30T22:00:00Z,0,1
Consis,BAUFI1,2025-05-30T22:30:00Z,0,1
Consis,BAUFI1,2025-05-30T23:00:00Z,0,1
Consis,BAUFI1,2025-05-30T23:30:00Z,0,1
Consis,BAUFI1,2025-05-31T00:00:00Z,0,1
Consis,BAUFI1,2025-05-31T00:30:00Z,0,1
Consis,BAUFI1,2025-05-31T01:00:00Z,0,1
Consis,BAUFI1,2025-05-31T01:30:00Z,0,1
Consis,BAUFI1,2025-05-31T02:00:00Z,0,1
Consis,BAUFI1,2025-05-31T02:30:00Z,0,1
Consis,BAUFI1,2025-05-31T03:00:00Z,0,1
Consis,BAUFI1,2025-05-31T03:30:00Z,0,1
Consis,BAUFI1,2025-05-31T04:00:00Z,0,1
Consis,BAUFI1,2025-05-31T04:30:00Z,0,1
Consis,BAUFI1,2025-05-31T05:00:00Z,0,1
Consis,BAUFI1,2025-05-31T05:30:00Z,0,1
Consis,BAUFI1,2025-05-31T06:00:00Z,0.132,1
Consis,BAUFI1,2025-05-31T06:30:00Z,3.571,1
Consis,BAUFI1,2025-05-31T07:00:00Z,9.0943,1
Consis,BAUFI1,2025-05-31T07:30:00Z,15.0966,1
Consis,BAUFI1,2025-05-31T08:00:00Z,17.8649,1
Consis,BAUFI1,2025-05-31T08:30:00Z,19.0917,1
Consis,BAUFI1,2025-05-31T09:00:00Z,20.1839,1
Consis,BAUFI1,2025-05-31T09:30:00Z,21.9079,1
Consis,BAUFI1,2025-05-31T10:00:00Z,21.3288,1
Consis,BAUFI1,2025-05-31T10:30:00Z,21.5835,1
Consis,BAUFI1,2025-05-31T11:00:00Z,21.5691,1
Consis,BAUFI1,2025-05-31T11:30:00Z,21.0404,1
Consis,BAUFI1,2025-05-31T12:00:00Z,19.7202,1
Consis,BAUFI1,2025-05-31T12:30:00Z,20.5558,1
Consis,BAUFI1,2025-05-31T13:00:00Z,19.5323,1
Consis,BAUFI1,2025-05-31T13:30:00Z,19.9087,1
Consis,BAUFI1,2025-05-31T14:00:00Z,18.7122,1
Consis,BAUFI1,2025-05-31T14:30:00Z,17.7644,1
Consis,BAUFI1,2025-05-31T15:00:00Z,18.3121,1
Consis,BAUFI1,2025-05-31T15:30:00Z,14.5954,1
Consis,BAUFI1,2025-05-31T16:00:00Z,10.479,1
Consis,BAUFI1,2025-05-31T16:30:00Z,9.586,1
Consis,BAUFI1,2025-05-31T17:00:00Z,1.582,1
Consis,BAUFI1,2025-05-31T17:30:00Z,0.013,1
Consis,BAUFI1,2025-05-31T18:00:00Z,0,1
Consis,BAUFI1,2025-05-31T18:30:00Z,0,1
Consis,BAUFI1,2025-05-31T19:00:00Z,0,1
Consis,BAUFI1,2025-05-31T19:30:00Z,0,1
Consis,BAUFI1,2025-05-31T20:00:00Z,0,1
Consis,BAUFI1,2025-05-31T20:30:00Z,0,1
Consis,BAUFI1,2025-05-31T21:00:00Z,0,1
Consis,BAUFI1,2025-05-31T21:30:00Z,0,1
Consis,BAUFI1,2025-05-31T22:00:00Z,0,1
Consis,BAUFI1,2025-05-31T22:30:00Z,0,1
Consis,BAUFI1,2025-05-31T23:00:00Z,0,1
Consis,BAUFI1,2025-05-31T23:30:00Z,0,1
Consis,BAUFI1,2025-06-01T00:00:00Z,0,1
Consis,BAUFI1,2025-06-01T00:30:00Z,0,1
Consis,BAUFI1,2025-06-01T01:00:00Z,0,1
Consis,BAUFI1,2025-06-01T01:30:00Z,0,1
Consis,BAUFI1,2025-06-01T02:00:00Z,0,1
Consis,BAUFI1,2025-06-01T02:30:00Z,0,1
Consis,BAUFI1,2025-06-01T03:00:00Z,0,1
Consis,BAUFI1,2025-06-01T03:30:00Z,0,1
Consis,BAUFI1,2025-06-01T04:00:00Z,0,1
Consis,BAUFI1,2025-06-01T04:30:00Z,0,1
Consis,BAUFI1,2025-06-01T05:00:00Z,0,1
Consis,BAUFI1,2025-06-01T05:30:00Z,0,1
Consis,BAUFI1,2025-06-01T06:00:00Z,0.386,1
Consis,BAUFI1,2025-06-01T06:30:00Z,3.7373,1
Consis,BAUFI1,2025-06-01T07:00:00Z,8.9855,1
Consis,BAUFI1,2025-06-01T07:30:00Z,14.7497,1
Consis,BAUFI1,2025-06-01T08:00:00Z,18.1587,1
Consis,BAUFI1,2025-06-01T08:30:00Z,19.8385,1
Consis,BAUFI1,2025-06-01T09:00:00Z,21.5449,1
Consis,BAUFI1,2025-06-01T09:30:00Z,22.5321,1
Consis,BAUFI1,2025-06-01T10:00:00Z,23.0251,1
Consis,BAUFI1,2025-06-01T10:30:00Z,23.1954,1
Consis,BAUFI1,2025-06-01T11:00:00Z,22.89,1
Consis,BAUFI1,2025-06-01T11:30:00Z,21.8158,1
Consis,BAUFI1,2025-06-01T12:00:00Z,21.2039,1
Consis,BAUFI1,2025-06-01T12:30:00Z,21.7231,1
Consis,BAUFI1,2025-06-01T13:00:00Z,21.1396,1
Consis,BAUFI1,2025-06-01T13:30:00Z,21.353,1
Consis,BAUFI1,2025-06-01T14:00:00Z,21.2638,1
Consis,BAUFI1,2025-06-01T14:30:00Z,21.5246,1
Consis,BAUFI1,2025-06-01T15:00:00Z,19.9636,1
Consis,BAUFI1,2025-06-01T15:30:00Z,18.0569,1
Consis,BAUFI1,2025-06-01T16:00:00Z,14.5056,1
Consis,BAUFI1,2025-06-01T16:30:00Z,7.872,1
Consis,BAUFI1,2025-06-01T17:00:00Z,1.235,1
Consis,BAUFI1,2025-06-01T17:30:00Z,0.021,1
Consis,BAUFI1,2025-06-01T18:00:00Z,0,1
Consis,BAUFI1,2025-06-01T18:30:00Z,0,1
Consis,BAUFI1,2025-06-01T19:00:00Z,0,1
Consis,BAUFI1,2025-06-01T19:30:00Z,0,1
Consis,BAUFI1,2025-06-01T20:00:00Z,0,1
Consis,BAUFI1,2025-06-01T20:30:00Z,0,1
Consis,BAUFI1,2025-06-01T21:00:00Z,0,1
Consis,BAUFI1,2025-06-01T21:30:00Z,0,1
Consis,BAUFI1,2025-06-01T22:00:00Z,0,1
Consis,BAUFI1,2025-06-01T22:30:00Z,0,1
Consis,BAUFI1,2025-06-01T23:00:00Z,0,1
Consis,BAUFI1,2025-06-01T23:30:00Z,0,1
Consis,BAUFI1,2025-06-02T00:00:00Z,0,1
Consis,BAUFI1,2025-06-02T00:30:00Z,0,1
Consis,BAUFI1,2025-06-02T01:00:00Z,0,1
Consis,BAUFI1,2025-06-02T01:30:00Z,0,1
Consis,BAUFI1,2025-06-02T02:00:00Z,0,1
Consis,BAUFI1,2025-06-02T02:30:00Z,0,1
Consis,BAUFI1,2025-06-02T03:00:00Z,0,1
Consis,BAUFI1,2025-06-02T03:30:00Z,0,1
Consis,BAUFI1,2025-06-02T04:00:00Z,0,1
Consis,BAUFI1,2025-06-02T04:30:00Z,0,1
Consis,BAUFI1,2025-06-02T05:00:00Z,0,1
Consis,BAUFI1,2025-06-02T05:30:00Z,0,1
Consis,BAUFI1,2025-06-02T06:00:00Z,0.29,1
Consis,BAUFI1,2025-06-02T06:30:00Z,1.472,1
Consis,BAUFI1,2025-06-02T07:00:00Z,8.7659,1
Consis,BAUFI1,2025-06-02T07:30:00Z,13.1656,1
Consis,BAUFI1,2025-06-02T08:00:00Z,14.8027,1
Consis,BAUFI1,2025-06-02T08:30:00Z,11.4067,1
Consis,BAUFI1,2025-06-02T09:00:00Z,13.3928,1
Consis,BAUFI1,2025-06-02T09:30:00Z,16.0961,1
Consis,BAUFI1,2025-06-02T10:00:00Z,19.0094,1
Consis,BAUFI1,2025-06-02T10:30:00Z,20.0571,1
Consis,BAUFI1,2025-06-02T11:00:00Z,20.5917,1
Consis,BAUFI1,2025-06-02T11:30:00Z,19.9284,1
Consis,BAUFI1,2025-06-02T12:00:00Z,21.3307,1
Consis,BAUFI1,2025-06-02T12:30:00Z,21.4803,1
Consis,BAUFI1,2025-06-02T13:00:00Z,20.9201,1
Consis,BAUFI1,2025-06-02T13:30:00Z,20.9551,1
Consis,BAUFI1,2025-06-02T14:00:00Z,20.2615,1
Consis,BAUFI1,2025-06-02T14:30:00Z,21.1232,1
Consis,BAUFI1,2025-06-02T15:00:00Z,19.3156,1
Consis,BAUFI1,2025-06-02T15:30:00Z,17.0096,1
Consis,BAUFI1,2025-06-02T16:00:00Z,12.801,1
Consis,BAUFI1,2025-06-02T16:30:00Z,4.979,1
Consis,BAUFI1,2025-06-02T17:00:00Z,1.795,1
Consis,BAUFI1,2025-06-02T17:30:00Z,0.037,1
Consis,BAUFI1,2025-06-02T18:00:00Z,0,1
Consis,BAUFI1,2025-06-02T18:30:00Z,0,1
Consis,BAUFI1,2025-06-02T19:00:00Z,0,1
Consis,BAUFI1,2025-06-02T19:30:00Z,0,1
Consis,BAUFI1,2025-06-02T20:00:00Z,0,1
Consis,BAUFI1,2025-06-02T20:30:00Z,0,1
Consis,BAUFI1,2025-06-02T21:00:00Z,0,1
Consis,BAUFI1,2025-06-02T21:30:00Z,0,1
Consis,BAUFI1,2025-06-02T22:00:00Z,0,1
Consis,BAUFI1,2025-06-02T22:30:00Z,0,1
Consis,BAUFI1,2025-06-02T23:00:00Z,0,1
Consis,BAUFI1,2025-06-02T23:30:00Z,0,1
Consis,BAUFI1,2025-06-03T00:00:00Z,0,1
Consis,BAUFI1,2025-06-03T00:30:00Z,0,1
Consis,BAUFI1,2025-06-03T01:00:00Z,0,1
Consis,BAUFI1,2025-06-03T01:30:00Z,0,1
Consis,BAUFI1,2025-06-03T02:00:00Z,0,1
Consis,BAUFI1,2025-06-03T02:30:00Z,0,1
Consis,BAUFI1,2025-06-03T03:00:00Z,0,1
Consis,BAUFI1,2025-06-03T03:30:00Z,0,1
Consis,BAUFI1,2025-06-03T04:00:00Z,0,1
Consis,BAUFI1,2025-06-03T04:30:00Z,0,1
Consis,BAUFI1,2025-06-03T05:00:00Z,0,1
Consis,BAUFI1,2025-06-03T05:30:00Z,0,1
Consis,BAUFI1,2025-06-03T06:00:00Z,0.087,1
Consis,BAUFI1,2025-06-03T06:30:00Z,1.634,1
Consis,BAUFI1,2025-06-03T07:00:00Z,0,1
Consis,BAUFI1,2025-06-03T07:30:00Z,0,1
Consis,BAUFI1,2025-06-03T08:00:00Z,0,1
Consis,BAUFI1,2025-06-03T08:30:00Z,0,1
Consis,BAUFI1,2025-06-03T09:00:00Z,0,1
Consis,BAUFI1,2025-06-03T09:30:00Z,0,1
Consis,BAUFI1,2025-06-03T10:00:00Z,0,1
Consis,BAUFI1,2025-06-03T10:30:00Z,0,1
Consis,BAUFI1,2025-06-03T11:00:00Z,0,1
Consis,BAUFI1,2025-06-03T11:30:00Z,0,1
Consis,BAUFI1,2025-06-03T12:00:00Z,0,1
Consis,BAUFI1,2025-06-03T12:30:00Z,0,1
Consis,BAUFI1,2025-06-03T13:00:00Z,0,1
Consis,BAUFI1,2025-06-03T13:30:00Z,2.708,1
Consis,BAUFI1,2025-06-03T14:00:00Z,9.542,1
Consis,BAUFI1,2025-06-03T14:30:00Z,12.499,1
Consis,BAUFI1,2025-06-03T15:00:00Z,0.001,1
Consis,BAUFI1,2025-06-03T15:30:00Z,2.428,1
Consis,BAUFI1,2025-06-03T16:00:00Z,9.19,1
Consis,BAUFI1,2025-06-03T16:30:00Z,5.721,1
Consis,BAUFI1,2025-06-03T17:00:00Z,1.25,1
Consis,BAUFI1,2025-06-03T17:30:00Z,0.103,1
Consis,BAUFI1,2025-06-03T18:00:00Z,0,2
Consis,BAUFI1,2025-06-03T18:30:00Z,0,1
Consis,BAUFI1,2025-06-03T19:00:00Z,0,2
Consis,BAUFI1,2025-06-03T19:30:00Z,0,2
Consis,BAUFI1,2025-06-03T20:00:00Z,0,2
Consis,BAUFI1,2025-06-03T20:30:00Z,0,2
Consis,BAUFI1,2025-06-03T21:00:00Z,0,2
Consis,BAUFI1,2025-06-03T21:30:00Z,0,2
Consis,BAUFI1,2025-06-03T22:00:00Z,0,1
Consis,BAUFI1,2025-06-03T22:30:00Z,0,1
Consis,BAUFI1,2025-06-03T23:00:00Z,0,1
Consis,BAUFI1,2025-06-03T23:30:00Z,0,1
Consis,BAUFI1,2025-06-04T00:00:00Z,0,1
Consis,BAUFI1,2025-06-04T00:30:00Z,0,1
Consis,BAUFI1,2025-06-04T01:00:00Z,0,1
Consis,BAUFI1,2025-06-04T01:30:00Z,0,1
Consis,BAUFI1,2025-06-04T02:00:00Z,0,1
Consis,BAUFI1,2025-06-04T02:30:00Z,0,1
Consis,BAUFI1,2025-06-04T03:00:00Z,0,1
Consis,BAUFI1,2025-06-04T03:30:00Z,0,1
Consis,BAUFI1,2025-06-04T04:00:00Z,0,1
Consis,BAUFI1,2025-06-04T04:30:00Z,0,1
Consis,BAUFI1,2025-06-04T05:00:00Z,0,1
Consis,BAUFI1,2025-06-04T05:30:00Z,0,1
Consis,BAUFI1,2025-06-04T06:00:00Z,0.061,1
Consis,BAUFI1,2025-06-04T06:30:00Z,3.405,1
Consis,BAUFI1,2025-06-04T07:00:00Z,7.83,1
Consis,BAUFI1,2025-06-04T07:30:00Z,0.487,1
Consis,BAUFI1,2025-06-04T08:00:00Z,0,1
Consis,BAUFI1,2025-06-04T08:30:00Z,0,1
Consis,BAUFI1,2025-06-04T09:00:00Z,0,1
Consis,BAUFI1,2025-06-04T09:30:00Z,0,1
Consis,BAUFI1,2025-06-04T10:00:00Z,0,1
Consis,BAUFI1,2025-06-04T10:30:00Z,0,1
Consis,BAUFI1,2025-06-04T11:00:00Z,0,1
Consis,BAUFI1,2025-06-04T11:30:00Z,0,1
Consis,BAUFI1,2025-06-04T12:00:00Z,0,1
Consis,BAUFI1,2025-06-04T12:30:00Z,0,1
Consis,BAUFI1,2025-06-04T13:00:00Z,0,1
Consis,BAUFI1,2025-06-04T13:30:00Z,8.549,1
Consis,BAUFI1,2025-06-04T14:00:00Z,17.93,1
Consis,BAUFI1,2025-06-04T14:30:00Z,23.137,1
Consis,BAUFI1,2025-06-04T15:00:00Z,13.916,1
Consis,BAUFI1,2025-06-04T15:30:00Z,9.443,1
Consis,BAUFI1,2025-06-04T16:00:00Z,13.27,1
Consis,BAUFI1,2025-06-04T16:30:00Z,6.764,1
Consis,BAUFI1,2025-06-04T17:00:00Z,1.903,1
Consis,BAUFI1,2025-06-04T17:30:00Z,0.182,1
Consis,BAUFI1,2025-06-04T18:00:00Z,0,1
Consis,BAUFI1,2025-06-04T18:30:00Z,0,1
Consis,BAUFI1,2025-06-04T19:00:00Z,0,1
Consis,BAUFI1,2025-06-04T19:30:00Z,0,1
Consis,BAUFI1,2025-06-04T20:00:00Z,0,1
Consis,BAUFI1,2025-06-04T20:30:00Z,0,1
Consis,BAUFI1,2025-06-04T21:00:00Z,0,1
Consis,BAUFI1,2025-06-04T21:30:00Z,0,1
Consis,BAUFI1,2025-06-04T22:00:00Z,0,1
Consis,BAUFI1,2025-06-04T22:30:00Z,0,1
Consis,BAUFI1,2025-06-04T23:00:00Z,0,1
Consis,BAUFI1,2025-06-04T23:30:00Z,0,1
Consis,BAUFI1,2025-06-05T00:00:00Z,0,1
Consis,BAUFI1,2025-06-05T00:30:00Z,0,1
Consis,BAUFI1,2025-06-05T01:00:00Z,0,1
Consis,BAUFI1,2025-06-05T01:30:00Z,0,1
Consis,BAUFI1,2025-06-05T02:00:00Z,0,1
Consis,BAUFI1,2025-06-05T02:30:00Z,0,1
Consis,BAUFI1,2025-06-05T03:00:00Z,0,1
Consis,BAUFI1,2025-06-05T03:30:00Z,0,1
Consis,BAUFI1,2025-06-05T04:00:00Z,0,1
Consis,BAUFI1,2025-06-05T04:30:00Z,0,1
Consis,BAUFI1,2025-06-05T05:00:00Z,0,1
Consis,BAUFI1,2025-06-05T05:30:00Z,0,1
Consis,BAUFI1,2025-06-05T06:00:00Z,0.167,1
Consis,BAUFI1,2025-06-05T06:30:00Z,3.055,1
Consis,BAUFI1,2025-06-05T07:00:00Z,10.709,1
Consis,BAUFI1,2025-06-05T07:30:00Z,15.482,1
Consis,BAUFI1,2025-06-05T08:00:00Z,15.713,1
Consis,BAUFI1,2025-06-05T08:30:00Z,12.275,1
Consis,BAUFI1,2025-06-05T09:00:00Z,12.034,1
Consis,BAUFI1,2025-06-05T09:30:00Z,11.84,1
Consis,BAUFI1,2025-06-05T10:00:00Z,12.144,1
Consis,BAUFI1,2025-06-05T10:30:00Z,13.181,1
Consis,BAUFI1,2025-06-05T11:00:00Z,14.198,1
Consis,BAUFI1,2025-06-05T11:30:00Z,16.888,1
Consis,BAUFI1,2025-06-05T12:00:00Z,17.384,1
Consis,BAUFI1,2025-06-05T12:30:00Z,17.896,1
Consis,BAUFI1,2025-06-05T13:00:00Z,19.954,1
Consis,BAUFI1,2025-06-05T13:30:00Z,21.333,1
Consis,BAUFI1,2025-06-05T14:00:00Z,19.145,1
Consis,BAUFI1,2025-06-05T14:30:00Z,16.847,1
Consis,BAUFI1,2025-06-05T15:00:00Z,15.935,1
Consis,BAUFI1,2025-06-05T15:30:00Z,11.592,1
Consis,BAUFI1,2025-06-05T16:00:00Z,8.463,1
Consis,BAUFI1,2025-06-05T16:30:00Z,4.083,1
Consis,BAUFI1,2025-06-05T17:00:00Z,1.11,1
Consis,BAUFI1,2025-06-05T17:30:00Z,0.156,1
Consis,BAUFI1,2025-06-05T18:00:00Z,0,1
Consis,BAUFI1,2025-06-05T18:30:00Z,0,1
Consis,BAUFI1,2025-06-05T19:00:00Z,0,1
Consis,BAUFI1,2025-06-05T19:30:00Z,0,1
Consis,BAUFI1,2025-06-05T20:00:00Z,0,1
Consis,BAUFI1,2025-06-05T20:30:00Z,0,1
Consis,BAUFI1,2025-06-05T21:00:00Z,0,1
Consis,BAUFI1,2025-06-05T21:30:00Z,0,1
Consis,BAUFI1,2025-06-05T22:00:00Z,0,1
Consis,BAUFI1,2025-06-05T22:30:00Z,0,1
Consis,BAUFI1,2025-06-05T23:00:00Z,0,1
Consis,BAUFI1,2025-06-05T23:30:00Z,0,1
Consis,BAUFI1,2025-06-06T00:00:00Z,0,1
Consis,BAUFI1,2025-06-06T00:30:00Z,0,1
Consis,BAUFI1,2025-06-06T01:00:00Z,0,1
Consis,BAUFI1,2025-06-06T01:30:00Z,0,1
Consis,BAUFI1,2025-06-06T02:00:00Z,0,1
Consis,BAUFI1,2025-06-06T02:30:00Z,0,1
Consis,BAUFI1,2025-06-06T03:00:00Z,0,1
Consis,BAUFI1,2025-06-06T03:30:00Z,0,1
Consis,BAUFI1,2025-06-06T04:00:00Z,0,1
Consis,BAUFI1,2025-06-06T04:30:00Z,0,1
Consis,BAUFI1,2025-06-06T05:00:00Z,0,1
Consis,BAUFI1,2025-06-06T05:30:00Z,0,1
Consis,BAUFI1,2025-06-06T06:00:00Z,0.193,1
Consis,BAUFI1,2025-06-06T06:30:00Z,0.261,1
Consis,BAUFI1,2025-06-06T07:00:00Z,0,1
Consis,BAUFI1,2025-06-06T07:30:00Z,0,1
Consis,BAUFI1,2025-06-06T08:00:00Z,0,1
Consis,BAUFI1,2025-06-06T08:30:00Z,0,1
Consis,BAUFI1,2025-06-06T09:00:00Z,0,1
Consis,BAUFI1,2025-06-06T09:30:00Z,2.43,1
Consis,BAUFI1,2025-06-06T10:00:00Z,24.005,1
Consis,BAUFI1,2025-06-06T10:30:00Z,23.805,1
Consis,BAUFI1,2025-06-06T11:00:00Z,24.029,1
Consis,BAUFI1,2025-06-06T11:30:00Z,23.903,1
Consis,BAUFI1,2025-06-06T12:00:00Z,24.046,1
Consis,BAUFI1,2025-06-06T12:30:00Z,23.877,1
Consis,BAUFI1,2025-06-06T13:00:00Z,23.953,1
Consis,BAUFI1,2025-06-06T13:30:00Z,24.128,1
Consis,BAUFI1,2025-06-06T14:00:00Z,23.296,1
Consis,BAUFI1,2025-06-06T14:30:00Z,22.716,1
Consis,BAUFI1,2025-06-06T15:00:00Z,21.74,1
Consis,BAUFI1,2025-06-06T15:30:00Z,21.246,1
Consis,BAUFI1,2025-06-06T16:00:00Z,12.061,1
Consis,BAUFI1,2025-06-06T16:30:00Z,4.682,1
Consis,BAUFI1,2025-06-06T17:00:00Z,0.963,1
Consis,BAUFI1,2025-06-06T17:30:00Z,0.031,2
Consis,BAUFI1,2025-06-06T18:00:00Z,0,1
Consis,BAUFI1,2025-06-06T18:30:00Z,0,1
Consis,BAUFI1,2025-06-06T19:00:00Z,0,1
Consis,BAUFI1,2025-06-06T19:30:00Z,0,1
Consis,BAUFI1,2025-06-06T20:00:00Z,0,1
Consis,BAUFI1,2025-06-06T20:30:00Z,0,1
Consis,BAUFI1,2025-06-06T21:00:00Z,0,1
Consis,BAUFI1,2025-06-06T21:30:00Z,0,1
Consis,BAUFI1,2025-06-06T22:00:00Z,0,1
Consis,BAUFI1,2025-06-06T22:30:00Z,0,1
Consis,BAUFI1,2025-06-06T23:00:00Z,0,1
Consis,BAUFI1,2025-06-06T23:30:00Z,0,1
Consis,BAUFI1,2025-06-07T00:00:00Z,0,1
Consis,BAUFI1,2025-06-07T00:30:00Z,0,1
Consis,BAUFI1,2025-06-07T01:00:00Z,0,1
Consis,BAUFI1,2025-06-07T01:30:00Z,0,1
Consis,BAUFI1,2025-06-07T02:00:00Z,0,1
Consis,BAUFI1,2025-06-07T02:30:00Z,0,1
Consis,BAUFI1,2025-06-07T03:00:00Z,0,1
Consis,BAUFI1,2025-06-07T03:30:00Z,0,1
Consis,BAUFI1,2025-06-07T04:00:00Z,0,1
Consis,BAUFI1,2025-06-07T04:30:00Z,0,1
Consis,BAUFI1,2025-06-07T05:00:00Z,0,1
Consis,BAUFI1,2025-06-07T05:30:00Z,0,1
Consis,BAUFI1,2025-06-07T06:00:00Z,0.054,1
Consis,BAUFI1,2025-06-07T06:30:00Z,2.831,1
Consis,BAUFI1,2025-06-07T07:00:00Z,11.287,1
Consis,BAUFI1,2025-06-07T07:30:00Z,4.502,1
Consis,BAUFI1,2025-06-07T08:00:00Z,0,1
Consis,BAUFI1,2025-06-07T08:30:00Z,0,1
Consis,BAUFI1,2025-06-07T09:00:00Z,0,1
Consis,BAUFI1,2025-06-07T09:30:00Z,0,1
Consis,BAUFI1,2025-06-07T10:00:00Z,0,1
Consis,BAUFI1,2025-06-07T10:30:00Z,0,1
Consis,BAUFI1,2025-06-07T11:00:00Z,0,1
Consis,BAUFI1,2025-06-07T11:30:00Z,0,1
Consis,BAUFI1,2025-06-07T12:00:00Z,0,1
Consis,BAUFI1,2025-06-07T12:30:00Z,6.703,1
Consis,BAUFI1,2025-06-07T13:00:00Z,24.1,1
Consis,BAUFI1,2025-06-07T13:30:00Z,24.15,1
Consis,BAUFI1,2025-06-07T14:00:00Z,24.038,1
Consis,BAUFI1,2025-06-07T14:30:00Z,23.791,1
Consis,BAUFI1,2025-06-07T15:00:00Z,22.986,1
Consis,BAUFI1,2025-06-07T15:30:00Z,21.604,1
Consis,BAUFI1,2025-06-07T16:00:00Z,16.585,1
Consis,BAUFI1,2025-06-07T16:30:00Z,8.784,1
Consis,BAUFI1,2025-06-07T17:00:00Z,1.909,1
Consis,BAUFI1,2025-06-07T17:30:00Z,0.165,1
Consis,BAUFI1,2025-06-07T18:00:00Z,0,1
Consis,BAUFI1,2025-06-07T18:30:00Z,0,1
Consis,BAUFI1,2025-06-07T19:00:00Z,0,1
Consis,BAUFI1,2025-06-07T19:30:00Z,0,1
Consis,BAUFI1,2025-06-07T20:00:00Z,0,1
Consis,BAUFI1,2025-06-07T20:30:00Z,0,1
Consis,BAUFI1,2025-06-07T21:00:00Z,0,1
Consis,BAUFI1,2025-06-07T21:30:00Z,0,1
Consis,BAUFI1,2025-06-07T22:00:00Z,0,1
Consis,BAUFI1,2025-06-07T22:30:00Z,0,1
Consis,BAUFI1,2025-06-07T23:00:00Z,0,1
Consis,BAUFI1,2025-06-07T23:30:00Z,0,1
Consis,BAUFI1,2025-06-08T00:00:00Z,0,1
Consis,BAUFI1,2025-06-08T00:30:00Z,0,1
Consis,BAUFI1,2025-06-08T01:00:00Z,0,1
Consis,BAUFI1,2025-06-08T01:30:00Z,0,1
Consis,BAUFI1,2025-06-08T02:00:00Z,0,1
Consis,BAUFI1,2025-06-08T02:30:00Z,0,1
Consis,BAUFI1,2025-06-08T03:00:00Z,0,1
Consis,BAUFI1,2025-06-08T03:30:00Z,0,1
Consis,BAUFI1,2025-06-08T04:00:00Z,0,1
Consis,BAUFI1,2025-06-08T04:30:00Z,0,1
Consis,BAUFI1,2025-06-08T05:00:00Z,0,1
Consis,BAUFI1,2025-06-08T05:30:00Z,0,1
Consis,BAUFI1,2025-06-08T06:00:00Z,0.068,1
Consis,BAUFI1,2025-06-08T06:30:00Z,0.221,1
Consis,BAUFI1,2025-06-08T07:00:00Z,0,1
Consis,BAUFI1,2025-06-08T07:30:00Z,0,1
Consis,BAUFI1,2025-06-08T08:00:00Z,0,1
Consis,BAUFI1,2025-06-08T08:30:00Z,0,1
Consis,BAUFI1,2025-06-08T09:00:00Z,0,1
Consis,BAUFI1,2025-06-08T09:30:00Z,0.003,1
Consis,BAUFI1,2025-06-08T10:00:00Z,4.7,1
Consis,BAUFI1,2025-06-08T10:30:00Z,7.611,1
Consis,BAUFI1,2025-06-08T11:00:00Z,11.06,1
Consis,BAUFI1,2025-06-08T11:30:00Z,12.673,1
Consis,BAUFI1,2025-06-08T12:00:00Z,13.063,1
Consis,BAUFI1,2025-06-08T12:30:00Z,13.203,1
Consis,BAUFI1,2025-06-08T13:00:00Z,13.251,1
Consis,BAUFI1,2025-06-08T13:30:00Z,13.246,1
Consis,BAUFI1,2025-06-08T14:00:00Z,13.256,1
Consis,BAUFI1,2025-06-08T14:30:00Z,15.85,1
Consis,BAUFI1,2025-06-08T15:00:00Z,21.319,1
Consis,BAUFI1,2025-06-08T15:30:00Z,21.201,1
Consis,BAUFI1,2025-06-08T16:00:00Z,16.454,1
Consis,BAUFI1,2025-06-08T16:30:00Z,8.628,1
Consis,BAUFI1,2025-06-08T17:00:00Z,1.856,1
Consis,BAUFI1,2025-06-08T17:30:00Z,0,1
Consis,BAUFI1,2025-06-08T18:00:00Z,0,1
Consis,BAUFI1,2025-06-08T18:30:00Z,0,1
Consis,BAUFI1,2025-06-08T19:00:00Z,0,1
Consis,BAUFI1,2025-06-08T19:30:00Z,0,1
Consis,BAUFI1,2025-06-08T20:00:00Z,0,1
Consis,BAUFI1,2025-06-08T20:30:00Z,0,1
Consis,BAUFI1,2025-06-08T21:00:00Z,0,1
Consis,BAUFI1,2025-06-08T21:30:00Z,0,1
Consis,BAUFI1,2025-06-08T22:00:00Z,0,1
Consis,BAUFI1,2025-06-08T22:30:00Z,0,1
Consis,BAUFI1,2025-06-08T23:00:00Z,0,1
Consis,BAUFI1,2025-06-08T23:30:00Z,0,1
Consis,BAUFI1,2025-06-09T00:00:00Z,0,1
Consis,BAUFI1,2025-06-09T00:30:00Z,0,1
Consis,BAUFI1,2025-06-09T01:00:00Z,0,1
Consis,BAUFI1,2025-06-09T01:30:00Z,0,1
Consis,BAUFI1,2025-06-09T02:00:00Z,0,1
Consis,BAUFI1,2025-06-09T02:30:00Z,0,1
Consis,BAUFI1,2025-06-09T03:00:00Z,0,1
Consis,BAUFI1,2025-06-09T03:30:00Z,0,1
Consis,BAUFI1,2025-06-09T04:00:00Z,0,1
Consis,BAUFI1,2025-06-09T04:30:00Z,0,1
Consis,BAUFI1,2025-06-09T05:00:00Z,0,1
Consis,BAUFI1,2025-06-09T05:30:00Z,0,1
Consis,BAUFI1,2025-06-09T06:00:00Z,0.124,1
Consis,BAUFI1,2025-06-09T06:30:00Z,3.478,1
Consis,BAUFI1,2025-06-09T07:00:00Z,11.757,1
Consis,BAUFI1,2025-06-09T07:30:00Z,19.44,1
Consis,BAUFI1,2025-06-09T08:00:00Z,18.873,1
Consis,BAUFI1,2025-06-09T08:30:00Z,22.114,1
Consis,BAUFI1,2025-06-09T09:00:00Z,23.72,1
Consis,BAUFI1,2025-06-09T09:30:00Z,23.502,1
Consis,BAUFI1,2025-06-09T10:00:00Z,23.238,1
Consis,BAUFI1,2025-06-09T10:30:00Z,23.297,1
Consis,BAUFI1,2025-06-09T11:00:00Z,23.618,1
Consis,BAUFI1,2025-06-09T11:30:00Z,22.421,1
Consis,BAUFI1,2025-06-09T12:00:00Z,24.04,1
Consis,BAUFI1,2025-06-09T12:30:00Z,22.279,1
Consis,BAUFI1,2025-06-09T13:00:00Z,19.774,1
Consis,BAUFI1,2025-06-09T13:30:00Z,17.661,1
Consis,BAUFI1,2025-06-09T14:00:00Z,15.182,1
Consis,BAUFI1,2025-06-09T14:30:00Z,20.689,1
Consis,BAUFI1,2025-06-09T15:00:00Z,22.412,1
Consis,BAUFI1,2025-06-09T15:30:00Z,20.915,1
Consis,BAUFI1,2025-06-09T16:00:00Z,16.005,1
Consis,BAUFI1,2025-06-09T16:30:00Z,8.334,1
Consis,BAUFI1,2025-06-09T17:00:00Z,1.774,1
Consis,BAUFI1,2025-06-09T17:30:00Z,0.152,1
Consis,BAUFI1,2025-06-09T18:00:00Z,0,1
Consis,BAUFI1,2025-06-09T18:30:00Z,0,1
Consis,BAUFI1,2025-06-09T19:00:00Z,0,1
Consis,BAUFI1,2025-06-09T19:30:00Z,0,1
Consis,BAUFI1,2025-06-09T20:00:00Z,0,1
Consis,BAUFI1,2025-06-09T20:30:00Z,0,1
Consis,BAUFI1,2025-06-09T21:00:00Z,0,1
Consis,BAUFI1,2025-06-09T21:30:00Z,0,1
Consis,BAUFI1,2025-06-09T22:00:00Z,0,1
Consis,BAUFI1,2025-06-09T22:30:00Z,0,1
Consis,BAUFI1,2025-06-09T23:00:00Z,0,1
Consis,BAUFI1,2025-06-09T23:30:00Z,0,1
Consis,BAUFI1,2025-06-10T00:00:00Z,0,1
Consis,BAUFI1,2025-06-10T00:30:00Z,0,1
Consis,BAUFI1,2025-06-10T01:00:00Z,0,1
Consis,BAUFI1,2025-06-10T01:30:00Z,0,1
Consis,BAUFI1,2025-06-10T02:00:00Z,0,1
Consis,BAUFI1,2025-06-10T02:30:00Z,0,1
Consis,BAUFI1,2025-06-10T03:00:00Z,0,1
Consis,BAUFI1,2025-06-10T03:30:00Z,0,1
Consis,BAUFI1,2025-06-10T04:00:00Z,0,1
Consis,BAUFI1,2025-06-10T04:30:00Z,0,1
Consis,BAUFI1,2025-06-10T05:00:00Z,0,1
Consis,BAUFI1,2025-06-10T05:30:00Z,0,1
Consis,BAUFI1,2025-06-10T06:00:00Z,0.053,1
Consis,BAUFI1,2025-06-10T06:30:00Z,2.811,1
Consis,BAUFI1,2025-06-10T07:00:00Z,10.652,1
Consis,BAUFI1,2025-06-10T07:30:00Z,18.172,1
Consis,BAUFI1,2025-06-10T08:00:00Z,21.683,1
Consis,BAUFI1,2025-06-10T08:30:00Z,22.516,1
Consis,BAUFI1,2025-06-10T09:00:00Z,23.094,1
Consis,BAUFI1,2025-06-10T09:30:00Z,23.284,1
Consis,BAUFI1,2025-06-10T10:00:00Z,22.777,1
Consis,BAUFI1,2025-06-10T10:30:00Z,21.832,1
Consis,BAUFI1,2025-06-10T11:00:00Z,21.599,1
Consis,BAUFI1,2025-06-10T11:30:00Z,21.71,1
Consis,BAUFI1,2025-06-10T12:00:00Z,22.866,1
Consis,BAUFI1,2025-06-10T12:30:00Z,23.58,1
Consis,BAUFI1,2025-06-10T13:00:00Z,23.491,1
Consis,BAUFI1,2025-06-10T13:30:00Z,23.355,1
Consis,BAUFI1,2025-06-10T14:00:00Z,23.268,1
Consis,BAUFI1,2025-06-10T14:30:00Z,22.985,1
Consis,BAUFI1,2025-06-10T15:00:00Z,22.111,1
Consis,BAUFI1,2025-06-10T15:30:00Z,20.309,1
Consis,BAUFI1,2025-06-10T16:00:00Z,14.846,1
Consis,BAUFI1,2025-06-10T16:30:00Z,5.313,1
Consis,BAUFI1,2025-06-10T17:00:00Z,1.781,1
Consis,BAUFI1,2025-06-10T17:30:00Z,0,1
Consis,BAUFI1,2025-06-10T18:00:00Z,0,1
Consis,BAUFI1,2025-06-10T18:30:00Z,0,1
Consis,BAUFI1,2025-06-10T19:00:00Z,0,1
Consis,BAUFI1,2025-06-10T19:30:00Z,0,1
Consis,BAUFI1,2025-06-10T20:00:00Z,0,1
Consis,BAUFI1,2025-06-10T20:30:00Z,0,1
Consis,BAUFI1,2025-06-10T21:00:00Z,0,2
Consis,BAUFI1,2025-06-10T21:30:00Z,0,2
Consis,BAUFI1,2025-06-10T22:00:00Z,0,2
Consis,BAUFI1,2025-06-10T22:30:00Z,0,2
Consis,BAUFI1,2025-06-10T23:00:00Z,0,1
Consis,BAUFI1,2025-06-10T23:30:00Z,0,1
Consis,BAUFI1,2025-06-11T00:00:00Z,0,1
Consis,BAUFI1,2025-06-11T00:30:00Z,0,1
Consis,BAUFI1,2025-06-11T01:00:00Z,0,1
Consis,BAUFI1,2025-06-11T01:30:00Z,0,1
Consis,BAUFI1,2025-06-11T02:00:00Z,0,1
Consis,BAUFI1,2025-06-11T02:30:00Z,0,1
Consis,BAUFI1,2025-06-11T03:00:00Z,0,1
Consis,BAUFI1,2025-06-11T03:30:00Z,0,1
Consis,BAUFI1,2025-06-11T04:00:00Z,0,1
Consis,BAUFI1,2025-06-11T04:30:00Z,0,1
Consis,BAUFI1,2025-06-11T05:00:00Z,0,1
Consis,BAUFI1,2025-06-11T05:30:00Z,0,1
Consis,BAUFI1,2025-06-11T06:00:00Z,0.133,1
Consis,BAUFI1,2025-06-11T06:30:00Z,3.018,1
Consis,BAUFI1,2025-06-11T07:00:00Z,8.928,1
Consis,BAUFI1,2025-06-11T07:30:00Z,14.985,1
Consis,BAUFI1,2025-06-11T08:00:00Z,19.89,1
Consis,BAUFI1,2025-06-11T08:30:00Z,21.616,1
Consis,BAUFI1,2025-06-11T09:00:00Z,21.732,1
Consis,BAUFI1,2025-06-11T09:30:00Z,22.145,1
Consis,BAUFI1,2025-06-11T10:00:00Z,22.862,1
Consis,BAUFI1,2025-06-11T10:30:00Z,21.867,1
Consis,BAUFI1,2025-06-11T11:00:00Z,20.618,1
Consis,BAUFI1,2025-06-11T11:30:00Z,22.091,1
Consis,BAUFI1,2025-06-11T12:00:00Z,21.387,1
Consis,BAUFI1,2025-06-11T12:30:00Z,23.287,1
Consis,BAUFI1,2025-06-11T13:00:00Z,23.032,1
Consis,BAUFI1,2025-06-11T13:30:00Z,21.695,1
Consis,BAUFI1,2025-06-11T14:00:00Z,16.934,1
Consis,BAUFI1,2025-06-11T14:30:00Z,13.979,1
Consis,BAUFI1,2025-06-11T15:00:00Z,12.342,1
Consis,BAUFI1,2025-06-11T15:30:00Z,2.841,1
Consis,BAUFI1,2025-06-11T16:00:00Z,2.834,1
Consis,BAUFI1,2025-06-11T16:30:00Z,2.578,1
Consis,BAUFI1,2025-06-11T17:00:00Z,1.604,1
Consis,BAUFI1,2025-06-11T17:30:00Z,0,1
Consis,BAUFI1,2025-06-11T18:00:00Z,0,1
Consis,BAUFI1,2025-06-11T18:30:00Z,0,1
Consis,BAUFI1,2025-06-11T19:00:00Z,0,1
Consis,BAUFI1,2025-06-11T19:30:00Z,0,1
Consis,BAUFI1,2025-06-11T20:00:00Z,0,1
Consis,BAUFI1,2025-06-11T20:30:00Z,0,1
Consis,BAUFI1,2025-06-11T21:00:00Z,0,1
Consis,BAUFI1,2025-06-11T21:30:00Z,0,1
Consis,BAUFI1,2025-06-11T22:00:00Z,0,1
Consis,BAUFI1,2025-06-11T22:30:00Z,0,1
Consis,BAUFI1,2025-06-11T23:00:00Z,0,1
Consis,BAUFI1,2025-06-11T23:30:00Z,0,1
Consis,BAUFI1,2025-06-12T00:00:00Z,0,1
Consis,BAUFI1,2025-06-12T00:30:00Z,0,1
Consis,BAUFI1,2025-06-12T01:00:00Z,0,1
Consis,BAUFI1,2025-06-12T01:30:00Z,0,1
Consis,BAUFI1,2025-06-12T02:00:00Z,0,1
Consis,BAUFI1,2025-06-12T02:30:00Z,0,1
Consis,BAUFI1,2025-06-12T03:00:00Z,0,1
Consis,BAUFI1,2025-06-12T03:30:00Z,0,1
Consis,BAUFI1,2025-06-12T04:00:00Z,0,1
Consis,BAUFI1,2025-06-12T04:30:00Z,0,1
Consis,BAUFI1,2025-06-12T05:00:00Z,0,1
Consis,BAUFI1,2025-06-12T05:30:00Z,0,1
Consis,BAUFI1,2025-06-12T06:00:00Z,0.057,1
Consis,BAUFI1,2025-06-12T06:30:00Z,2.67,1
Consis,BAUFI1,2025-06-12T07:00:00Z,3.896,1
Consis,BAUFI1,2025-06-12T07:30:00Z,5.377,1
Consis,BAUFI1,2025-06-12T08:00:00Z,20.371,1
Consis,BAUFI1,2025-06-12T08:30:00Z,20.415,1
Consis,BAUFI1,2025-06-12T09:00:00Z,19.702,1
Consis,BAUFI1,2025-06-12T09:30:00Z,20.197,1
Consis,BAUFI1,2025-06-12T10:00:00Z,8.662,1
Consis,BAUFI1,2025-06-12T10:30:00Z,2.754,1
Consis,BAUFI1,2025-06-12T11:00:00Z,2.76,1
Consis,BAUFI1,2025-06-12T11:30:00Z,2.865,1
Consis,BAUFI1,2025-06-12T12:00:00Z,2.59,1
Consis,BAUFI1,2025-06-12T12:30:00Z,11.888,1
Consis,BAUFI1,2025-06-12T13:00:00Z,21.348,1
Consis,BAUFI1,2025-06-12T13:30:00Z,16.51,1
Consis,BAUFI1,2025-06-12T14:00:00Z,13.356,1
Consis,BAUFI1,2025-06-12T14:30:00Z,18.268,1
Consis,BAUFI1,2025-06-12T15:00:00Z,9.893,1
Consis,BAUFI1,2025-06-12T15:30:00Z,7.06,1
Consis,BAUFI1,2025-06-12T16:00:00Z,3.795,1
Consis,BAUFI1,2025-06-12T16:30:00Z,2.563,1
Consis,BAUFI1,2025-06-12T17:00:00Z,1.549,1
Consis,BAUFI1,2025-06-12T17:30:00Z,0.131,1
Consis,BAUFI1,2025-06-12T18:00:00Z,0,1
Consis,BAUFI1,2025-06-12T18:30:00Z,0,1
Consis,BAUFI1,2025-06-12T19:00:00Z,0,1
Consis,BAUFI1,2025-06-12T19:30:00Z,0,1
Consis,BAUFI1,2025-06-12T20:00:00Z,0,1
Consis,BAUFI1,2025-06-12T20:30:00Z,0,1
Consis,BAUFI1,2025-06-12T21:00:00Z,0,1
Consis,BAUFI1,2025-06-12T21:30:00Z,0,1
Consis,BAUFI1,2025-06-12T22:00:00Z,0,1
Consis,BAUFI1,2025-06-12T22:30:00Z,0,1
Consis,BAUFI1,2025-06-12T23:00:00Z,0,1
Consis,BAUFI1,2025-06-12T23:30:00Z,0,1
Consis,BAUFI1,2025-06-13T00:00:00Z,0,1
Consis,BAUFI1,2025-06-13T00:30:00Z,0,1
Consis,BAUFI1,2025-06-13T01:00:00Z,0,1
Consis,BAUFI1,2025-06-13T01:30:00Z,0,1
Consis,BAUFI1,2025-06-13T02:00:00Z,0,1
Consis,BAUFI1,2025-06-13T02:30:00Z,0,1
Consis,BAUFI1,2025-06-13T03:00:00Z,0,1
Consis,BAUFI1,2025-06-13T03:30:00Z,0,1
Consis,BAUFI1,2025-06-13T04:00:00Z,0,1
Consis,BAUFI1,2025-06-13T04:30:00Z,0,1
Consis,BAUFI1,2025-06-13T05:00:00Z,0,1
Consis,BAUFI1,2025-06-13T05:30:00Z,0,1
Consis,BAUFI1,2025-06-13T06:00:00Z,0.056,1
Consis,BAUFI1,2025-06-13T06:30:00Z,1.298,1
Consis,BAUFI1,2025-06-13T07:00:00Z,0,1
Consis,BAUFI1,2025-06-13T07:30:00Z,0,1
Consis,BAUFI1,2025-06-13T08:00:00Z,0,1
Consis,BAUFI1,2025-06-13T08:30:00Z,0,1
Consis,BAUFI1,2025-06-13T09:00:00Z,0,1
Consis,BAUFI1,2025-06-13T09:30:00Z,0,1
Consis,BAUFI1,2025-06-13T10:00:00Z,0,1
Consis,BAUFI1,2025-06-13T10:30:00Z,0,1
Consis,BAUFI1,2025-06-13T11:00:00Z,0,1
Consis,BAUFI1,2025-06-13T11:30:00Z,0,1
Consis,BAUFI1,2025-06-13T12:00:00Z,0,1
Consis,BAUFI1,2025-06-13T12:30:00Z,0,1
Consis,BAUFI1,2025-06-13T13:00:00Z,3.46,1
Consis,BAUFI1,2025-06-13T13:30:00Z,7.843,1
Consis,BAUFI1,2025-06-13T14:00:00Z,15.21,1
Consis,BAUFI1,2025-06-13T14:30:00Z,22.725,1
Consis,BAUFI1,2025-06-13T15:00:00Z,22.303,1
Consis,BAUFI1,2025-06-13T15:30:00Z,17.093,1
Consis,BAUFI1,2025-06-13T16:00:00Z,15.409,1
Consis,BAUFI1,2025-06-13T16:30:00Z,4.189,1
Consis,BAUFI1,2025-06-13T17:00:00Z,1.614,1
Consis,BAUFI1,2025-06-13T17:30:00Z,0.158,1
Consis,BAUFI1,2025-06-13T18:00:00Z,0,1
Consis,BAUFI1,2025-06-13T18:30:00Z,0,1
Consis,BAUFI1,2025-06-13T19:00:00Z,0,1
Consis,BAUFI1,2025-06-13T19:30:00Z,0,1
Consis,BAUFI1,2025-06-13T20:00:00Z,0,1
Consis,BAUFI1,2025-06-13T20:30:00Z,0,1
Consis,BAUFI1,2025-06-13T21:00:00Z,0,1
Consis,BAUFI1,2025-06-13T21:30:00Z,0,1
Consis,BAUFI1,2025-06-13T22:00:00Z,0,1
Consis,BAUFI1,2025-06-13T22:30:00Z,0,1
Consis,BAUFI1,2025-06-13T23:00:00Z,0,1
Consis,BAUFI1,2025-06-13T23:30:00Z,0,1
Consis,BAUFI1,2025-06-14T00:00:00Z,0,1
Consis,BAUFI1,2025-06-14T00:30:00Z,0,1
Consis,BAUFI1,2025-06-14T01:00:00Z,0,1
Consis,BAUFI1,2025-06-14T01:30:00Z,0,1
Consis,BAUFI1,2025-06-14T02:00:00Z,0,1
Consis,BAUFI1,2025-06-14T02:30:00Z,0,1
Consis,BAUFI1,2025-06-14T03:00:00Z,0,1
Consis,BAUFI1,2025-06-14T03:30:00Z,0,1
Consis,BAUFI1,2025-06-14T04:00:00Z,0,1
Consis,BAUFI1,2025-06-14T04:30:00Z,0,1
Consis,BAUFI1,2025-06-14T05:00:00Z,0,1
Consis,BAUFI1,2025-06-14T05:30:00Z,0,1
Consis,BAUFI1,2025-06-14T06:00:00Z,0,1
Consis,BAUFI1,2025-06-14T06:30:00Z,0,1
Consis,BAUFI1,2025-06-14T07:00:00Z,0,1
Consis,BAUFI1,2025-06-14T07:30:00Z,0,1
Consis,BAUFI1,2025-06-14T08:00:00Z,0,1
Consis,BAUFI1,2025-06-14T08:30:00Z,0,1
Consis,BAUFI1,2025-06-14T09:00:00Z,0,1
Consis,BAUFI1,2025-06-14T09:30:00Z,0,1
Consis,BAUFI1,2025-06-14T10:00:00Z,0,1
Consis,BAUFI1,2025-06-14T10:30:00Z,0,1
Consis,BAUFI1,2025-06-14T11:00:00Z,0,1
Consis,BAUFI1,2025-06-14T11:30:00Z,1.807,1
Consis,BAUFI1,2025-06-14T12:00:00Z,3.315,1
Consis,BAUFI1,2025-06-14T12:30:00Z,3.268,1
Consis,BAUFI1,2025-06-14T13:00:00Z,4.66,1
Consis,BAUFI1,2025-06-14T13:30:00Z,6.995,1
Consis,BAUFI1,2025-06-14T14:00:00Z,6.906,1
Consis,BAUFI1,2025-06-14T14:30:00Z,12.956,1
Consis,BAUFI1,2025-06-14T15:00:00Z,17.682,1
Consis,BAUFI1,2025-06-14T15:30:00Z,17.733,1
Consis,BAUFI1,2025-06-14T16:00:00Z,13.502,1
Consis,BAUFI1,2025-06-14T16:30:00Z,8.401,1
Consis,BAUFI1,2025-06-14T17:00:00Z,1.829,1
Consis,BAUFI1,2025-06-14T17:30:00Z,0.157,1
Consis,BAUFI1,2025-06-14T18:00:00Z,0,1
Consis,BAUFI1,2025-06-14T18:30:00Z,0,1
Consis,BAUFI1,2025-06-14T19:00:00Z,0,1
Consis,BAUFI1,2025-06-14T19:30:00Z,0,1
Consis,BAUFI1,2025-06-14T20:00:00Z,0,1
Consis,BAUFI1,2025-06-14T20:30:00Z,0,1
Consis,BAUFI1,2025-06-14T21:00:00Z,0,1
Consis,BAUFI1,2025-06-14T21:30:00Z,0,1
Consis,BAUFI1,2025-06-14T22:00:00Z,0,1
Consis,BAUFI1,2025-06-14T22:30:00Z,0,1
Consis,BAUFI1,2025-06-14T23:00:00Z,0,1
Consis,BAUFI1,2025-06-14T23:30:00Z,0,1
Consis,BAUFI1,2025-06-15T00:00:00Z,0,1
Consis,BAUFI1,2025-06-15T00:30:00Z,0,1
Consis,BAUFI1,2025-06-15T01:00:00Z,0,1
Consis,BAUFI1,2025-06-15T01:30:00Z,0,1
Consis,BAUFI1,2025-06-15T02:00:00Z,0,1
Consis,BAUFI1,2025-06-15T02:30:00Z,0,1
Consis,BAUFI1,2025-06-15T03:00:00Z,0,1
Consis,BAUFI1,2025-06-15T03:30:00Z,0,1
Consis,BAUFI1,2025-06-15T04:00:00Z,0,1
Consis,BAUFI1,2025-06-15T04:30:00Z,0,1
Consis,BAUFI1,2025-06-15T05:00:00Z,0,1
Consis,BAUFI1,2025-06-15T05:30:00Z,0,1
Consis,BAUFI1,2025-06-15T06:00:00Z,0.049,1
Consis,BAUFI1,2025-06-15T06:30:00Z,2.703,1
Consis,BAUFI1,2025-06-15T07:00:00Z,3.432,1
Consis,BAUFI1,2025-06-15T07:30:00Z,3.384,1
Consis,BAUFI1,2025-06-15T08:00:00Z,3.801,1
Consis,BAUFI1,2025-06-15T08:30:00Z,5.566,1
Consis,BAUFI1,2025-06-15T09:00:00Z,5.38,1
Consis,BAUFI1,2025-06-15T09:30:00Z,5.416,1
Consis,BAUFI1,2025-06-15T10:00:00Z,5.514,1
Consis,BAUFI1,2025-06-15T10:30:00Z,5.528,1
Consis,BAUFI1,2025-06-15T11:00:00Z,6.137,1
Consis,BAUFI1,2025-06-15T11:30:00Z,7.695,1
Consis,BAUFI1,2025-06-15T12:00:00Z,7.715,1
Consis,BAUFI1,2025-06-15T12:30:00Z,8.409,1
Consis,BAUFI1,2025-06-15T13:00:00Z,10.317,1
Consis,BAUFI1,2025-06-15T13:30:00Z,11.451,1
Consis,BAUFI1,2025-06-15T14:00:00Z,13.507,1
Consis,BAUFI1,2025-06-15T14:30:00Z,21.312,1
Consis,BAUFI1,2025-06-15T15:00:00Z,16.03,1
Consis,BAUFI1,2025-06-15T15:30:00Z,17.478,1
Consis,BAUFI1,2025-06-15T16:00:00Z,5.341,1
Consis,BAUFI1,2025-06-15T16:30:00Z,2.117,1
Consis,BAUFI1,2025-06-15T17:00:00Z,1.156,1
Consis,BAUFI1,2025-06-15T17:30:00Z,0.129,1
Consis,BAUFI1,2025-06-15T18:00:00Z,0,1
Consis,BAUFI1,2025-06-15T18:30:00Z,0,1
Consis,BAUFI1,2025-06-15T19:00:00Z,0,1
Consis,BAUFI1,2025-06-15T19:30:00Z,0,1
Consis,BAUFI1,2025-06-15T20:00:00Z,0,1
Consis,BAUFI1,2025-06-15T20:30:00Z,0,1
Consis,BAUFI1,2025-06-15T21:00:00Z,0,1
Consis,BAUFI1,2025-06-15T21:30:00Z,0,1
Consis,BAUFI1,2025-06-15T22:00:00Z,0,1
Consis,BAUFI1,2025-06-15T22:30:00Z,0,1
Consis,BAUFI1,2025-06-15T23:00:00Z,0,1
Consis,BAUFI1,2025-06-15T23:30:00Z,0,1
Consis,BAUFI1,2025-06-16T00:00:00Z,0,1
Consis,BAUFI1,2025-06-16T00:30:00Z,0,1
Consis,BAUFI1,2025-06-16T01:00:00Z,0,1
Consis,BAUFI1,2025-06-16T01:30:00Z,0,1
Consis,BAUFI1,2025-06-16T02:00:00Z,0,1
Consis,BAUFI1,2025-06-16T02:30:00Z,0,1
Consis,BAUFI1,2025-06-16T03:00:00Z,0,1
Consis,BAUFI1,2025-06-16T03:30:00Z,0,1
Consis,BAUFI1,2025-06-16T04:00:00Z,0,1
Consis,BAUFI1,2025-06-16T04:30:00Z,0,1
Consis,BAUFI1,2025-06-16T05:00:00Z,0,1
Consis,BAUFI1,2025-06-16T05:30:00Z,0,1
Consis,BAUFI1,2025-06-16T06:00:00Z,0.046,1
Consis,BAUFI1,2025-06-16T06:30:00Z,2.498,1
Consis,BAUFI1,2025-06-16T07:00:00Z,10.012,1
Consis,BAUFI1,2025-06-16T07:30:00Z,17.639,1
Consis,BAUFI1,2025-06-16T08:00:00Z,21.986,1
Consis,BAUFI1,2025-06-16T08:30:00Z,5.392,1
Consis,BAUFI1,2025-06-16T09:00:00Z,0,1
Consis,BAUFI1,2025-06-16T09:30:00Z,0,1
Consis,BAUFI1,2025-06-16T10:00:00Z,0,1
Consis,BAUFI1,2025-06-16T10:30:00Z,12.576,1
Consis,BAUFI1,2025-06-16T11:00:00Z,23.645,1
Consis,BAUFI1,2025-06-16T11:30:00Z,23.843,1
Consis,BAUFI1,2025-06-16T12:00:00Z,24.318,1
Consis,BAUFI1,2025-06-16T12:30:00Z,24.504,1
Consis,BAUFI1,2025-06-16T13:00:00Z,21.321,1
Consis,BAUFI1,2025-06-16T13:30:00Z,19.581,1
Consis,BAUFI1,2025-06-16T14:00:00Z,8.207,1
Consis,BAUFI1,2025-06-16T14:30:00Z,5.393,1
Consis,BAUFI1,2025-06-16T15:00:00Z,9.438,1
Consis,BAUFI1,2025-06-16T15:30:00Z,7.663,1
Consis,BAUFI1,2025-06-16T16:00:00Z,6.987,1
Consis,BAUFI1,2025-06-16T16:30:00Z,6.201,1
Consis,BAUFI1,2025-06-16T17:00:00Z,1.377,1
Consis,BAUFI1,2025-06-16T17:30:00Z,0,1
Consis,BAUFI1,2025-06-16T18:00:00Z,0,1
Consis,BAUFI1,2025-06-16T18:30:00Z,0,1
Consis,BAUFI1,2025-06-16T19:00:00Z,0,1
Consis,BAUFI1,2025-06-16T19:30:00Z,0,1
Consis,BAUFI1,2025-06-16T20:00:00Z,0,1
Consis,BAUFI1,2025-06-16T20:30:00Z,0,1
Consis,BAUFI1,2025-06-16T21:00:00Z,0,1
Consis,BAUFI1,2025-06-16T21:30:00Z,0,1
Consis,BAUFI1,2025-06-16T22:00:00Z,0,1
Consis,BAUFI1,2025-06-16T22:30:00Z,0,1
Consis,BAUFI1,2025-06-16T23:00:00Z,0,1
Consis,BAUFI1,2025-06-16T23:30:00Z,0,1
Consis,BAUFI1,2025-06-17T00:00:00Z,0,1
Consis,BAUFI1,2025-06-17T00:30:00Z,0,1
Consis,BAUFI1,2025-06-17T01:00:00Z,0,1
Consis,BAUFI1,2025-06-17T01:30:00Z,0,1
Consis,BAUFI1,2025-06-17T02:00:00Z,0,1
Consis,BAUFI1,2025-06-17T02:30:00Z,0,1
Consis,BAUFI1,2025-06-17T03:00:00Z,0,1
Consis,BAUFI1,2025-06-17T03:30:00Z,0,1
Consis,BAUFI1,2025-06-17T04:00:00Z,0,1
Consis,BAUFI1,2025-06-17T04:30:00Z,0,1
Consis,BAUFI1,2025-06-17T05:00:00Z,0,1
Consis,BAUFI1,2025-06-17T05:30:00Z,0,1
Consis,BAUFI1,2025-06-17T06:00:00Z,0.005,1
Consis,BAUFI1,2025-06-17T06:30:00Z,0.54,1
Consis,BAUFI1,2025-06-17T07:00:00Z,0,1
Consis,BAUFI1,2025-06-17T07:30:00Z,0,1
Consis,BAUFI1,2025-06-17T08:00:00Z,0,1
Consis,BAUFI1,2025-06-17T08:30:00Z,0,1
Consis,BAUFI1,2025-06-17T09:00:00Z,0,1
Consis,BAUFI1,2025-06-17T09:30:00Z,0,1
Consis,BAUFI1,2025-06-17T10:00:00Z,0,1
Consis,BAUFI1,2025-06-17T10:30:00Z,0,1
Consis,BAUFI1,2025-06-17T11:00:00Z,0,1
Consis,BAUFI1,2025-06-17T11:30:00Z,0,1
Consis,BAUFI1,2025-06-17T12:00:00Z,0,1
Consis,BAUFI1,2025-06-17T12:30:00Z,0,1
Consis,BAUFI1,2025-06-17T13:00:00Z,4.192,1
Consis,BAUFI1,2025-06-17T13:30:00Z,11.121,1
Consis,BAUFI1,2025-06-17T14:00:00Z,12.975,1
Consis,BAUFI1,2025-06-17T14:30:00Z,14.212,1
Consis,BAUFI1,2025-06-17T15:00:00Z,4.306,1
Consis,BAUFI1,2025-06-17T15:30:00Z,2.477,1
Consis,BAUFI1,2025-06-17T16:00:00Z,0,1
Consis,BAUFI1,2025-06-17T16:30:00Z,0,1
Consis,BAUFI1,2025-06-17T17:00:00Z,0,1
Consis,BAUFI1,2025-06-17T17:30:00Z,0,1
Consis,BAUFI1,2025-06-17T18:00:00Z,0,1
Consis,BAUFI1,2025-06-17T18:30:00Z,0,1
Consis,BAUFI1,2025-06-17T19:00:00Z,0,1
Consis,BAUFI1,2025-06-17T19:30:00Z,0,1
Consis,BAUFI1,2025-06-17T20:00:00Z,0,2
Consis,BAUFI1,2025-06-17T20:30:00Z,0,2
Consis,BAUFI1,2025-06-17T21:00:00Z,0,2
Consis,BAUFI1,2025-06-17T21:30:00Z,0,1
Consis,BAUFI1,2025-06-17T22:00:00Z,0,1
Consis,BAUFI1,2025-06-17T22:30:00Z,0,1
Consis,BAUFI1,2025-06-17T23:00:00Z,0,1
Consis,BAUFI1,2025-06-17T23:30:00Z,0,1
Consis,BAUFI1,2025-06-18T00:00:00Z,0,1
Consis,BAUFI1,2025-06-18T00:30:00Z,0,1
Consis,BAUFI1,2025-06-18T01:00:00Z,0,1
Consis,BAUFI1,2025-06-18T01:30:00Z,0,1
Consis,BAUFI1,2025-06-18T02:00:00Z,0,1
Consis,BAUFI1,2025-06-18T02:30:00Z,0,1
Consis,BAUFI1,2025-06-18T03:00:00Z,0,1
Consis,BAUFI1,2025-06-18T03:30:00Z,0,1
Consis,BAUFI1,2025-06-18T04:00:00Z,0,1
Consis,BAUFI1,2025-06-18T04:30:00Z,0,1
Consis,BAUFI1,2025-06-18T05:00:00Z,0,1
Consis,BAUFI1,2025-06-18T05:30:00Z,0,1
Consis,BAUFI1,2025-06-18T06:00:00Z,0,1
Consis,BAUFI1,2025-06-18T06:30:00Z,2.378,1
Consis,BAUFI1,2025-06-18T07:00:00Z,5.26,1
Consis,BAUFI1,2025-06-18T07:30:00Z,0,1
Consis,BAUFI1,2025-06-18T08:00:00Z,0,1
Consis,BAUFI1,2025-06-18T08:30:00Z,0,1
Consis,BAUFI1,2025-06-18T09:00:00Z,0,1
Consis,BAUFI1,2025-06-18T09:30:00Z,0,1
Consis,BAUFI1,2025-06-18T10:00:00Z,0,1
Consis,BAUFI1,2025-06-18T10:30:00Z,0,1
Consis,BAUFI1,2025-06-18T11:00:00Z,0,1
Consis,BAUFI1,2025-06-18T11:30:00Z,0,1
Consis,BAUFI1,2025-06-18T12:00:00Z,0,1
Consis,BAUFI1,2025-06-18T12:30:00Z,0,1
Consis,BAUFI1,2025-06-18T13:00:00Z,1.473,1
Consis,BAUFI1,2025-06-18T13:30:00Z,14.524,1
Consis,BAUFI1,2025-06-18T14:00:00Z,23.709,1
Consis,BAUFI1,2025-06-18T14:30:00Z,23.942,1
Consis,BAUFI1,2025-06-18T15:00:00Z,23.08,1
Consis,BAUFI1,2025-06-18T15:30:00Z,12.445,1
Consis,BAUFI1,2025-06-18T16:00:00Z,6.747,1
Consis,BAUFI1,2025-06-18T16:30:00Z,2.002,1
Consis,BAUFI1,2025-06-18T17:00:00Z,0.156,1
Consis,BAUFI1,2025-06-18T17:30:00Z,0,1
Consis,BAUFI1,2025-06-18T18:00:00Z,0,1
Consis,BAUFI1,2025-06-18T18:30:00Z,0,1
Consis,BAUFI1,2025-06-18T19:00:00Z,0,1
Consis,BAUFI1,2025-06-18T19:30:00Z,0,1
Consis,BAUFI1,2025-06-18T20:00:00Z,0,1
Consis,BAUFI1,2025-06-18T20:30:00Z,0,1
Consis,BAUFI1,2025-06-18T21:00:00Z,0,1
Consis,BAUFI1,2025-06-18T21:30:00Z,0,1
Consis,BAUFI1,2025-06-18T22:00:00Z,0,1
Consis,BAUFI1,2025-06-18T22:30:00Z,0,1
Consis,BAUFI1,2025-06-18T23:00:00Z,0,1
Consis,BAUFI1,2025-06-18T23:30:00Z,0,1
Consis,BAUFI1,2025-06-19T00:00:00Z,0,1
Consis,BAUFI1,2025-06-19T00:30:00Z,0,1
Consis,BAUFI1,2025-06-19T01:00:00Z,0,1
Consis,BAUFI1,2025-06-19T01:30:00Z,0,1
Consis,BAUFI1,2025-06-19T02:00:00Z,0,1
Consis,BAUFI1,2025-06-19T02:30:00Z,0,1
Consis,BAUFI1,2025-06-19T03:00:00Z,0,1
Consis,BAUFI1,2025-06-19T03:30:00Z,0,1
Consis,BAUFI1,2025-06-19T04:00:00Z,0,1
Consis,BAUFI1,2025-06-19T04:30:00Z,0,1
Consis,BAUFI1,2025-06-19T05:00:00Z,0,1
Consis,BAUFI1,2025-06-19T05:30:00Z,0,1
Consis,BAUFI1,2025-06-19T06:00:00Z,0,1
Consis,BAUFI1,2025-06-19T06:30:00Z,1.193,1
Consis,BAUFI1,2025-06-19T07:00:00Z,0,1
Consis,BAUFI1,2025-06-19T07:30:00Z,0,1
Consis,BAUFI1,2025-06-19T08:00:00Z,0,1
Consis,BAUFI1,2025-06-19T08:30:00Z,0,1
Consis,BAUFI1,2025-06-19T09:00:00Z,0,1
Consis,BAUFI1,2025-06-19T09:30:00Z,0,1
Consis,BAUFI1,2025-06-19T10:00:00Z,0,1
Consis,BAUFI1,2025-06-19T10:30:00Z,0,1
Consis,BAUFI1,2025-06-19T11:00:00Z,0,1
Consis,BAUFI1,2025-06-19T11:30:00Z,0,1
Consis,BAUFI1,2025-06-19T12:00:00Z,0.989,1
Consis,BAUFI1,2025-06-19T12:30:00Z,6.118,1
Consis,BAUFI1,2025-06-19T13:00:00Z,9.895,1
Consis,BAUFI1,2025-06-19T13:30:00Z,10.103,1
Consis,BAUFI1,2025-06-19T14:00:00Z,23.344,1
Consis,BAUFI1,2025-06-19T14:30:00Z,23.954,1
Consis,BAUFI1,2025-06-19T15:00:00Z,23.263,1
Consis,BAUFI1,2025-06-19T15:30:00Z,21.802,1
Consis,BAUFI1,2025-06-19T16:00:00Z,15.364,1
Consis,BAUFI1,2025-06-19T16:30:00Z,9.168,1
Consis,BAUFI1,2025-06-19T17:00:00Z,2.035,1
Consis,BAUFI1,2025-06-19T17:30:00Z,0,1
Consis,BAUFI1,2025-06-19T18:00:00Z,0,1
Consis,BAUFI1,2025-06-19T18:30:00Z,0,1
Consis,BAUFI1,2025-06-19T19:00:00Z,0,1
Consis,BAUFI1,2025-06-19T19:30:00Z,0,1
Consis,BAUFI1,2025-06-19T20:00:00Z,0,1
Consis,BAUFI1,2025-06-19T20:30:00Z,0,1
Consis,BAUFI1,2025-06-19T21:00:00Z,0,1
Consis,BAUFI1,2025-06-19T21:30:00Z,0,1
Consis,BAUFI1,2025-06-19T22:00:00Z,0,1
Consis,BAUFI1,2025-06-19T22:30:00Z,0,1
Consis,BAUFI1,2025-06-19T23:00:00Z,0,1
Consis,BAUFI1,2025-06-19T23:30:00Z,0,1
Consis,BAUFI1,2025-06-20T00:00:00Z,0,1
Consis,BAUFI1,2025-06-20T00:30:00Z,0,1
Consis,BAUFI1,2025-06-20T01:00:00Z,0,1
Consis,BAUFI1,2025-06-20T01:30:00Z,0,1
Consis,BAUFI1,2025-06-20T02:00:00Z,0,1
Consis,BAUFI1,2025-06-20T02:30:00Z,0,1
Consis,BAUFI1,2025-06-20T03:00:00Z,0,1
Consis,BAUFI1,2025-06-20T03:30:00Z,0,1
Consis,BAUFI1,2025-06-20T04:00:00Z,0,1
Consis,BAUFI1,2025-06-20T04:30:00Z,0,1
Consis,BAUFI1,2025-06-20T05:00:00Z,0,1
Consis,BAUFI1,2025-06-20T05:30:00Z,0,1
Consis,BAUFI1,2025-06-20T06:00:00Z,0,1
Consis,BAUFI1,2025-06-20T06:30:00Z,0,1
Consis,BAUFI1,2025-06-20T07:00:00Z,0,1
Consis,BAUFI1,2025-06-20T07:30:00Z,0,1
Consis,BAUFI1,2025-06-20T08:00:00Z,0,1
Consis,BAUFI1,2025-06-20T08:30:00Z,0,1
Consis,BAUFI1,2025-06-20T09:00:00Z,0,1
Consis,BAUFI1,2025-06-20T09:30:00Z,0,1
Consis,BAUFI1,2025-06-20T10:00:00Z,0,1
Consis,BAUFI1,2025-06-20T10:30:00Z,0,1
Consis,BAUFI1,2025-06-20T11:00:00Z,0,1
Consis,BAUFI1,2025-06-20T11:30:00Z,0,1
Consis,BAUFI1,2025-06-20T12:00:00Z,0,1
Consis,BAUFI1,2025-06-20T12:30:00Z,0,1
Consis,BAUFI1,2025-06-20T13:00:00Z,0,1
Consis,BAUFI1,2025-06-20T13:30:00Z,0,1
Consis,BAUFI1,2025-06-20T14:00:00Z,4.804,1
Consis,BAUFI1,2025-06-20T14:30:00Z,23.323,1
Consis,BAUFI1,2025-06-20T15:00:00Z,22.765,1
Consis,BAUFI1,2025-06-20T15:30:00Z,21.337,1
Consis,BAUFI1,2025-06-20T16:00:00Z,15.529,1
Consis,BAUFI1,2025-06-20T16:30:00Z,9.043,1
Consis,BAUFI1,2025-06-20T17:00:00Z,2.043,1
Consis,BAUFI1,2025-06-20T17:30:00Z,0.158,1
Consis,BAUFI1,2025-06-20T18:00:00Z,0,1
Consis,BAUFI1,2025-06-20T18:30:00Z,0,1
Consis,BAUFI1,2025-06-20T19:00:00Z,0,1
Consis,BAUFI1,2025-06-20T19:30:00Z,0,1
Consis,BAUFI1,2025-06-20T20:00:00Z,0,1
Consis,BAUFI1,2025-06-20T20:30:00Z,0,1
Consis,BAUFI1,2025-06-20T21:00:00Z,0,1
Consis,BAUFI1,2025-06-20T21:30:00Z,0,1
Consis,BAUFI1,2025-06-20T22:00:00Z,0,1
Consis,BAUFI1,2025-06-20T22:30:00Z,0,1
Consis,BAUFI1,2025-06-20T23:00:00Z,0,1
Consis,BAUFI1,2025-06-20T23:30:00Z,0,1
Consis,BAUFI1,2025-06-21T00:00:00Z,0,1
Consis,BAUFI1,2025-06-21T00:30:00Z,0,1
Consis,BAUFI1,2025-06-21T01:00:00Z,0,1
Consis,BAUFI1,2025-06-21T01:30:00Z,0,1
Consis,BAUFI1,2025-06-21T02:00:00Z,0,1
Consis,BAUFI1,2025-06-21T02:30:00Z,0,1
Consis,BAUFI1,2025-06-21T03:00:00Z,0,1
Consis,BAUFI1,2025-06-21T03:30:00Z,0,1
Consis,BAUFI1,2025-06-21T04:00:00Z,0,1
Consis,BAUFI1,2025-06-21T04:30:00Z,0,1
Consis,BAUFI1,2025-06-21T05:00:00Z,0,1
Consis,BAUFI1,2025-06-21T05:30:00Z,0,1
Consis,BAUFI1,2025-06-21T06:00:00Z,0.008,1
Consis,BAUFI1,2025-06-21T06:30:00Z,2.541,1
Consis,BAUFI1,2025-06-21T07:00:00Z,4.673,1
Consis,BAUFI1,2025-06-21T07:30:00Z,3.727,1
Consis,BAUFI1,2025-06-21T08:00:00Z,4.811,1
Consis,BAUFI1,2025-06-21T08:30:00Z,0.553,1
Consis,BAUFI1,2025-06-21T09:00:00Z,0,1
Consis,BAUFI1,2025-06-21T09:30:00Z,0,1
Consis,BAUFI1,2025-06-21T10:00:00Z,0,1
Consis,BAUFI1,2025-06-21T10:30:00Z,0,1
Consis,BAUFI1,2025-06-21T11:00:00Z,0,1
Consis,BAUFI1,2025-06-21T11:30:00Z,0,1
Consis,BAUFI1,2025-06-21T12:00:00Z,0,1
Consis,BAUFI1,2025-06-21T12:30:00Z,0,1
Consis,BAUFI1,2025-06-21T13:00:00Z,0.573,1
Consis,BAUFI1,2025-06-21T13:30:00Z,4.113,1
Consis,BAUFI1,2025-06-21T14:00:00Z,11.806,1
Consis,BAUFI1,2025-06-21T14:30:00Z,16.819,1
Consis,BAUFI1,2025-06-21T15:00:00Z,8.282,1
Consis,BAUFI1,2025-06-21T15:30:00Z,13.07,1
Consis,BAUFI1,2025-06-21T16:00:00Z,10.395,1
Consis,BAUFI1,2025-06-21T16:30:00Z,3.68,1
Consis,BAUFI1,2025-06-21T17:00:00Z,1.301,1
Consis,BAUFI1,2025-06-21T17:30:00Z,0,1
Consis,BAUFI1,2025-06-21T18:00:00Z,0,1
Consis,BAUFI1,2025-06-21T18:30:00Z,0,1
Consis,BAUFI1,2025-06-21T19:00:00Z,0,1
Consis,BAUFI1,2025-06-21T19:30:00Z,0,1
Consis,BAUFI1,2025-06-21T20:00:00Z,0,1
Consis,BAUFI1,2025-06-21T20:30:00Z,0,1
Consis,BAUFI1,2025-06-21T21:00:00Z,0,1
Consis,BAUFI1,2025-06-21T21:30:00Z,0,1
Consis,BAUFI1,2025-06-21T22:00:00Z,0,1
Consis,BAUFI1,2025-06-21T22:30:00Z,0,1
Consis,BAUFI1,2025-06-21T23:00:00Z,0,1
Consis,BAUFI1,2025-06-21T23:30:00Z,0,1
Consis,BAUFI1,2025-06-22T00:00:00Z,0,1
Consis,BAUFI1,2025-06-22T00:30:00Z,0,1
Consis,BAUFI1,2025-06-22T01:00:00Z,0,1
Consis,BAUFI1,2025-06-22T01:30:00Z,0,1
Consis,BAUFI1,2025-06-22T02:00:00Z,0,1
Consis,BAUFI1,2025-06-22T02:30:00Z,0,1
Consis,BAUFI1,2025-06-22T03:00:00Z,0,1
Consis,BAUFI1,2025-06-22T03:30:00Z,0,1
Consis,BAUFI1,2025-06-22T04:00:00Z,0,1
Consis,BAUFI1,2025-06-22T04:30:00Z,0,1
Consis,BAUFI1,2025-06-22T05:00:00Z,0,1
Consis,BAUFI1,2025-06-22T05:30:00Z,0,1
Consis,BAUFI1,2025-06-22T06:00:00Z,0.018,1
Consis,BAUFI1,2025-06-22T06:30:00Z,2.366,1
Consis,BAUFI1,2025-06-22T07:00:00Z,8.525,1
Consis,BAUFI1,2025-06-22T07:30:00Z,8.344,1
Consis,BAUFI1,2025-06-22T08:00:00Z,8.035,1
Consis,BAUFI1,2025-06-22T08:30:00Z,8.286,1
Consis,BAUFI1,2025-06-22T09:00:00Z,8.021,1
Consis,BAUFI1,2025-06-22T09:30:00Z,7.883,1
Consis,BAUFI1,2025-06-22T10:00:00Z,6.152,1
Consis,BAUFI1,2025-06-22T10:30:00Z,5.323,1
Consis,BAUFI1,2025-06-22T11:00:00Z,5.092,1
Consis,BAUFI1,2025-06-22T11:30:00Z,5.629,1
Consis,BAUFI1,2025-06-22T12:00:00Z,6.535,1
Consis,BAUFI1,2025-06-22T12:30:00Z,6.843,1
Consis,BAUFI1,2025-06-22T13:00:00Z,11.102,1
Consis,BAUFI1,2025-06-22T13:30:00Z,6.117,1
Consis,BAUFI1,2025-06-22T14:00:00Z,12.702,1
Consis,BAUFI1,2025-06-22T14:30:00Z,14.601,1
Consis,BAUFI1,2025-06-22T15:00:00Z,5.047,1
Consis,BAUFI1,2025-06-22T15:30:00Z,13.227,1
Consis,BAUFI1,2025-06-22T16:00:00Z,18.095,1
Consis,BAUFI1,2025-06-22T16:30:00Z,9.122,1
Consis,BAUFI1,2025-06-22T17:00:00Z,2.348,1
Consis,BAUFI1,2025-06-22T17:30:00Z,0.169,1
Consis,BAUFI1,2025-06-22T18:00:00Z,0,1
Consis,BAUFI1,2025-06-22T18:30:00Z,0,1
Consis,BAUFI1,2025-06-22T19:00:00Z,0,1
Consis,BAUFI1,2025-06-22T19:30:00Z,0,1
Consis,BAUFI1,2025-06-22T20:00:00Z,0,1
Consis,BAUFI1,2025-06-22T20:30:00Z,0,1
Consis,BAUFI1,2025-06-22T21:00:00Z,0,1
Consis,BAUFI1,2025-06-22T21:30:00Z,0,1
Consis,BAUFI1,2025-06-22T22:00:00Z,0,1
Consis,BAUFI1,2025-06-22T22:30:00Z,0,1
Consis,BAUFI1,2025-06-22T23:00:00Z,0,1
Consis,BAUFI1,2025-06-22T23:30:00Z,0,1
Consis,BAUFI1,2025-06-23T00:00:00Z,0,1
Consis,BAUFI1,2025-06-23T00:30:00Z,0,1
Consis,BAUFI1,2025-06-23T01:00:00Z,0,1
Consis,BAUFI1,2025-06-23T01:30:00Z,0,1
Consis,BAUFI1,2025-06-23T02:00:00Z,0,1
Consis,BAUFI1,2025-06-23T02:30:00Z,0,1
Consis,BAUFI1,2025-06-23T03:00:00Z,0,1
Consis,BAUFI1,2025-06-23T03:30:00Z,0,1
Consis,BAUFI1,2025-06-23T04:00:00Z,0,1
Consis,BAUFI1,2025-06-23T04:30:00Z,0,1
Consis,BAUFI1,2025-06-23T05:00:00Z,0,1
Consis,BAUFI1,2025-06-23T05:30:00Z,0,1
Consis,BAUFI1,2025-06-23T06:00:00Z,0.02,1
Consis,BAUFI1,2025-06-23T06:30:00Z,2.334,1
Consis,BAUFI1,2025-06-23T07:00:00Z,2.348,1
Consis,BAUFI1,2025-06-23T07:30:00Z,0,1
Consis,BAUFI1,2025-06-23T08:00:00Z,0,1
Consis,BAUFI1,2025-06-23T08:30:00Z,0,1
Consis,BAUFI1,2025-06-23T09:00:00Z,0,1
Consis,BAUFI1,2025-06-23T09:30:00Z,0,1
Consis,BAUFI1,2025-06-23T10:00:00Z,0,1
Consis,BAUFI1,2025-06-23T10:30:00Z,0,1
Consis,BAUFI1,2025-06-23T11:00:00Z,0,1
Consis,BAUFI1,2025-06-23T11:30:00Z,0,1
Consis,BAUFI1,2025-06-23T12:00:00Z,0,1
Consis,BAUFI1,2025-06-23T12:30:00Z,0,1
Consis,BAUFI1,2025-06-23T13:00:00Z,0.22,1
Consis,BAUFI1,2025-06-23T13:30:00Z,21.703,1
Consis,BAUFI1,2025-06-23T14:00:00Z,23.412,1
Consis,BAUFI1,2025-06-23T14:30:00Z,23.408,1
Consis,BAUFI1,2025-06-23T15:00:00Z,22.711,1
Consis,BAUFI1,2025-06-23T15:30:00Z,21.243,1
Consis,BAUFI1,2025-06-23T16:00:00Z,15.739,1
Consis,BAUFI1,2025-06-23T16:30:00Z,9.08,1
Consis,BAUFI1,2025-06-23T17:00:00Z,1.329,1
Consis,BAUFI1,2025-06-23T17:30:00Z,0.177,1
Consis,BAUFI1,2025-06-23T18:00:00Z,0,1
Consis,BAUFI1,2025-06-23T18:30:00Z,0,1
Consis,BAUFI1,2025-06-23T19:00:00Z,0,1
Consis,BAUFI1,2025-06-23T19:30:00Z,0,1
Consis,BAUFI1,2025-06-23T20:00:00Z,0,1
Consis,BAUFI1,2025-06-23T20:30:00Z,0,1
Consis,BAUFI1,2025-06-23T21:00:00Z,0,1
Consis,BAUFI1,2025-06-23T21:30:00Z,0,1
Consis,BAUFI1,2025-06-23T22:00:00Z,0,1
Consis,BAUFI1,2025-06-23T22:30:00Z,0,1
Consis,BAUFI1,2025-06-23T23:00:00Z,0,1
Consis,BAUFI1,2025-06-23T23:30:00Z,0,1
Consis,BAUFI1,2025-06-24T00:00:00Z,0,1
Consis,BAUFI1,2025-06-24T00:30:00Z,0,1
Consis,BAUFI1,2025-06-24T01:00:00Z,0,1
Consis,BAUFI1,2025-06-24T01:30:00Z,0,1
Consis,BAUFI1,2025-06-24T02:00:00Z,0,1
Consis,BAUFI1,2025-06-24T02:30:00Z,0,1
Consis,BAUFI1,2025-06-24T03:00:00Z,0,1
Consis,BAUFI1,2025-06-24T03:30:00Z,0,1
Consis,BAUFI1,2025-06-24T04:00:00Z,0,1
Consis,BAUFI1,2025-06-24T04:30:00Z,0,1
Consis,BAUFI1,2025-06-24T05:00:00Z,0,1
Consis,BAUFI1,2025-06-24T05:30:00Z,0,1
Consis,BAUFI1,2025-06-24T06:00:00Z,0.028,1
Consis,BAUFI1,2025-06-24T06:30:00Z,2.302,1
Consis,BAUFI1,2025-06-24T07:00:00Z,8.784,1
Consis,BAUFI1,2025-06-24T07:30:00Z,17.09,1
Consis,BAUFI1,2025-06-24T08:00:00Z,19.592,1
Consis,BAUFI1,2025-06-24T08:30:00Z,20.541,1
Consis,BAUFI1,2025-06-24T09:00:00Z,22.123,1
Consis,BAUFI1,2025-06-24T09:30:00Z,22.353,1
Consis,BAUFI1,2025-06-24T10:00:00Z,20.745,1
Consis,BAUFI1,2025-06-24T10:30:00Z,21.923,1
Consis,BAUFI1,2025-06-24T11:00:00Z,24.044,1
Consis,BAUFI1,2025-06-24T11:30:00Z,23.6,1
Consis,BAUFI1,2025-06-24T12:00:00Z,23.741,1
Consis,BAUFI1,2025-06-24T12:30:00Z,22.524,1
Consis,BAUFI1,2025-06-24T13:00:00Z,23.668,1
Consis,BAUFI1,2025-06-24T13:30:00Z,23.757,1
Consis,BAUFI1,2025-06-24T14:00:00Z,23.532,1
Consis,BAUFI1,2025-06-24T14:30:00Z,17.965,1
Consis,BAUFI1,2025-06-24T15:00:00Z,21.441,1
Consis,BAUFI1,2025-06-24T15:30:00Z,21.189,1
Consis,BAUFI1,2025-06-24T16:00:00Z,15.516,1
Consis,BAUFI1,2025-06-24T16:30:00Z,8.283,1
Consis,BAUFI1,2025-06-24T17:00:00Z,2.131,1
Consis,BAUFI1,2025-06-24T17:30:00Z,0.15,1
Consis,BAUFI1,2025-06-24T18:00:00Z,0,1
Consis,BAUFI1,2025-06-24T18:30:00Z,0,1
Consis,BAUFI1,2025-06-24T19:00:00Z,0,1
Consis,BAUFI1,2025-06-24T19:30:00Z,0,1
Consis,BAUFI1,2025-06-24T20:00:00Z,0,1
Consis,BAUFI1,2025-06-24T20:30:00Z,0,1
Consis,BAUFI1,2025-06-24T21:00:00Z,0,1
Consis,BAUFI1,2025-06-24T21:30:00Z,0,1
Consis,BAUFI1,2025-06-24T22:00:00Z,0,1
Consis,BAUFI1,2025-06-24T22:30:00Z,0,1
Consis,BAUFI1,2025-06-24T23:00:00Z,0,1
Consis,BAUFI1,2025-06-24T23:30:00Z,0,1
Consis,BAUFI1,2025-06-25T00:00:00Z,0,1
Consis,BAUFI1,2025-06-25T00:30:00Z,0,1
Consis,BAUFI1,2025-06-25T01:00:00Z,0,1
Consis,BAUFI1,2025-06-25T01:30:00Z,0,1
Consis,BAUFI1,2025-06-25T02:00:00Z,0,1
Consis,BAUFI1,2025-06-25T02:30:00Z,0,1
Consis,BAUFI1,2025-06-25T03:00:00Z,0,1
Consis,BAUFI1,2025-06-25T03:30:00Z,0,1
Consis,BAUFI1,2025-06-25T04:00:00Z,0,1
Consis,BAUFI1,2025-06-25T04:30:00Z,0,1
Consis,BAUFI1,2025-06-25T05:00:00Z,0,1
Consis,BAUFI1,2025-06-25T05:30:00Z,0,1
Consis,BAUFI1,2025-06-25T06:00:00Z,0.014,1
Consis,BAUFI1,2025-06-25T06:30:00Z,2.268,1
Consis,BAUFI1,2025-06-25T07:00:00Z,7.493,1
Consis,BAUFI1,2025-06-25T07:30:00Z,0,1
Consis,BAUFI1,2025-06-25T08:00:00Z,0,1
Consis,BAUFI1,2025-06-25T08:30:00Z,0,1
Consis,BAUFI1,2025-06-25T09:00:00Z,0,1
Consis,BAUFI1,2025-06-25T09:30:00Z,0,1
Consis,BAUFI1,2025-06-25T10:00:00Z,0.207,1
Consis,BAUFI1,2025-06-25T10:30:00Z,0.621,1
Consis,BAUFI1,2025-06-25T11:00:00Z,0,1
Consis,BAUFI1,2025-06-25T11:30:00Z,0,1
Consis,BAUFI1,2025-06-25T12:00:00Z,0,1
Consis,BAUFI1,2025-06-25T12:30:00Z,0,1
Consis,BAUFI1,2025-06-25T13:00:00Z,0,1
Consis,BAUFI1,2025-06-25T13:30:00Z,0,1
Consis,BAUFI1,2025-06-25T14:00:00Z,3.623,1
Consis,BAUFI1,2025-06-25T14:30:00Z,8.267,1
Consis,BAUFI1,2025-06-25T15:00:00Z,8.265,1
Consis,BAUFI1,2025-06-25T15:30:00Z,10.302,1
Consis,BAUFI1,2025-06-25T16:00:00Z,15.531,1
Consis,BAUFI1,2025-06-25T16:30:00Z,9.3,1
Consis,BAUFI1,2025-06-25T17:00:00Z,2.23,1
Consis,BAUFI1,2025-06-25T17:30:00Z,0.002,1
Consis,BAUFI1,2025-06-25T18:00:00Z,0,1
Consis,BAUFI1,2025-06-25T18:30:00Z,0,1
Consis,BAUFI1,2025-06-25T19:00:00Z,0,1
Consis,BAUFI1,2025-06-25T19:30:00Z,0,1
Consis,BAUFI1,2025-06-25T20:00:00Z,0,1
Consis,BAUFI1,2025-06-25T20:30:00Z,0,1
Consis,BAUFI1,2025-06-25T21:00:00Z,0,1
Consis,BAUFI1,2025-06-25T21:30:00Z,0,1
Consis,BAUFI1,2025-06-25T22:00:00Z,0,1
Consis,BAUFI1,2025-06-25T22:30:00Z,0,1
Consis,BAUFI1,2025-06-25T23:00:00Z,0,1
Consis,BAUFI1,2025-06-25T23:30:00Z,0,1
Consis,BAUFI1,2025-06-26T00:00:00Z,0,1
Consis,BAUFI1,2025-06-26T00:30:00Z,0,1
Consis,BAUFI1,2025-06-26T01:00:00Z,0,1
Consis,BAUFI1,2025-06-26T01:30:00Z,0,1
Consis,BAUFI1,2025-06-26T02:00:00Z,0,1
Consis,BAUFI1,2025-06-26T02:30:00Z,0,1
Consis,BAUFI1,2025-06-26T03:00:00Z,0,1
Consis,BAUFI1,2025-06-26T03:30:00Z,0,1
Consis,BAUFI1,2025-06-26T04:00:00Z,0,1
Consis,BAUFI1,2025-06-26T04:30:00Z,0,1
Consis,BAUFI1,2025-06-26T05:00:00Z,0,1
Consis,BAUFI1,2025-06-26T05:30:00Z,0,1
Consis,BAUFI1,2025-06-26T06:00:00Z,0,1
Consis,BAUFI1,2025-06-26T06:30:00Z,0.194,1
Consis,BAUFI1,2025-06-26T07:00:00Z,0,1
Consis,BAUFI1,2025-06-26T07:30:00Z,0,1
Consis,BAUFI1,2025-06-26T08:00:00Z,0,1
Consis,BAUFI1,2025-06-26T08:30:00Z,0,1
Consis,BAUFI1,2025-06-26T09:00:00Z,0,1
Consis,BAUFI1,2025-06-26T09:30:00Z,0,1
Consis,BAUFI1,2025-06-26T10:00:00Z,0,1
Consis,BAUFI1,2025-06-26T10:30:00Z,0,1
Consis,BAUFI1,2025-06-26T11:00:00Z,0,1
Consis,BAUFI1,2025-06-26T11:30:00Z,0,1
Consis,BAUFI1,2025-06-26T12:00:00Z,0,1
Consis,BAUFI1,2025-06-26T12:30:00Z,0,1
Consis,BAUFI1,2025-06-26T13:00:00Z,1.01,1
Consis,BAUFI1,2025-06-26T13:30:00Z,3.058,1
Consis,BAUFI1,2025-06-26T14:00:00Z,3.092,1
Consis,BAUFI1,2025-06-26T14:30:00Z,3.195,1
Consis,BAUFI1,2025-06-26T15:00:00Z,4.56,1
Consis,BAUFI1,2025-06-26T15:30:00Z,6.174,1
Consis,BAUFI1,2025-06-26T16:00:00Z,2.87,1
Consis,BAUFI1,2025-06-26T16:30:00Z,1.553,1
Consis,BAUFI1,2025-06-26T17:00:00Z,0.441,1
Consis,BAUFI1,2025-06-26T17:30:00Z,0,1
Consis,BAUFI1,2025-06-26T18:00:00Z,0,1
Consis,BAUFI1,2025-06-26T18:30:00Z,0,1
Consis,BAUFI1,2025-06-26T19:00:00Z,0,1
Consis,BAUFI1,2025-06-26T19:30:00Z,0,1
Consis,BAUFI1,2025-06-26T20:00:00Z,0,1
Consis,BAUFI1,2025-06-26T20:30:00Z,0,1
Consis,BAUFI1,2025-06-26T21:00:00Z,0,1
Consis,BAUFI1,2025-06-26T21:30:00Z,0,1
Consis,BAUFI1,2025-06-26T22:00:00Z,0,1
Consis,BAUFI1,2025-06-26T22:30:00Z,0,1
Consis,BAUFI1,2025-06-26T23:00:00Z,0,1
Consis,BAUFI1,2025-06-26T23:30:00Z,0,1
Consis,BAUFI1,2025-06-27T00:00:00Z,0,1
Consis,BAUFI1,2025-06-27T00:30:00Z,0,1
Consis,BAUFI1,2025-06-27T01:00:00Z,0,1
Consis,BAUFI1,2025-06-27T01:30:00Z,0,1
Consis,BAUFI1,2025-06-27T02:00:00Z,0,1
Consis,BAUFI1,2025-06-27T02:30:00Z,0,1
Consis,BAUFI1,2025-06-27T03:00:00Z,0,1
Consis,BAUFI1,2025-06-27T03:30:00Z,0,1
Consis,BAUFI1,2025-06-27T04:00:00Z,0,1
Consis,BAUFI1,2025-06-27T04:30:00Z,0,1
Consis,BAUFI1,2025-06-27T05:00:00Z,0,1
Consis,BAUFI1,2025-06-27T05:30:00Z,0,1
Consis,BAUFI1,2025-06-27T06:00:00Z,0,1
Consis,BAUFI1,2025-06-27T06:30:00Z,2.231,1
Consis,BAUFI1,2025-06-27T07:00:00Z,9.549,1
Consis,BAUFI1,2025-06-27T07:30:00Z,17.173,1
Consis,BAUFI1,2025-06-27T08:00:00Z,22.066,1
Consis,BAUFI1,2025-06-27T08:30:00Z,22.777,1
Consis,BAUFI1,2025-06-27T09:00:00Z,23.719,1
Consis,BAUFI1,2025-06-27T09:30:00Z,22.757,1
Consis,BAUFI1,2025-06-27T10:00:00Z,22.856,1
Consis,BAUFI1,2025-06-27T10:30:00Z,23.53,1
Consis,BAUFI1,2025-06-27T11:00:00Z,23.332,1
Consis,BAUFI1,2025-06-27T11:30:00Z,20.246,1
Consis,BAUFI1,2025-06-27T12:00:00Z,23.826,1
Consis,BAUFI1,2025-06-27T12:30:00Z,22.956,1
Consis,BAUFI1,2025-06-27T13:00:00Z,24.06,1
Consis,BAUFI1,2025-06-27T13:30:00Z,23.87,1
Consis,BAUFI1,2025-06-27T14:00:00Z,23.368,1
Consis,BAUFI1,2025-06-27T14:30:00Z,22.1,1
Consis,BAUFI1,2025-06-27T15:00:00Z,21.5,1
Consis,BAUFI1,2025-06-27T15:30:00Z,21.943,1
Consis,BAUFI1,2025-06-27T16:00:00Z,17.897,1
Consis,BAUFI1,2025-06-27T16:30:00Z,9.433,1
Consis,BAUFI1,2025-06-27T17:00:00Z,2.233,1
Consis,BAUFI1,2025-06-27T17:30:00Z,0.134,1
Consis,BAUFI1,2025-06-27T18:00:00Z,0,1
Consis,BAUFI1,2025-06-27T18:30:00Z,0,1
Consis,BAUFI1,2025-06-27T19:00:00Z,0,1
Consis,BAUFI1,2025-06-27T19:30:00Z,0,1
Consis,BAUFI1,2025-06-27T20:00:00Z,0,1
Consis,BAUFI1,2025-06-27T20:30:00Z,0,1
Consis,BAUFI1,2025-06-27T21:00:00Z,0,1
Consis,BAUFI1,2025-06-27T21:30:00Z,0,1
Consis,BAUFI1,2025-06-27T22:00:00Z,0,1
Consis,BAUFI1,2025-06-27T22:30:00Z,0,1
Consis,BAUFI1,2025-06-27T23:00:00Z,0,1
Consis,BAUFI1,2025-06-27T23:30:00Z,0,1
Consis,BAUFI1,2025-06-28T00:00:00Z,0,1
Consis,BAUFI1,2025-06-28T00:30:00Z,0,1
Consis,BAUFI1,2025-06-28T01:00:00Z,0,1
Consis,BAUFI1,2025-06-28T01:30:00Z,0,1
Consis,BAUFI1,2025-06-28T02:00:00Z,0,1
Consis,BAUFI1,2025-06-28T02:30:00Z,0,1
Consis,BAUFI1,2025-06-28T03:00:00Z,0,1
Consis,BAUFI1,2025-06-28T03:30:00Z,0,1
Consis,BAUFI1,2025-06-28T04:00:00Z,0,1
Consis,BAUFI1,2025-06-28T04:30:00Z,0,1
Consis,BAUFI1,2025-06-28T05:00:00Z,0,1
Consis,BAUFI1,2025-06-28T05:30:00Z,0,1
Consis,BAUFI1,2025-06-28T06:00:00Z,0.006,1
Consis,BAUFI1,2025-06-28T06:30:00Z,2.121,1
Consis,BAUFI1,2025-06-28T07:00:00Z,1.491,1
Consis,BAUFI1,2025-06-28T07:30:00Z,0,1
Consis,BAUFI1,2025-06-28T08:00:00Z,0,1
Consis,BAUFI1,2025-06-28T08:30:00Z,0,1
Consis,BAUFI1,2025-06-28T09:00:00Z,0,1
Consis,BAUFI1,2025-06-28T09:30:00Z,0.048,1
Consis,BAUFI1,2025-06-28T10:00:00Z,3.199,1
Consis,BAUFI1,2025-06-28T10:30:00Z,4.402,1
Consis,BAUFI1,2025-06-28T11:00:00Z,15.9916634591753,4
Consis,BAUFI1,2025-06-28T11:30:00Z,24.1262,1
Consis,BAUFI1,2025-06-28T12:00:00Z,15.3632736285779,4
Consis,BAUFI1,2025-06-28T12:30:00Z,26.1902,1
Consis,BAUFI1,2025-06-28T13:00:00Z,13.5983470167009,4
Consis,BAUFI1,2025-06-28T13:30:00Z,24.5014,1
Consis,BAUFI1,2025-06-28T14:00:00Z,15.783825640122,4
Consis,BAUFI1,2025-06-28T14:30:00Z,4.889,1
Consis,BAUFI1,2025-06-28T15:00:00Z,3.932,1
Consis,BAUFI1,2025-06-28T15:30:00Z,8.001,1
Consis,BAUFI1,2025-06-28T16:00:00Z,13.466,1
Consis,BAUFI1,2025-06-28T16:30:00Z,9.639,1
Consis,BAUFI1,2025-06-28T17:00:00Z,1.997,1
Consis,BAUFI1,2025-06-28T17:30:00Z,0,1
Consis,BAUFI1,2025-06-28T18:00:00Z,0,1
Consis,BAUFI1,2025-06-28T18:30:00Z,0,1
Consis,BAUFI1,2025-06-28T19:00:00Z,0,1
Consis,BAUFI1,2025-06-28T19:30:00Z,0,1
Consis,BAUFI1,2025-06-28T20:00:00Z,0,1
Consis,BAUFI1,2025-06-28T20:30:00Z,0,1
Consis,BAUFI1,2025-06-28T21:00:00Z,0,1
Consis,BAUFI1,2025-06-28T21:30:00Z,0,1
Consis,BAUFI1,2025-06-28T22:00:00Z,0,1
Consis,BAUFI1,2025-06-28T22:30:00Z,0,1
Consis,BAUFI1,2025-06-28T23:00:00Z,0,1
Consis,BAUFI1,2025-06-28T23:30:00Z,0,1
Consis,BAUFI1,2025-06-29T00:00:00Z,0,1
Consis,BAUFI1,2025-06-29T00:30:00Z,0,1
Consis,BAUFI1,2025-06-29T01:00:00Z,0,1
Consis,BAUFI1,2025-06-29T01:30:00Z,0,1
Consis,BAUFI1,2025-06-29T02:00:00Z,0,1
Consis,BAUFI1,2025-06-29T02:30:00Z,0,1
Consis,BAUFI1,2025-06-29T03:00:00Z,0,1
Consis,BAUFI1,2025-06-29T03:30:00Z,0,1
Consis,BAUFI1,2025-06-29T04:00:00Z,0,1
Consis,BAUFI1,2025-06-29T04:30:00Z,0,1
Consis,BAUFI1,2025-06-29T05:00:00Z,0,1
Consis,BAUFI1,2025-06-29T05:30:00Z,0,1
Consis,BAUFI1,2025-06-29T06:00:00Z,0,1
Consis,BAUFI1,2025-06-29T06:30:00Z,1.26,1
Consis,BAUFI1,2025-06-29T07:00:00Z,0,1
Consis,BAUFI1,2025-06-29T07:30:00Z,0,1
Consis,BAUFI1,2025-06-29T08:00:00Z,0,1
Consis,BAUFI1,2025-06-29T08:30:00Z,0,1
Consis,BAUFI1,2025-06-29T09:00:00Z,0,1
Consis,BAUFI1,2025-06-29T09:30:00Z,0,1
Consis,BAUFI1,2025-06-29T10:00:00Z,0,1
Consis,BAUFI1,2025-06-29T10:30:00Z,0.159,1
Consis,BAUFI1,2025-06-29T11:00:00Z,3.099,1
Consis,BAUFI1,2025-06-29T11:30:00Z,3.078,1
Consis,BAUFI1,2025-06-29T12:00:00Z,3.2,1
Consis,BAUFI1,2025-06-29T12:30:00Z,4.281,1
Consis,BAUFI1,2025-06-29T13:00:00Z,4.963,1
Consis,BAUFI1,2025-06-29T13:30:00Z,7.381,1
Consis,BAUFI1,2025-06-29T14:00:00Z,10.137,1
Consis,BAUFI1,2025-06-29T14:30:00Z,9.819,1
Consis,BAUFI1,2025-06-29T15:00:00Z,17.67,1
Consis,BAUFI1,2025-06-29T15:30:00Z,22.764,1
Consis,BAUFI1,2025-06-29T16:00:00Z,17.406,1
Consis,BAUFI1,2025-06-29T16:30:00Z,9.328,1
Consis,BAUFI1,2025-06-29T17:00:00Z,2.464,1
Consis,BAUFI1,2025-06-29T17:30:00Z,0,1
Consis,BAUFI1,2025-06-29T18:00:00Z,0,1
Consis,BAUFI1,2025-06-29T18:30:00Z,0,1
Consis,BAUFI1,2025-06-29T19:00:00Z,0,1
Consis,BAUFI1,2025-06-29T19:30:00Z,0,1
Consis,BAUFI1,2025-06-29T20:00:00Z,0,1
Consis,BAUFI1,2025-06-29T20:30:00Z,0,1
Consis,BAUFI1,2025-06-29T21:00:00Z,0,1
Consis,BAUFI1,2025-06-29T21:30:00Z,0,1
Consis,BAUFI1,2025-06-29T22:00:00Z,0,1
Consis,BAUFI1,2025-06-29T22:30:00Z,0,1
Consis,BAUFI1,2025-06-29T23:00:00Z,0,1
Consis,BAUFI1,2025-06-29T23:30:00Z,0,1
Consis,BAUFI1,2025-06-30T00:00:00Z,0,1
Consis,BAUFI1,2025-06-30T00:30:00Z,0,1
Consis,BAUFI1,2025-06-30T01:00:00Z,0,1
Consis,BAUFI1,2025-06-30T01:30:00Z,0,1
Consis,BAUFI1,2025-06-30T02:00:00Z,0,1
Consis,BAUFI1,2025-06-30T02:30:00Z,0,1
Consis,BAUFI1,2025-06-30T03:00:00Z,0,1
Consis,BAUFI1,2025-06-30T03:30:00Z,0,1
Consis,BAUFI1,2025-06-30T04:00:00Z,0,1
Consis,BAUFI1,2025-06-30T04:30:00Z,0,1
Consis,BAUFI1,2025-06-30T05:00:00Z,0,1
Consis,BAUFI1,2025-06-30T05:30:00Z,0,1
Consis,BAUFI1,2025-06-30T06:00:00Z,0,1
Consis,BAUFI1,2025-06-30T06:30:00Z,2.358,1
Consis,BAUFI1,2025-06-30T07:00:00Z,10.208,1
Consis,BAUFI1,2025-06-30T07:30:00Z,18.214,1
Consis,BAUFI1,2025-06-30T08:00:00Z,22.794,1
Consis,BAUFI1,2025-06-30T08:30:00Z,19.279,1
Consis,BAUFI1,2025-06-30T09:00:00Z,24.741,1
Consis,BAUFI1,2025-06-30T09:30:00Z,24.834,1
Consis,BAUFI1,2025-06-30T10:00:00Z,24.879,1
Consis,BAUFI1,2025-06-30T10:30:00Z,24.801,1
Consis,BAUFI1,2025-06-30T11:00:00Z,24.6,1
Consis,BAUFI1,2025-06-30T11:30:00Z,24.606,1
Consis,BAUFI1,2025-06-30T12:00:00Z,24.618,1
Consis,BAUFI1,2025-06-30T12:30:00Z,24.622,1
Consis,BAUFI1,2025-06-30T13:00:00Z,24.51,1
Consis,BAUFI1,2025-06-30T13:30:00Z,24.285,1
Consis,BAUFI1,2025-06-30T14:00:00Z,24.261,1
Consis,BAUFI1,2025-06-30T14:30:00Z,24,1
Consis,BAUFI1,2025-06-30T15:00:00Z,23.391,1
Consis,BAUFI1,2025-06-30T15:30:00Z,21.909,1
Consis,BAUFI1,2025-06-30T16:00:00Z,17.869,1
Consis,BAUFI1,2025-06-30T16:30:00Z,9.838,1
Consis,BAUFI1,2025-06-30T17:00:00Z,2.19,1
Consis,BAUFI1,2025-06-30T17:30:00Z,0.196,1
Consis,BAUFI1,2025-06-30T18:00:00Z,0,1
Consis,BAUFI1,2025-06-30T18:30:00Z,0,1
Consis,BAUFI1,2025-06-30T19:00:00Z,0,1
Consis,BAUFI1,2025-06-30T19:30:00Z,0,1
Consis,BAUFI1,2025-06-30T20:00:00Z,0,1
Consis,BAUFI1,2025-06-30T20:30:00Z,0,1
Consis,BAUFI1,2025-06-30T21:00:00Z,0,1
Consis,BAUFI1,2025-06-30T21:30:00Z,0,1
Consis,BAUFI1,2025-06-30T22:00:00Z,0,1
Consis,BAUFI1,2025-06-30T22:30:00Z,0,1
Consis,BAUFI1,2025-06-30T23:00:00Z,0,1
Consis,BAUFI1,2025-06-30T23:30:00Z,0,1
Consis,BAUFI1,2025-07-01T00:00:00Z,0,1
Consis,BAUFI1,2025-07-01T00:30:00Z,0,1
Consis,BAUFI1,2025-07-01T01:00:00Z,0,1
Consis,BAUFI1,2025-07-01T01:30:00Z,0,1
Consis,BAUFI1,2025-07-01T02:00:00Z,0,1
Consis,BAUFI1,2025-07-01T02:30:00Z,0,1
Consis,BAUFI1,2025-07-01T03:00:00Z,0,1
Consis,BAUFI1,2025-07-01T03:30:00Z,0,1
Consis,BAUFI1,2025-07-01T04:00:00Z,0,1
Consis,BAUFI1,2025-07-01T04:30:00Z,0,1
Consis,BAUFI1,2025-07-01T05:00:00Z,0,1
Consis,BAUFI1,2025-07-01T05:30:00Z,0,1
Consis,BAUFI1,2025-07-01T06:00:00Z,0,1
Consis,BAUFI1,2025-07-01T06:30:00Z,1.772,1
Consis,BAUFI1,2025-07-01T07:00:00Z,8.934,1
Consis,BAUFI1,2025-07-01T07:30:00Z,16.702,1
Consis,BAUFI1,2025-07-01T08:00:00Z,18.321,1
Consis,BAUFI1,2025-07-01T08:30:00Z,22.585,1
Consis,BAUFI1,2025-07-01T09:00:00Z,22.373,1
Consis,BAUFI1,2025-07-01T09:30:00Z,23.206,1
Consis,BAUFI1,2025-07-01T10:00:00Z,24.297,1
Consis,BAUFI1,2025-07-01T10:30:00Z,24.164,1
Consis,BAUFI1,2025-07-01T11:00:00Z,23.699,1
Consis,BAUFI1,2025-07-01T11:30:00Z,23.705,1
Consis,BAUFI1,2025-07-01T12:00:00Z,23.793,1
Consis,BAUFI1,2025-07-01T12:30:00Z,23.653,1
Consis,BAUFI1,2025-07-01T13:00:00Z,23.458,1
Consis,BAUFI1,2025-07-01T13:30:00Z,19.789,1
Consis,BAUFI1,2025-07-01T14:00:00Z,15.491,1
Consis,BAUFI1,2025-07-01T14:30:00Z,16.516,1
Consis,BAUFI1,2025-07-01T15:00:00Z,17.045,1
Consis,BAUFI1,2025-07-01T15:30:00Z,6.232,1
Consis,BAUFI1,2025-07-01T16:00:00Z,5.278,1
Consis,BAUFI1,2025-07-01T16:30:00Z,1.658,1
Consis,BAUFI1,2025-07-01T17:00:00Z,1.247,1
Consis,BAUFI1,2025-07-01T17:30:00Z,0,1
Consis,BAUFI1,2025-07-01T18:00:00Z,0,1
Consis,BAUFI1,2025-07-01T18:30:00Z,0,1
Consis,BAUFI1,2025-07-01T19:00:00Z,0,1
Consis,BAUFI1,2025-07-01T19:30:00Z,0,1
Consis,BAUFI1,2025-07-01T20:00:00Z,0,1
Consis,BAUFI1,2025-07-01T20:30:00Z,0,1
Consis,BAUFI1,2025-07-01T21:00:00Z,0,1
Consis,BAUFI1,2025-07-01T21:30:00Z,0,1
Consis,BAUFI1,2025-07-01T22:00:00Z,0,1
Consis,BAUFI1,2025-07-01T22:30:00Z,0,1
Consis,BAUFI1,2025-07-01T23:00:00Z,0,1
Consis,BAUFI1,2025-07-01T23:30:00Z,0,1
Consis,BAUFI1,2025-07-02T00:00:00Z,0,1
Consis,BAUFI1,2025-07-02T00:30:00Z,0,1
Consis,BAUFI1,2025-07-02T01:00:00Z,0,1
Consis,BAUFI1,2025-07-02T01:30:00Z,0,1
Consis,BAUFI1,2025-07-02T02:00:00Z,0,1
Consis,BAUFI1,2025-07-02T02:30:00Z,0,1
Consis,BAUFI1,2025-07-02T03:00:00Z,0,1
Consis,BAUFI1,2025-07-02T03:30:00Z,0,1
Consis,BAUFI1,2025-07-02T04:00:00Z,0,1
Consis,BAUFI1,2025-07-02T04:30:00Z,0,1
Consis,BAUFI1,2025-07-02T05:00:00Z,0,1
Consis,BAUFI1,2025-07-02T05:30:00Z,0,1
Consis,BAUFI1,2025-07-02T06:00:00Z,0,1
Consis,BAUFI1,2025-07-02T06:30:00Z,1.848514,1
Consis,BAUFI1,2025-07-02T07:00:00Z,8.822993,1
Consis,BAUFI1,2025-07-02T07:30:00Z,0.1584395,1
Consis,BAUFI1,2025-07-02T08:00:00Z,0,1
Consis,BAUFI1,2025-07-02T08:30:00Z,0,1
Consis,BAUFI1,2025-07-02T09:00:00Z,0,1
Consis,BAUFI1,2025-07-02T09:30:00Z,0,1
Consis,BAUFI1,2025-07-02T10:00:00Z,0,1
Consis,BAUFI1,2025-07-02T10:30:00Z,0,1
Consis,BAUFI1,2025-07-02T11:00:00Z,0,1
Consis,BAUFI1,2025-07-02T11:30:00Z,0,1
Consis,BAUFI1,2025-07-02T12:00:00Z,0,1
Consis,BAUFI1,2025-07-02T12:30:00Z,0,1
Consis,BAUFI1,2025-07-02T13:00:00Z,1.385384,1
Consis,BAUFI1,2025-07-02T13:30:00Z,6.838949,1
Consis,BAUFI1,2025-07-02T14:00:00Z,19.8833,1
Consis,BAUFI1,2025-07-02T14:30:00Z,23.57765,1
Consis,BAUFI1,2025-07-02T15:00:00Z,22.95769,1
Consis,BAUFI1,2025-07-02T15:30:00Z,21.69592,1
Consis,BAUFI1,2025-07-02T16:00:00Z,17.42452,1
Consis,BAUFI1,2025-07-02T16:30:00Z,9.619254,1
Consis,BAUFI1,2025-07-02T17:00:00Z,2.448377,1
Consis,BAUFI1,2025-07-02T17:30:00Z,0.01723911,1
Consis,BAUFI1,2025-07-02T18:00:00Z,0,1
Consis,BAUFI1,2025-07-02T18:30:00Z,0,1
Consis,BAUFI1,2025-07-02T19:00:00Z,0,1
Consis,BAUFI1,2025-07-02T19:30:00Z,0,1
Consis,BAUFI1,2025-07-02T20:00:00Z,0,1
Consis,BAUFI1,2025-07-02T20:30:00Z,0,1
Consis,BAUFI1,2025-07-02T21:00:00Z,0,1
Consis,BAUFI1,2025-07-02T21:30:00Z,0,1
Consis,BAUFI1,2025-07-02T22:00:00Z,0,1
Consis,BAUFI1,2025-07-02T22:30:00Z,0,1
Consis,BAUFI1,2025-07-02T23:00:00Z,0,1
Consis,BAUFI1,2025-07-02T23:30:00Z,0,1
Consis,BAUFI2,2025-05-19T00:00:00Z,0,1
Consis,BAUFI2,2025-05-19T00:30:00Z,0,1
Consis,BAUFI2,2025-05-19T01:00:00Z,0,1
Consis,BAUFI2,2025-05-19T01:30:00Z,0,1
Consis,BAUFI2,2025-05-19T02:00:00Z,0,1
Consis,BAUFI2,2025-05-19T02:30:00Z,0,1
Consis,BAUFI2,2025-05-19T03:00:00Z,0,1
Consis,BAUFI2,2025-05-19T03:30:00Z,0,1
Consis,BAUFI2,2025-05-19T04:00:00Z,0,1
Consis,BAUFI2,2025-05-19T04:30:00Z,0,1
Consis,BAUFI2,2025-05-19T05:00:00Z,0,1
Consis,BAUFI2,2025-05-19T05:30:00Z,0,1
Consis,BAUFI2,2025-05-19T06:00:00Z,0.329,1
Consis,BAUFI2,2025-05-19T06:30:00Z,4.1851,1
Consis,BAUFI2,2025-05-19T07:00:00Z,9.5108,1
Consis,BAUFI2,2025-05-19T07:30:00Z,16.1851,1
Consis,BAUFI2,2025-05-19T08:00:00Z,18.5884,1
Consis,BAUFI2,2025-05-19T08:30:00Z,20.5644,1
Consis,BAUFI2,2025-05-19T09:00:00Z,22.4576,1
Consis,BAUFI2,2025-05-19T09:30:00Z,22.868,1
Consis,BAUFI2,2025-05-19T10:00:00Z,24.045,1
Consis,BAUFI2,2025-05-19T10:30:00Z,24.9103,1
Consis,BAUFI2,2025-05-19T11:00:00Z,24.175,1
Consis,BAUFI2,2025-05-19T11:30:00Z,22.7887,1
Consis,BAUFI2,2025-05-19T12:00:00Z,24.2906,1
Consis,BAUFI2,2025-05-19T12:30:00Z,23.7815,1
Consis,BAUFI2,2025-05-19T13:00:00Z,23.9299,1
Consis,BAUFI2,2025-05-19T13:30:00Z,23.4937,1
Consis,BAUFI2,2025-05-19T14:00:00Z,23.4799,1
Consis,BAUFI2,2025-05-19T14:30:00Z,24.0672,1
Consis,BAUFI2,2025-05-19T15:00:00Z,21.505,1
Consis,BAUFI2,2025-05-19T15:30:00Z,21.809,1
Consis,BAUFI2,2025-05-19T16:00:00Z,16.253,1
Consis,BAUFI2,2025-05-19T16:30:00Z,5.857,1
Consis,BAUFI2,2025-05-19T17:00:00Z,1.935,1
Consis,BAUFI2,2025-05-19T17:30:00Z,0.055,1
Consis,BAUFI2,2025-05-19T18:00:00Z,0,1
Consis,BAUFI2,2025-05-19T18:30:00Z,0,1
Consis,BAUFI2,2025-05-19T19:00:00Z,0,1
Consis,BAUFI2,2025-05-19T19:30:00Z,0,1
Consis,BAUFI2,2025-05-19T20:00:00Z,0,1
Consis,BAUFI2,2025-05-19T20:30:00Z,0,1
Consis,BAUFI2,2025-05-19T21:00:00Z,0,1
Consis,BAUFI2,2025-05-19T21:30:00Z,0,1
Consis,BAUFI2,2025-05-19T22:00:00Z,0,1
Consis,BAUFI2,2025-05-19T22:30:00Z,0,1
Consis,BAUFI2,2025-05-19T23:00:00Z,0,1
Consis,BAUFI2,2025-05-19T23:30:00Z,0,1
Consis,BAUFI2,2025-05-20T00:00:00Z,0,1
Consis,BAUFI2,2025-05-20T00:30:00Z,0,1
Consis,BAUFI2,2025-05-20T01:00:00Z,0,1
Consis,BAUFI2,2025-05-20T01:30:00Z,0,1
Consis,BAUFI2,2025-05-20T02:00:00Z,0,1
Consis,BAUFI2,2025-05-20T02:30:00Z,0,1
Consis,BAUFI2,2025-05-20T03:00:00Z,0,1
Consis,BAUFI2,2025-05-20T03:30:00Z,0,1
Consis,BAUFI2,2025-05-20T04:00:00Z,0,1
Consis,BAUFI2,2025-05-20T04:30:00Z,0,1
Consis,BAUFI2,2025-05-20T05:00:00Z,0,1
Consis,BAUFI2,2025-05-20T05:30:00Z,0,1
Consis,BAUFI2,2025-05-20T06:00:00Z,0.201,1
Consis,BAUFI2,2025-05-20T06:30:00Z,1.481,1
Consis,BAUFI2,2025-05-20T07:00:00Z,4.8,1
Consis,BAUFI2,2025-05-20T07:30:00Z,7.804,1
Consis,BAUFI2,2025-05-20T08:00:00Z,9.479,1
Consis,BAUFI2,2025-05-20T08:30:00Z,19.048,1
Consis,BAUFI2,2025-05-20T09:00:00Z,22.3724,1
Consis,BAUFI2,2025-05-20T09:30:00Z,22.9705,1
Consis,BAUFI2,2025-05-20T10:00:00Z,24.0718,1
Consis,BAUFI2,2025-05-20T10:30:00Z,24.9208,1
Consis,BAUFI2,2025-05-20T11:00:00Z,24.3948,1
Consis,BAUFI2,2025-05-20T11:30:00Z,22.9615,1
Consis,BAUFI2,2025-05-20T12:00:00Z,24.1369,1
Consis,BAUFI2,2025-05-20T12:30:00Z,23.8237,1
Consis,BAUFI2,2025-05-20T13:00:00Z,23.9117,1
Consis,BAUFI2,2025-05-20T13:30:00Z,23.4804,1
Consis,BAUFI2,2025-05-20T14:00:00Z,23.4071,1
Consis,BAUFI2,2025-05-20T14:30:00Z,22.896,1
Consis,BAUFI2,2025-05-20T15:00:00Z,18.116,1
Consis,BAUFI2,2025-05-20T15:30:00Z,12.867,1
Consis,BAUFI2,2025-05-20T16:00:00Z,3.428,1
Consis,BAUFI2,2025-05-20T16:30:00Z,6.355,1
Consis,BAUFI2,2025-05-20T17:00:00Z,1.831,1
Consis,BAUFI2,2025-05-20T17:30:00Z,0.031,1
Consis,BAUFI2,2025-05-20T18:00:00Z,0,1
Consis,BAUFI2,2025-05-20T18:30:00Z,0,1
Consis,BAUFI2,2025-05-20T19:00:00Z,0,1
Consis,BAUFI2,2025-05-20T19:30:00Z,0,1
Consis,BAUFI2,2025-05-20T20:00:00Z,0,1
Consis,BAUFI2,2025-05-20T20:30:00Z,0,1
Consis,BAUFI2,2025-05-20T21:00:00Z,0,1
Consis,BAUFI2,2025-05-20T21:30:00Z,0,1
Consis,BAUFI2,2025-05-20T22:00:00Z,0,1
Consis,BAUFI2,2025-05-20T22:30:00Z,0,1
Consis,BAUFI2,2025-05-20T23:00:00Z,0,1
Consis,BAUFI2,2025-05-20T23:30:00Z,0,1
Consis,BAUFI2,2025-05-21T00:00:00Z,0,1
Consis,BAUFI2,2025-05-21T00:30:00Z,0,1
Consis,BAUFI2,2025-05-21T01:00:00Z,0,1
Consis,BAUFI2,2025-05-21T01:30:00Z,0,1
Consis,BAUFI2,2025-05-21T02:00:00Z,0,1
Consis,BAUFI2,2025-05-21T02:30:00Z,0,1
Consis,BAUFI2,2025-05-21T03:00:00Z,0,1
Consis,BAUFI2,2025-05-21T03:30:00Z,0,1
Consis,BAUFI2,2025-05-21T04:00:00Z,0,1
Consis,BAUFI2,2025-05-21T04:30:00Z,0,1
Consis,BAUFI2,2025-05-21T05:00:00Z,0,1
Consis,BAUFI2,2025-05-21T05:30:00Z,0,1
Consis,BAUFI2,2025-05-21T06:00:00Z,0.402,1
Consis,BAUFI2,2025-05-21T06:30:00Z,3.985,1
Consis,BAUFI2,2025-05-21T07:00:00Z,10.805,1
Consis,BAUFI2,2025-05-21T07:30:00Z,16.778,1
Consis,BAUFI2,2025-05-21T08:00:00Z,20.93,1
Consis,BAUFI2,2025-05-21T08:30:00Z,21.923,1
Consis,BAUFI2,2025-05-21T09:00:00Z,23.16,1
Consis,BAUFI2,2025-05-21T09:30:00Z,,1
Consis,BAUFI2,2025-05-21T10:00:00Z,,1
Consis,BAUFI2,2025-05-21T10:30:00Z,,1
Consis,BAUFI2,2025-05-21T11:00:00Z,,1
Consis,BAUFI2,2025-05-21T11:30:00Z,,1
Consis,BAUFI2,2025-05-21T12:00:00Z,,1
Consis,BAUFI2,2025-05-21T12:30:00Z,,1
Consis,BAUFI2,2025-05-21T13:00:00Z,,1
Consis,BAUFI2,2025-05-21T13:30:00Z,,1
Consis,BAUFI2,2025-05-21T14:00:00Z,23.121,1
Consis,BAUFI2,2025-05-21T14:30:00Z,23.775,1
Consis,BAUFI2,2025-05-21T15:00:00Z,21.944,1
Consis,BAUFI2,2025-05-21T15:30:00Z,20.8,1
Consis,BAUFI2,2025-05-21T16:00:00Z,13.35,1
Consis,BAUFI2,2025-05-21T16:30:00Z,5.691,1
Consis,BAUFI2,2025-05-21T17:00:00Z,1.734,1
Consis,BAUFI2,2025-05-21T17:30:00Z,0.039,1
Consis,BAUFI2,2025-05-21T18:00:00Z,0,1
Consis,BAUFI2,2025-05-21T18:30:00Z,0,1
Consis,BAUFI2,2025-05-21T19:00:00Z,0,1
Consis,BAUFI2,2025-05-21T19:30:00Z,0,1
Consis,BAUFI2,2025-05-21T20:00:00Z,0,1
Consis,BAUFI2,2025-05-21T20:30:00Z,0,1
Consis,BAUFI2,2025-05-21T21:00:00Z,0,1
Consis,BAUFI2,2025-05-21T21:30:00Z,0,1
Consis,BAUFI2,2025-05-21T22:00:00Z,0,1
Consis,BAUFI2,2025-05-21T22:30:00Z,0,1
Consis,BAUFI2,2025-05-21T23:00:00Z,0,1
Consis,BAUFI2,2025-05-21T23:30:00Z,0,1
Consis,BAUFI2,2025-05-22T00:00:00Z,0,1
Consis,BAUFI2,2025-05-22T00:30:00Z,0,1
Consis,BAUFI2,2025-05-22T01:00:00Z,0,1
Consis,BAUFI2,2025-05-22T01:30:00Z,0,1
Consis,BAUFI2,2025-05-22T02:00:00Z,0,1
Consis,BAUFI2,2025-05-22T02:30:00Z,0,1
Consis,BAUFI2,2025-05-22T03:00:00Z,0,1
Consis,BAUFI2,2025-05-22T03:30:00Z,0,1
Consis,BAUFI2,2025-05-22T04:00:00Z,0,1
Consis,BAUFI2,2025-05-22T04:30:00Z,0,1
Consis,BAUFI2,2025-05-22T05:00:00Z,0,1
Consis,BAUFI2,2025-05-22T05:30:00Z,0,1
Consis,BAUFI2,2025-05-22T06:00:00Z,0.296,1
Consis,BAUFI2,2025-05-22T06:30:00Z,3.857,1
Consis,BAUFI2,2025-05-22T07:00:00Z,8.623,1
Consis,BAUFI2,2025-05-22T07:30:00Z,,1
Consis,BAUFI2,2025-05-22T08:00:00Z,,1
Consis,BAUFI2,2025-05-22T08:30:00Z,,1
Consis,BAUFI2,2025-05-22T09:00:00Z,,1
Consis,BAUFI2,2025-05-22T09:30:00Z,,1
Consis,BAUFI2,2025-05-22T10:00:00Z,,1
Consis,BAUFI2,2025-05-22T10:30:00Z,,1
Consis,BAUFI2,2025-05-22T11:00:00Z,,1
Consis,BAUFI2,2025-05-22T11:30:00Z,24.414,1
Consis,BAUFI2,2025-05-22T12:00:00Z,23.352,1
Consis,BAUFI2,2025-05-22T12:30:00Z,23.908,1
Consis,BAUFI2,2025-05-22T13:00:00Z,24.306,1
Consis,BAUFI2,2025-05-22T13:30:00Z,22.861,1
Consis,BAUFI2,2025-05-22T14:00:00Z,22.995,1
Consis,BAUFI2,2025-05-22T14:30:00Z,23.247,1
Consis,BAUFI2,2025-05-22T15:00:00Z,21.817,1
Consis,BAUFI2,2025-05-22T15:30:00Z,21.095,1
Consis,BAUFI2,2025-05-22T16:00:00Z,16.074,1
Consis,BAUFI2,2025-05-22T16:30:00Z,8.189,1
Consis,BAUFI2,2025-05-22T17:00:00Z,1.653,1
Consis,BAUFI2,2025-05-22T17:30:00Z,0.033,1
Consis,BAUFI2,2025-05-22T18:00:00Z,0,1
Consis,BAUFI2,2025-05-22T18:30:00Z,0,1
Consis,BAUFI2,2025-05-22T19:00:00Z,0,1
Consis,BAUFI2,2025-05-22T19:30:00Z,0,1
Consis,BAUFI2,2025-05-22T20:00:00Z,0,1
Consis,BAUFI2,2025-05-22T20:30:00Z,0,1
Consis,BAUFI2,2025-05-22T21:00:00Z,0,1
Consis,BAUFI2,2025-05-22T21:30:00Z,0,1
Consis,BAUFI2,2025-05-22T22:00:00Z,0,1
Consis,BAUFI2,2025-05-22T22:30:00Z,0,1
Consis,BAUFI2,2025-05-22T23:00:00Z,0,1
Consis,BAUFI2,2025-05-22T23:30:00Z,0,1
Consis,BAUFI2,2025-05-23T00:00:00Z,0,1
Consis,BAUFI2,2025-05-23T00:30:00Z,0,1
Consis,BAUFI2,2025-05-23T01:00:00Z,0,1
Consis,BAUFI2,2025-05-23T01:30:00Z,0,1
Consis,BAUFI2,2025-05-23T02:00:00Z,0,1
Consis,BAUFI2,2025-05-23T02:30:00Z,0,1
Consis,BAUFI2,2025-05-23T03:00:00Z,0,1
Consis,BAUFI2,2025-05-23T03:30:00Z,0,1
Consis,BAUFI2,2025-05-23T04:00:00Z,0,1
Consis,BAUFI2,2025-05-23T04:30:00Z,0,1
Consis,BAUFI2,2025-05-23T05:00:00Z,0,1
Consis,BAUFI2,2025-05-23T05:30:00Z,0,1
Consis,BAUFI2,2025-05-23T06:00:00Z,0.268,1
Consis,BAUFI2,2025-05-23T06:30:00Z,4.0468,1
Consis,BAUFI2,2025-05-23T07:00:00Z,9.4009,1
Consis,BAUFI2,2025-05-23T07:30:00Z,17.9561,1
Consis,BAUFI2,2025-05-23T08:00:00Z,20.1286,1
Consis,BAUFI2,2025-05-23T08:30:00Z,20.9276,1
Consis,BAUFI2,2025-05-23T09:00:00Z,22.3328,1
Consis,BAUFI2,2025-05-23T09:30:00Z,23.2094,1
Consis,BAUFI2,2025-05-23T10:00:00Z,23.9107,1
Consis,BAUFI2,2025-05-23T10:30:00Z,24.1086,1
Consis,BAUFI2,2025-05-23T11:00:00Z,23.6066,1
Consis,BAUFI2,2025-05-23T11:30:00Z,22.6947,1
Consis,BAUFI2,2025-05-23T12:00:00Z,22.6514,1
Consis,BAUFI2,2025-05-23T12:30:00Z,22.7198,1
Consis,BAUFI2,2025-05-23T13:00:00Z,22.2713,1
Consis,BAUFI2,2025-05-23T13:30:00Z,24.009,1
Consis,BAUFI2,2025-05-23T14:00:00Z,24.008,1
Consis,BAUFI2,2025-05-23T14:30:00Z,20.157,1
Consis,BAUFI2,2025-05-23T15:00:00Z,8.603,1
Consis,BAUFI2,2025-05-23T15:30:00Z,6.391,1
Consis,BAUFI2,2025-05-23T16:00:00Z,8.193,1
Consis,BAUFI2,2025-05-23T16:30:00Z,9.42,1
Consis,BAUFI2,2025-05-23T17:00:00Z,1.404,1
Consis,BAUFI2,2025-05-23T17:30:00Z,0.01,1
Consis,BAUFI2,2025-05-23T18:00:00Z,0,1
Consis,BAUFI2,2025-05-23T18:30:00Z,0,1
Consis,BAUFI2,2025-05-23T19:00:00Z,0,1
Consis,BAUFI2,2025-05-23T19:30:00Z,0,1
Consis,BAUFI2,2025-05-23T20:00:00Z,0,1
Consis,BAUFI2,2025-05-23T20:30:00Z,0,1
Consis,BAUFI2,2025-05-23T21:00:00Z,0,1
Consis,BAUFI2,2025-05-23T21:30:00Z,0,1
Consis,BAUFI2,2025-05-23T22:00:00Z,0,1
Consis,BAUFI2,2025-05-23T22:30:00Z,0,1
Consis,BAUFI2,2025-05-23T23:00:00Z,0,1
Consis,BAUFI2,2025-05-23T23:30:00Z,0,1
Consis,BAUFI2,2025-05-24T00:00:00Z,0,1
Consis,BAUFI2,2025-05-24T00:30:00Z,0,1
Consis,BAUFI2,2025-05-24T01:00:00Z,0,1
Consis,BAUFI2,2025-05-24T01:30:00Z,0,1
Consis,BAUFI2,2025-05-24T02:00:00Z,0,1
Consis,BAUFI2,2025-05-24T02:30:00Z,0,1
Consis,BAUFI2,2025-05-24T03:00:00Z,0,1
Consis,BAUFI2,2025-05-24T03:30:00Z,0,1
Consis,BAUFI2,2025-05-24T04:00:00Z,0,1
Consis,BAUFI2,2025-05-24T04:30:00Z,0,1
Consis,BAUFI2,2025-05-24T05:00:00Z,0,1
Consis,BAUFI2,2025-05-24T05:30:00Z,0,1
Consis,BAUFI2,2025-05-24T06:00:00Z,0.279,1
Consis,BAUFI2,2025-05-24T06:30:00Z,3.856,1
Consis,BAUFI2,2025-05-24T07:00:00Z,8.4976,1
Consis,BAUFI2,2025-05-24T07:30:00Z,15.8219,1
Consis,BAUFI2,2025-05-24T08:00:00Z,17.7328,1
Consis,BAUFI2,2025-05-24T08:30:00Z,19.6245,1
Consis,BAUFI2,2025-05-24T09:00:00Z,21.2285,1
Consis,BAUFI2,2025-05-24T09:30:00Z,22.438,1
Consis,BAUFI2,2025-05-24T10:00:00Z,22.6243,1
Consis,BAUFI2,2025-05-24T10:30:00Z,23.0211,1
Consis,BAUFI2,2025-05-24T11:00:00Z,22.815,1
Consis,BAUFI2,2025-05-24T11:30:00Z,22.2227,1
Consis,BAUFI2,2025-05-24T12:00:00Z,22.1857,1
Consis,BAUFI2,2025-05-24T12:30:00Z,22.2701,1
Consis,BAUFI2,2025-05-24T13:00:00Z,21.6617,1
Consis,BAUFI2,2025-05-24T13:30:00Z,21.8245,1
Consis,BAUFI2,2025-05-24T14:00:00Z,21.6296,1
Consis,BAUFI2,2025-05-24T14:30:00Z,21.7952,1
Consis,BAUFI2,2025-05-24T15:00:00Z,19.8838,1
Consis,BAUFI2,2025-05-24T15:30:00Z,17.7599,1
Consis,BAUFI2,2025-05-24T16:00:00Z,15.177,1
Consis,BAUFI2,2025-05-24T16:30:00Z,4.107,1
Consis,BAUFI2,2025-05-24T17:00:00Z,1.91,1
Consis,BAUFI2,2025-05-24T17:30:00Z,0.039,1
Consis,BAUFI2,2025-05-24T18:00:00Z,0,1
Consis,BAUFI2,2025-05-24T18:30:00Z,0,1
Consis,BAUFI2,2025-05-24T19:00:00Z,0,1
Consis,BAUFI2,2025-05-24T19:30:00Z,0,1
Consis,BAUFI2,2025-05-24T20:00:00Z,0,1
Consis,BAUFI2,2025-05-24T20:30:00Z,0,1
Consis,BAUFI2,2025-05-24T21:00:00Z,0,1
Consis,BAUFI2,2025-05-24T21:30:00Z,0,1
Consis,BAUFI2,2025-05-24T22:00:00Z,0,1
Consis,BAUFI2,2025-05-24T22:30:00Z,0,1
Consis,BAUFI2,2025-05-24T23:00:00Z,0,1
Consis,BAUFI2,2025-05-24T23:30:00Z,0,1
Consis,BAUFI2,2025-05-25T00:00:00Z,0,1
Consis,BAUFI2,2025-05-25T00:30:00Z,0,1
Consis,BAUFI2,2025-05-25T01:00:00Z,0,1
Consis,BAUFI2,2025-05-25T01:30:00Z,0,1
Consis,BAUFI2,2025-05-25T02:00:00Z,0,1
Consis,BAUFI2,2025-05-25T02:30:00Z,0,1
Consis,BAUFI2,2025-05-25T03:00:00Z,0,1
Consis,BAUFI2,2025-05-25T03:30:00Z,0,1
Consis,BAUFI2,2025-05-25T04:00:00Z,0,1
Consis,BAUFI2,2025-05-25T04:30:00Z,0,1
Consis,BAUFI2,2025-05-25T05:00:00Z,0,1
Consis,BAUFI2,2025-05-25T05:30:00Z,0,1
Consis,BAUFI2,2025-05-25T06:00:00Z,0.2,1
Consis,BAUFI2,2025-05-25T06:30:00Z,2.392,1
Consis,BAUFI2,2025-05-25T07:00:00Z,8.6628,1
Consis,BAUFI2,2025-05-25T07:30:00Z,16.5094,1
Consis,BAUFI2,2025-05-25T08:00:00Z,18.2264,1
Consis,BAUFI2,2025-05-25T08:30:00Z,20.0781,1
Consis,BAUFI2,2025-05-25T09:00:00Z,21.7109,1
Consis,BAUFI2,2025-05-25T09:30:00Z,22.624,1
Consis,BAUFI2,2025-05-25T10:00:00Z,23.3276,1
Consis,BAUFI2,2025-05-25T10:30:00Z,24.0282,1
Consis,BAUFI2,2025-05-25T11:00:00Z,23.7584,1
Consis,BAUFI2,2025-05-25T11:30:00Z,22.8122,1
Consis,BAUFI2,2025-05-25T12:00:00Z,23.6442,1
Consis,BAUFI2,2025-05-25T12:30:00Z,23.5985,1
Consis,BAUFI2,2025-05-25T13:00:00Z,23.4441,1
Consis,BAUFI2,2025-05-25T13:30:00Z,23.1436,1
Consis,BAUFI2,2025-05-25T14:00:00Z,23.1993,1
Consis,BAUFI2,2025-05-25T14:30:00Z,23.6556,1
Consis,BAUFI2,2025-05-25T15:00:00Z,20.5211,1
Consis,BAUFI2,2025-05-25T15:30:00Z,21.466,1
Consis,BAUFI2,2025-05-25T16:00:00Z,15.745,1
Consis,BAUFI2,2025-05-25T16:30:00Z,6.043,1
Consis,BAUFI2,2025-05-25T17:00:00Z,1.663,1
Consis,BAUFI2,2025-05-25T17:30:00Z,0.035,1
Consis,BAUFI2,2025-05-25T18:00:00Z,0,1
Consis,BAUFI2,2025-05-25T18:30:00Z,0,1
Consis,BAUFI2,2025-05-25T19:00:00Z,0,1
Consis,BAUFI2,2025-05-25T19:30:00Z,0,1
Consis,BAUFI2,2025-05-25T20:00:00Z,0,1
Consis,BAUFI2,2025-05-25T20:30:00Z,0,1
Consis,BAUFI2,2025-05-25T21:00:00Z,0,1
Consis,BAUFI2,2025-05-25T21:30:00Z,0,1
Consis,BAUFI2,2025-05-25T22:00:00Z,0,1
Consis,BAUFI2,2025-05-25T22:30:00Z,0,1
Consis,BAUFI2,2025-05-25T23:00:00Z,0,1
Consis,BAUFI2,2025-05-25T23:30:00Z,0,1
Consis,BAUFI2,2025-05-26T00:00:00Z,0,1
Consis,BAUFI2,2025-05-26T00:30:00Z,0,1
Consis,BAUFI2,2025-05-26T01:00:00Z,0,1
Consis,BAUFI2,2025-05-26T01:30:00Z,0,1
Consis,BAUFI2,2025-05-26T02:00:00Z,0,1
Consis,BAUFI2,2025-05-26T02:30:00Z,0,1
Consis,BAUFI2,2025-05-26T03:00:00Z,0,1
Consis,BAUFI2,2025-05-26T03:30:00Z,0,1
Consis,BAUFI2,2025-05-26T04:00:00Z,0,1
Consis,BAUFI2,2025-05-26T04:30:00Z,0,1
Consis,BAUFI2,2025-05-26T05:00:00Z,0,1
Consis,BAUFI2,2025-05-26T05:30:00Z,0,1
Consis,BAUFI2,2025-05-26T06:00:00Z,0.4464,1
Consis,BAUFI2,2025-05-26T06:30:00Z,3.2709,1
Consis,BAUFI2,2025-05-26T07:00:00Z,8.1315,1
Consis,BAUFI2,2025-05-26T07:30:00Z,16.7657,1
Consis,BAUFI2,2025-05-26T08:00:00Z,18.2454,1
Consis,BAUFI2,2025-05-26T08:30:00Z,19.7213,1
Consis,BAUFI2,2025-05-26T09:00:00Z,21.7534,1
Consis,BAUFI2,2025-05-26T09:30:00Z,22.3103,1
Consis,BAUFI2,2025-05-26T10:00:00Z,23.4653,1
Consis,BAUFI2,2025-05-26T10:30:00Z,24.1223,1
Consis,BAUFI2,2025-05-26T11:00:00Z,23.7025,1
Consis,BAUFI2,2025-05-26T11:30:00Z,22.7112,1
Consis,BAUFI2,2025-05-26T12:00:00Z,23.791,1
Consis,BAUFI2,2025-05-26T12:30:00Z,23.6656,1
Consis,BAUFI2,2025-05-26T13:00:00Z,23.4479,1
Consis,BAUFI2,2025-05-26T13:30:00Z,23.2146,1
Consis,BAUFI2,2025-05-26T14:00:00Z,23.278,1
Consis,BAUFI2,2025-05-26T14:30:00Z,23.5051,1
Consis,BAUFI2,2025-05-26T15:00:00Z,20.2923,1
Consis,BAUFI2,2025-05-26T15:30:00Z,17.9568,1
Consis,BAUFI2,2025-05-26T16:00:00Z,12.7853,1
Consis,BAUFI2,2025-05-26T16:30:00Z,6.4102,1
Consis,BAUFI2,2025-05-26T17:00:00Z,1.444,1
Consis,BAUFI2,2025-05-26T17:30:00Z,0.009,1
Consis,BAUFI2,2025-05-26T18:00:00Z,0,1
Consis,BAUFI2,2025-05-26T18:30:00Z,0,1
Consis,BAUFI2,2025-05-26T19:00:00Z,0,1
Consis,BAUFI2,2025-05-26T19:30:00Z,0,1
Consis,BAUFI2,2025-05-26T20:00:00Z,0,1
Consis,BAUFI2,2025-05-26T20:30:00Z,0,1
Consis,BAUFI2,2025-05-26T21:00:00Z,0,1
Consis,BAUFI2,2025-05-26T21:30:00Z,0,1
Consis,BAUFI2,2025-05-26T22:00:00Z,0,1
Consis,BAUFI2,2025-05-26T22:30:00Z,0,1
Consis,BAUFI2,2025-05-26T23:00:00Z,0,1
Consis,BAUFI2,2025-05-26T23:30:00Z,0,1
Consis,BAUFI2,2025-05-27T00:00:00Z,0,1
Consis,BAUFI2,2025-05-27T00:30:00Z,0,1
Consis,BAUFI2,2025-05-27T01:00:00Z,0,1
Consis,BAUFI2,2025-05-27T01:30:00Z,0,1
Consis,BAUFI2,2025-05-27T02:00:00Z,0,1
Consis,BAUFI2,2025-05-27T02:30:00Z,0,1
Consis,BAUFI2,2025-05-27T03:00:00Z,0,1
Consis,BAUFI2,2025-05-27T03:30:00Z,0,1
Consis,BAUFI2,2025-05-27T04:00:00Z,0,1
Consis,BAUFI2,2025-05-27T04:30:00Z,0,1
Consis,BAUFI2,2025-05-27T05:00:00Z,0,1
Consis,BAUFI2,2025-05-27T05:30:00Z,0,1
Consis,BAUFI2,2025-05-27T06:00:00Z,0.3,1
Consis,BAUFI2,2025-05-27T06:30:00Z,3.7121,1
Consis,BAUFI2,2025-05-27T07:00:00Z,8.8973,1
Consis,BAUFI2,2025-05-27T07:30:00Z,15.5761,1
Consis,BAUFI2,2025-05-27T08:00:00Z,17.6674,1
Consis,BAUFI2,2025-05-27T08:30:00Z,19.8226,1
Consis,BAUFI2,2025-05-27T09:00:00Z,21.6752,1
Consis,BAUFI2,2025-05-27T09:30:00Z,22.5083,1
Consis,BAUFI2,2025-05-27T10:00:00Z,23.2963,1
Consis,BAUFI2,2025-05-27T10:30:00Z,23.863,1
Consis,BAUFI2,2025-05-27T11:00:00Z,23.4419,1
Consis,BAUFI2,2025-05-27T11:30:00Z,22.4783,1
Consis,BAUFI2,2025-05-27T12:00:00Z,23.249,1
Consis,BAUFI2,2025-05-27T12:30:00Z,22.9847,1
Consis,BAUFI2,2025-05-27T13:00:00Z,22.938,1
Consis,BAUFI2,2025-05-27T13:30:00Z,22.4671,1
Consis,BAUFI2,2025-05-27T14:00:00Z,22.4518,1
Consis,BAUFI2,2025-05-27T14:30:00Z,22.6766,1
Consis,BAUFI2,2025-05-27T15:00:00Z,19.7895,1
Consis,BAUFI2,2025-05-27T15:30:00Z,21.723,1
Consis,BAUFI2,2025-05-27T16:00:00Z,14.276,1
Consis,BAUFI2,2025-05-27T16:30:00Z,5.661,1
Consis,BAUFI2,2025-05-27T17:00:00Z,1.643,1
Consis,BAUFI2,2025-05-27T17:30:00Z,0.021,1
Consis,BAUFI2,2025-05-27T18:00:00Z,0,1
Consis,BAUFI2,2025-05-27T18:30:00Z,0,1
Consis,BAUFI2,2025-05-27T19:00:00Z,0,1
Consis,BAUFI2,2025-05-27T19:30:00Z,0,1
Consis,BAUFI2,2025-05-27T20:00:00Z,0,1
Consis,BAUFI2,2025-05-27T20:30:00Z,0,1
Consis,BAUFI2,2025-05-27T21:00:00Z,0,1
Consis,BAUFI2,2025-05-27T21:30:00Z,0,1
Consis,BAUFI2,2025-05-27T22:00:00Z,0,1
Consis,BAUFI2,2025-05-27T22:30:00Z,0,1
Consis,BAUFI2,2025-05-27T23:00:00Z,0,1
Consis,BAUFI2,2025-05-27T23:30:00Z,0,1
Consis,BAUFI2,2025-05-28T00:00:00Z,0,1
Consis,BAUFI2,2025-05-28T00:30:00Z,0,1
Consis,BAUFI2,2025-05-28T01:00:00Z,0,1
Consis,BAUFI2,2025-05-28T01:30:00Z,0,1
Consis,BAUFI2,2025-05-28T02:00:00Z,0,1
Consis,BAUFI2,2025-05-28T02:30:00Z,0,1
Consis,BAUFI2,2025-05-28T03:00:00Z,0,1
Consis,BAUFI2,2025-05-28T03:30:00Z,0,1
Consis,BAUFI2,2025-05-28T04:00:00Z,0,1
Consis,BAUFI2,2025-05-28T04:30:00Z,0,1
Consis,BAUFI2,2025-05-28T05:00:00Z,0,1
Consis,BAUFI2,2025-05-28T05:30:00Z,0,1
Consis,BAUFI2,2025-05-28T06:00:00Z,0.223,1
Consis,BAUFI2,2025-05-28T06:30:00Z,3.9555,1
Consis,BAUFI2,2025-05-28T07:00:00Z,9.252,1
Consis,BAUFI2,2025-05-28T07:30:00Z,18.4795,1
Consis,BAUFI2,2025-05-28T08:00:00Z,20.5604,1
Consis,BAUFI2,2025-05-28T08:30:00Z,21.6467,1
Consis,BAUFI2,2025-05-28T09:00:00Z,23.3934,1
Consis,BAUFI2,2025-05-28T09:30:00Z,23.5922,1
Consis,BAUFI2,2025-05-28T10:00:00Z,24.5652,1
Consis,BAUFI2,2025-05-28T10:30:00Z,24.9938,1
Consis,BAUFI2,2025-05-28T11:00:00Z,24.3609,1
Consis,BAUFI2,2025-05-28T11:30:00Z,23.3122,1
Consis,BAUFI2,2025-05-28T12:00:00Z,24.5642,1
Consis,BAUFI2,2025-05-28T12:30:00Z,24.096,1
Consis,BAUFI2,2025-05-28T13:00:00Z,23.993,1
Consis,BAUFI2,2025-05-28T13:30:00Z,24.033,1
Consis,BAUFI2,2025-05-28T14:00:00Z,23.798,1
Consis,BAUFI2,2025-05-28T14:30:00Z,23.355,1
Consis,BAUFI2,2025-05-28T15:00:00Z,22.471,1
Consis,BAUFI2,2025-05-28T15:30:00Z,20.846,1
Consis,BAUFI2,2025-05-28T16:00:00Z,14.146,1
Consis,BAUFI2,2025-05-28T16:30:00Z,6.144,1
Consis,BAUFI2,2025-05-28T17:00:00Z,1.575,1
Consis,BAUFI2,2025-05-28T17:30:00Z,0.03,1
Consis,BAUFI2,2025-05-28T18:00:00Z,0,1
Consis,BAUFI2,2025-05-28T18:30:00Z,0,1
Consis,BAUFI2,2025-05-28T19:00:00Z,0,1
Consis,BAUFI2,2025-05-28T19:30:00Z,0,1
Consis,BAUFI2,2025-05-28T20:00:00Z,0,1
Consis,BAUFI2,2025-05-28T20:30:00Z,0,1
Consis,BAUFI2,2025-05-28T21:00:00Z,0,1
Consis,BAUFI2,2025-05-28T21:30:00Z,0,1
Consis,BAUFI2,2025-05-28T22:00:00Z,0,1
Consis,BAUFI2,2025-05-28T22:30:00Z,0,1
Consis,BAUFI2,2025-05-28T23:00:00Z,0,1
Consis,BAUFI2,2025-05-28T23:30:00Z,0,1
Consis,BAUFI2,2025-05-29T00:00:00Z,0,1
Consis,BAUFI2,2025-05-29T00:30:00Z,0,1
Consis,BAUFI2,2025-05-29T01:00:00Z,0,1
Consis,BAUFI2,2025-05-29T01:30:00Z,0,1
Consis,BAUFI2,2025-05-29T02:00:00Z,0,1
Consis,BAUFI2,2025-05-29T02:30:00Z,0,1
Consis,BAUFI2,2025-05-29T03:00:00Z,0,1
Consis,BAUFI2,2025-05-29T03:30:00Z,0,1
Consis,BAUFI2,2025-05-29T04:00:00Z,0,1
Consis,BAUFI2,2025-05-29T04:30:00Z,0,1
Consis,BAUFI2,2025-05-29T05:00:00Z,0,1
Consis,BAUFI2,2025-05-29T05:30:00Z,0,1
Consis,BAUFI2,2025-05-29T06:00:00Z,0.228,1
Consis,BAUFI2,2025-05-29T06:30:00Z,3.736,1
Consis,BAUFI2,2025-05-29T07:00:00Z,11.528,1
Consis,BAUFI2,2025-05-29T07:30:00Z,18.909,1
Consis,BAUFI2,2025-05-29T08:00:00Z,22.38,1
Consis,BAUFI2,2025-05-29T08:30:00Z,23.371,1
Consis,BAUFI2,2025-05-29T09:00:00Z,23.79,1
Consis,BAUFI2,2025-05-29T09:30:00Z,24.037,1
Consis,BAUFI2,2025-05-29T10:00:00Z,23.898,1
Consis,BAUFI2,2025-05-29T10:30:00Z,23.672,1
Consis,BAUFI2,2025-05-29T11:00:00Z,23.402,1
Consis,BAUFI2,2025-05-29T11:30:00Z,23.379,1
Consis,BAUFI2,2025-05-29T12:00:00Z,23.819,1
Consis,BAUFI2,2025-05-29T12:30:00Z,23.997,1
Consis,BAUFI2,2025-05-29T13:00:00Z,23.883,1
Consis,BAUFI2,2025-05-29T13:30:00Z,23.766,1
Consis,BAUFI2,2025-05-29T14:00:00Z,23.569,1
Consis,BAUFI2,2025-05-29T14:30:00Z,23.07,1
Consis,BAUFI2,2025-05-29T15:00:00Z,20.228,1
Consis,BAUFI2,2025-05-29T15:30:00Z,21.166,1
Consis,BAUFI2,2025-05-29T16:00:00Z,13.865,1
Consis,BAUFI2,2025-05-29T16:30:00Z,7.18,1
Consis,BAUFI2,2025-05-29T17:00:00Z,1.466,1
Consis,BAUFI2,2025-05-29T17:30:00Z,0.029,1
Consis,BAUFI2,2025-05-29T18:00:00Z,0,1
Consis,BAUFI2,2025-05-29T18:30:00Z,0,1
Consis,BAUFI2,2025-05-29T19:00:00Z,0,1
Consis,BAUFI2,2025-05-29T19:30:00Z,0,1
Consis,BAUFI2,2025-05-29T20:00:00Z,0,1
Consis,BAUFI2,2025-05-29T20:30:00Z,0,1
Consis,BAUFI2,2025-05-29T21:00:00Z,0,1
Consis,BAUFI2,2025-05-29T21:30:00Z,0,1
Consis,BAUFI2,2025-05-29T22:00:00Z,0,1
Consis,BAUFI2,2025-05-29T22:30:00Z,0,1
Consis,BAUFI2,2025-05-29T23:00:00Z,0,1
Consis,BAUFI2,2025-05-29T23:30:00Z,0,1
Consis,BAUFI2,2025-05-30T00:00:00Z,0,1
Consis,BAUFI2,2025-05-30T00:30:00Z,0,1
Consis,BAUFI2,2025-05-30T01:00:00Z,0,1
Consis,BAUFI2,2025-05-30T01:30:00Z,0,1
Consis,BAUFI2,2025-05-30T02:00:00Z,0,1
Consis,BAUFI2,2025-05-30T02:30:00Z,0,1
Consis,BAUFI2,2025-05-30T03:00:00Z,0,1
Consis,BAUFI2,2025-05-30T03:30:00Z,0,1
Consis,BAUFI2,2025-05-30T04:00:00Z,0,1
Consis,BAUFI2,2025-05-30T04:30:00Z,0,1
Consis,BAUFI2,2025-05-30T05:00:00Z,0,1
Consis,BAUFI2,2025-05-30T05:30:00Z,0,1
Consis,BAUFI2,2025-05-30T06:00:00Z,0.222,1
Consis,BAUFI2,2025-05-30T06:30:00Z,3.517,1
Consis,BAUFI2,2025-05-30T07:00:00Z,11.113,1
Consis,BAUFI2,2025-05-30T07:30:00Z,18.437,1
Consis,BAUFI2,2025-05-30T08:00:00Z,21.818,1
Consis,BAUFI2,2025-05-30T08:30:00Z,22.897,1
Consis,BAUFI2,2025-05-30T09:00:00Z,23.353,1
Consis,BAUFI2,2025-05-30T09:30:00Z,22.353,1
Consis,BAUFI2,2025-05-30T10:00:00Z,23.902,1
Consis,BAUFI2,2025-05-30T10:30:00Z,23.4911,1
Consis,BAUFI2,2025-05-30T11:00:00Z,23.2453,1
Consis,BAUFI2,2025-05-30T11:30:00Z,22.6777,1
Consis,BAUFI2,2025-05-30T12:00:00Z,22.2754,1
Consis,BAUFI2,2025-05-30T12:30:00Z,22.5115,1
Consis,BAUFI2,2025-05-30T13:00:00Z,22.0049,1
Consis,BAUFI2,2025-05-30T13:30:00Z,22.0863,1
Consis,BAUFI2,2025-05-30T14:00:00Z,21.9143,1
Consis,BAUFI2,2025-05-30T14:30:00Z,22.0788,1
Consis,BAUFI2,2025-05-30T15:00:00Z,13.366,1
Consis,BAUFI2,2025-05-30T15:30:00Z,5.961,1
Consis,BAUFI2,2025-05-30T16:00:00Z,8.26,1
Consis,BAUFI2,2025-05-30T16:30:00Z,5.436,1
Consis,BAUFI2,2025-05-30T17:00:00Z,1.16,1
Consis,BAUFI2,2025-05-30T17:30:00Z,0.039,1
Consis,BAUFI2,2025-05-30T18:00:00Z,0,1
Consis,BAUFI2,2025-05-30T18:30:00Z,0,1
Consis,BAUFI2,2025-05-30T19:00:00Z,0,1
Consis,BAUFI2,2025-05-30T19:30:00Z,0,1
Consis,BAUFI2,2025-05-30T20:00:00Z,0,1
Consis,BAUFI2,2025-05-30T20:30:00Z,0,1
Consis,BAUFI2,2025-05-30T21:00:00Z,0,1
Consis,BAUFI2,2025-05-30T21:30:00Z,0,1
Consis,BAUFI2,2025-05-30T22:00:00Z,0,1
Consis,BAUFI2,2025-05-30T22:30:00Z,0,1
Consis,BAUFI2,2025-05-30T23:00:00Z,0,1
Consis,BAUFI2,2025-05-30T23:30:00Z,0,1
Consis,BAUFI2,2025-05-31T00:00:00Z,0,1
Consis,BAUFI2,2025-05-31T00:30:00Z,0,1
Consis,BAUFI2,2025-05-31T01:00:00Z,0,1
Consis,BAUFI2,2025-05-31T01:30:00Z,0,1
Consis,BAUFI2,2025-05-31T02:00:00Z,0,1
Consis,BAUFI2,2025-05-31T02:30:00Z,0,1
Consis,BAUFI2,2025-05-31T03:00:00Z,0,1
Consis,BAUFI2,2025-05-31T03:30:00Z,0,1
Consis,BAUFI2,2025-05-31T04:00:00Z,0,1
Consis,BAUFI2,2025-05-31T04:30:00Z,0,1
Consis,BAUFI2,2025-05-31T05:00:00Z,0,1
Consis,BAUFI2,2025-05-31T05:30:00Z,0,1
Consis,BAUFI2,2025-05-31T06:00:00Z,0.133,1
Consis,BAUFI2,2025-05-31T06:30:00Z,3.579,1
Consis,BAUFI2,2025-05-31T07:00:00Z,8.8879,1
Consis,BAUFI2,2025-05-31T07:30:00Z,15.0787,1
Consis,BAUFI2,2025-05-31T08:00:00Z,17.7206,1
Consis,BAUFI2,2025-05-31T08:30:00Z,18.9385,1
Consis,BAUFI2,2025-05-31T09:00:00Z,20.0443,1
Consis,BAUFI2,2025-05-31T09:30:00Z,22.0215,1
Consis,BAUFI2,2025-05-31T10:00:00Z,21.3996,1
Consis,BAUFI2,2025-05-31T10:30:00Z,21.4893,1
Consis,BAUFI2,2025-05-31T11:00:00Z,21.5526,1
Consis,BAUFI2,2025-05-31T11:30:00Z,21.5387,1
Consis,BAUFI2,2025-05-31T12:00:00Z,19.9561,1
Consis,BAUFI2,2025-05-31T12:30:00Z,20.3093,1
Consis,BAUFI2,2025-05-31T13:00:00Z,19.3879,1
Consis,BAUFI2,2025-05-31T13:30:00Z,20.1852,1
Consis,BAUFI2,2025-05-31T14:00:00Z,19.0286,1
Consis,BAUFI2,2025-05-31T14:30:00Z,18.2278,1
Consis,BAUFI2,2025-05-31T15:00:00Z,18.2646,1
Consis,BAUFI2,2025-05-31T15:30:00Z,14.873,1
Consis,BAUFI2,2025-05-31T16:00:00Z,12.657,1
Consis,BAUFI2,2025-05-31T16:30:00Z,9.559,1
Consis,BAUFI2,2025-05-31T17:00:00Z,1.629,1
Consis,BAUFI2,2025-05-31T17:30:00Z,0.012,1
Consis,BAUFI2,2025-05-31T18:00:00Z,0,1
Consis,BAUFI2,2025-05-31T18:30:00Z,0,1
Consis,BAUFI2,2025-05-31T19:00:00Z,0,1
Consis,BAUFI2,2025-05-31T19:30:00Z,0,1
Consis,BAUFI2,2025-05-31T20:00:00Z,0,1
Consis,BAUFI2,2025-05-31T20:30:00Z,0,1
Consis,BAUFI2,2025-05-31T21:00:00Z,0,1
Consis,BAUFI2,2025-05-31T21:30:00Z,0,1
Consis,BAUFI2,2025-05-31T22:00:00Z,0,1
Consis,BAUFI2,2025-05-31T22:30:00Z,0,1
Consis,BAUFI2,2025-05-31T23:00:00Z,0,1
Consis,BAUFI2,2025-05-31T23:30:00Z,0,1
Consis,BAUFI2,2025-06-01T00:00:00Z,0,1
Consis,BAUFI2,2025-06-01T00:30:00Z,0,1
Consis,BAUFI2,2025-06-01T01:00:00Z,0,1
Consis,BAUFI2,2025-06-01T01:30:00Z,0,1
Consis,BAUFI2,2025-06-01T02:00:00Z,0,1
Consis,BAUFI2,2025-06-01T02:30:00Z,0,1
Consis,BAUFI2,2025-06-01T03:00:00Z,0,1
Consis,BAUFI2,2025-06-01T03:30:00Z,0,1
Consis,BAUFI2,2025-06-01T04:00:00Z,0,1
Consis,BAUFI2,2025-06-01T04:30:00Z,0,1
Consis,BAUFI2,2025-06-01T05:00:00Z,0,1
Consis,BAUFI2,2025-06-01T05:30:00Z,0,1
Consis,BAUFI2,2025-06-01T06:00:00Z,0.381,1
Consis,BAUFI2,2025-06-01T06:30:00Z,3.5344,1
Consis,BAUFI2,2025-06-01T07:00:00Z,8.7798,1
Consis,BAUFI2,2025-06-01T07:30:00Z,14.6188,1
Consis,BAUFI2,2025-06-01T08:00:00Z,17.9213,1
Consis,BAUFI2,2025-06-01T08:30:00Z,19.6184,1
Consis,BAUFI2,2025-06-01T09:00:00Z,21.3448,1
Consis,BAUFI2,2025-06-01T09:30:00Z,22.6859,1
Consis,BAUFI2,2025-06-01T10:00:00Z,22.9594,1
Consis,BAUFI2,2025-06-01T10:30:00Z,23.1481,1
Consis,BAUFI2,2025-06-01T11:00:00Z,22.7663,1
Consis,BAUFI2,2025-06-01T11:30:00Z,22.0892,1
Consis,BAUFI2,2025-06-01T12:00:00Z,21.2874,1
Consis,BAUFI2,2025-06-01T12:30:00Z,21.4581,1
Consis,BAUFI2,2025-06-01T13:00:00Z,21.0507,1
Consis,BAUFI2,2025-06-01T13:30:00Z,21.4512,1
Consis,BAUFI2,2025-06-01T14:00:00Z,21.3404,1
Consis,BAUFI2,2025-06-01T14:30:00Z,21.5403,1
Consis,BAUFI2,2025-06-01T15:00:00Z,19.875,1
Consis,BAUFI2,2025-06-01T15:30:00Z,18.2455,1
Consis,BAUFI2,2025-06-01T16:00:00Z,14.2642,1
Consis,BAUFI2,2025-06-01T16:30:00Z,7.987,1
Consis,BAUFI2,2025-06-01T17:00:00Z,1.247,1
Consis,BAUFI2,2025-06-01T17:30:00Z,0.023,1
Consis,BAUFI2,2025-06-01T18:00:00Z,0,1
Consis,BAUFI2,2025-06-01T18:30:00Z,0,1
Consis,BAUFI2,2025-06-01T19:00:00Z,0,1
Consis,BAUFI2,2025-06-01T19:30:00Z,0,1
Consis,BAUFI2,2025-06-01T20:00:00Z,0,1
Consis,BAUFI2,2025-06-01T20:30:00Z,0,1
Consis,BAUFI2,2025-06-01T21:00:00Z,0,1
Consis,BAUFI2,2025-06-01T21:30:00Z,0,1
Consis,BAUFI2,2025-06-01T22:00:00Z,0,1
Consis,BAUFI2,2025-06-01T22:30:00Z,0,1
Consis,BAUFI2,2025-06-01T23:00:00Z,0,1
Consis,BAUFI2,2025-06-01T23:30:00Z,0,1
Consis,BAUFI2,2025-06-02T00:00:00Z,0,1
Consis,BAUFI2,2025-06-02T00:30:00Z,0,1
Consis,BAUFI2,2025-06-02T01:00:00Z,0,1
Consis,BAUFI2,2025-06-02T01:30:00Z,0,1
Consis,BAUFI2,2025-06-02T02:00:00Z,0,1
Consis,BAUFI2,2025-06-02T02:30:00Z,0,1
Consis,BAUFI2,2025-06-02T03:00:00Z,0,1
Consis,BAUFI2,2025-06-02T03:30:00Z,0,1
Consis,BAUFI2,2025-06-02T04:00:00Z,0,1
Consis,BAUFI2,2025-06-02T04:30:00Z,0,1
Consis,BAUFI2,2025-06-02T05:00:00Z,0,1
Consis,BAUFI2,2025-06-02T05:30:00Z,0,1
Consis,BAUFI2,2025-06-02T06:00:00Z,0.313,1
Consis,BAUFI2,2025-06-02T06:30:00Z,1.561,1
Consis,BAUFI2,2025-06-02T07:00:00Z,8.5628,1
Consis,BAUFI2,2025-06-02T07:30:00Z,12.9827,1
Consis,BAUFI2,2025-06-02T08:00:00Z,14.4736,1
Consis,BAUFI2,2025-06-02T08:30:00Z,11.1992,1
Consis,BAUFI2,2025-06-02T09:00:00Z,13.2154,1
Consis,BAUFI2,2025-06-02T09:30:00Z,16.7257,1
Consis,BAUFI2,2025-06-02T10:00:00Z,18.9588,1
Consis,BAUFI2,2025-06-02T10:30:00Z,20.2913,1
Consis,BAUFI2,2025-06-02T11:00:00Z,20.6411,1
Consis,BAUFI2,2025-06-02T11:30:00Z,20.1417,1
Consis,BAUFI2,2025-06-02T12:00:00Z,21.3853,1
Consis,BAUFI2,2025-06-02T12:30:00Z,21.1407,1
Consis,BAUFI2,2025-06-02T13:00:00Z,20.8222,1
Consis,BAUFI2,2025-06-02T13:30:00Z,21.1811,1
Consis,BAUFI2,2025-06-02T14:00:00Z,20.56,1
Consis,BAUFI2,2025-06-02T14:30:00Z,21.2376,1
Consis,BAUFI2,2025-06-02T15:00:00Z,19.2986,1
Consis,BAUFI2,2025-06-02T15:30:00Z,17.1411,1
Consis,BAUFI2,2025-06-02T16:00:00Z,13.638,1
Consis,BAUFI2,2025-06-02T16:30:00Z,4.129,1
Consis,BAUFI2,2025-06-02T17:00:00Z,1.773,1
Consis,BAUFI2,2025-06-02T17:30:00Z,0.039,1
Consis,BAUFI2,2025-06-02T18:00:00Z,0,1
Consis,BAUFI2,2025-06-02T18:30:00Z,0,1
Consis,BAUFI2,2025-06-02T19:00:00Z,0,1
Consis,BAUFI2,2025-06-02T19:30:00Z,0,1
Consis,BAUFI2,2025-06-02T20:00:00Z,0,1
Consis,BAUFI2,2025-06-02T20:30:00Z,0,1
Consis,BAUFI2,2025-06-02T21:00:00Z,0,1
Consis,BAUFI2,2025-06-02T21:30:00Z,0,1
Consis,BAUFI2,2025-06-02T22:00:00Z,0,1
Consis,BAUFI2,2025-06-02T22:30:00Z,0,1
Consis,BAUFI2,2025-06-02T23:00:00Z,0,1
Consis,BAUFI2,2025-06-02T23:30:00Z,0,1
Consis,BAUFI2,2025-06-03T00:00:00Z,0,1
Consis,BAUFI2,2025-06-03T00:30:00Z,0,1
Consis,BAUFI2,2025-06-03T01:00:00Z,0,1
Consis,BAUFI2,2025-06-03T01:30:00Z,0,1
Consis,BAUFI2,2025-06-03T02:00:00Z,0,1
Consis,BAUFI2,2025-06-03T02:30:00Z,0,1
Consis,BAUFI2,2025-06-03T03:00:00Z,0,1
Consis,BAUFI2,2025-06-03T03:30:00Z,0,1
Consis,BAUFI2,2025-06-03T04:00:00Z,0,1
Consis,BAUFI2,2025-06-03T04:30:00Z,0,1
Consis,BAUFI2,2025-06-03T05:00:00Z,0,1
Consis,BAUFI2,2025-06-03T05:30:00Z,0,1
Consis,BAUFI2,2025-06-03T06:00:00Z,0.02,1
Consis,BAUFI2,2025-06-03T06:30:00Z,1.957,1
Consis,BAUFI2,2025-06-03T07:00:00Z,0,1
Consis,BAUFI2,2025-06-03T07:30:00Z,0,1
Consis,BAUFI2,2025-06-03T08:00:00Z,0,1
Consis,BAUFI2,2025-06-03T08:30:00Z,0,1
Consis,BAUFI2,2025-06-03T09:00:00Z,0,1
Consis,BAUFI2,2025-06-03T09:30:00Z,0,1
Consis,BAUFI2,2025-06-03T10:00:00Z,0,1
Consis,BAUFI2,2025-06-03T10:30:00Z,0,1
Consis,BAUFI2,2025-06-03T11:00:00Z,0,1
Consis,BAUFI2,2025-06-03T11:30:00Z,0,1
Consis,BAUFI2,2025-06-03T12:00:00Z,0,1
Consis,BAUFI2,2025-06-03T12:30:00Z,1.575,1
Consis,BAUFI2,2025-06-03T13:00:00Z,4.883,1
Consis,BAUFI2,2025-06-03T13:30:00Z,7.682,1
Consis,BAUFI2,2025-06-03T14:00:00Z,9.48,1
Consis,BAUFI2,2025-06-03T14:30:00Z,13.23,1
Consis,BAUFI2,2025-06-03T15:00:00Z,0,1
Consis,BAUFI2,2025-06-03T15:30:00Z,3.766,1
Consis,BAUFI2,2025-06-03T16:00:00Z,9.506,1
Consis,BAUFI2,2025-06-03T16:30:00Z,6.305,1
Consis,BAUFI2,2025-06-03T17:00:00Z,1.134,1
Consis,BAUFI2,2025-06-03T17:30:00Z,0,1
Consis,BAUFI2,2025-06-03T18:00:00Z,0,2
Consis,BAUFI2,2025-06-03T18:30:00Z,0,1
Consis,BAUFI2,2025-06-03T19:00:00Z,0,2
Consis,BAUFI2,2025-06-03T19:30:00Z,0,2
Consis,BAUFI2,2025-06-03T20:00:00Z,0,2
Consis,BAUFI2,2025-06-03T20:30:00Z,0,2
Consis,BAUFI2,2025-06-03T21:00:00Z,0,2
Consis,BAUFI2,2025-06-03T21:30:00Z,0,2
Consis,BAUFI2,2025-06-03T22:00:00Z,0,1
Consis,BAUFI2,2025-06-03T22:30:00Z,0,1
Consis,BAUFI2,2025-06-03T23:00:00Z,0,1
Consis,BAUFI2,2025-06-03T23:30:00Z,0,1
Consis,BAUFI2,2025-06-04T00:00:00Z,0,1
Consis,BAUFI2,2025-06-04T00:30:00Z,0,1
Consis,BAUFI2,2025-06-04T01:00:00Z,0,1
Consis,BAUFI2,2025-06-04T01:30:00Z,0,1
Consis,BAUFI2,2025-06-04T02:00:00Z,0,1
Consis,BAUFI2,2025-06-04T02:30:00Z,0,1
Consis,BAUFI2,2025-06-04T03:00:00Z,0,1
Consis,BAUFI2,2025-06-04T03:30:00Z,0,1
Consis,BAUFI2,2025-06-04T04:00:00Z,0,1
Consis,BAUFI2,2025-06-04T04:30:00Z,0,1
Consis,BAUFI2,2025-06-04T05:00:00Z,0,1
Consis,BAUFI2,2025-06-04T05:30:00Z,0,1
Consis,BAUFI2,2025-06-04T06:00:00Z,0.045,1
Consis,BAUFI2,2025-06-04T06:30:00Z,3.122,1
Consis,BAUFI2,2025-06-04T07:00:00Z,7.504,1
Consis,BAUFI2,2025-06-04T07:30:00Z,3.303,1
Consis,BAUFI2,2025-06-04T08:00:00Z,0.272,1
Consis,BAUFI2,2025-06-04T08:30:00Z,0,1
Consis,BAUFI2,2025-06-04T09:00:00Z,0,1
Consis,BAUFI2,2025-06-04T09:30:00Z,0,1
Consis,BAUFI2,2025-06-04T10:00:00Z,0,1
Consis,BAUFI2,2025-06-04T10:30:00Z,0,1
Consis,BAUFI2,2025-06-04T11:00:00Z,0,1
Consis,BAUFI2,2025-06-04T11:30:00Z,0,1
Consis,BAUFI2,2025-06-04T12:00:00Z,1.077,1
Consis,BAUFI2,2025-06-04T12:30:00Z,3.373,1
Consis,BAUFI2,2025-06-04T13:00:00Z,7.739,1
Consis,BAUFI2,2025-06-04T13:30:00Z,14.057,1
Consis,BAUFI2,2025-06-04T14:00:00Z,19.322,1
Consis,BAUFI2,2025-06-04T14:30:00Z,22.065,1
Consis,BAUFI2,2025-06-04T15:00:00Z,14.755,1
Consis,BAUFI2,2025-06-04T15:30:00Z,9.379,1
Consis,BAUFI2,2025-06-04T16:00:00Z,13.894,1
Consis,BAUFI2,2025-06-04T16:30:00Z,6.795,1
Consis,BAUFI2,2025-06-04T17:00:00Z,1.837,1
Consis,BAUFI2,2025-06-04T17:30:00Z,0,1
Consis,BAUFI2,2025-06-04T18:00:00Z,0,1
Consis,BAUFI2,2025-06-04T18:30:00Z,0,1
Consis,BAUFI2,2025-06-04T19:00:00Z,0,1
Consis,BAUFI2,2025-06-04T19:30:00Z,0,1
Consis,BAUFI2,2025-06-04T20:00:00Z,0,1
Consis,BAUFI2,2025-06-04T20:30:00Z,0,1
Consis,BAUFI2,2025-06-04T21:00:00Z,0,1
Consis,BAUFI2,2025-06-04T21:30:00Z,0,1
Consis,BAUFI2,2025-06-04T22:00:00Z,0,1
Consis,BAUFI2,2025-06-04T22:30:00Z,0,1
Consis,BAUFI2,2025-06-04T23:00:00Z,0,1
Consis,BAUFI2,2025-06-04T23:30:00Z,0,1
Consis,BAUFI2,2025-06-05T00:00:00Z,0,1
Consis,BAUFI2,2025-06-05T00:30:00Z,0,1
Consis,BAUFI2,2025-06-05T01:00:00Z,0,1
Consis,BAUFI2,2025-06-05T01:30:00Z,0,1
Consis,BAUFI2,2025-06-05T02:00:00Z,0,1
Consis,BAUFI2,2025-06-05T02:30:00Z,0,1
Consis,BAUFI2,2025-06-05T03:00:00Z,0,1
Consis,BAUFI2,2025-06-05T03:30:00Z,0,1
Consis,BAUFI2,2025-06-05T04:00:00Z,0,1
Consis,BAUFI2,2025-06-05T04:30:00Z,0,1
Consis,BAUFI2,2025-06-05T05:00:00Z,0,1
Consis,BAUFI2,2025-06-05T05:30:00Z,0,1
Consis,BAUFI2,2025-06-05T06:00:00Z,0.106,1
Consis,BAUFI2,2025-06-05T06:30:00Z,2.808,1
Consis,BAUFI2,2025-06-05T07:00:00Z,10.306,1
Consis,BAUFI2,2025-06-05T07:30:00Z,15.497,1
Consis,BAUFI2,2025-06-05T08:00:00Z,15.717,1
Consis,BAUFI2,2025-06-05T08:30:00Z,12.352,1
Consis,BAUFI2,2025-06-05T09:00:00Z,12.098,1
Consis,BAUFI2,2025-06-05T09:30:00Z,11.834,1
Consis,BAUFI2,2025-06-05T10:00:00Z,12.153,1
Consis,BAUFI2,2025-06-05T10:30:00Z,13.3,1
Consis,BAUFI2,2025-06-05T11:00:00Z,14.28,1
Consis,BAUFI2,2025-06-05T11:30:00Z,16.866,1
Consis,BAUFI2,2025-06-05T12:00:00Z,17.348,1
Consis,BAUFI2,2025-06-05T12:30:00Z,17.974,1
Consis,BAUFI2,2025-06-05T13:00:00Z,19.916,1
Consis,BAUFI2,2025-06-05T13:30:00Z,21.355,1
Consis,BAUFI2,2025-06-05T14:00:00Z,19.185,1
Consis,BAUFI2,2025-06-05T14:30:00Z,16.743,1
Consis,BAUFI2,2025-06-05T15:00:00Z,15.841,1
Consis,BAUFI2,2025-06-05T15:30:00Z,11.768,1
Consis,BAUFI2,2025-06-05T16:00:00Z,8.569,1
Consis,BAUFI2,2025-06-05T16:30:00Z,4.345,1
Consis,BAUFI2,2025-06-05T17:00:00Z,0.943,1
Consis,BAUFI2,2025-06-05T17:30:00Z,0,1
Consis,BAUFI2,2025-06-05T18:00:00Z,0,1
Consis,BAUFI2,2025-06-05T18:30:00Z,0,1
Consis,BAUFI2,2025-06-05T19:00:00Z,0,1
Consis,BAUFI2,2025-06-05T19:30:00Z,0,1
Consis,BAUFI2,2025-06-05T20:00:00Z,0,1
Consis,BAUFI2,2025-06-05T20:30:00Z,0,1
Consis,BAUFI2,2025-06-05T21:00:00Z,0,1
Consis,BAUFI2,2025-06-05T21:30:00Z,0,1
Consis,BAUFI2,2025-06-05T22:00:00Z,0,1
Consis,BAUFI2,2025-06-05T22:30:00Z,0,1
Consis,BAUFI2,2025-06-05T23:00:00Z,0,1
Consis,BAUFI2,2025-06-05T23:30:00Z,0,1
Consis,BAUFI2,2025-06-06T00:00:00Z,0,1
Consis,BAUFI2,2025-06-06T00:30:00Z,0,1
Consis,BAUFI2,2025-06-06T01:00:00Z,0,1
Consis,BAUFI2,2025-06-06T01:30:00Z,0,1
Consis,BAUFI2,2025-06-06T02:00:00Z,0,1
Consis,BAUFI2,2025-06-06T02:30:00Z,0,1
Consis,BAUFI2,2025-06-06T03:00:00Z,0,1
Consis,BAUFI2,2025-06-06T03:30:00Z,0,1
Consis,BAUFI2,2025-06-06T04:00:00Z,0,1
Consis,BAUFI2,2025-06-06T04:30:00Z,0,1
Consis,BAUFI2,2025-06-06T05:00:00Z,0,1
Consis,BAUFI2,2025-06-06T05:30:00Z,0,1
Consis,BAUFI2,2025-06-06T06:00:00Z,0.132,1
Consis,BAUFI2,2025-06-06T06:30:00Z,0.375,1
Consis,BAUFI2,2025-06-06T07:00:00Z,0,1
Consis,BAUFI2,2025-06-06T07:30:00Z,0,1
Consis,BAUFI2,2025-06-06T08:00:00Z,0,1
Consis,BAUFI2,2025-06-06T08:30:00Z,0,1
Consis,BAUFI2,2025-06-06T09:00:00Z,0,1
Consis,BAUFI2,2025-06-06T09:30:00Z,3.197,1
Consis,BAUFI2,2025-06-06T10:00:00Z,23.882,1
Consis,BAUFI2,2025-06-06T10:30:00Z,23.683,1
Consis,BAUFI2,2025-06-06T11:00:00Z,23.93,1
Consis,BAUFI2,2025-06-06T11:30:00Z,23.838,1
Consis,BAUFI2,2025-06-06T12:00:00Z,24.022,1
Consis,BAUFI2,2025-06-06T12:30:00Z,23.821,1
Consis,BAUFI2,2025-06-06T13:00:00Z,23.884,1
Consis,BAUFI2,2025-06-06T13:30:00Z,24.128,1
Consis,BAUFI2,2025-06-06T14:00:00Z,23.094,1
Consis,BAUFI2,2025-06-06T14:30:00Z,22.494,1
Consis,BAUFI2,2025-06-06T15:00:00Z,21.447,1
Consis,BAUFI2,2025-06-06T15:30:00Z,21.061,1
Consis,BAUFI2,2025-06-06T16:00:00Z,12.043,1
Consis,BAUFI2,2025-06-06T16:30:00Z,4.682,1
Consis,BAUFI2,2025-06-06T17:00:00Z,0.963,1
Consis,BAUFI2,2025-06-06T17:30:00Z,0.033,2
Consis,BAUFI2,2025-06-06T18:00:00Z,0,1
Consis,BAUFI2,2025-06-06T18:30:00Z,0,1
Consis,BAUFI2,2025-06-06T19:00:00Z,0,1
Consis,BAUFI2,2025-06-06T19:30:00Z,0,1
Consis,BAUFI2,2025-06-06T20:00:00Z,0,1
Consis,BAUFI2,2025-06-06T20:30:00Z,0,1
Consis,BAUFI2,2025-06-06T21:00:00Z,0,1
Consis,BAUFI2,2025-06-06T21:30:00Z,0,1
Consis,BAUFI2,2025-06-06T22:00:00Z,0,1
Consis,BAUFI2,2025-06-06T22:30:00Z,0,1
Consis,BAUFI2,2025-06-06T23:00:00Z,0,1
Consis,BAUFI2,2025-06-06T23:30:00Z,0,1
Consis,BAUFI2,2025-06-07T00:00:00Z,0,1
Consis,BAUFI2,2025-06-07T00:30:00Z,0,1
Consis,BAUFI2,2025-06-07T01:00:00Z,0,1
Consis,BAUFI2,2025-06-07T01:30:00Z,0,1
Consis,BAUFI2,2025-06-07T02:00:00Z,0,1
Consis,BAUFI2,2025-06-07T02:30:00Z,0,1
Consis,BAUFI2,2025-06-07T03:00:00Z,0,1
Consis,BAUFI2,2025-06-07T03:30:00Z,0,1
Consis,BAUFI2,2025-06-07T04:00:00Z,0,1
Consis,BAUFI2,2025-06-07T04:30:00Z,0,1
Consis,BAUFI2,2025-06-07T05:00:00Z,0,1
Consis,BAUFI2,2025-06-07T05:30:00Z,0,1
Consis,BAUFI2,2025-06-07T06:00:00Z,0,1
Consis,BAUFI2,2025-06-07T06:30:00Z,2.367,1
Consis,BAUFI2,2025-06-07T07:00:00Z,9.893,1
Consis,BAUFI2,2025-06-07T07:30:00Z,4.752,1
Consis,BAUFI2,2025-06-07T08:00:00Z,0,1
Consis,BAUFI2,2025-06-07T08:30:00Z,0,1
Consis,BAUFI2,2025-06-07T09:00:00Z,0,1
Consis,BAUFI2,2025-06-07T09:30:00Z,0,1
Consis,BAUFI2,2025-06-07T10:00:00Z,0,1
Consis,BAUFI2,2025-06-07T10:30:00Z,0,1
Consis,BAUFI2,2025-06-07T11:00:00Z,0,1
Consis,BAUFI2,2025-06-07T11:30:00Z,0,1
Consis,BAUFI2,2025-06-07T12:00:00Z,0,1
Consis,BAUFI2,2025-06-07T12:30:00Z,6.622,1
Consis,BAUFI2,2025-06-07T13:00:00Z,22.289,1
Consis,BAUFI2,2025-06-07T13:30:00Z,22.269,1
Consis,BAUFI2,2025-06-07T14:00:00Z,22.005,1
Consis,BAUFI2,2025-06-07T14:30:00Z,21.769,1
Consis,BAUFI2,2025-06-07T15:00:00Z,21.186,1
Consis,BAUFI2,2025-06-07T15:30:00Z,19.932,1
Consis,BAUFI2,2025-06-07T16:00:00Z,13.944,1
Consis,BAUFI2,2025-06-07T16:30:00Z,6.962,1
Consis,BAUFI2,2025-06-07T17:00:00Z,1.784,1
Consis,BAUFI2,2025-06-07T17:30:00Z,0,1
Consis,BAUFI2,2025-06-07T18:00:00Z,0,1
Consis,BAUFI2,2025-06-07T18:30:00Z,0,1
Consis,BAUFI2,2025-06-07T19:00:00Z,0,1
Consis,BAUFI2,2025-06-07T19:30:00Z,0,1
Consis,BAUFI2,2025-06-07T20:00:00Z,0,1
Consis,BAUFI2,2025-06-07T20:30:00Z,0,1
Consis,BAUFI2,2025-06-07T21:00:00Z,0,1
Consis,BAUFI2,2025-06-07T21:30:00Z,0,1
Consis,BAUFI2,2025-06-07T22:00:00Z,0,1
Consis,BAUFI2,2025-06-07T22:30:00Z,0,1
Consis,BAUFI2,2025-06-07T23:00:00Z,0,1
Consis,BAUFI2,2025-06-07T23:30:00Z,0,1
Consis,BAUFI2,2025-06-08T00:00:00Z,0,1
Consis,BAUFI2,2025-06-08T00:30:00Z,0,1
Consis,BAUFI2,2025-06-08T01:00:00Z,0,1
Consis,BAUFI2,2025-06-08T01:30:00Z,0,1
Consis,BAUFI2,2025-06-08T02:00:00Z,0,1
Consis,BAUFI2,2025-06-08T02:30:00Z,0,1
Consis,BAUFI2,2025-06-08T03:00:00Z,0,1
Consis,BAUFI2,2025-06-08T03:30:00Z,0,1
Consis,BAUFI2,2025-06-08T04:00:00Z,0,1
Consis,BAUFI2,2025-06-08T04:30:00Z,0,1
Consis,BAUFI2,2025-06-08T05:00:00Z,0,1
Consis,BAUFI2,2025-06-08T05:30:00Z,0,1
Consis,BAUFI2,2025-06-08T06:00:00Z,0,1
Consis,BAUFI2,2025-06-08T06:30:00Z,0.345,1
Consis,BAUFI2,2025-06-08T07:00:00Z,0,1
Consis,BAUFI2,2025-06-08T07:30:00Z,0,1
Consis,BAUFI2,2025-06-08T08:00:00Z,0,1
Consis,BAUFI2,2025-06-08T08:30:00Z,0,1
Consis,BAUFI2,2025-06-08T09:00:00Z,0,1
Consis,BAUFI2,2025-06-08T09:30:00Z,0.671,1
Consis,BAUFI2,2025-06-08T10:00:00Z,5.025,1
Consis,BAUFI2,2025-06-08T10:30:00Z,7.492,1
Consis,BAUFI2,2025-06-08T11:00:00Z,11.087,1
Consis,BAUFI2,2025-06-08T11:30:00Z,12.698,1
Consis,BAUFI2,2025-06-08T12:00:00Z,13.132,1
Consis,BAUFI2,2025-06-08T12:30:00Z,13.267,1
Consis,BAUFI2,2025-06-08T13:00:00Z,13.278,1
Consis,BAUFI2,2025-06-08T13:30:00Z,13.267,1
Consis,BAUFI2,2025-06-08T14:00:00Z,13.279,1
Consis,BAUFI2,2025-06-08T14:30:00Z,15.839,1
Consis,BAUFI2,2025-06-08T15:00:00Z,21.295,1
Consis,BAUFI2,2025-06-08T15:30:00Z,21.157,1
Consis,BAUFI2,2025-06-08T16:00:00Z,16.087,1
Consis,BAUFI2,2025-06-08T16:30:00Z,5.67,1
Consis,BAUFI2,2025-06-08T17:00:00Z,1.77,1
Consis,BAUFI2,2025-06-08T17:30:00Z,0,1
Consis,BAUFI2,2025-06-08T18:00:00Z,0,1
Consis,BAUFI2,2025-06-08T18:30:00Z,0,1
Consis,BAUFI2,2025-06-08T19:00:00Z,0,1
Consis,BAUFI2,2025-06-08T19:30:00Z,0,1
Consis,BAUFI2,2025-06-08T20:00:00Z,0,1
Consis,BAUFI2,2025-06-08T20:30:00Z,0,1
Consis,BAUFI2,2025-06-08T21:00:00Z,0,1
Consis,BAUFI2,2025-06-08T21:30:00Z,0,1
Consis,BAUFI2,2025-06-08T22:00:00Z,0,1
Consis,BAUFI2,2025-06-08T22:30:00Z,0,1
Consis,BAUFI2,2025-06-08T23:00:00Z,0,1
Consis,BAUFI2,2025-06-08T23:30:00Z,0,1
Consis,BAUFI2,2025-06-09T00:00:00Z,0,1
Consis,BAUFI2,2025-06-09T00:30:00Z,0,1
Consis,BAUFI2,2025-06-09T01:00:00Z,0,1
Consis,BAUFI2,2025-06-09T01:30:00Z,0,1
Consis,BAUFI2,2025-06-09T02:00:00Z,0,1
Consis,BAUFI2,2025-06-09T02:30:00Z,0,1
Consis,BAUFI2,2025-06-09T03:00:00Z,0,1
Consis,BAUFI2,2025-06-09T03:30:00Z,0,1
Consis,BAUFI2,2025-06-09T04:00:00Z,0,1
Consis,BAUFI2,2025-06-09T04:30:00Z,0,1
Consis,BAUFI2,2025-06-09T05:00:00Z,0,1
Consis,BAUFI2,2025-06-09T05:30:00Z,0,1
Consis,BAUFI2,2025-06-09T06:00:00Z,0.071,1
Consis,BAUFI2,2025-06-09T06:30:00Z,3.138,1
Consis,BAUFI2,2025-06-09T07:00:00Z,11.11,1
Consis,BAUFI2,2025-06-09T07:30:00Z,18.908,1
Consis,BAUFI2,2025-06-09T08:00:00Z,18.999,1
Consis,BAUFI2,2025-06-09T08:30:00Z,21.926,1
Consis,BAUFI2,2025-06-09T09:00:00Z,23.784,1
Consis,BAUFI2,2025-06-09T09:30:00Z,23.433,1
Consis,BAUFI2,2025-06-09T10:00:00Z,23.226,1
Consis,BAUFI2,2025-06-09T10:30:00Z,23.171,1
Consis,BAUFI2,2025-06-09T11:00:00Z,23.339,1
Consis,BAUFI2,2025-06-09T11:30:00Z,23.231,1
Consis,BAUFI2,2025-06-09T12:00:00Z,23.348,1
Consis,BAUFI2,2025-06-09T12:30:00Z,21.515,1
Consis,BAUFI2,2025-06-09T13:00:00Z,19.61,1
Consis,BAUFI2,2025-06-09T13:30:00Z,17.416,1
Consis,BAUFI2,2025-06-09T14:00:00Z,14.783,1
Consis,BAUFI2,2025-06-09T14:30:00Z,14.98,1
Consis,BAUFI2,2025-06-09T15:00:00Z,22.33,1
Consis,BAUFI2,2025-06-09T15:30:00Z,20.825,1
Consis,BAUFI2,2025-06-09T16:00:00Z,15.834,1
Consis,BAUFI2,2025-06-09T16:30:00Z,8.173,1
Consis,BAUFI2,2025-06-09T17:00:00Z,1.664,1
Consis,BAUFI2,2025-06-09T17:30:00Z,0,1
Consis,BAUFI2,2025-06-09T18:00:00Z,0,1
Consis,BAUFI2,2025-06-09T18:30:00Z,0,1
Consis,BAUFI2,2025-06-09T19:00:00Z,0,1
Consis,BAUFI2,2025-06-09T19:30:00Z,0,1
Consis,BAUFI2,2025-06-09T20:00:00Z,0,1
Consis,BAUFI2,2025-06-09T20:30:00Z,0,1
Consis,BAUFI2,2025-06-09T21:00:00Z,0,1
Consis,BAUFI2,2025-06-09T21:30:00Z,0,1
Consis,BAUFI2,2025-06-09T22:00:00Z,0,1
Consis,BAUFI2,2025-06-09T22:30:00Z,0,1
Consis,BAUFI2,2025-06-09T23:00:00Z,0,1
Consis,BAUFI2,2025-06-09T23:30:00Z,0,1
Consis,BAUFI2,2025-06-10T00:00:00Z,0,1
Consis,BAUFI2,2025-06-10T00:30:00Z,0,1
Consis,BAUFI2,2025-06-10T01:00:00Z,0,1
Consis,BAUFI2,2025-06-10T01:30:00Z,0,1
Consis,BAUFI2,2025-06-10T02:00:00Z,0,1
Consis,BAUFI2,2025-06-10T02:30:00Z,0,1
Consis,BAUFI2,2025-06-10T03:00:00Z,0,1
Consis,BAUFI2,2025-06-10T03:30:00Z,0,1
Consis,BAUFI2,2025-06-10T04:00:00Z,0,1
Consis,BAUFI2,2025-06-10T04:30:00Z,0,1
Consis,BAUFI2,2025-06-10T05:00:00Z,0,1
Consis,BAUFI2,2025-06-10T05:30:00Z,0,1
Consis,BAUFI2,2025-06-10T06:00:00Z,0.007,1
Consis,BAUFI2,2025-06-10T06:30:00Z,2.697,1
Consis,BAUFI2,2025-06-10T07:00:00Z,10.018,1
Consis,BAUFI2,2025-06-10T07:30:00Z,17.821,1
Consis,BAUFI2,2025-06-10T08:00:00Z,21.672,1
Consis,BAUFI2,2025-06-10T08:30:00Z,22.537,1
Consis,BAUFI2,2025-06-10T09:00:00Z,23.023,1
Consis,BAUFI2,2025-06-10T09:30:00Z,23.156,1
Consis,BAUFI2,2025-06-10T10:00:00Z,22.751,1
Consis,BAUFI2,2025-06-10T10:30:00Z,22.357,1
Consis,BAUFI2,2025-06-10T11:00:00Z,21.3,1
Consis,BAUFI2,2025-06-10T11:30:00Z,17.857,1
Consis,BAUFI2,2025-06-10T12:00:00Z,22.974,1
Consis,BAUFI2,2025-06-10T12:30:00Z,23.457,1
Consis,BAUFI2,2025-06-10T13:00:00Z,22.178,1
Consis,BAUFI2,2025-06-10T13:30:00Z,23.2,1
Consis,BAUFI2,2025-06-10T14:00:00Z,23.057,1
Consis,BAUFI2,2025-06-10T14:30:00Z,22.791,1
Consis,BAUFI2,2025-06-10T15:00:00Z,22.203,1
Consis,BAUFI2,2025-06-10T15:30:00Z,20.72,1
Consis,BAUFI2,2025-06-10T16:00:00Z,15.893,1
Consis,BAUFI2,2025-06-10T16:30:00Z,8.363,1
Consis,BAUFI2,2025-06-10T17:00:00Z,1.694,1
Consis,BAUFI2,2025-06-10T17:30:00Z,0,1
Consis,BAUFI2,2025-06-10T18:00:00Z,0,1
Consis,BAUFI2,2025-06-10T18:30:00Z,0,1
Consis,BAUFI2,2025-06-10T19:00:00Z,0,1
Consis,BAUFI2,2025-06-10T19:30:00Z,0,1
Consis,BAUFI2,2025-06-10T20:00:00Z,0,1
Consis,BAUFI2,2025-06-10T20:30:00Z,0,1
Consis,BAUFI2,2025-06-10T21:00:00Z,0,2
Consis,BAUFI2,2025-06-10T21:30:00Z,0,2
Consis,BAUFI2,2025-06-10T22:00:00Z,0,2
Consis,BAUFI2,2025-06-10T22:30:00Z,0,2
Consis,BAUFI2,2025-06-10T23:00:00Z,0,1
Consis,BAUFI2,2025-06-10T23:30:00Z,0,1
Consis,BAUFI2,2025-06-11T00:00:00Z,0,1
Consis,BAUFI2,2025-06-11T00:30:00Z,0,1
Consis,BAUFI2,2025-06-11T01:00:00Z,0,1
Consis,BAUFI2,2025-06-11T01:30:00Z,0,1
Consis,BAUFI2,2025-06-11T02:00:00Z,0,1
Consis,BAUFI2,2025-06-11T02:30:00Z,0,1
Consis,BAUFI2,2025-06-11T03:00:00Z,0,1
Consis,BAUFI2,2025-06-11T03:30:00Z,0,1
Consis,BAUFI2,2025-06-11T04:00:00Z,0,1
Consis,BAUFI2,2025-06-11T04:30:00Z,0,1
Consis,BAUFI2,2025-06-11T05:00:00Z,0,1
Consis,BAUFI2,2025-06-11T05:30:00Z,0,1
Consis,BAUFI2,2025-06-11T06:00:00Z,0.084,1
Consis,BAUFI2,2025-06-11T06:30:00Z,2.825,1
Consis,BAUFI2,2025-06-11T07:00:00Z,8.437,1
Consis,BAUFI2,2025-06-11T07:30:00Z,14.762,1
Consis,BAUFI2,2025-06-11T08:00:00Z,19.991,1
Consis,BAUFI2,2025-06-11T08:30:00Z,21.765,1
Consis,BAUFI2,2025-06-11T09:00:00Z,21.668,1
Consis,BAUFI2,2025-06-11T09:30:00Z,21.9,1
Consis,BAUFI2,2025-06-11T10:00:00Z,22.876,1
Consis,BAUFI2,2025-06-11T10:30:00Z,22.376,1
Consis,BAUFI2,2025-06-11T11:00:00Z,21.565,1
Consis,BAUFI2,2025-06-11T11:30:00Z,23.307,1
Consis,BAUFI2,2025-06-11T12:00:00Z,21.433,1
Consis,BAUFI2,2025-06-11T12:30:00Z,23.178,1
Consis,BAUFI2,2025-06-11T13:00:00Z,23.249,1
Consis,BAUFI2,2025-06-11T13:30:00Z,24.132,1
Consis,BAUFI2,2025-06-11T14:00:00Z,22.3,1
Consis,BAUFI2,2025-06-11T14:30:00Z,14.254,1
Consis,BAUFI2,2025-06-11T15:00:00Z,11.923,1
Consis,BAUFI2,2025-06-11T15:30:00Z,2.922,1
Consis,BAUFI2,2025-06-11T16:00:00Z,2.944,1
Consis,BAUFI2,2025-06-11T16:30:00Z,2.968,1
Consis,BAUFI2,2025-06-11T17:00:00Z,1.542,1
Consis,BAUFI2,2025-06-11T17:30:00Z,0,1
Consis,BAUFI2,2025-06-11T18:00:00Z,0,1
Consis,BAUFI2,2025-06-11T18:30:00Z,0,1
Consis,BAUFI2,2025-06-11T19:00:00Z,0,1
Consis,BAUFI2,2025-06-11T19:30:00Z,0,1
Consis,BAUFI2,2025-06-11T20:00:00Z,0,1
Consis,BAUFI2,2025-06-11T20:30:00Z,0,1
Consis,BAUFI2,2025-06-11T21:00:00Z,0,1
Consis,BAUFI2,2025-06-11T21:30:00Z,0,1
Consis,BAUFI2,2025-06-11T22:00:00Z,0,1
Consis,BAUFI2,2025-06-11T22:30:00Z,0,1
Consis,BAUFI2,2025-06-11T23:00:00Z,0,1
Consis,BAUFI2,2025-06-11T23:30:00Z,0,1
Consis,BAUFI2,2025-06-12T00:00:00Z,0,1
Consis,BAUFI2,2025-06-12T00:30:00Z,0,1
Consis,BAUFI2,2025-06-12T01:00:00Z,0,1
Consis,BAUFI2,2025-06-12T01:30:00Z,0,1
Consis,BAUFI2,2025-06-12T02:00:00Z,0,1
Consis,BAUFI2,2025-06-12T02:30:00Z,0,1
Consis,BAUFI2,2025-06-12T03:00:00Z,0,1
Consis,BAUFI2,2025-06-12T03:30:00Z,0,1
Consis,BAUFI2,2025-06-12T04:00:00Z,0,1
Consis,BAUFI2,2025-06-12T04:30:00Z,0,1
Consis,BAUFI2,2025-06-12T05:00:00Z,0,1
Consis,BAUFI2,2025-06-12T05:30:00Z,0,1
Consis,BAUFI2,2025-06-12T06:00:00Z,0,1
Consis,BAUFI2,2025-06-12T06:30:00Z,2.411,1
Consis,BAUFI2,2025-06-12T07:00:00Z,4.221,1
Consis,BAUFI2,2025-06-12T07:30:00Z,5.369,1
Consis,BAUFI2,2025-06-12T08:00:00Z,20.401,1
Consis,BAUFI2,2025-06-12T08:30:00Z,20.503,1
Consis,BAUFI2,2025-06-12T09:00:00Z,19.699,1
Consis,BAUFI2,2025-06-12T09:30:00Z,20.255,1
Consis,BAUFI2,2025-06-12T10:00:00Z,8.646,1
Consis,BAUFI2,2025-06-12T10:30:00Z,2.72,1
Consis,BAUFI2,2025-06-12T11:00:00Z,2.671,1
Consis,BAUFI2,2025-06-12T11:30:00Z,2.71,1
Consis,BAUFI2,2025-06-12T12:00:00Z,2.728,1
Consis,BAUFI2,2025-06-12T12:30:00Z,13.763,1
Consis,BAUFI2,2025-06-12T13:00:00Z,21.703,1
Consis,BAUFI2,2025-06-12T13:30:00Z,20.944,1
Consis,BAUFI2,2025-06-12T14:00:00Z,15.006,1
Consis,BAUFI2,2025-06-12T14:30:00Z,17.301,1
Consis,BAUFI2,2025-06-12T15:00:00Z,10.934,1
Consis,BAUFI2,2025-06-12T15:30:00Z,6.478,1
Consis,BAUFI2,2025-06-12T16:00:00Z,3.519,1
Consis,BAUFI2,2025-06-12T16:30:00Z,1.443,1
Consis,BAUFI2,2025-06-12T17:00:00Z,0.629,1
Consis,BAUFI2,2025-06-12T17:30:00Z,0,1
Consis,BAUFI2,2025-06-12T18:00:00Z,0,1
Consis,BAUFI2,2025-06-12T18:30:00Z,0,1
Consis,BAUFI2,2025-06-12T19:00:00Z,0,1
Consis,BAUFI2,2025-06-12T19:30:00Z,0,1
Consis,BAUFI2,2025-06-12T20:00:00Z,0,1
Consis,BAUFI2,2025-06-12T20:30:00Z,0,1
Consis,BAUFI2,2025-06-12T21:00:00Z,0,1
Consis,BAUFI2,2025-06-12T21:30:00Z,0,1
Consis,BAUFI2,2025-06-12T22:00:00Z,0,1
Consis,BAUFI2,2025-06-12T22:30:00Z,0,1
Consis,BAUFI2,2025-06-12T23:00:00Z,0,1
Consis,BAUFI2,2025-06-12T23:30:00Z,0,1
Consis,BAUFI2,2025-06-13T00:00:00Z,0,1
Consis,BAUFI2,2025-06-13T00:30:00Z,0,1
Consis,BAUFI2,2025-06-13T01:00:00Z,0,1
Consis,BAUFI2,2025-06-13T01:30:00Z,0,1
Consis,BAUFI2,2025-06-13T02:00:00Z,0,1
Consis,BAUFI2,2025-06-13T02:30:00Z,0,1
Consis,BAUFI2,2025-06-13T03:00:00Z,0,1
Consis,BAUFI2,2025-06-13T03:30:00Z,0,1
Consis,BAUFI2,2025-06-13T04:00:00Z,0,1
Consis,BAUFI2,2025-06-13T04:30:00Z,0,1
Consis,BAUFI2,2025-06-13T05:00:00Z,0,1
Consis,BAUFI2,2025-06-13T05:30:00Z,0,1
Consis,BAUFI2,2025-06-13T06:00:00Z,0.006,1
Consis,BAUFI2,2025-06-13T06:30:00Z,2.105,1
Consis,BAUFI2,2025-06-13T07:00:00Z,1.368,1
Consis,BAUFI2,2025-06-13T07:30:00Z,0.967,1
Consis,BAUFI2,2025-06-13T08:00:00Z,0.982,1
Consis,BAUFI2,2025-06-13T08:30:00Z,0.988,1
Consis,BAUFI2,2025-06-13T09:00:00Z,0.776,1
Consis,BAUFI2,2025-06-13T09:30:00Z,0,1
Consis,BAUFI2,2025-06-13T10:00:00Z,0.446,1
Consis,BAUFI2,2025-06-13T10:30:00Z,0.955,1
Consis,BAUFI2,2025-06-13T11:00:00Z,0.996,1
Consis,BAUFI2,2025-06-13T11:30:00Z,1.008,1
Consis,BAUFI2,2025-06-13T12:00:00Z,0.999,1
Consis,BAUFI2,2025-06-13T12:30:00Z,1.011,1
Consis,BAUFI2,2025-06-13T13:00:00Z,4.063,1
Consis,BAUFI2,2025-06-13T13:30:00Z,7.848,1
Consis,BAUFI2,2025-06-13T14:00:00Z,15.247,1
Consis,BAUFI2,2025-06-13T14:30:00Z,22.521,1
Consis,BAUFI2,2025-06-13T15:00:00Z,22.097,1
Consis,BAUFI2,2025-06-13T15:30:00Z,18.68,1
Consis,BAUFI2,2025-06-13T16:00:00Z,15.363,1
Consis,BAUFI2,2025-06-13T16:30:00Z,5.073,1
Consis,BAUFI2,2025-06-13T17:00:00Z,1.622,1
Consis,BAUFI2,2025-06-13T17:30:00Z,0,1
Consis,BAUFI2,2025-06-13T18:00:00Z,0,1
Consis,BAUFI2,2025-06-13T18:30:00Z,0,1
Consis,BAUFI2,2025-06-13T19:00:00Z,0,1
Consis,BAUFI2,2025-06-13T19:30:00Z,0,1
Consis,BAUFI2,2025-06-13T20:00:00Z,0,1
Consis,BAUFI2,2025-06-13T20:30:00Z,0,1
Consis,BAUFI2,2025-06-13T21:00:00Z,0,1
Consis,BAUFI2,2025-06-13T21:30:00Z,0,1
Consis,BAUFI2,2025-06-13T22:00:00Z,0,1
Consis,BAUFI2,2025-06-13T22:30:00Z,0,1
Consis,BAUFI2,2025-06-13T23:00:00Z,0,1
Consis,BAUFI2,2025-06-13T23:30:00Z,0,1
Consis,BAUFI2,2025-06-14T00:00:00Z,0,1
Consis,BAUFI2,2025-06-14T00:30:00Z,0,1
Consis,BAUFI2,2025-06-14T01:00:00Z,0,1
Consis,BAUFI2,2025-06-14T01:30:00Z,0,1
Consis,BAUFI2,2025-06-14T02:00:00Z,0,1
Consis,BAUFI2,2025-06-14T02:30:00Z,0,1
Consis,BAUFI2,2025-06-14T03:00:00Z,0,1
Consis,BAUFI2,2025-06-14T03:30:00Z,0,1
Consis,BAUFI2,2025-06-14T04:00:00Z,0,1
Consis,BAUFI2,2025-06-14T04:30:00Z,0,1
Consis,BAUFI2,2025-06-14T05:00:00Z,0,1
Consis,BAUFI2,2025-06-14T05:30:00Z,0,1
Consis,BAUFI2,2025-06-14T06:00:00Z,0,1
Consis,BAUFI2,2025-06-14T06:30:00Z,0,1
Consis,BAUFI2,2025-06-14T07:00:00Z,0,1
Consis,BAUFI2,2025-06-14T07:30:00Z,0,1
Consis,BAUFI2,2025-06-14T08:00:00Z,0,1
Consis,BAUFI2,2025-06-14T08:30:00Z,0,1
Consis,BAUFI2,2025-06-14T09:00:00Z,0,1
Consis,BAUFI2,2025-06-14T09:30:00Z,0,1
Consis,BAUFI2,2025-06-14T10:00:00Z,0,1
Consis,BAUFI2,2025-06-14T10:30:00Z,0,1
Consis,BAUFI2,2025-06-14T11:00:00Z,0,1
Consis,BAUFI2,2025-06-14T11:30:00Z,2.305,1
Consis,BAUFI2,2025-06-14T12:00:00Z,3.25,1
Consis,BAUFI2,2025-06-14T12:30:00Z,3.279,1
Consis,BAUFI2,2025-06-14T13:00:00Z,4.656,1
Consis,BAUFI2,2025-06-14T13:30:00Z,6.982,1
Consis,BAUFI2,2025-06-14T14:00:00Z,7.164,1
Consis,BAUFI2,2025-06-14T14:30:00Z,13.311,1
Consis,BAUFI2,2025-06-14T15:00:00Z,17.956,1
Consis,BAUFI2,2025-06-14T15:30:00Z,18.059,1
Consis,BAUFI2,2025-06-14T16:00:00Z,14.994,1
Consis,BAUFI2,2025-06-14T16:30:00Z,8.538,1
Consis,BAUFI2,2025-06-14T17:00:00Z,1.677,1
Consis,BAUFI2,2025-06-14T17:30:00Z,0,1
Consis,BAUFI2,2025-06-14T18:00:00Z,0,1
Consis,BAUFI2,2025-06-14T18:30:00Z,0,1
Consis,BAUFI2,2025-06-14T19:00:00Z,0,1
Consis,BAUFI2,2025-06-14T19:30:00Z,0,1
Consis,BAUFI2,2025-06-14T20:00:00Z,0,1
Consis,BAUFI2,2025-06-14T20:30:00Z,0,1
Consis,BAUFI2,2025-06-14T21:00:00Z,0,1
Consis,BAUFI2,2025-06-14T21:30:00Z,0,1
Consis,BAUFI2,2025-06-14T22:00:00Z,0,1
Consis,BAUFI2,2025-06-14T22:30:00Z,0,1
Consis,BAUFI2,2025-06-14T23:00:00Z,0,1
Consis,BAUFI2,2025-06-14T23:30:00Z,0,1
Consis,BAUFI2,2025-06-15T00:00:00Z,0,1
Consis,BAUFI2,2025-06-15T00:30:00Z,0,1
Consis,BAUFI2,2025-06-15T01:00:00Z,0,1
Consis,BAUFI2,2025-06-15T01:30:00Z,0,1
Consis,BAUFI2,2025-06-15T02:00:00Z,0,1
Consis,BAUFI2,2025-06-15T02:30:00Z,0,1
Consis,BAUFI2,2025-06-15T03:00:00Z,0,1
Consis,BAUFI2,2025-06-15T03:30:00Z,0,1
Consis,BAUFI2,2025-06-15T04:00:00Z,0,1
Consis,BAUFI2,2025-06-15T04:30:00Z,0,1
Consis,BAUFI2,2025-06-15T05:00:00Z,0,1
Consis,BAUFI2,2025-06-15T05:30:00Z,0,1
Consis,BAUFI2,2025-06-15T06:00:00Z,0,1
Consis,BAUFI2,2025-06-15T06:30:00Z,2.241,1
Consis,BAUFI2,2025-06-15T07:00:00Z,3.162,1
Consis,BAUFI2,2025-06-15T07:30:00Z,3.132,1
Consis,BAUFI2,2025-06-15T08:00:00Z,3.514,1
Consis,BAUFI2,2025-06-15T08:30:00Z,5.099,1
Consis,BAUFI2,2025-06-15T09:00:00Z,5.118,1
Consis,BAUFI2,2025-06-15T09:30:00Z,5.146,1
Consis,BAUFI2,2025-06-15T10:00:00Z,5.142,1
Consis,BAUFI2,2025-06-15T10:30:00Z,5.138,1
Consis,BAUFI2,2025-06-15T11:00:00Z,5.694,1
Consis,BAUFI2,2025-06-15T11:30:00Z,7.139,1
Consis,BAUFI2,2025-06-15T12:00:00Z,7.149,1
Consis,BAUFI2,2025-06-15T12:30:00Z,7.818,1
Consis,BAUFI2,2025-06-15T13:00:00Z,9.594,1
Consis,BAUFI2,2025-06-15T13:30:00Z,10.663,1
Consis,BAUFI2,2025-06-15T14:00:00Z,13.143,1
Consis,BAUFI2,2025-06-15T14:30:00Z,21.292,1
Consis,BAUFI2,2025-06-15T15:00:00Z,20.942,1
Consis,BAUFI2,2025-06-15T15:30:00Z,19.946,1
Consis,BAUFI2,2025-06-15T16:00:00Z,4.212,1
Consis,BAUFI2,2025-06-15T16:30:00Z,2.364,1
Consis,BAUFI2,2025-06-15T17:00:00Z,1.199,1
Consis,BAUFI2,2025-06-15T17:30:00Z,0,1
Consis,BAUFI2,2025-06-15T18:00:00Z,0,1
Consis,BAUFI2,2025-06-15T18:30:00Z,0,1
Consis,BAUFI2,2025-06-15T19:00:00Z,0,1
Consis,BAUFI2,2025-06-15T19:30:00Z,0,1
Consis,BAUFI2,2025-06-15T20:00:00Z,0,1
Consis,BAUFI2,2025-06-15T20:30:00Z,0,1
Consis,BAUFI2,2025-06-15T21:00:00Z,0,1
Consis,BAUFI2,2025-06-15T21:30:00Z,0,1
Consis,BAUFI2,2025-06-15T22:00:00Z,0,1
Consis,BAUFI2,2025-06-15T22:30:00Z,0,1
Consis,BAUFI2,2025-06-15T23:00:00Z,0,1
Consis,BAUFI2,2025-06-15T23:30:00Z,0,1
Consis,BAUFI2,2025-06-16T00:00:00Z,0,1
Consis,BAUFI2,2025-06-16T00:30:00Z,0,1
Consis,BAUFI2,2025-06-16T01:00:00Z,0,1
Consis,BAUFI2,2025-06-16T01:30:00Z,0,1
Consis,BAUFI2,2025-06-16T02:00:00Z,0,1
Consis,BAUFI2,2025-06-16T02:30:00Z,0,1
Consis,BAUFI2,2025-06-16T03:00:00Z,0,1
Consis,BAUFI2,2025-06-16T03:30:00Z,0,1
Consis,BAUFI2,2025-06-16T04:00:00Z,0,1
Consis,BAUFI2,2025-06-16T04:30:00Z,0,1
Consis,BAUFI2,2025-06-16T05:00:00Z,0,1
Consis,BAUFI2,2025-06-16T05:30:00Z,0,1
Consis,BAUFI2,2025-06-16T06:00:00Z,0,1
Consis,BAUFI2,2025-06-16T06:30:00Z,2.198,1
Consis,BAUFI2,2025-06-16T07:00:00Z,8.756,1
Consis,BAUFI2,2025-06-16T07:30:00Z,16.024,1
Consis,BAUFI2,2025-06-16T08:00:00Z,20.294,1
Consis,BAUFI2,2025-06-16T08:30:00Z,5.73,1
Consis,BAUFI2,2025-06-16T09:00:00Z,0,1
Consis,BAUFI2,2025-06-16T09:30:00Z,0,1
Consis,BAUFI2,2025-06-16T10:00:00Z,0,1
Consis,BAUFI2,2025-06-16T10:30:00Z,13.491,1
Consis,BAUFI2,2025-06-16T11:00:00Z,23.724,1
Consis,BAUFI2,2025-06-16T11:30:00Z,23.831,1
Consis,BAUFI2,2025-06-16T12:00:00Z,24.153,1
Consis,BAUFI2,2025-06-16T12:30:00Z,24.08,1
Consis,BAUFI2,2025-06-16T13:00:00Z,19.737,1
Consis,BAUFI2,2025-06-16T13:30:00Z,19.47,1
Consis,BAUFI2,2025-06-16T14:00:00Z,7.822,1
Consis,BAUFI2,2025-06-16T14:30:00Z,5.324,1
Consis,BAUFI2,2025-06-16T15:00:00Z,11.405,1
Consis,BAUFI2,2025-06-16T15:30:00Z,9.495,1
Consis,BAUFI2,2025-06-16T16:00:00Z,9.807,1
Consis,BAUFI2,2025-06-16T16:30:00Z,9.072,1
Consis,BAUFI2,2025-06-16T17:00:00Z,1.039,1
Consis,BAUFI2,2025-06-16T17:30:00Z,0,1
Consis,BAUFI2,2025-06-16T18:00:00Z,0,1
Consis,BAUFI2,2025-06-16T18:30:00Z,0,1
Consis,BAUFI2,2025-06-16T19:00:00Z,0,1
Consis,BAUFI2,2025-06-16T19:30:00Z,0,1
Consis,BAUFI2,2025-06-16T20:00:00Z,0,1
Consis,BAUFI2,2025-06-16T20:30:00Z,0,1
Consis,BAUFI2,2025-06-16T21:00:00Z,0,1
Consis,BAUFI2,2025-06-16T21:30:00Z,0,1
Consis,BAUFI2,2025-06-16T22:00:00Z,0,1
Consis,BAUFI2,2025-06-16T22:30:00Z,0,1
Consis,BAUFI2,2025-06-16T23:00:00Z,0,1
Consis,BAUFI2,2025-06-16T23:30:00Z,0,1
Consis,BAUFI2,2025-06-17T00:00:00Z,0,1
Consis,BAUFI2,2025-06-17T00:30:00Z,0,1
Consis,BAUFI2,2025-06-17T01:00:00Z,0,1
Consis,BAUFI2,2025-06-17T01:30:00Z,0,1
Consis,BAUFI2,2025-06-17T02:00:00Z,0,1
Consis,BAUFI2,2025-06-17T02:30:00Z,0,1
Consis,BAUFI2,2025-06-17T03:00:00Z,0,1
Consis,BAUFI2,2025-06-17T03:30:00Z,0,1
Consis,BAUFI2,2025-06-17T04:00:00Z,0,1
Consis,BAUFI2,2025-06-17T04:30:00Z,0,1
Consis,BAUFI2,2025-06-17T05:00:00Z,0,1
Consis,BAUFI2,2025-06-17T05:30:00Z,0,1
Consis,BAUFI2,2025-06-17T06:00:00Z,0,1
Consis,BAUFI2,2025-06-17T06:30:00Z,0.972,1
Consis,BAUFI2,2025-06-17T07:00:00Z,0,1
Consis,BAUFI2,2025-06-17T07:30:00Z,0,1
Consis,BAUFI2,2025-06-17T08:00:00Z,0,1
Consis,BAUFI2,2025-06-17T08:30:00Z,0,1
Consis,BAUFI2,2025-06-17T09:00:00Z,0,1
Consis,BAUFI2,2025-06-17T09:30:00Z,0,1
Consis,BAUFI2,2025-06-17T10:00:00Z,0,1
Consis,BAUFI2,2025-06-17T10:30:00Z,0,1
Consis,BAUFI2,2025-06-17T11:00:00Z,0,1
Consis,BAUFI2,2025-06-17T11:30:00Z,0,1
Consis,BAUFI2,2025-06-17T12:00:00Z,0,1
Consis,BAUFI2,2025-06-17T12:30:00Z,1.11,1
Consis,BAUFI2,2025-06-17T13:00:00Z,5.198,1
Consis,BAUFI2,2025-06-17T13:30:00Z,11.371,1
Consis,BAUFI2,2025-06-17T14:00:00Z,12.295,1
Consis,BAUFI2,2025-06-17T14:30:00Z,15.446,1
Consis,BAUFI2,2025-06-17T15:00:00Z,4.276,1
Consis,BAUFI2,2025-06-17T15:30:00Z,3.071,1
Consis,BAUFI2,2025-06-17T16:00:00Z,0,1
Consis,BAUFI2,2025-06-17T16:30:00Z,0.027,1
Consis,BAUFI2,2025-06-17T17:00:00Z,0.266,1
Consis,BAUFI2,2025-06-17T17:30:00Z,0,1
Consis,BAUFI2,2025-06-17T18:00:00Z,0,1
Consis,BAUFI2,2025-06-17T18:30:00Z,0,1
Consis,BAUFI2,2025-06-17T19:00:00Z,0,1
Consis,BAUFI2,2025-06-17T19:30:00Z,0,1
Consis,BAUFI2,2025-06-17T20:00:00Z,0,2
Consis,BAUFI2,2025-06-17T20:30:00Z,0,2
Consis,BAUFI2,2025-06-17T21:00:00Z,0,2
Consis,BAUFI2,2025-06-17T21:30:00Z,0,1
Consis,BAUFI2,2025-06-17T22:00:00Z,0,1
Consis,BAUFI2,2025-06-17T22:30:00Z,0,1
Consis,BAUFI2,2025-06-17T23:00:00Z,0,1
Consis,BAUFI2,2025-06-17T23:30:00Z,0,1
Consis,BAUFI2,2025-06-18T00:00:00Z,0,1
Consis,BAUFI2,2025-06-18T00:30:00Z,0,1
Consis,BAUFI2,2025-06-18T01:00:00Z,0,1
Consis,BAUFI2,2025-06-18T01:30:00Z,0,1
Consis,BAUFI2,2025-06-18T02:00:00Z,0,1
Consis,BAUFI2,2025-06-18T02:30:00Z,0,1
Consis,BAUFI2,2025-06-18T03:00:00Z,0,1
Consis,BAUFI2,2025-06-18T03:30:00Z,0,1
Consis,BAUFI2,2025-06-18T04:00:00Z,0,1
Consis,BAUFI2,2025-06-18T04:30:00Z,0,1
Consis,BAUFI2,2025-06-18T05:00:00Z,0,1
Consis,BAUFI2,2025-06-18T05:30:00Z,0,1
Consis,BAUFI2,2025-06-18T06:00:00Z,0,1
Consis,BAUFI2,2025-06-18T06:30:00Z,2.148,1
Consis,BAUFI2,2025-06-18T07:00:00Z,6.612,1
Consis,BAUFI2,2025-06-18T07:30:00Z,0,1
Consis,BAUFI2,2025-06-18T08:00:00Z,0,1
Consis,BAUFI2,2025-06-18T08:30:00Z,0.74,1
Consis,BAUFI2,2025-06-18T09:00:00Z,4.502,1
Consis,BAUFI2,2025-06-18T09:30:00Z,0,1
Consis,BAUFI2,2025-06-18T10:00:00Z,0,1
Consis,BAUFI2,2025-06-18T10:30:00Z,0,1
Consis,BAUFI2,2025-06-18T11:00:00Z,0,1
Consis,BAUFI2,2025-06-18T11:30:00Z,0,1
Consis,BAUFI2,2025-06-18T12:00:00Z,0,1
Consis,BAUFI2,2025-06-18T12:30:00Z,0,1
Consis,BAUFI2,2025-06-18T13:00:00Z,1.465,1
Consis,BAUFI2,2025-06-18T13:30:00Z,14.452,1
Consis,BAUFI2,2025-06-18T14:00:00Z,23.529,1
Consis,BAUFI2,2025-06-18T14:30:00Z,23.857,1
Consis,BAUFI2,2025-06-18T15:00:00Z,22.897,1
Consis,BAUFI2,2025-06-18T15:30:00Z,12.562,1
Consis,BAUFI2,2025-06-18T16:00:00Z,6.619,1
Consis,BAUFI2,2025-06-18T16:30:00Z,2.371,1
Consis,BAUFI2,2025-06-18T17:00:00Z,0.073,1
Consis,BAUFI2,2025-06-18T17:30:00Z,0,1
Consis,BAUFI2,2025-06-18T18:00:00Z,0,1
Consis,BAUFI2,2025-06-18T18:30:00Z,0,1
Consis,BAUFI2,2025-06-18T19:00:00Z,0,1
Consis,BAUFI2,2025-06-18T19:30:00Z,0,1
Consis,BAUFI2,2025-06-18T20:00:00Z,0,1
Consis,BAUFI2,2025-06-18T20:30:00Z,0,1
Consis,BAUFI2,2025-06-18T21:00:00Z,0,1
Consis,BAUFI2,2025-06-18T21:30:00Z,0,1
Consis,BAUFI2,2025-06-18T22:00:00Z,0,1
Consis,BAUFI2,2025-06-18T22:30:00Z,0,1
Consis,BAUFI2,2025-06-18T23:00:00Z,0,1
Consis,BAUFI2,2025-06-18T23:30:00Z,0,1
Consis,BAUFI2,2025-06-19T00:00:00Z,0,1
Consis,BAUFI2,2025-06-19T00:30:00Z,0,1
Consis,BAUFI2,2025-06-19T01:00:00Z,0,1
Consis,BAUFI2,2025-06-19T01:30:00Z,0,1
Consis,BAUFI2,2025-06-19T02:00:00Z,0,1
Consis,BAUFI2,2025-06-19T02:30:00Z,0,1
Consis,BAUFI2,2025-06-19T03:00:00Z,0,1
Consis,BAUFI2,2025-06-19T03:30:00Z,0,1
Consis,BAUFI2,2025-06-19T04:00:00Z,0,1
Consis,BAUFI2,2025-06-19T04:30:00Z,0,1
Consis,BAUFI2,2025-06-19T05:00:00Z,0,1
Consis,BAUFI2,2025-06-19T05:30:00Z,0,1
Consis,BAUFI2,2025-06-19T06:00:00Z,0,1
Consis,BAUFI2,2025-06-19T06:30:00Z,2.144,1
Consis,BAUFI2,2025-06-19T07:00:00Z,0.029,1
Consis,BAUFI2,2025-06-19T07:30:00Z,0,1
Consis,BAUFI2,2025-06-19T08:00:00Z,0,1
Consis,BAUFI2,2025-06-19T08:30:00Z,0,1
Consis,BAUFI2,2025-06-19T09:00:00Z,0,1
Consis,BAUFI2,2025-06-19T09:30:00Z,0,1
Consis,BAUFI2,2025-06-19T10:00:00Z,0,1
Consis,BAUFI2,2025-06-19T10:30:00Z,0,1
Consis,BAUFI2,2025-06-19T11:00:00Z,0,1
Consis,BAUFI2,2025-06-19T11:30:00Z,0,1
Consis,BAUFI2,2025-06-19T12:00:00Z,2.188,1
Consis,BAUFI2,2025-06-19T12:30:00Z,6.043,1
Consis,BAUFI2,2025-06-19T13:00:00Z,10.073,1
Consis,BAUFI2,2025-06-19T13:30:00Z,10.2,1
Consis,BAUFI2,2025-06-19T14:00:00Z,23.27,1
Consis,BAUFI2,2025-06-19T14:30:00Z,23.967,1
Consis,BAUFI2,2025-06-19T15:00:00Z,23.275,1
Consis,BAUFI2,2025-06-19T15:30:00Z,21.804,1
Consis,BAUFI2,2025-06-19T16:00:00Z,15.346,1
Consis,BAUFI2,2025-06-19T16:30:00Z,6.185,1
Consis,BAUFI2,2025-06-19T17:00:00Z,2.032,1
Consis,BAUFI2,2025-06-19T17:30:00Z,0,1
Consis,BAUFI2,2025-06-19T18:00:00Z,0,1
Consis,BAUFI2,2025-06-19T18:30:00Z,0,1
Consis,BAUFI2,2025-06-19T19:00:00Z,0,1
Consis,BAUFI2,2025-06-19T19:30:00Z,0,1
Consis,BAUFI2,2025-06-19T20:00:00Z,0,1
Consis,BAUFI2,2025-06-19T20:30:00Z,0,1
Consis,BAUFI2,2025-06-19T21:00:00Z,0,1
Consis,BAUFI2,2025-06-19T21:30:00Z,0,1
Consis,BAUFI2,2025-06-19T22:00:00Z,0,1
Consis,BAUFI2,2025-06-19T22:30:00Z,0,1
Consis,BAUFI2,2025-06-19T23:00:00Z,0,1
Consis,BAUFI2,2025-06-19T23:30:00Z,0,1
Consis,BAUFI2,2025-06-20T00:00:00Z,0,1
Consis,BAUFI2,2025-06-20T00:30:00Z,0,1
Consis,BAUFI2,2025-06-20T01:00:00Z,0,1
Consis,BAUFI2,2025-06-20T01:30:00Z,0,1
Consis,BAUFI2,2025-06-20T02:00:00Z,0,1
Consis,BAUFI2,2025-06-20T02:30:00Z,0,1
Consis,BAUFI2,2025-06-20T03:00:00Z,0,1
Consis,BAUFI2,2025-06-20T03:30:00Z,0,1
Consis,BAUFI2,2025-06-20T04:00:00Z,0,1
Consis,BAUFI2,2025-06-20T04:30:00Z,0,1
Consis,BAUFI2,2025-06-20T05:00:00Z,0,1
Consis,BAUFI2,2025-06-20T05:30:00Z,0,1
Consis,BAUFI2,2025-06-20T06:00:00Z,0,1
Consis,BAUFI2,2025-06-20T06:30:00Z,0,1
Consis,BAUFI2,2025-06-20T07:00:00Z,0,1
Consis,BAUFI2,2025-06-20T07:30:00Z,0,1
Consis,BAUFI2,2025-06-20T08:00:00Z,0,1
Consis,BAUFI2,2025-06-20T08:30:00Z,0,1
Consis,BAUFI2,2025-06-20T09:00:00Z,0,1
Consis,BAUFI2,2025-06-20T09:30:00Z,0,1
Consis,BAUFI2,2025-06-20T10:00:00Z,0,1
Consis,BAUFI2,2025-06-20T10:30:00Z,0,1
Consis,BAUFI2,2025-06-20T11:00:00Z,0,1
Consis,BAUFI2,2025-06-20T11:30:00Z,0,1
Consis,BAUFI2,2025-06-20T12:00:00Z,0,1
Consis,BAUFI2,2025-06-20T12:30:00Z,0,1
Consis,BAUFI2,2025-06-20T13:00:00Z,0,1
Consis,BAUFI2,2025-06-20T13:30:00Z,0,1
Consis,BAUFI2,2025-06-20T14:00:00Z,5.345,1
Consis,BAUFI2,2025-06-20T14:30:00Z,23.307,1
Consis,BAUFI2,2025-06-20T15:00:00Z,22.589,1
Consis,BAUFI2,2025-06-20T15:30:00Z,21.12,1
Consis,BAUFI2,2025-06-20T16:00:00Z,15.341,1
Consis,BAUFI2,2025-06-20T16:30:00Z,8.557,1
Consis,BAUFI2,2025-06-20T17:00:00Z,2.004,1
Consis,BAUFI2,2025-06-20T17:30:00Z,0.039,1
Consis,BAUFI2,2025-06-20T18:00:00Z,0,1
Consis,BAUFI2,2025-06-20T18:30:00Z,0,1
Consis,BAUFI2,2025-06-20T19:00:00Z,0,1
Consis,BAUFI2,2025-06-20T19:30:00Z,0,1
Consis,BAUFI2,2025-06-20T20:00:00Z,0,1
Consis,BAUFI2,2025-06-20T20:30:00Z,0,1
Consis,BAUFI2,2025-06-20T21:00:00Z,0,1
Consis,BAUFI2,2025-06-20T21:30:00Z,0,1
Consis,BAUFI2,2025-06-20T22:00:00Z,0,1
Consis,BAUFI2,2025-06-20T22:30:00Z,0,1
Consis,BAUFI2,2025-06-20T23:00:00Z,0,1
Consis,BAUFI2,2025-06-20T23:30:00Z,0,1
Consis,BAUFI2,2025-06-21T00:00:00Z,0,1
Consis,BAUFI2,2025-06-21T00:30:00Z,0,1
Consis,BAUFI2,2025-06-21T01:00:00Z,0,1
Consis,BAUFI2,2025-06-21T01:30:00Z,0,1
Consis,BAUFI2,2025-06-21T02:00:00Z,0,1
Consis,BAUFI2,2025-06-21T02:30:00Z,0,1
Consis,BAUFI2,2025-06-21T03:00:00Z,0,1
Consis,BAUFI2,2025-06-21T03:30:00Z,0,1
Consis,BAUFI2,2025-06-21T04:00:00Z,0,1
Consis,BAUFI2,2025-06-21T04:30:00Z,0,1
Consis,BAUFI2,2025-06-21T05:00:00Z,0,1
Consis,BAUFI2,2025-06-21T05:30:00Z,0,1
Consis,BAUFI2,2025-06-21T06:00:00Z,0,1
Consis,BAUFI2,2025-06-21T06:30:00Z,2.285,1
Consis,BAUFI2,2025-06-21T07:00:00Z,4.658,1
Consis,BAUFI2,2025-06-21T07:30:00Z,3.797,1
Consis,BAUFI2,2025-06-21T08:00:00Z,4.838,1
Consis,BAUFI2,2025-06-21T08:30:00Z,0.876,1
Consis,BAUFI2,2025-06-21T09:00:00Z,0,1
Consis,BAUFI2,2025-06-21T09:30:00Z,0,1
Consis,BAUFI2,2025-06-21T10:00:00Z,0,1
Consis,BAUFI2,2025-06-21T10:30:00Z,0,1
Consis,BAUFI2,2025-06-21T11:00:00Z,0,1
Consis,BAUFI2,2025-06-21T11:30:00Z,0,1
Consis,BAUFI2,2025-06-21T12:00:00Z,0,1
Consis,BAUFI2,2025-06-21T12:30:00Z,0,1
Consis,BAUFI2,2025-06-21T13:00:00Z,1.326,1
Consis,BAUFI2,2025-06-21T13:30:00Z,7.504,1
Consis,BAUFI2,2025-06-21T14:00:00Z,15.058,1
Consis,BAUFI2,2025-06-21T14:30:00Z,15.983,1
Consis,BAUFI2,2025-06-21T15:00:00Z,8.634,1
Consis,BAUFI2,2025-06-21T15:30:00Z,14.42,1
Consis,BAUFI2,2025-06-21T16:00:00Z,10.818,1
Consis,BAUFI2,2025-06-21T16:30:00Z,4.805,1
Consis,BAUFI2,2025-06-21T17:00:00Z,1.139,1
Consis,BAUFI2,2025-06-21T17:30:00Z,0,1
Consis,BAUFI2,2025-06-21T18:00:00Z,0,1
Consis,BAUFI2,2025-06-21T18:30:00Z,0,1
Consis,BAUFI2,2025-06-21T19:00:00Z,0,1
Consis,BAUFI2,2025-06-21T19:30:00Z,0,1
Consis,BAUFI2,2025-06-21T20:00:00Z,0,1
Consis,BAUFI2,2025-06-21T20:30:00Z,0,1
Consis,BAUFI2,2025-06-21T21:00:00Z,0,1
Consis,BAUFI2,2025-06-21T21:30:00Z,0,1
Consis,BAUFI2,2025-06-21T22:00:00Z,0,1
Consis,BAUFI2,2025-06-21T22:30:00Z,0,1
Consis,BAUFI2,2025-06-21T23:00:00Z,0,1
Consis,BAUFI2,2025-06-21T23:30:00Z,0,1
Consis,BAUFI2,2025-06-22T00:00:00Z,0,1
Consis,BAUFI2,2025-06-22T00:30:00Z,0,1
Consis,BAUFI2,2025-06-22T01:00:00Z,0,1
Consis,BAUFI2,2025-06-22T01:30:00Z,0,1
Consis,BAUFI2,2025-06-22T02:00:00Z,0,1
Consis,BAUFI2,2025-06-22T02:30:00Z,0,1
Consis,BAUFI2,2025-06-22T03:00:00Z,0,1
Consis,BAUFI2,2025-06-22T03:30:00Z,0,1
Consis,BAUFI2,2025-06-22T04:00:00Z,0,1
Consis,BAUFI2,2025-06-22T04:30:00Z,0,1
Consis,BAUFI2,2025-06-22T05:00:00Z,0,1
Consis,BAUFI2,2025-06-22T05:30:00Z,0,1
Consis,BAUFI2,2025-06-22T06:00:00Z,0,1
Consis,BAUFI2,2025-06-22T06:30:00Z,1.581,1
Consis,BAUFI2,2025-06-22T07:00:00Z,8.066,1
Consis,BAUFI2,2025-06-22T07:30:00Z,8.848,1
Consis,BAUFI2,2025-06-22T08:00:00Z,8.618,1
Consis,BAUFI2,2025-06-22T08:30:00Z,8.34,1
Consis,BAUFI2,2025-06-22T09:00:00Z,8.005,1
Consis,BAUFI2,2025-06-22T09:30:00Z,7.878,1
Consis,BAUFI2,2025-06-22T10:00:00Z,6.086,1
Consis,BAUFI2,2025-06-22T10:30:00Z,5.316,1
Consis,BAUFI2,2025-06-22T11:00:00Z,5.241,1
Consis,BAUFI2,2025-06-22T11:30:00Z,6.093,1
Consis,BAUFI2,2025-06-22T12:00:00Z,7.104,1
Consis,BAUFI2,2025-06-22T12:30:00Z,7.877,1
Consis,BAUFI2,2025-06-22T13:00:00Z,8.643,1
Consis,BAUFI2,2025-06-22T13:30:00Z,6.502,1
Consis,BAUFI2,2025-06-22T14:00:00Z,12.778,1
Consis,BAUFI2,2025-06-22T14:30:00Z,14.548,1
Consis,BAUFI2,2025-06-22T15:00:00Z,7.076,1
Consis,BAUFI2,2025-06-22T15:30:00Z,14.269,1
Consis,BAUFI2,2025-06-22T16:00:00Z,16.968,1
Consis,BAUFI2,2025-06-22T16:30:00Z,7.327,1
Consis,BAUFI2,2025-06-22T17:00:00Z,2.362,1
Consis,BAUFI2,2025-06-22T17:30:00Z,0,1
Consis,BAUFI2,2025-06-22T18:00:00Z,0,1
Consis,BAUFI2,2025-06-22T18:30:00Z,0,1
Consis,BAUFI2,2025-06-22T19:00:00Z,0,1
Consis,BAUFI2,2025-06-22T19:30:00Z,0,1
Consis,BAUFI2,2025-06-22T20:00:00Z,0,1
Consis,BAUFI2,2025-06-22T20:30:00Z,0,1
Consis,BAUFI2,2025-06-22T21:00:00Z,0,1
Consis,BAUFI2,2025-06-22T21:30:00Z,0,1
Consis,BAUFI2,2025-06-22T22:00:00Z,0,1
Consis,BAUFI2,2025-06-22T22:30:00Z,0,1
Consis,BAUFI2,2025-06-22T23:00:00Z,0,1
Consis,BAUFI2,2025-06-22T23:30:00Z,0,1
Consis,BAUFI2,2025-06-23T00:00:00Z,0,1
Consis,BAUFI2,2025-06-23T00:30:00Z,0,1
Consis,BAUFI2,2025-06-23T01:00:00Z,0,1
Consis,BAUFI2,2025-06-23T01:30:00Z,0,1
Consis,BAUFI2,2025-06-23T02:00:00Z,0,1
Consis,BAUFI2,2025-06-23T02:30:00Z,0,1
Consis,BAUFI2,2025-06-23T03:00:00Z,0,1
Consis,BAUFI2,2025-06-23T03:30:00Z,0,1
Consis,BAUFI2,2025-06-23T04:00:00Z,0,1
Consis,BAUFI2,2025-06-23T04:30:00Z,0,1
Consis,BAUFI2,2025-06-23T05:00:00Z,0,1
Consis,BAUFI2,2025-06-23T05:30:00Z,0,1
Consis,BAUFI2,2025-06-23T06:00:00Z,0,1
Consis,BAUFI2,2025-06-23T06:30:00Z,2.119,1
Consis,BAUFI2,2025-06-23T07:00:00Z,2.693,1
Consis,BAUFI2,2025-06-23T07:30:00Z,0,1
Consis,BAUFI2,2025-06-23T08:00:00Z,0,1
Consis,BAUFI2,2025-06-23T08:30:00Z,0,1
Consis,BAUFI2,2025-06-23T09:00:00Z,0,1
Consis,BAUFI2,2025-06-23T09:30:00Z,0,1
Consis,BAUFI2,2025-06-23T10:00:00Z,0,1
Consis,BAUFI2,2025-06-23T10:30:00Z,0,1
Consis,BAUFI2,2025-06-23T11:00:00Z,0,1
Consis,BAUFI2,2025-06-23T11:30:00Z,0,1
Consis,BAUFI2,2025-06-23T12:00:00Z,0,1
Consis,BAUFI2,2025-06-23T12:30:00Z,0,1
Consis,BAUFI2,2025-06-23T13:00:00Z,1.813,1
Consis,BAUFI2,2025-06-23T13:30:00Z,23.12,1
Consis,BAUFI2,2025-06-23T14:00:00Z,23.134,1
Consis,BAUFI2,2025-06-23T14:30:00Z,23.381,1
Consis,BAUFI2,2025-06-23T15:00:00Z,22.749,1
Consis,BAUFI2,2025-06-23T15:30:00Z,21.339,1
Consis,BAUFI2,2025-06-23T16:00:00Z,15.856,1
Consis,BAUFI2,2025-06-23T16:30:00Z,9,1
Consis,BAUFI2,2025-06-23T17:00:00Z,1.939,1
Consis,BAUFI2,2025-06-23T17:30:00Z,0,1
Consis,BAUFI2,2025-06-23T18:00:00Z,0,1
Consis,BAUFI2,2025-06-23T18:30:00Z,0,1
Consis,BAUFI2,2025-06-23T19:00:00Z,0,1
Consis,BAUFI2,2025-06-23T19:30:00Z,0,1
Consis,BAUFI2,2025-06-23T20:00:00Z,0,1
Consis,BAUFI2,2025-06-23T20:30:00Z,0,1
Consis,BAUFI2,2025-06-23T21:00:00Z,0,1
Consis,BAUFI2,2025-06-23T21:30:00Z,0,1
Consis,BAUFI2,2025-06-23T22:00:00Z,0,1
Consis,BAUFI2,2025-06-23T22:30:00Z,0,1
Consis,BAUFI2,2025-06-23T23:00:00Z,0,1
Consis,BAUFI2,2025-06-23T23:30:00Z,0,1
Consis,BAUFI2,2025-06-24T00:00:00Z,0,1
Consis,BAUFI2,2025-06-24T00:30:00Z,0,1
Consis,BAUFI2,2025-06-24T01:00:00Z,0,1
Consis,BAUFI2,2025-06-24T01:30:00Z,0,1
Consis,BAUFI2,2025-06-24T02:00:00Z,0,1
Consis,BAUFI2,2025-06-24T02:30:00Z,0,1
Consis,BAUFI2,2025-06-24T03:00:00Z,0,1
Consis,BAUFI2,2025-06-24T03:30:00Z,0,1
Consis,BAUFI2,2025-06-24T04:00:00Z,0,1
Consis,BAUFI2,2025-06-24T04:30:00Z,0,1
Consis,BAUFI2,2025-06-24T05:00:00Z,0,1
Consis,BAUFI2,2025-06-24T05:30:00Z,0,1
Consis,BAUFI2,2025-06-24T06:00:00Z,0,1
Consis,BAUFI2,2025-06-24T06:30:00Z,2.05,1
Consis,BAUFI2,2025-06-24T07:00:00Z,8.912,1
Consis,BAUFI2,2025-06-24T07:30:00Z,17.04,1
Consis,BAUFI2,2025-06-24T08:00:00Z,19.678,1
Consis,BAUFI2,2025-06-24T08:30:00Z,20.597,1
Consis,BAUFI2,2025-06-24T09:00:00Z,22.247,1
Consis,BAUFI2,2025-06-24T09:30:00Z,22.299,1
Consis,BAUFI2,2025-06-24T10:00:00Z,20.365,1
Consis,BAUFI2,2025-06-24T10:30:00Z,21.987,1
Consis,BAUFI2,2025-06-24T11:00:00Z,23.933,1
Consis,BAUFI2,2025-06-24T11:30:00Z,23.475,1
Consis,BAUFI2,2025-06-24T12:00:00Z,23.611,1
Consis,BAUFI2,2025-06-24T12:30:00Z,22.279,1
Consis,BAUFI2,2025-06-24T13:00:00Z,23.65,1
Consis,BAUFI2,2025-06-24T13:30:00Z,23.669,1
Consis,BAUFI2,2025-06-24T14:00:00Z,23.606,1
Consis,BAUFI2,2025-06-24T14:30:00Z,20.372,1
Consis,BAUFI2,2025-06-24T15:00:00Z,21.892,1
Consis,BAUFI2,2025-06-24T15:30:00Z,21.215,1
Consis,BAUFI2,2025-06-24T16:00:00Z,15.542,1
Consis,BAUFI2,2025-06-24T16:30:00Z,7.663,1
Consis,BAUFI2,2025-06-24T17:00:00Z,2.064,1
Consis,BAUFI2,2025-06-24T17:30:00Z,0,1
Consis,BAUFI2,2025-06-24T18:00:00Z,0,1
Consis,BAUFI2,2025-06-24T18:30:00Z,0,1
Consis,BAUFI2,2025-06-24T19:00:00Z,0,1
Consis,BAUFI2,2025-06-24T19:30:00Z,0,1
Consis,BAUFI2,2025-06-24T20:00:00Z,0,1
Consis,BAUFI2,2025-06-24T20:30:00Z,0,1
Consis,BAUFI2,2025-06-24T21:00:00Z,0,1
Consis,BAUFI2,2025-06-24T21:30:00Z,0,1
Consis,BAUFI2,2025-06-24T22:00:00Z,0,1
Consis,BAUFI2,2025-06-24T22:30:00Z,0,1
Consis,BAUFI2,2025-06-24T23:00:00Z,0,1
Consis,BAUFI2,2025-06-24T23:30:00Z,0,1
Consis,BAUFI2,2025-06-25T00:00:00Z,0,1
Consis,BAUFI2,2025-06-25T00:30:00Z,0,1
Consis,BAUFI2,2025-06-25T01:00:00Z,0,1
Consis,BAUFI2,2025-06-25T01:30:00Z,0,1
Consis,BAUFI2,2025-06-25T02:00:00Z,0,1
Consis,BAUFI2,2025-06-25T02:30:00Z,0,1
Consis,BAUFI2,2025-06-25T03:00:00Z,0,1
Consis,BAUFI2,2025-06-25T03:30:00Z,0,1
Consis,BAUFI2,2025-06-25T04:00:00Z,0,1
Consis,BAUFI2,2025-06-25T04:30:00Z,0,1
Consis,BAUFI2,2025-06-25T05:00:00Z,0,1
Consis,BAUFI2,2025-06-25T05:30:00Z,0,1
Consis,BAUFI2,2025-06-25T06:00:00Z,0,1
Consis,BAUFI2,2025-06-25T06:30:00Z,1.944,1
Consis,BAUFI2,2025-06-25T07:00:00Z,8.038,1
Consis,BAUFI2,2025-06-25T07:30:00Z,0.846,1
Consis,BAUFI2,2025-06-25T08:00:00Z,0,1
Consis,BAUFI2,2025-06-25T08:30:00Z,0,1
Consis,BAUFI2,2025-06-25T09:00:00Z,0,1
Consis,BAUFI2,2025-06-25T09:30:00Z,0,1
Consis,BAUFI2,2025-06-25T10:00:00Z,0,1
Consis,BAUFI2,2025-06-25T10:30:00Z,0,1
Consis,BAUFI2,2025-06-25T11:00:00Z,0,1
Consis,BAUFI2,2025-06-25T11:30:00Z,0,1
Consis,BAUFI2,2025-06-25T12:00:00Z,0,1
Consis,BAUFI2,2025-06-25T12:30:00Z,0,1
Consis,BAUFI2,2025-06-25T13:00:00Z,1.658,1
Consis,BAUFI2,2025-06-25T13:30:00Z,2.46,1
Consis,BAUFI2,2025-06-25T14:00:00Z,5.815,1
Consis,BAUFI2,2025-06-25T14:30:00Z,8.259,1
Consis,BAUFI2,2025-06-25T15:00:00Z,8.261,1
Consis,BAUFI2,2025-06-25T15:30:00Z,10.316,1
Consis,BAUFI2,2025-06-25T16:00:00Z,15.151,1
Consis,BAUFI2,2025-06-25T16:30:00Z,9.202,1
Consis,BAUFI2,2025-06-25T17:00:00Z,2.223,1
Consis,BAUFI2,2025-06-25T17:30:00Z,0,1
Consis,BAUFI2,2025-06-25T18:00:00Z,0,1
Consis,BAUFI2,2025-06-25T18:30:00Z,0,1
Consis,BAUFI2,2025-06-25T19:00:00Z,0,1
Consis,BAUFI2,2025-06-25T19:30:00Z,0,1
Consis,BAUFI2,2025-06-25T20:00:00Z,0,1
Consis,BAUFI2,2025-06-25T20:30:00Z,0,1
Consis,BAUFI2,2025-06-25T21:00:00Z,0,1
Consis,BAUFI2,2025-06-25T21:30:00Z,0,1
Consis,BAUFI2,2025-06-25T22:00:00Z,0,1
Consis,BAUFI2,2025-06-25T22:30:00Z,0,1
Consis,BAUFI2,2025-06-25T23:00:00Z,0,1
Consis,BAUFI2,2025-06-25T23:30:00Z,0,1
Consis,BAUFI2,2025-06-26T00:00:00Z,0,1
Consis,BAUFI2,2025-06-26T00:30:00Z,0,1
Consis,BAUFI2,2025-06-26T01:00:00Z,0,1
Consis,BAUFI2,2025-06-26T01:30:00Z,0,1
Consis,BAUFI2,2025-06-26T02:00:00Z,0,1
Consis,BAUFI2,2025-06-26T02:30:00Z,0,1
Consis,BAUFI2,2025-06-26T03:00:00Z,0,1
Consis,BAUFI2,2025-06-26T03:30:00Z,0,1
Consis,BAUFI2,2025-06-26T04:00:00Z,0,1
Consis,BAUFI2,2025-06-26T04:30:00Z,0,1
Consis,BAUFI2,2025-06-26T05:00:00Z,0,1
Consis,BAUFI2,2025-06-26T05:30:00Z,0,1
Consis,BAUFI2,2025-06-26T06:00:00Z,0,1
Consis,BAUFI2,2025-06-26T06:30:00Z,0.331,1
Consis,BAUFI2,2025-06-26T07:00:00Z,0,1
Consis,BAUFI2,2025-06-26T07:30:00Z,0,1
Consis,BAUFI2,2025-06-26T08:00:00Z,0,1
Consis,BAUFI2,2025-06-26T08:30:00Z,0,1
Consis,BAUFI2,2025-06-26T09:00:00Z,0,1
Consis,BAUFI2,2025-06-26T09:30:00Z,0,1
Consis,BAUFI2,2025-06-26T10:00:00Z,0,1
Consis,BAUFI2,2025-06-26T10:30:00Z,0,1
Consis,BAUFI2,2025-06-26T11:00:00Z,0.727,1
Consis,BAUFI2,2025-06-26T11:30:00Z,2.733,1
Consis,BAUFI2,2025-06-26T12:00:00Z,2.424,1
Consis,BAUFI2,2025-06-26T12:30:00Z,2.175,1
Consis,BAUFI2,2025-06-26T13:00:00Z,2.679,1
Consis,BAUFI2,2025-06-26T13:30:00Z,3.108,1
Consis,BAUFI2,2025-06-26T14:00:00Z,3.096,1
Consis,BAUFI2,2025-06-26T14:30:00Z,3.193,1
Consis,BAUFI2,2025-06-26T15:00:00Z,4.149,1
Consis,BAUFI2,2025-06-26T15:30:00Z,5.729,1
Consis,BAUFI2,2025-06-26T16:00:00Z,2.954,1
Consis,BAUFI2,2025-06-26T16:30:00Z,1.671,1
Consis,BAUFI2,2025-06-26T17:00:00Z,0.49,1
Consis,BAUFI2,2025-06-26T17:30:00Z,0,1
Consis,BAUFI2,2025-06-26T18:00:00Z,0,1
Consis,BAUFI2,2025-06-26T18:30:00Z,0,1
Consis,BAUFI2,2025-06-26T19:00:00Z,0,1
Consis,BAUFI2,2025-06-26T19:30:00Z,0,1
Consis,BAUFI2,2025-06-26T20:00:00Z,0,1
Consis,BAUFI2,2025-06-26T20:30:00Z,0,1
Consis,BAUFI2,2025-06-26T21:00:00Z,0,1
Consis,BAUFI2,2025-06-26T21:30:00Z,0,1
Consis,BAUFI2,2025-06-26T22:00:00Z,0,1
Consis,BAUFI2,2025-06-26T22:30:00Z,0,1
Consis,BAUFI2,2025-06-26T23:00:00Z,0,1
Consis,BAUFI2,2025-06-26T23:30:00Z,0,1
Consis,BAUFI2,2025-06-27T00:00:00Z,0,1
Consis,BAUFI2,2025-06-27T00:30:00Z,0,1
Consis,BAUFI2,2025-06-27T01:00:00Z,0,1
Consis,BAUFI2,2025-06-27T01:30:00Z,0,1
Consis,BAUFI2,2025-06-27T02:00:00Z,0,1
Consis,BAUFI2,2025-06-27T02:30:00Z,0,1
Consis,BAUFI2,2025-06-27T03:00:00Z,0,1
Consis,BAUFI2,2025-06-27T03:30:00Z,0,1
Consis,BAUFI2,2025-06-27T04:00:00Z,0,1
Consis,BAUFI2,2025-06-27T04:30:00Z,0,1
Consis,BAUFI2,2025-06-27T05:00:00Z,0,1
Consis,BAUFI2,2025-06-27T05:30:00Z,0,1
Consis,BAUFI2,2025-06-27T06:00:00Z,0,1
Consis,BAUFI2,2025-06-27T06:30:00Z,2.015,1
Consis,BAUFI2,2025-06-27T07:00:00Z,9.02,1
Consis,BAUFI2,2025-06-27T07:30:00Z,16.941,1
Consis,BAUFI2,2025-06-27T08:00:00Z,22.069,1
Consis,BAUFI2,2025-06-27T08:30:00Z,22.497,1
Consis,BAUFI2,2025-06-27T09:00:00Z,24.615,1
Consis,BAUFI2,2025-06-27T09:30:00Z,23.296,1
Consis,BAUFI2,2025-06-27T10:00:00Z,22.333,1
Consis,BAUFI2,2025-06-27T10:30:00Z,23.591,1
Consis,BAUFI2,2025-06-27T11:00:00Z,22.307,1
Consis,BAUFI2,2025-06-27T11:30:00Z,23.114,1
Consis,BAUFI2,2025-06-27T12:00:00Z,24.163,1
Consis,BAUFI2,2025-06-27T12:30:00Z,23.072,1
Consis,BAUFI2,2025-06-27T13:00:00Z,24.023,1
Consis,BAUFI2,2025-06-27T13:30:00Z,24.024,1
Consis,BAUFI2,2025-06-27T14:00:00Z,24.012,1
Consis,BAUFI2,2025-06-27T14:30:00Z,22.191,1
Consis,BAUFI2,2025-06-27T15:00:00Z,22.117,1
Consis,BAUFI2,2025-06-27T15:30:00Z,21.932,1
Consis,BAUFI2,2025-06-27T16:00:00Z,17.881,1
Consis,BAUFI2,2025-06-27T16:30:00Z,9.383,1
Consis,BAUFI2,2025-06-27T17:00:00Z,2.23,1
Consis,BAUFI2,2025-06-27T17:30:00Z,0.062,1
Consis,BAUFI2,2025-06-27T18:00:00Z,0,1
Consis,BAUFI2,2025-06-27T18:30:00Z,0,1
Consis,BAUFI2,2025-06-27T19:00:00Z,0,1
Consis,BAUFI2,2025-06-27T19:30:00Z,0,1
Consis,BAUFI2,2025-06-27T20:00:00Z,0,1
Consis,BAUFI2,2025-06-27T20:30:00Z,0,1
Consis,BAUFI2,2025-06-27T21:00:00Z,0,1
Consis,BAUFI2,2025-06-27T21:30:00Z,0,1
Consis,BAUFI2,2025-06-27T22:00:00Z,0,1
Consis,BAUFI2,2025-06-27T22:30:00Z,0,1
Consis,BAUFI2,2025-06-27T23:00:00Z,0,1
Consis,BAUFI2,2025-06-27T23:30:00Z,0,1
Consis,BAUFI2,2025-06-28T00:00:00Z,0,1
Consis,BAUFI2,2025-06-28T00:30:00Z,0,1
Consis,BAUFI2,2025-06-28T01:00:00Z,0,1
Consis,BAUFI2,2025-06-28T01:30:00Z,0,1
Consis,BAUFI2,2025-06-28T02:00:00Z,0,1
Consis,BAUFI2,2025-06-28T02:30:00Z,0,1
Consis,BAUFI2,2025-06-28T03:00:00Z,0,1
Consis,BAUFI2,2025-06-28T03:30:00Z,0,1
Consis,BAUFI2,2025-06-28T04:00:00Z,0,1
Consis,BAUFI2,2025-06-28T04:30:00Z,0,1
Consis,BAUFI2,2025-06-28T05:00:00Z,0,1
Consis,BAUFI2,2025-06-28T05:30:00Z,0,1
Consis,BAUFI2,2025-06-28T06:00:00Z,0.002,1
Consis,BAUFI2,2025-06-28T06:30:00Z,2.052,1
Consis,BAUFI2,2025-06-28T07:00:00Z,1.785,1
Consis,BAUFI2,2025-06-28T07:30:00Z,0.068,1
Consis,BAUFI2,2025-06-28T08:00:00Z,0.313,1
Consis,BAUFI2,2025-06-28T08:30:00Z,1.215,1
Consis,BAUFI2,2025-06-28T09:00:00Z,1.234,1
Consis,BAUFI2,2025-06-28T09:30:00Z,1.395,1
Consis,BAUFI2,2025-06-28T10:00:00Z,3.279,1
Consis,BAUFI2,2025-06-28T10:30:00Z,4.359,1
Consis,BAUFI2,2025-06-28T11:00:00Z,14.2690987845885,4
Consis,BAUFI2,2025-06-28T11:30:00Z,24.0398,1
Consis,BAUFI2,2025-06-28T12:00:00Z,13.3138603039524,4
Consis,BAUFI2,2025-06-28T12:30:00Z,25.5899,1
Consis,BAUFI2,2025-06-28T13:00:00Z,12.6108625079835,4
Consis,BAUFI2,2025-06-28T13:30:00Z,24.4906,1
Consis,BAUFI2,2025-06-28T14:00:00Z,16.1135729912387,4
Consis,BAUFI2,2025-06-28T14:30:00Z,4.258,1
Consis,BAUFI2,2025-06-28T15:00:00Z,4.17,1
Consis,BAUFI2,2025-06-28T15:30:00Z,8.015,1
Consis,BAUFI2,2025-06-28T16:00:00Z,13.244,1
Consis,BAUFI2,2025-06-28T16:30:00Z,9.662,1
Consis,BAUFI2,2025-06-28T17:00:00Z,2.582,1
Consis,BAUFI2,2025-06-28T17:30:00Z,0,1
Consis,BAUFI2,2025-06-28T18:00:00Z,0,1
Consis,BAUFI2,2025-06-28T18:30:00Z,0,1
Consis,BAUFI2,2025-06-28T19:00:00Z,0,1
Consis,BAUFI2,2025-06-28T19:30:00Z,0,1
Consis,BAUFI2,2025-06-28T20:00:00Z,0,1
Consis,BAUFI2,2025-06-28T20:30:00Z,0,1
Consis,BAUFI2,2025-06-28T21:00:00Z,0,1
Consis,BAUFI2,2025-06-28T21:30:00Z,0,1
Consis,BAUFI2,2025-06-28T22:00:00Z,0,1
Consis,BAUFI2,2025-06-28T22:30:00Z,0,1
Consis,BAUFI2,2025-06-28T23:00:00Z,0,1
Consis,BAUFI2,2025-06-28T23:30:00Z,0,1
Consis,BAUFI2,2025-06-29T00:00:00Z,0,1
Consis,BAUFI2,2025-06-29T00:30:00Z,0,1
Consis,BAUFI2,2025-06-29T01:00:00Z,0,1
Consis,BAUFI2,2025-06-29T01:30:00Z,0,1
Consis,BAUFI2,2025-06-29T02:00:00Z,0,1
Consis,BAUFI2,2025-06-29T02:30:00Z,0,1
Consis,BAUFI2,2025-06-29T03:00:00Z,0,1
Consis,BAUFI2,2025-06-29T03:30:00Z,0,1
Consis,BAUFI2,2025-06-29T04:00:00Z,0,1
Consis,BAUFI2,2025-06-29T04:30:00Z,0,1
Consis,BAUFI2,2025-06-29T05:00:00Z,0,1
Consis,BAUFI2,2025-06-29T05:30:00Z,0,1
Consis,BAUFI2,2025-06-29T06:00:00Z,0,1
Consis,BAUFI2,2025-06-29T06:30:00Z,1.768,1
Consis,BAUFI2,2025-06-29T07:00:00Z,1.433,1
Consis,BAUFI2,2025-06-29T07:30:00Z,1.101,1
Consis,BAUFI2,2025-06-29T08:00:00Z,1.469,1
Consis,BAUFI2,2025-06-29T08:30:00Z,1.906,1
Consis,BAUFI2,2025-06-29T09:00:00Z,1.849,1
Consis,BAUFI2,2025-06-29T09:30:00Z,1.826,1
Consis,BAUFI2,2025-06-29T10:00:00Z,1.751,1
Consis,BAUFI2,2025-06-29T10:30:00Z,2.438,1
Consis,BAUFI2,2025-06-29T11:00:00Z,3.243,1
Consis,BAUFI2,2025-06-29T11:30:00Z,3.189,1
Consis,BAUFI2,2025-06-29T12:00:00Z,3.218,1
Consis,BAUFI2,2025-06-29T12:30:00Z,4.316,1
Consis,BAUFI2,2025-06-29T13:00:00Z,5.062,1
Consis,BAUFI2,2025-06-29T13:30:00Z,7.338,1
Consis,BAUFI2,2025-06-29T14:00:00Z,10.151,1
Consis,BAUFI2,2025-06-29T14:30:00Z,11.526,1
Consis,BAUFI2,2025-06-29T15:00:00Z,13.044,1
Consis,BAUFI2,2025-06-29T15:30:00Z,15.865,1
Consis,BAUFI2,2025-06-29T16:00:00Z,11.223,1
Consis,BAUFI2,2025-06-29T16:30:00Z,9.829,1
Consis,BAUFI2,2025-06-29T17:00:00Z,2.426,1
Consis,BAUFI2,2025-06-29T17:30:00Z,0,1
Consis,BAUFI2,2025-06-29T18:00:00Z,0,1
Consis,BAUFI2,2025-06-29T18:30:00Z,0,1
Consis,BAUFI2,2025-06-29T19:00:00Z,0,1
Consis,BAUFI2,2025-06-29T19:30:00Z,0,1
Consis,BAUFI2,2025-06-29T20:00:00Z,0,1
Consis,BAUFI2,2025-06-29T20:30:00Z,0,1
Consis,BAUFI2,2025-06-29T21:00:00Z,0,1
Consis,BAUFI2,2025-06-29T21:30:00Z,0,1
Consis,BAUFI2,2025-06-29T22:00:00Z,0,1
Consis,BAUFI2,2025-06-29T22:30:00Z,0,1
Consis,BAUFI2,2025-06-29T23:00:00Z,0,1
Consis,BAUFI2,2025-06-29T23:30:00Z,0,1
Consis,BAUFI2,2025-06-30T00:00:00Z,0,1
Consis,BAUFI2,2025-06-30T00:30:00Z,0,1
Consis,BAUFI2,2025-06-30T01:00:00Z,0,1
Consis,BAUFI2,2025-06-30T01:30:00Z,0,1
Consis,BAUFI2,2025-06-30T02:00:00Z,0,1
Consis,BAUFI2,2025-06-30T02:30:00Z,0,1
Consis,BAUFI2,2025-06-30T03:00:00Z,0,1
Consis,BAUFI2,2025-06-30T03:30:00Z,0,1
Consis,BAUFI2,2025-06-30T04:00:00Z,0,1
Consis,BAUFI2,2025-06-30T04:30:00Z,0,1
Consis,BAUFI2,2025-06-30T05:00:00Z,0,1
Consis,BAUFI2,2025-06-30T05:30:00Z,0,1
Consis,BAUFI2,2025-06-30T06:00:00Z,0,1
Consis,BAUFI2,2025-06-30T06:30:00Z,2.133,1
Consis,BAUFI2,2025-06-30T07:00:00Z,9.637,1
Consis,BAUFI2,2025-06-30T07:30:00Z,17.829,1
Consis,BAUFI2,2025-06-30T08:00:00Z,22.585,1
Consis,BAUFI2,2025-06-30T08:30:00Z,19.833,1
Consis,BAUFI2,2025-06-30T09:00:00Z,24.634,1
Consis,BAUFI2,2025-06-30T09:30:00Z,24.853,1
Consis,BAUFI2,2025-06-30T10:00:00Z,24.764,1
Consis,BAUFI2,2025-06-30T10:30:00Z,24.571,1
Consis,BAUFI2,2025-06-30T11:00:00Z,24.44,1
Consis,BAUFI2,2025-06-30T11:30:00Z,24.434,1
Consis,BAUFI2,2025-06-30T12:00:00Z,24.425,1
Consis,BAUFI2,2025-06-30T12:30:00Z,24.464,1
Consis,BAUFI2,2025-06-30T13:00:00Z,24.461,1
Consis,BAUFI2,2025-06-30T13:30:00Z,24.169,1
Consis,BAUFI2,2025-06-30T14:00:00Z,23.926,1
Consis,BAUFI2,2025-06-30T14:30:00Z,23.884,1
Consis,BAUFI2,2025-06-30T15:00:00Z,23.273,1
Consis,BAUFI2,2025-06-30T15:30:00Z,21.879,1
Consis,BAUFI2,2025-06-30T16:00:00Z,17.701,1
Consis,BAUFI2,2025-06-30T16:30:00Z,9.722,1
Consis,BAUFI2,2025-06-30T17:00:00Z,2.401,1
Consis,BAUFI2,2025-06-30T17:30:00Z,0.162,1
Consis,BAUFI2,2025-06-30T18:00:00Z,0,1
Consis,BAUFI2,2025-06-30T18:30:00Z,0,1
Consis,BAUFI2,2025-06-30T19:00:00Z,0,1
Consis,BAUFI2,2025-06-30T19:30:00Z,0,1
Consis,BAUFI2,2025-06-30T20:00:00Z,0,1
Consis,BAUFI2,2025-06-30T20:30:00Z,0,1
Consis,BAUFI2,2025-06-30T21:00:00Z,0,1
Consis,BAUFI2,2025-06-30T21:30:00Z,0,1
Consis,BAUFI2,2025-06-30T22:00:00Z,0,1
Consis,BAUFI2,2025-06-30T22:30:00Z,0,1
Consis,BAUFI2,2025-06-30T23:00:00Z,0,1
Consis,BAUFI2,2025-06-30T23:30:00Z,0,1
Consis,BAUFI2,2025-07-01T00:00:00Z,0,1
Consis,BAUFI2,2025-07-01T00:30:00Z,0,1
Consis,BAUFI2,2025-07-01T01:00:00Z,0,1
Consis,BAUFI2,2025-07-01T01:30:00Z,0,1
Consis,BAUFI2,2025-07-01T02:00:00Z,0,1
Consis,BAUFI2,2025-07-01T02:30:00Z,0,1
Consis,BAUFI2,2025-07-01T03:00:00Z,0,1
Consis,BAUFI2,2025-07-01T03:30:00Z,0,1
Consis,BAUFI2,2025-07-01T04:00:00Z,0,1
Consis,BAUFI2,2025-07-01T04:30:00Z,0,1
Consis,BAUFI2,2025-07-01T05:00:00Z,0,1
Consis,BAUFI2,2025-07-01T05:30:00Z,0,1
Consis,BAUFI2,2025-07-01T06:00:00Z,0,1
Consis,BAUFI2,2025-07-01T06:30:00Z,1.572,1
Consis,BAUFI2,2025-07-01T07:00:00Z,8.492,1
Consis,BAUFI2,2025-07-01T07:30:00Z,16.456,1
Consis,BAUFI2,2025-07-01T08:00:00Z,18.233,1
Consis,BAUFI2,2025-07-01T08:30:00Z,22.098,1
Consis,BAUFI2,2025-07-01T09:00:00Z,21.462,1
Consis,BAUFI2,2025-07-01T09:30:00Z,22.771,1
Consis,BAUFI2,2025-07-01T10:00:00Z,23.837,1
Consis,BAUFI2,2025-07-01T10:30:00Z,23.852,1
Consis,BAUFI2,2025-07-01T11:00:00Z,23.268,1
Consis,BAUFI2,2025-07-01T11:30:00Z,23.106,1
Consis,BAUFI2,2025-07-01T12:00:00Z,23.568,1
Consis,BAUFI2,2025-07-01T12:30:00Z,22.498,1
Consis,BAUFI2,2025-07-01T13:00:00Z,23.652,1
Consis,BAUFI2,2025-07-01T13:30:00Z,22.799,1
Consis,BAUFI2,2025-07-01T14:00:00Z,14.658,1
Consis,BAUFI2,2025-07-01T14:30:00Z,17.436,1
Consis,BAUFI2,2025-07-01T15:00:00Z,14.732,1
Consis,BAUFI2,2025-07-01T15:30:00Z,6.602,1
Consis,BAUFI2,2025-07-01T16:00:00Z,5.242,1
Consis,BAUFI2,2025-07-01T16:30:00Z,1.648,1
Consis,BAUFI2,2025-07-01T17:00:00Z,1.178,1
Consis,BAUFI2,2025-07-01T17:30:00Z,0,1
Consis,BAUFI2,2025-07-01T18:00:00Z,0,1
Consis,BAUFI2,2025-07-01T18:30:00Z,0,1
Consis,BAUFI2,2025-07-01T19:00:00Z,0,1
Consis,BAUFI2,2025-07-01T19:30:00Z,0,1
Consis,BAUFI2,2025-07-01T20:00:00Z,0,1
Consis,BAUFI2,2025-07-01T20:30:00Z,0,1
Consis,BAUFI2,2025-07-01T21:00:00Z,0,1
Consis,BAUFI2,2025-07-01T21:30:00Z,0,1
Consis,BAUFI2,2025-07-01T22:00:00Z,0,1
Consis,BAUFI2,2025-07-01T22:30:00Z,0,1
Consis,BAUFI2,2025-07-01T23:00:00Z,0,1
Consis,BAUFI2,2025-07-01T23:30:00Z,0,1
Consis,BAUFI2,2025-07-02T00:00:00Z,0,1
Consis,BAUFI2,2025-07-02T00:30:00Z,0,1
Consis,BAUFI2,2025-07-02T01:00:00Z,0,1
Consis,BAUFI2,2025-07-02T01:30:00Z,0,1
Consis,BAUFI2,2025-07-02T02:00:00Z,0,1
Consis,BAUFI2,2025-07-02T02:30:00Z,0,1
Consis,BAUFI2,2025-07-02T03:00:00Z,0,1
Consis,BAUFI2,2025-07-02T03:30:00Z,0,1
Consis,BAUFI2,2025-07-02T04:00:00Z,0,1
Consis,BAUFI2,2025-07-02T04:30:00Z,0,1
Consis,BAUFI2,2025-07-02T05:00:00Z,0,1
Consis,BAUFI2,2025-07-02T05:30:00Z,0,1
Consis,BAUFI2,2025-07-02T06:00:00Z,0,1
Consis,BAUFI2,2025-07-02T06:30:00Z,1.707319,1
Consis,BAUFI2,2025-07-02T07:00:00Z,8.380131,1
Consis,BAUFI2,2025-07-02T07:30:00Z,0.548489,1
Consis,BAUFI2,2025-07-02T08:00:00Z,0,1
Consis,BAUFI2,2025-07-02T08:30:00Z,0,1
Consis,BAUFI2,2025-07-02T09:00:00Z,0,1
Consis,BAUFI2,2025-07-02T09:30:00Z,0,1
Consis,BAUFI2,2025-07-02T10:00:00Z,0.7102985,1
Consis,BAUFI2,2025-07-02T10:30:00Z,0,1
Consis,BAUFI2,2025-07-02T11:00:00Z,0,1
Consis,BAUFI2,2025-07-02T11:30:00Z,0,1
Consis,BAUFI2,2025-07-02T12:00:00Z,0,1
Consis,BAUFI2,2025-07-02T12:30:00Z,0,1
Consis,BAUFI2,2025-07-02T13:00:00Z,2.088158,1
Consis,BAUFI2,2025-07-02T13:30:00Z,6.884737,1
Consis,BAUFI2,2025-07-02T14:00:00Z,19.86339,1
Consis,BAUFI2,2025-07-02T14:30:00Z,23.54683,1
Consis,BAUFI2,2025-07-02T15:00:00Z,23.02689,1
Consis,BAUFI2,2025-07-02T15:30:00Z,21.74068,1
Consis,BAUFI2,2025-07-02T16:00:00Z,17.4623,1
Consis,BAUFI2,2025-07-02T16:30:00Z,9.544123,1
Consis,BAUFI2,2025-07-02T17:00:00Z,2.37266,1
Consis,BAUFI2,2025-07-02T17:30:00Z,0,1
Consis,BAUFI2,2025-07-02T18:00:00Z,0,1
Consis,BAUFI2,2025-07-02T18:30:00Z,0,1
Consis,BAUFI2,2025-07-02T19:00:00Z,0,1
Consis,BAUFI2,2025-07-02T19:30:00Z,0,1
Consis,BAUFI2,2025-07-02T20:00:00Z,0,1
Consis,BAUFI2,2025-07-02T20:30:00Z,0,1
Consis,BAUFI2,2025-07-02T21:00:00Z,0,1
Consis,BAUFI2,2025-07-02T21:30:00Z,0,1
Consis,BAUFI2,2025-07-02T22:00:00Z,0,1
Consis,BAUFI2,2025-07-02T22:30:00Z,0,1
Consis,BAUFI2,2025-07-02T23:00:00Z,0,1
Consis,BAUFI2,2025-07-02T23:30:00Z,0,1
Consis,BAUFI3,2025-05-19T00:00:00Z,0,1
Consis,BAUFI3,2025-05-19T00:30:00Z,0,1
Consis,BAUFI3,2025-05-19T01:00:00Z,0,1
Consis,BAUFI3,2025-05-19T01:30:00Z,0,1
Consis,BAUFI3,2025-05-19T02:00:00Z,0,1
Consis,BAUFI3,2025-05-19T02:30:00Z,0,1
Consis,BAUFI3,2025-05-19T03:00:00Z,0,1
Consis,BAUFI3,2025-05-19T03:30:00Z,0,1
Consis,BAUFI3,2025-05-19T04:00:00Z,0,1
Consis,BAUFI3,2025-05-19T04:30:00Z,0,1
Consis,BAUFI3,2025-05-19T05:00:00Z,0,1
Consis,BAUFI3,2025-05-19T05:30:00Z,0,1
Consis,BAUFI3,2025-05-19T06:00:00Z,0.348,1
Consis,BAUFI3,2025-05-19T06:30:00Z,4.2537,1
Consis,BAUFI3,2025-05-19T07:00:00Z,9.7259,1
Consis,BAUFI3,2025-05-19T07:30:00Z,16.4611,1
Consis,BAUFI3,2025-05-19T08:00:00Z,18.8425,1
Consis,BAUFI3,2025-05-19T08:30:00Z,20.9493,1
Consis,BAUFI3,2025-05-19T09:00:00Z,22.7295,1
Consis,BAUFI3,2025-05-19T09:30:00Z,23.1297,1
Consis,BAUFI3,2025-05-19T10:00:00Z,24.1492,1
Consis,BAUFI3,2025-05-19T10:30:00Z,24.9143,1
Consis,BAUFI3,2025-05-19T11:00:00Z,24.2906,1
Consis,BAUFI3,2025-05-19T11:30:00Z,23.2782,1
Consis,BAUFI3,2025-05-19T12:00:00Z,24.2074,1
Consis,BAUFI3,2025-05-19T12:30:00Z,23.7904,1
Consis,BAUFI3,2025-05-19T13:00:00Z,24.1044,1
Consis,BAUFI3,2025-05-19T13:30:00Z,24.1827,1
Consis,BAUFI3,2025-05-19T14:00:00Z,23.8318,1
Consis,BAUFI3,2025-05-19T14:30:00Z,24.5199,1
Consis,BAUFI3,2025-05-19T15:00:00Z,23.499,1
Consis,BAUFI3,2025-05-19T15:30:00Z,22.131,1
Consis,BAUFI3,2025-05-19T16:00:00Z,15.53,1
Consis,BAUFI3,2025-05-19T16:30:00Z,8.251,1
Consis,BAUFI3,2025-05-19T17:00:00Z,2.312,1
Consis,BAUFI3,2025-05-19T17:30:00Z,0.062,1
Consis,BAUFI3,2025-05-19T18:00:00Z,0,1
Consis,BAUFI3,2025-05-19T18:30:00Z,0,1
Consis,BAUFI3,2025-05-19T19:00:00Z,0,1
Consis,BAUFI3,2025-05-19T19:30:00Z,0,1
Consis,BAUFI3,2025-05-19T20:00:00Z,0,1
Consis,BAUFI3,2025-05-19T20:30:00Z,0,1
Consis,BAUFI3,2025-05-19T21:00:00Z,0,1
Consis,BAUFI3,2025-05-19T21:30:00Z,0,1
Consis,BAUFI3,2025-05-19T22:00:00Z,0,1
Consis,BAUFI3,2025-05-19T22:30:00Z,0,1
Consis,BAUFI3,2025-05-19T23:00:00Z,0,1
Consis,BAUFI3,2025-05-19T23:30:00Z,0,1
Consis,BAUFI3,2025-05-20T00:00:00Z,0,1
Consis,BAUFI3,2025-05-20T00:30:00Z,0,1
Consis,BAUFI3,2025-05-20T01:00:00Z,0,1
Consis,BAUFI3,2025-05-20T01:30:00Z,0,1
Consis,BAUFI3,2025-05-20T02:00:00Z,0,1
Consis,BAUFI3,2025-05-20T02:30:00Z,0,1
Consis,BAUFI3,2025-05-20T03:00:00Z,0,1
Consis,BAUFI3,2025-05-20T03:30:00Z,0,1
Consis,BAUFI3,2025-05-20T04:00:00Z,0,1
Consis,BAUFI3,2025-05-20T04:30:00Z,0,1
Consis,BAUFI3,2025-05-20T05:00:00Z,0,1
Consis,BAUFI3,2025-05-20T05:30:00Z,0,1
Consis,BAUFI3,2025-05-20T06:00:00Z,0.21,1
Consis,BAUFI3,2025-05-20T06:30:00Z,1.578,1
Consis,BAUFI3,2025-05-20T07:00:00Z,5.597,1
Consis,BAUFI3,2025-05-20T07:30:00Z,6.885,1
Consis,BAUFI3,2025-05-20T08:00:00Z,9.903,1
Consis,BAUFI3,2025-05-20T08:30:00Z,20.201,1
Consis,BAUFI3,2025-05-20T09:00:00Z,22.6526,1
Consis,BAUFI3,2025-05-20T09:30:00Z,23.2537,1
Consis,BAUFI3,2025-05-20T10:00:00Z,24.1658,1
Consis,BAUFI3,2025-05-20T10:30:00Z,24.9678,1
Consis,BAUFI3,2025-05-20T11:00:00Z,24.5307,1
Consis,BAUFI3,2025-05-20T11:30:00Z,23.4626,1
Consis,BAUFI3,2025-05-20T12:00:00Z,24.0679,1
Consis,BAUFI3,2025-05-20T12:30:00Z,23.8301,1
Consis,BAUFI3,2025-05-20T13:00:00Z,24.0509,1
Consis,BAUFI3,2025-05-20T13:30:00Z,24.1408,1
Consis,BAUFI3,2025-05-20T14:00:00Z,23.7401,1
Consis,BAUFI3,2025-05-20T14:30:00Z,20.955,1
Consis,BAUFI3,2025-05-20T15:00:00Z,20.162,1
Consis,BAUFI3,2025-05-20T15:30:00Z,12.48,1
Consis,BAUFI3,2025-05-20T16:00:00Z,3.672,1
Consis,BAUFI3,2025-05-20T16:30:00Z,7.03,1
Consis,BAUFI3,2025-05-20T17:00:00Z,2.144,1
Consis,BAUFI3,2025-05-20T17:30:00Z,0.033,1
Consis,BAUFI3,2025-05-20T18:00:00Z,0,1
Consis,BAUFI3,2025-05-20T18:30:00Z,0,1
Consis,BAUFI3,2025-05-20T19:00:00Z,0,1
Consis,BAUFI3,2025-05-20T19:30:00Z,0,1
Consis,BAUFI3,2025-05-20T20:00:00Z,0,1
Consis,BAUFI3,2025-05-20T20:30:00Z,0,1
Consis,BAUFI3,2025-05-20T21:00:00Z,0,1
Consis,BAUFI3,2025-05-20T21:30:00Z,0,1
Consis,BAUFI3,2025-05-20T22:00:00Z,0,1
Consis,BAUFI3,2025-05-20T22:30:00Z,0,1
Consis,BAUFI3,2025-05-20T23:00:00Z,0,1
Consis,BAUFI3,2025-05-20T23:30:00Z,0,1
Consis,BAUFI3,2025-05-21T00:00:00Z,0,1
Consis,BAUFI3,2025-05-21T00:30:00Z,0,1
Consis,BAUFI3,2025-05-21T01:00:00Z,0,1
Consis,BAUFI3,2025-05-21T01:30:00Z,0,1
Consis,BAUFI3,2025-05-21T02:00:00Z,0,1
Consis,BAUFI3,2025-05-21T02:30:00Z,0,1
Consis,BAUFI3,2025-05-21T03:00:00Z,0,1
Consis,BAUFI3,2025-05-21T03:30:00Z,0,1
Consis,BAUFI3,2025-05-21T04:00:00Z,0,1
Consis,BAUFI3,2025-05-21T04:30:00Z,0,1
Consis,BAUFI3,2025-05-21T05:00:00Z,0,1
Consis,BAUFI3,2025-05-21T05:30:00Z,0.001,1
Consis,BAUFI3,2025-05-21T06:00:00Z,0.425,1
Consis,BAUFI3,2025-05-21T06:30:00Z,4.219,1
Consis,BAUFI3,2025-05-21T07:00:00Z,11.281,1
Consis,BAUFI3,2025-05-21T07:30:00Z,17.234,1
Consis,BAUFI3,2025-05-21T08:00:00Z,21.394,1
Consis,BAUFI3,2025-05-21T08:30:00Z,22.308,1
Consis,BAUFI3,2025-05-21T09:00:00Z,23.436,1
Consis,BAUFI3,2025-05-21T09:30:00Z,,1
Consis,BAUFI3,2025-05-21T10:00:00Z,,1
Consis,BAUFI3,2025-05-21T10:30:00Z,,1
Consis,BAUFI3,2025-05-21T11:00:00Z,,1
Consis,BAUFI3,2025-05-21T11:30:00Z,,1
Consis,BAUFI3,2025-05-21T12:00:00Z,,1
Consis,BAUFI3,2025-05-21T12:30:00Z,,1
Consis,BAUFI3,2025-05-21T13:00:00Z,,1
Consis,BAUFI3,2025-05-21T13:30:00Z,,1
Consis,BAUFI3,2025-05-21T14:00:00Z,23.312,1
Consis,BAUFI3,2025-05-21T14:30:00Z,23.943,1
Consis,BAUFI3,2025-05-21T15:00:00Z,22.095,1
Consis,BAUFI3,2025-05-21T15:30:00Z,20.955,1
Consis,BAUFI3,2025-05-21T16:00:00Z,13.932,1
Consis,BAUFI3,2025-05-21T16:30:00Z,6.015,1
Consis,BAUFI3,2025-05-21T17:00:00Z,1.94,1
Consis,BAUFI3,2025-05-21T17:30:00Z,0.042,1
Consis,BAUFI3,2025-05-21T18:00:00Z,0,1
Consis,BAUFI3,2025-05-21T18:30:00Z,0,1
Consis,BAUFI3,2025-05-21T19:00:00Z,0,1
Consis,BAUFI3,2025-05-21T19:30:00Z,0,1
Consis,BAUFI3,2025-05-21T20:00:00Z,0,1
Consis,BAUFI3,2025-05-21T20:30:00Z,0,1
Consis,BAUFI3,2025-05-21T21:00:00Z,0,1
Consis,BAUFI3,2025-05-21T21:30:00Z,0,1
Consis,BAUFI3,2025-05-21T22:00:00Z,0,1
Consis,BAUFI3,2025-05-21T22:30:00Z,0,1
Consis,BAUFI3,2025-05-21T23:00:00Z,0,1
Consis,BAUFI3,2025-05-21T23:30:00Z,0,1
Consis,BAUFI3,2025-05-22T00:00:00Z,0,1
Consis,BAUFI3,2025-05-22T00:30:00Z,0,1
Consis,BAUFI3,2025-05-22T01:00:00Z,0,1
Consis,BAUFI3,2025-05-22T01:30:00Z,0,1
Consis,BAUFI3,2025-05-22T02:00:00Z,0,1
Consis,BAUFI3,2025-05-22T02:30:00Z,0,1
Consis,BAUFI3,2025-05-22T03:00:00Z,0,1
Consis,BAUFI3,2025-05-22T03:30:00Z,0,1
Consis,BAUFI3,2025-05-22T04:00:00Z,0,1
Consis,BAUFI3,2025-05-22T04:30:00Z,0,1
Consis,BAUFI3,2025-05-22T05:00:00Z,0,1
Consis,BAUFI3,2025-05-22T05:30:00Z,0,1
Consis,BAUFI3,2025-05-22T06:00:00Z,0.309,1
Consis,BAUFI3,2025-05-22T06:30:00Z,4.11,1
Consis,BAUFI3,2025-05-22T07:00:00Z,8.771,1
Consis,BAUFI3,2025-05-22T07:30:00Z,,1
Consis,BAUFI3,2025-05-22T08:00:00Z,,1
Consis,BAUFI3,2025-05-22T08:30:00Z,,1
Consis,BAUFI3,2025-05-22T09:00:00Z,,1
Consis,BAUFI3,2025-05-22T09:30:00Z,,1
Consis,BAUFI3,2025-05-22T10:00:00Z,,1
Consis,BAUFI3,2025-05-22T10:30:00Z,,1
Consis,BAUFI3,2025-05-22T11:00:00Z,,1
Consis,BAUFI3,2025-05-22T11:30:00Z,24.597,1
Consis,BAUFI3,2025-05-22T12:00:00Z,23.578,1
Consis,BAUFI3,2025-05-22T12:30:00Z,24.125,1
Consis,BAUFI3,2025-05-22T13:00:00Z,24.466,1
Consis,BAUFI3,2025-05-22T13:30:00Z,23.033,1
Consis,BAUFI3,2025-05-22T14:00:00Z,23.213,1
Consis,BAUFI3,2025-05-22T14:30:00Z,23.381,1
Consis,BAUFI3,2025-05-22T15:00:00Z,22.025,1
Consis,BAUFI3,2025-05-22T15:30:00Z,21.196,1
Consis,BAUFI3,2025-05-22T16:00:00Z,16.738,1
Consis,BAUFI3,2025-05-22T16:30:00Z,8.723,1
Consis,BAUFI3,2025-05-22T17:00:00Z,1.961,1
Consis,BAUFI3,2025-05-22T17:30:00Z,0.037,1
Consis,BAUFI3,2025-05-22T18:00:00Z,0,1
Consis,BAUFI3,2025-05-22T18:30:00Z,0,1
Consis,BAUFI3,2025-05-22T19:00:00Z,0,1
Consis,BAUFI3,2025-05-22T19:30:00Z,0,1
Consis,BAUFI3,2025-05-22T20:00:00Z,0,1
Consis,BAUFI3,2025-05-22T20:30:00Z,0,1
Consis,BAUFI3,2025-05-22T21:00:00Z,0,1
Consis,BAUFI3,2025-05-22T21:30:00Z,0,1
Consis,BAUFI3,2025-05-22T22:00:00Z,0,1
Consis,BAUFI3,2025-05-22T22:30:00Z,0,1
Consis,BAUFI3,2025-05-22T23:00:00Z,0,1
Consis,BAUFI3,2025-05-22T23:30:00Z,0,1
Consis,BAUFI3,2025-05-23T00:00:00Z,0,1
Consis,BAUFI3,2025-05-23T00:30:00Z,0,1
Consis,BAUFI3,2025-05-23T01:00:00Z,0,1
Consis,BAUFI3,2025-05-23T01:30:00Z,0,1
Consis,BAUFI3,2025-05-23T02:00:00Z,0,1
Consis,BAUFI3,2025-05-23T02:30:00Z,0,1
Consis,BAUFI3,2025-05-23T03:00:00Z,0,1
Consis,BAUFI3,2025-05-23T03:30:00Z,0,1
Consis,BAUFI3,2025-05-23T04:00:00Z,0,1
Consis,BAUFI3,2025-05-23T04:30:00Z,0,1
Consis,BAUFI3,2025-05-23T05:00:00Z,0,1
Consis,BAUFI3,2025-05-23T05:30:00Z,0,1
Consis,BAUFI3,2025-05-23T06:00:00Z,0.3,1
Consis,BAUFI3,2025-05-23T06:30:00Z,4.1101,1
Consis,BAUFI3,2025-05-23T07:00:00Z,9.6196,1
Consis,BAUFI3,2025-05-23T07:30:00Z,18.3413,1
Consis,BAUFI3,2025-05-23T08:00:00Z,20.3734,1
Consis,BAUFI3,2025-05-23T08:30:00Z,21.2319,1
Consis,BAUFI3,2025-05-23T09:00:00Z,22.6542,1
Consis,BAUFI3,2025-05-23T09:30:00Z,23.5709,1
Consis,BAUFI3,2025-05-23T10:00:00Z,24.0177,1
Consis,BAUFI3,2025-05-23T10:30:00Z,24.28,1
Consis,BAUFI3,2025-05-23T11:00:00Z,23.7754,1
Consis,BAUFI3,2025-05-23T11:30:00Z,23.0868,1
Consis,BAUFI3,2025-05-23T12:00:00Z,22.6421,1
Consis,BAUFI3,2025-05-23T12:30:00Z,22.725,1
Consis,BAUFI3,2025-05-23T13:00:00Z,22.2048,1
Consis,BAUFI3,2025-05-23T13:30:00Z,24.066,1
Consis,BAUFI3,2025-05-23T14:00:00Z,24.172,1
Consis,BAUFI3,2025-05-23T14:30:00Z,20.133,1
Consis,BAUFI3,2025-05-23T15:00:00Z,8.698,1
Consis,BAUFI3,2025-05-23T15:30:00Z,6.73,1
Consis,BAUFI3,2025-05-23T16:00:00Z,8.15,1
Consis,BAUFI3,2025-05-23T16:30:00Z,10.113,1
Consis,BAUFI3,2025-05-23T17:00:00Z,1.6,1
Consis,BAUFI3,2025-05-23T17:30:00Z,0.015,1
Consis,BAUFI3,2025-05-23T18:00:00Z,0,1
Consis,BAUFI3,2025-05-23T18:30:00Z,0,1
Consis,BAUFI3,2025-05-23T19:00:00Z,0,1
Consis,BAUFI3,2025-05-23T19:30:00Z,0,1
Consis,BAUFI3,2025-05-23T20:00:00Z,0,1
Consis,BAUFI3,2025-05-23T20:30:00Z,0,1
Consis,BAUFI3,2025-05-23T21:00:00Z,0,1
Consis,BAUFI3,2025-05-23T21:30:00Z,0,1
Consis,BAUFI3,2025-05-23T22:00:00Z,0,1
Consis,BAUFI3,2025-05-23T22:30:00Z,0,1
Consis,BAUFI3,2025-05-23T23:00:00Z,0,1
Consis,BAUFI3,2025-05-23T23:30:00Z,0,1
Consis,BAUFI3,2025-05-24T00:00:00Z,0,1
Consis,BAUFI3,2025-05-24T00:30:00Z,0,1
Consis,BAUFI3,2025-05-24T01:00:00Z,0,1
Consis,BAUFI3,2025-05-24T01:30:00Z,0,1
Consis,BAUFI3,2025-05-24T02:00:00Z,0,1
Consis,BAUFI3,2025-05-24T02:30:00Z,0,1
Consis,BAUFI3,2025-05-24T03:00:00Z,0,1
Consis,BAUFI3,2025-05-24T03:30:00Z,0,1
Consis,BAUFI3,2025-05-24T04:00:00Z,0,1
Consis,BAUFI3,2025-05-24T04:30:00Z,0,1
Consis,BAUFI3,2025-05-24T05:00:00Z,0,1
Consis,BAUFI3,2025-05-24T05:30:00Z,0,1
Consis,BAUFI3,2025-05-24T06:00:00Z,0.292,1
Consis,BAUFI3,2025-05-24T06:30:00Z,4.077,1
Consis,BAUFI3,2025-05-24T07:00:00Z,8.7331,1
Consis,BAUFI3,2025-05-24T07:30:00Z,16.1272,1
Consis,BAUFI3,2025-05-24T08:00:00Z,17.9018,1
Consis,BAUFI3,2025-05-24T08:30:00Z,19.8279,1
Consis,BAUFI3,2025-05-24T09:00:00Z,21.5401,1
Consis,BAUFI3,2025-05-24T09:30:00Z,22.7827,1
Consis,BAUFI3,2025-05-24T10:00:00Z,22.7634,1
Consis,BAUFI3,2025-05-24T10:30:00Z,23.1961,1
Consis,BAUFI3,2025-05-24T11:00:00Z,22.9925,1
Consis,BAUFI3,2025-05-24T11:30:00Z,22.5641,1
Consis,BAUFI3,2025-05-24T12:00:00Z,22.1886,1
Consis,BAUFI3,2025-05-24T12:30:00Z,22.2836,1
Consis,BAUFI3,2025-05-24T13:00:00Z,21.5765,1
Consis,BAUFI3,2025-05-24T13:30:00Z,22.3768,1
Consis,BAUFI3,2025-05-24T14:00:00Z,21.9842,1
Consis,BAUFI3,2025-05-24T14:30:00Z,21.8821,1
Consis,BAUFI3,2025-05-24T15:00:00Z,20.0189,1
Consis,BAUFI3,2025-05-24T15:30:00Z,17.9481,1
Consis,BAUFI3,2025-05-24T16:00:00Z,16.277,1
Consis,BAUFI3,2025-05-24T16:30:00Z,4.331,1
Consis,BAUFI3,2025-05-24T17:00:00Z,2.131,1
Consis,BAUFI3,2025-05-24T17:30:00Z,0.044,1
Consis,BAUFI3,2025-05-24T18:00:00Z,0,1
Consis,BAUFI3,2025-05-24T18:30:00Z,0,1
Consis,BAUFI3,2025-05-24T19:00:00Z,0,1
Consis,BAUFI3,2025-05-24T19:30:00Z,0,1
Consis,BAUFI3,2025-05-24T20:00:00Z,0,1
Consis,BAUFI3,2025-05-24T20:30:00Z,0,1
Consis,BAUFI3,2025-05-24T21:00:00Z,0,1
Consis,BAUFI3,2025-05-24T21:30:00Z,0,1
Consis,BAUFI3,2025-05-24T22:00:00Z,0,1
Consis,BAUFI3,2025-05-24T22:30:00Z,0,1
Consis,BAUFI3,2025-05-24T23:00:00Z,0,1
Consis,BAUFI3,2025-05-24T23:30:00Z,0,1
Consis,BAUFI3,2025-05-25T00:00:00Z,0,1
Consis,BAUFI3,2025-05-25T00:30:00Z,0,1
Consis,BAUFI3,2025-05-25T01:00:00Z,0,1
Consis,BAUFI3,2025-05-25T01:30:00Z,0,1
Consis,BAUFI3,2025-05-25T02:00:00Z,0,1
Consis,BAUFI3,2025-05-25T02:30:00Z,0,1
Consis,BAUFI3,2025-05-25T03:00:00Z,0,1
Consis,BAUFI3,2025-05-25T03:30:00Z,0,1
Consis,BAUFI3,2025-05-25T04:00:00Z,0,1
Consis,BAUFI3,2025-05-25T04:30:00Z,0,1
Consis,BAUFI3,2025-05-25T05:00:00Z,0,1
Consis,BAUFI3,2025-05-25T05:30:00Z,0,1
Consis,BAUFI3,2025-05-25T06:00:00Z,0.217,1
Consis,BAUFI3,2025-05-25T06:30:00Z,2.507,1
Consis,BAUFI3,2025-05-25T07:00:00Z,8.9005,1
Consis,BAUFI3,2025-05-25T07:30:00Z,16.8375,1
Consis,BAUFI3,2025-05-25T08:00:00Z,18.4452,1
Consis,BAUFI3,2025-05-25T08:30:00Z,20.3929,1
Consis,BAUFI3,2025-05-25T09:00:00Z,21.9619,1
Consis,BAUFI3,2025-05-25T09:30:00Z,22.9135,1
Consis,BAUFI3,2025-05-25T10:00:00Z,23.4238,1
Consis,BAUFI3,2025-05-25T10:30:00Z,24.1297,1
Consis,BAUFI3,2025-05-25T11:00:00Z,23.8972,1
Consis,BAUFI3,2025-05-25T11:30:00Z,23.2548,1
Consis,BAUFI3,2025-05-25T12:00:00Z,23.5892,1
Consis,BAUFI3,2025-05-25T12:30:00Z,23.6027,1
Consis,BAUFI3,2025-05-25T13:00:00Z,23.4603,1
Consis,BAUFI3,2025-05-25T13:30:00Z,23.9108,1
Consis,BAUFI3,2025-05-25T14:00:00Z,23.6744,1
Consis,BAUFI3,2025-05-25T14:30:00Z,23.9623,1
Consis,BAUFI3,2025-05-25T15:00:00Z,20.844,1
Consis,BAUFI3,2025-05-25T15:30:00Z,21.492,1
Consis,BAUFI3,2025-05-25T16:00:00Z,16.481,1
Consis,BAUFI3,2025-05-25T16:30:00Z,6.473,1
Consis,BAUFI3,2025-05-25T17:00:00Z,1.962,1
Consis,BAUFI3,2025-05-25T17:30:00Z,0.039,1
Consis,BAUFI3,2025-05-25T18:00:00Z,0,1
Consis,BAUFI3,2025-05-25T18:30:00Z,0,1
Consis,BAUFI3,2025-05-25T19:00:00Z,0,1
Consis,BAUFI3,2025-05-25T19:30:00Z,0,1
Consis,BAUFI3,2025-05-25T20:00:00Z,0,1
Consis,BAUFI3,2025-05-25T20:30:00Z,0,1
Consis,BAUFI3,2025-05-25T21:00:00Z,0,1
Consis,BAUFI3,2025-05-25T21:30:00Z,0,1
Consis,BAUFI3,2025-05-25T22:00:00Z,0,1
Consis,BAUFI3,2025-05-25T22:30:00Z,0,1
Consis,BAUFI3,2025-05-25T23:00:00Z,0,1
Consis,BAUFI3,2025-05-25T23:30:00Z,0,1
Consis,BAUFI3,2025-05-26T00:00:00Z,0,1
Consis,BAUFI3,2025-05-26T00:30:00Z,0,1
Consis,BAUFI3,2025-05-26T01:00:00Z,0,1
Consis,BAUFI3,2025-05-26T01:30:00Z,0,1
Consis,BAUFI3,2025-05-26T02:00:00Z,0,1
Consis,BAUFI3,2025-05-26T02:30:00Z,0,1
Consis,BAUFI3,2025-05-26T03:00:00Z,0,1
Consis,BAUFI3,2025-05-26T03:30:00Z,0,1
Consis,BAUFI3,2025-05-26T04:00:00Z,0,1
Consis,BAUFI3,2025-05-26T04:30:00Z,0,1
Consis,BAUFI3,2025-05-26T05:00:00Z,0,1
Consis,BAUFI3,2025-05-26T05:30:00Z,0,1
Consis,BAUFI3,2025-05-26T06:00:00Z,0.4338,1
Consis,BAUFI3,2025-05-26T06:30:00Z,3.3266,1
Consis,BAUFI3,2025-05-26T07:00:00Z,8.3797,1
Consis,BAUFI3,2025-05-26T07:30:00Z,17.1448,1
Consis,BAUFI3,2025-05-26T08:00:00Z,18.5068,1
Consis,BAUFI3,2025-05-26T08:30:00Z,20.1219,1
Consis,BAUFI3,2025-05-26T09:00:00Z,21.9311,1
Consis,BAUFI3,2025-05-26T09:30:00Z,22.6191,1
Consis,BAUFI3,2025-05-26T10:00:00Z,23.5152,1
Consis,BAUFI3,2025-05-26T10:30:00Z,24.2763,1
Consis,BAUFI3,2025-05-26T11:00:00Z,23.8336,1
Consis,BAUFI3,2025-05-26T11:30:00Z,23.1988,1
Consis,BAUFI3,2025-05-26T12:00:00Z,23.7554,1
Consis,BAUFI3,2025-05-26T12:30:00Z,23.6768,1
Consis,BAUFI3,2025-05-26T13:00:00Z,23.4606,1
Consis,BAUFI3,2025-05-26T13:30:00Z,24.0771,1
Consis,BAUFI3,2025-05-26T14:00:00Z,23.7937,1
Consis,BAUFI3,2025-05-26T14:30:00Z,23.8972,1
Consis,BAUFI3,2025-05-26T15:00:00Z,20.6513,1
Consis,BAUFI3,2025-05-26T15:30:00Z,18.1285,1
Consis,BAUFI3,2025-05-26T16:00:00Z,13.2589,1
Consis,BAUFI3,2025-05-26T16:30:00Z,7.1765,1
Consis,BAUFI3,2025-05-26T17:00:00Z,1.802,1
Consis,BAUFI3,2025-05-26T17:30:00Z,0.032,1
Consis,BAUFI3,2025-05-26T18:00:00Z,0,1
Consis,BAUFI3,2025-05-26T18:30:00Z,0,1
Consis,BAUFI3,2025-05-26T19:00:00Z,0,1
Consis,BAUFI3,2025-05-26T19:30:00Z,0,1
Consis,BAUFI3,2025-05-26T20:00:00Z,0,1
Consis,BAUFI3,2025-05-26T20:30:00Z,0,1
Consis,BAUFI3,2025-05-26T21:00:00Z,0,1
Consis,BAUFI3,2025-05-26T21:30:00Z,0,1
Consis,BAUFI3,2025-05-26T22:00:00Z,0,1
Consis,BAUFI3,2025-05-26T22:30:00Z,0,1
Consis,BAUFI3,2025-05-26T23:00:00Z,0,1
Consis,BAUFI3,2025-05-26T23:30:00Z,0,1
Consis,BAUFI3,2025-05-27T00:00:00Z,0,1
Consis,BAUFI3,2025-05-27T00:30:00Z,0,1
Consis,BAUFI3,2025-05-27T01:00:00Z,0,1
Consis,BAUFI3,2025-05-27T01:30:00Z,0,1
Consis,BAUFI3,2025-05-27T02:00:00Z,0,1
Consis,BAUFI3,2025-05-27T02:30:00Z,0,1
Consis,BAUFI3,2025-05-27T03:00:00Z,0,1
Consis,BAUFI3,2025-05-27T03:30:00Z,0,1
Consis,BAUFI3,2025-05-27T04:00:00Z,0,1
Consis,BAUFI3,2025-05-27T04:30:00Z,0,1
Consis,BAUFI3,2025-05-27T05:00:00Z,0,1
Consis,BAUFI3,2025-05-27T05:30:00Z,0,1
Consis,BAUFI3,2025-05-27T06:00:00Z,0.306,1
Consis,BAUFI3,2025-05-27T06:30:00Z,3.7735,1
Consis,BAUFI3,2025-05-27T07:00:00Z,9.1344,1
Consis,BAUFI3,2025-05-27T07:30:00Z,15.8417,1
Consis,BAUFI3,2025-05-27T08:00:00Z,17.8738,1
Consis,BAUFI3,2025-05-27T08:30:00Z,20.1369,1
Consis,BAUFI3,2025-05-27T09:00:00Z,21.9127,1
Consis,BAUFI3,2025-05-27T09:30:00Z,22.791,1
Consis,BAUFI3,2025-05-27T10:00:00Z,23.3802,1
Consis,BAUFI3,2025-05-27T10:30:00Z,23.9471,1
Consis,BAUFI3,2025-05-27T11:00:00Z,23.5739,1
Consis,BAUFI3,2025-05-27T11:30:00Z,22.8707,1
Consis,BAUFI3,2025-05-27T12:00:00Z,23.2055,1
Consis,BAUFI3,2025-05-27T12:30:00Z,22.9896,1
Consis,BAUFI3,2025-05-27T13:00:00Z,22.9788,1
Consis,BAUFI3,2025-05-27T13:30:00Z,23.1279,1
Consis,BAUFI3,2025-05-27T14:00:00Z,22.8318,1
Consis,BAUFI3,2025-05-27T14:30:00Z,22.8837,1
Consis,BAUFI3,2025-05-27T15:00:00Z,20.0696,1
Consis,BAUFI3,2025-05-27T15:30:00Z,22.422,1
Consis,BAUFI3,2025-05-27T16:00:00Z,12.968,1
Consis,BAUFI3,2025-05-27T16:30:00Z,3.666,1
Consis,BAUFI3,2025-05-27T17:00:00Z,1.865,1
Consis,BAUFI3,2025-05-27T17:30:00Z,0.022,1
Consis,BAUFI3,2025-05-27T18:00:00Z,0,1
Consis,BAUFI3,2025-05-27T18:30:00Z,0,1
Consis,BAUFI3,2025-05-27T19:00:00Z,0,1
Consis,BAUFI3,2025-05-27T19:30:00Z,0,1
Consis,BAUFI3,2025-05-27T20:00:00Z,0,1
Consis,BAUFI3,2025-05-27T20:30:00Z,0,1
Consis,BAUFI3,2025-05-27T21:00:00Z,0,1
Consis,BAUFI3,2025-05-27T21:30:00Z,0,1
Consis,BAUFI3,2025-05-27T22:00:00Z,0,1
Consis,BAUFI3,2025-05-27T22:30:00Z,0,1
Consis,BAUFI3,2025-05-27T23:00:00Z,0,1
Consis,BAUFI3,2025-05-27T23:30:00Z,0,1
Consis,BAUFI3,2025-05-28T00:00:00Z,0,1
Consis,BAUFI3,2025-05-28T00:30:00Z,0,1
Consis,BAUFI3,2025-05-28T01:00:00Z,0,1
Consis,BAUFI3,2025-05-28T01:30:00Z,0,1
Consis,BAUFI3,2025-05-28T02:00:00Z,0,1
Consis,BAUFI3,2025-05-28T02:30:00Z,0,1
Consis,BAUFI3,2025-05-28T03:00:00Z,0,1
Consis,BAUFI3,2025-05-28T03:30:00Z,0,1
Consis,BAUFI3,2025-05-28T04:00:00Z,0,1
Consis,BAUFI3,2025-05-28T04:30:00Z,0,1
Consis,BAUFI3,2025-05-28T05:00:00Z,0,1
Consis,BAUFI3,2025-05-28T05:30:00Z,0,1
Consis,BAUFI3,2025-05-28T06:00:00Z,0.242,1
Consis,BAUFI3,2025-05-28T06:30:00Z,4.0194,1
Consis,BAUFI3,2025-05-28T07:00:00Z,9.4913,1
Consis,BAUFI3,2025-05-28T07:30:00Z,18.8977,1
Consis,BAUFI3,2025-05-28T08:00:00Z,20.8488,1
Consis,BAUFI3,2025-05-28T08:30:00Z,22.0724,1
Consis,BAUFI3,2025-05-28T09:00:00Z,23.6501,1
Consis,BAUFI3,2025-05-28T09:30:00Z,23.9188,1
Consis,BAUFI3,2025-05-28T10:00:00Z,24.645,1
Consis,BAUFI3,2025-05-28T10:30:00Z,25.0968,1
Consis,BAUFI3,2025-05-28T11:00:00Z,24.4747,1
Consis,BAUFI3,2025-05-28T11:30:00Z,23.8846,1
Consis,BAUFI3,2025-05-28T12:00:00Z,24.5044,1
Consis,BAUFI3,2025-05-28T12:30:00Z,24.36,1
Consis,BAUFI3,2025-05-28T13:00:00Z,24.193,1
Consis,BAUFI3,2025-05-28T13:30:00Z,24.212,1
Consis,BAUFI3,2025-05-28T14:00:00Z,24.033,1
Consis,BAUFI3,2025-05-28T14:30:00Z,23.724,1
Consis,BAUFI3,2025-05-28T15:00:00Z,22.931,1
Consis,BAUFI3,2025-05-28T15:30:00Z,21.47,1
Consis,BAUFI3,2025-05-28T16:00:00Z,16.24,1
Consis,BAUFI3,2025-05-28T16:30:00Z,8.851,1
Consis,BAUFI3,2025-05-28T17:00:00Z,1.95,1
Consis,BAUFI3,2025-05-28T17:30:00Z,0.035,1
Consis,BAUFI3,2025-05-28T18:00:00Z,0,1
Consis,BAUFI3,2025-05-28T18:30:00Z,0,1
Consis,BAUFI3,2025-05-28T19:00:00Z,0,1
Consis,BAUFI3,2025-05-28T19:30:00Z,0,1
Consis,BAUFI3,2025-05-28T20:00:00Z,0,1
Consis,BAUFI3,2025-05-28T20:30:00Z,0,1
Consis,BAUFI3,2025-05-28T21:00:00Z,0,1
Consis,BAUFI3,2025-05-28T21:30:00Z,0,1
Consis,BAUFI3,2025-05-28T22:00:00Z,0,1
Consis,BAUFI3,2025-05-28T22:30:00Z,0,1
Consis,BAUFI3,2025-05-28T23:00:00Z,0,1
Consis,BAUFI3,2025-05-28T23:30:00Z,0,1
Consis,BAUFI3,2025-05-29T00:00:00Z,0,1
Consis,BAUFI3,2025-05-29T00:30:00Z,0,1
Consis,BAUFI3,2025-05-29T01:00:00Z,0,1
Consis,BAUFI3,2025-05-29T01:30:00Z,0,1
Consis,BAUFI3,2025-05-29T02:00:00Z,0,1
Consis,BAUFI3,2025-05-29T02:30:00Z,0,1
Consis,BAUFI3,2025-05-29T03:00:00Z,0,1
Consis,BAUFI3,2025-05-29T03:30:00Z,0,1
Consis,BAUFI3,2025-05-29T04:00:00Z,0,1
Consis,BAUFI3,2025-05-29T04:30:00Z,0,1
Consis,BAUFI3,2025-05-29T05:00:00Z,0,1
Consis,BAUFI3,2025-05-29T05:30:00Z,0,1
Consis,BAUFI3,2025-05-29T06:00:00Z,0.235,1
Consis,BAUFI3,2025-05-29T06:30:00Z,3.969,1
Consis,BAUFI3,2025-05-29T07:00:00Z,11.916,1
Consis,BAUFI3,2025-05-29T07:30:00Z,19.079,1
Consis,BAUFI3,2025-05-29T08:00:00Z,22.594,1
Consis,BAUFI3,2025-05-29T08:30:00Z,23.638,1
Consis,BAUFI3,2025-05-29T09:00:00Z,24.034,1
Consis,BAUFI3,2025-05-29T09:30:00Z,24.189,1
Consis,BAUFI3,2025-05-29T10:00:00Z,24.101,1
Consis,BAUFI3,2025-05-29T10:30:00Z,23.951,1
Consis,BAUFI3,2025-05-29T11:00:00Z,23.85,1
Consis,BAUFI3,2025-05-29T11:30:00Z,23.926,1
Consis,BAUFI3,2025-05-29T12:00:00Z,24.169,1
Consis,BAUFI3,2025-05-29T12:30:00Z,24.1,1
Consis,BAUFI3,2025-05-29T13:00:00Z,24.049,1
Consis,BAUFI3,2025-05-29T13:30:00Z,23.88,1
Consis,BAUFI3,2025-05-29T14:00:00Z,23.662,1
Consis,BAUFI3,2025-05-29T14:30:00Z,23.208,1
Consis,BAUFI3,2025-05-29T15:00:00Z,22.423,1
Consis,BAUFI3,2025-05-29T15:30:00Z,21.489,1
Consis,BAUFI3,2025-05-29T16:00:00Z,14.241,1
Consis,BAUFI3,2025-05-29T16:30:00Z,8.404,1
Consis,BAUFI3,2025-05-29T17:00:00Z,1.722,1
Consis,BAUFI3,2025-05-29T17:30:00Z,0.033,1
Consis,BAUFI3,2025-05-29T18:00:00Z,0,1
Consis,BAUFI3,2025-05-29T18:30:00Z,0,1
Consis,BAUFI3,2025-05-29T19:00:00Z,0,1
Consis,BAUFI3,2025-05-29T19:30:00Z,0,1
Consis,BAUFI3,2025-05-29T20:00:00Z,0,1
Consis,BAUFI3,2025-05-29T20:30:00Z,0,1
Consis,BAUFI3,2025-05-29T21:00:00Z,0,1
Consis,BAUFI3,2025-05-29T21:30:00Z,0,1
Consis,BAUFI3,2025-05-29T22:00:00Z,0,1
Consis,BAUFI3,2025-05-29T22:30:00Z,0,1
Consis,BAUFI3,2025-05-29T23:00:00Z,0,1
Consis,BAUFI3,2025-05-29T23:30:00Z,0,1
Consis,BAUFI3,2025-05-30T00:00:00Z,0,1
Consis,BAUFI3,2025-05-30T00:30:00Z,0,1
Consis,BAUFI3,2025-05-30T01:00:00Z,0,1
Consis,BAUFI3,2025-05-30T01:30:00Z,0,1
Consis,BAUFI3,2025-05-30T02:00:00Z,0,1
Consis,BAUFI3,2025-05-30T02:30:00Z,0,1
Consis,BAUFI3,2025-05-30T03:00:00Z,0,1
Consis,BAUFI3,2025-05-30T03:30:00Z,0,1
Consis,BAUFI3,2025-05-30T04:00:00Z,0,1
Consis,BAUFI3,2025-05-30T04:30:00Z,0,1
Consis,BAUFI3,2025-05-30T05:00:00Z,0,1
Consis,BAUFI3,2025-05-30T05:30:00Z,0,1
Consis,BAUFI3,2025-05-30T06:00:00Z,0.227,1
Consis,BAUFI3,2025-05-30T06:30:00Z,3.702,1
Consis,BAUFI3,2025-05-30T07:00:00Z,11.456,1
Consis,BAUFI3,2025-05-30T07:30:00Z,18.626,1
Consis,BAUFI3,2025-05-30T08:00:00Z,22.221,1
Consis,BAUFI3,2025-05-30T08:30:00Z,23.146,1
Consis,BAUFI3,2025-05-30T09:00:00Z,23.465,1
Consis,BAUFI3,2025-05-30T09:30:00Z,22.438,1
Consis,BAUFI3,2025-05-30T10:00:00Z,23.966,1
Consis,BAUFI3,2025-05-30T10:30:00Z,23.6986,1
Consis,BAUFI3,2025-05-30T11:00:00Z,23.3926,1
Consis,BAUFI3,2025-05-30T11:30:00Z,23.0688,1
Consis,BAUFI3,2025-05-30T12:00:00Z,22.2976,1
Consis,BAUFI3,2025-05-30T12:30:00Z,22.493,1
Consis,BAUFI3,2025-05-30T13:00:00Z,21.8739,1
Consis,BAUFI3,2025-05-30T13:30:00Z,22.5163,1
Consis,BAUFI3,2025-05-30T14:00:00Z,22.1748,1
Consis,BAUFI3,2025-05-30T14:30:00Z,22.1051,1
Consis,BAUFI3,2025-05-30T15:00:00Z,8.946,1
Consis,BAUFI3,2025-05-30T15:30:00Z,6.466,1
Consis,BAUFI3,2025-05-30T16:00:00Z,11.224,1
Consis,BAUFI3,2025-05-30T16:30:00Z,8.192,1
Consis,BAUFI3,2025-05-30T17:00:00Z,1.389,1
Consis,BAUFI3,2025-05-30T17:30:00Z,0.045,1
Consis,BAUFI3,2025-05-30T18:00:00Z,0,1
Consis,BAUFI3,2025-05-30T18:30:00Z,0,1
Consis,BAUFI3,2025-05-30T19:00:00Z,0,1
Consis,BAUFI3,2025-05-30T19:30:00Z,0,1
Consis,BAUFI3,2025-05-30T20:00:00Z,0,1
Consis,BAUFI3,2025-05-30T20:30:00Z,0,1
Consis,BAUFI3,2025-05-30T21:00:00Z,0,1
Consis,BAUFI3,2025-05-30T21:30:00Z,0,1
Consis,BAUFI3,2025-05-30T22:00:00Z,0,1
Consis,BAUFI3,2025-05-30T22:30:00Z,0,1
Consis,BAUFI3,2025-05-30T23:00:00Z,0,1
Consis,BAUFI3,2025-05-30T23:30:00Z,0,1
Consis,BAUFI3,2025-05-31T00:00:00Z,0,1
Consis,BAUFI3,2025-05-31T00:30:00Z,0,1
Consis,BAUFI3,2025-05-31T01:00:00Z,0,1
Consis,BAUFI3,2025-05-31T01:30:00Z,0,1
Consis,BAUFI3,2025-05-31T02:00:00Z,0,1
Consis,BAUFI3,2025-05-31T02:30:00Z,0,1
Consis,BAUFI3,2025-05-31T03:00:00Z,0,1
Consis,BAUFI3,2025-05-31T03:30:00Z,0,1
Consis,BAUFI3,2025-05-31T04:00:00Z,0,1
Consis,BAUFI3,2025-05-31T04:30:00Z,0,1
Consis,BAUFI3,2025-05-31T05:00:00Z,0,1
Consis,BAUFI3,2025-05-31T05:30:00Z,0,1
Consis,BAUFI3,2025-05-31T06:00:00Z,0.14,1
Consis,BAUFI3,2025-05-31T06:30:00Z,3.741,1
Consis,BAUFI3,2025-05-31T07:00:00Z,9.1313,1
Consis,BAUFI3,2025-05-31T07:30:00Z,15.3136,1
Consis,BAUFI3,2025-05-31T08:00:00Z,17.8293,1
Consis,BAUFI3,2025-05-31T08:30:00Z,18.9436,1
Consis,BAUFI3,2025-05-31T09:00:00Z,20.4144,1
Consis,BAUFI3,2025-05-31T09:30:00Z,22.4218,1
Consis,BAUFI3,2025-05-31T10:00:00Z,21.607,1
Consis,BAUFI3,2025-05-31T10:30:00Z,21.7429,1
Consis,BAUFI3,2025-05-31T11:00:00Z,21.7368,1
Consis,BAUFI3,2025-05-31T11:30:00Z,21.6746,1
Consis,BAUFI3,2025-05-31T12:00:00Z,20.0454,1
Consis,BAUFI3,2025-05-31T12:30:00Z,20.3138,1
Consis,BAUFI3,2025-05-31T13:00:00Z,19.2135,1
Consis,BAUFI3,2025-05-31T13:30:00Z,20.6665,1
Consis,BAUFI3,2025-05-31T14:00:00Z,19.3211,1
Consis,BAUFI3,2025-05-31T14:30:00Z,18.2992,1
Consis,BAUFI3,2025-05-31T15:00:00Z,18.2216,1
Consis,BAUFI3,2025-05-31T15:30:00Z,15.0113,1
Consis,BAUFI3,2025-05-31T16:00:00Z,13.672,1
Consis,BAUFI3,2025-05-31T16:30:00Z,10.089,1
Consis,BAUFI3,2025-05-31T17:00:00Z,1.786,1
Consis,BAUFI3,2025-05-31T17:30:00Z,0.013,1
Consis,BAUFI3,2025-05-31T18:00:00Z,0,1
Consis,BAUFI3,2025-05-31T18:30:00Z,0,1
Consis,BAUFI3,2025-05-31T19:00:00Z,0,1
Consis,BAUFI3,2025-05-31T19:30:00Z,0,1
Consis,BAUFI3,2025-05-31T20:00:00Z,0,1
Consis,BAUFI3,2025-05-31T20:30:00Z,0,1
Consis,BAUFI3,2025-05-31T21:00:00Z,0,1
Consis,BAUFI3,2025-05-31T21:30:00Z,0,1
Consis,BAUFI3,2025-05-31T22:00:00Z,0,1
Consis,BAUFI3,2025-05-31T22:30:00Z,0,1
Consis,BAUFI3,2025-05-31T23:00:00Z,0,1
Consis,BAUFI3,2025-05-31T23:30:00Z,0,1
Consis,BAUFI3,2025-06-01T00:00:00Z,0,1
Consis,BAUFI3,2025-06-01T00:30:00Z,0,1
Consis,BAUFI3,2025-06-01T01:00:00Z,0,1
Consis,BAUFI3,2025-06-01T01:30:00Z,0,1
Consis,BAUFI3,2025-06-01T02:00:00Z,0,1
Consis,BAUFI3,2025-06-01T02:30:00Z,0,1
Consis,BAUFI3,2025-06-01T03:00:00Z,0,1
Consis,BAUFI3,2025-06-01T03:30:00Z,0,1
Consis,BAUFI3,2025-06-01T04:00:00Z,0,1
Consis,BAUFI3,2025-06-01T04:30:00Z,0,1
Consis,BAUFI3,2025-06-01T05:00:00Z,0,1
Consis,BAUFI3,2025-06-01T05:30:00Z,0,1
Consis,BAUFI3,2025-06-01T06:00:00Z,0.385,1
Consis,BAUFI3,2025-06-01T06:30:00Z,3.6008,1
Consis,BAUFI3,2025-06-01T07:00:00Z,9.0259,1
Consis,BAUFI3,2025-06-01T07:30:00Z,14.8217,1
Consis,BAUFI3,2025-06-01T08:00:00Z,18.0588,1
Consis,BAUFI3,2025-06-01T08:30:00Z,19.7756,1
Consis,BAUFI3,2025-06-01T09:00:00Z,21.6398,1
Consis,BAUFI3,2025-06-01T09:30:00Z,23.053,1
Consis,BAUFI3,2025-06-01T10:00:00Z,23.0851,1
Consis,BAUFI3,2025-06-01T10:30:00Z,23.3464,1
Consis,BAUFI3,2025-06-01T11:00:00Z,22.9027,1
Consis,BAUFI3,2025-06-01T11:30:00Z,22.3712,1
Consis,BAUFI3,2025-06-01T12:00:00Z,21.3323,1
Consis,BAUFI3,2025-06-01T12:30:00Z,21.4551,1
Consis,BAUFI3,2025-06-01T13:00:00Z,20.9273,1
Consis,BAUFI3,2025-06-01T13:30:00Z,21.7957,1
Consis,BAUFI3,2025-06-01T14:00:00Z,21.5652,1
Consis,BAUFI3,2025-06-01T14:30:00Z,21.5328,1
Consis,BAUFI3,2025-06-01T15:00:00Z,19.9125,1
Consis,BAUFI3,2025-06-01T15:30:00Z,18.4219,1
Consis,BAUFI3,2025-06-01T16:00:00Z,14.5287,1
Consis,BAUFI3,2025-06-01T16:30:00Z,8.513,1
Consis,BAUFI3,2025-06-01T17:00:00Z,1.435,1
Consis,BAUFI3,2025-06-01T17:30:00Z,0.025,1
Consis,BAUFI3,2025-06-01T18:00:00Z,0,1
Consis,BAUFI3,2025-06-01T18:30:00Z,0,1
Consis,BAUFI3,2025-06-01T19:00:00Z,0,1
Consis,BAUFI3,2025-06-01T19:30:00Z,0,1
Consis,BAUFI3,2025-06-01T20:00:00Z,0,1
Consis,BAUFI3,2025-06-01T20:30:00Z,0,1
Consis,BAUFI3,2025-06-01T21:00:00Z,0,1
Consis,BAUFI3,2025-06-01T21:30:00Z,0,1
Consis,BAUFI3,2025-06-01T22:00:00Z,0,1
Consis,BAUFI3,2025-06-01T22:30:00Z,0,1
Consis,BAUFI3,2025-06-01T23:00:00Z,0,1
Consis,BAUFI3,2025-06-01T23:30:00Z,0,1
Consis,BAUFI3,2025-06-02T00:00:00Z,0,1
Consis,BAUFI3,2025-06-02T00:30:00Z,0,1
Consis,BAUFI3,2025-06-02T01:00:00Z,0,1
Consis,BAUFI3,2025-06-02T01:30:00Z,0,1
Consis,BAUFI3,2025-06-02T02:00:00Z,0,1
Consis,BAUFI3,2025-06-02T02:30:00Z,0,1
Consis,BAUFI3,2025-06-02T03:00:00Z,0,1
Consis,BAUFI3,2025-06-02T03:30:00Z,0,1
Consis,BAUFI3,2025-06-02T04:00:00Z,0,1
Consis,BAUFI3,2025-06-02T04:30:00Z,0,1
Consis,BAUFI3,2025-06-02T05:00:00Z,0,1
Consis,BAUFI3,2025-06-02T05:30:00Z,0,1
Consis,BAUFI3,2025-06-02T06:00:00Z,0.339,1
Consis,BAUFI3,2025-06-02T06:30:00Z,1.636,1
Consis,BAUFI3,2025-06-02T07:00:00Z,8.8122,1
Consis,BAUFI3,2025-06-02T07:30:00Z,13.1766,1
Consis,BAUFI3,2025-06-02T08:00:00Z,14.5816,1
Consis,BAUFI3,2025-06-02T08:30:00Z,11.2123,1
Consis,BAUFI3,2025-06-02T09:00:00Z,12.9911,1
Consis,BAUFI3,2025-06-02T09:30:00Z,17.1467,1
Consis,BAUFI3,2025-06-02T10:00:00Z,19.0061,1
Consis,BAUFI3,2025-06-02T10:30:00Z,20.6868,1
Consis,BAUFI3,2025-06-02T11:00:00Z,20.715,1
Consis,BAUFI3,2025-06-02T11:30:00Z,20.5038,1
Consis,BAUFI3,2025-06-02T12:00:00Z,21.4313,1
Consis,BAUFI3,2025-06-02T12:30:00Z,21.1704,1
Consis,BAUFI3,2025-06-02T13:00:00Z,20.8372,1
Consis,BAUFI3,2025-06-02T13:30:00Z,21.9359,1
Consis,BAUFI3,2025-06-02T14:00:00Z,20.975,1
Consis,BAUFI3,2025-06-02T14:30:00Z,21.471,1
Consis,BAUFI3,2025-06-02T15:00:00Z,19.5329,1
Consis,BAUFI3,2025-06-02T15:30:00Z,17.2492,1
Consis,BAUFI3,2025-06-02T16:00:00Z,12.704,1
Consis,BAUFI3,2025-06-02T16:30:00Z,5.629,1
Consis,BAUFI3,2025-06-02T17:00:00Z,1.995,1
Consis,BAUFI3,2025-06-02T17:30:00Z,0.043,1
Consis,BAUFI3,2025-06-02T18:00:00Z,0,1
Consis,BAUFI3,2025-06-02T18:30:00Z,0,1
Consis,BAUFI3,2025-06-02T19:00:00Z,0,1
Consis,BAUFI3,2025-06-02T19:30:00Z,0,1
Consis,BAUFI3,2025-06-02T20:00:00Z,0,1
Consis,BAUFI3,2025-06-02T20:30:00Z,0,1
Consis,BAUFI3,2025-06-02T21:00:00Z,0,1
Consis,BAUFI3,2025-06-02T21:30:00Z,0,1
Consis,BAUFI3,2025-06-02T22:00:00Z,0,1
Consis,BAUFI3,2025-06-02T22:30:00Z,0,1
Consis,BAUFI3,2025-06-02T23:00:00Z,0,1
Consis,BAUFI3,2025-06-02T23:30:00Z,0,1
Consis,BAUFI3,2025-06-03T00:00:00Z,0,1
Consis,BAUFI3,2025-06-03T00:30:00Z,0,1
Consis,BAUFI3,2025-06-03T01:00:00Z,0,1
Consis,BAUFI3,2025-06-03T01:30:00Z,0,1
Consis,BAUFI3,2025-06-03T02:00:00Z,0,1
Consis,BAUFI3,2025-06-03T02:30:00Z,0,1
Consis,BAUFI3,2025-06-03T03:00:00Z,0,1
Consis,BAUFI3,2025-06-03T03:30:00Z,0,1
Consis,BAUFI3,2025-06-03T04:00:00Z,0,1
Consis,BAUFI3,2025-06-03T04:30:00Z,0,1
Consis,BAUFI3,2025-06-03T05:00:00Z,0,1
Consis,BAUFI3,2025-06-03T05:30:00Z,0,1
Consis,BAUFI3,2025-06-03T06:00:00Z,0.02,1
Consis,BAUFI3,2025-06-03T06:30:00Z,2.038,1
Consis,BAUFI3,2025-06-03T07:00:00Z,0,1
Consis,BAUFI3,2025-06-03T07:30:00Z,0,1
Consis,BAUFI3,2025-06-03T08:00:00Z,0,1
Consis,BAUFI3,2025-06-03T08:30:00Z,0,1
Consis,BAUFI3,2025-06-03T09:00:00Z,0,1
Consis,BAUFI3,2025-06-03T09:30:00Z,0,1
Consis,BAUFI3,2025-06-03T10:00:00Z,0,1
Consis,BAUFI3,2025-06-03T10:30:00Z,0,1
Consis,BAUFI3,2025-06-03T11:00:00Z,0,1
Consis,BAUFI3,2025-06-03T11:30:00Z,0,1
Consis,BAUFI3,2025-06-03T12:00:00Z,0,1
Consis,BAUFI3,2025-06-03T12:30:00Z,1.711,1
Consis,BAUFI3,2025-06-03T13:00:00Z,5.298,1
Consis,BAUFI3,2025-06-03T13:30:00Z,8.21,1
Consis,BAUFI3,2025-06-03T14:00:00Z,9.525,1
Consis,BAUFI3,2025-06-03T14:30:00Z,13.199,1
Consis,BAUFI3,2025-06-03T15:00:00Z,0,1
Consis,BAUFI3,2025-06-03T15:30:00Z,4.012,1
Consis,BAUFI3,2025-06-03T16:00:00Z,9.799,1
Consis,BAUFI3,2025-06-03T16:30:00Z,6.603,1
Consis,BAUFI3,2025-06-03T17:00:00Z,1.203,1
Consis,BAUFI3,2025-06-03T17:30:00Z,0,1
Consis,BAUFI3,2025-06-03T18:00:00Z,0,2
Consis,BAUFI3,2025-06-03T18:30:00Z,0,1
Consis,BAUFI3,2025-06-03T19:00:00Z,0,2
Consis,BAUFI3,2025-06-03T19:30:00Z,0,2
Consis,BAUFI3,2025-06-03T20:00:00Z,0,2
Consis,BAUFI3,2025-06-03T20:30:00Z,0,2
Consis,BAUFI3,2025-06-03T21:00:00Z,0,2
Consis,BAUFI3,2025-06-03T21:30:00Z,0,2
Consis,BAUFI3,2025-06-03T22:00:00Z,0,1
Consis,BAUFI3,2025-06-03T22:30:00Z,0,1
Consis,BAUFI3,2025-06-03T23:00:00Z,0,1
Consis,BAUFI3,2025-06-03T23:30:00Z,0,1
Consis,BAUFI3,2025-06-04T00:00:00Z,0,1
Consis,BAUFI3,2025-06-04T00:30:00Z,0,1
Consis,BAUFI3,2025-06-04T01:00:00Z,0,1
Consis,BAUFI3,2025-06-04T01:30:00Z,0,1
Consis,BAUFI3,2025-06-04T02:00:00Z,0,1
Consis,BAUFI3,2025-06-04T02:30:00Z,0,1
Consis,BAUFI3,2025-06-04T03:00:00Z,0,1
Consis,BAUFI3,2025-06-04T03:30:00Z,0,1
Consis,BAUFI3,2025-06-04T04:00:00Z,0,1
Consis,BAUFI3,2025-06-04T04:30:00Z,0,1
Consis,BAUFI3,2025-06-04T05:00:00Z,0,1
Consis,BAUFI3,2025-06-04T05:30:00Z,0,1
Consis,BAUFI3,2025-06-04T06:00:00Z,0.042,1
Consis,BAUFI3,2025-06-04T06:30:00Z,3.292,1
Consis,BAUFI3,2025-06-04T07:00:00Z,7.693,1
Consis,BAUFI3,2025-06-04T07:30:00Z,3.476,1
Consis,BAUFI3,2025-06-04T08:00:00Z,0.293,1
Consis,BAUFI3,2025-06-04T08:30:00Z,0,1
Consis,BAUFI3,2025-06-04T09:00:00Z,0,1
Consis,BAUFI3,2025-06-04T09:30:00Z,0,1
Consis,BAUFI3,2025-06-04T10:00:00Z,0,1
Consis,BAUFI3,2025-06-04T10:30:00Z,0,1
Consis,BAUFI3,2025-06-04T11:00:00Z,0,1
Consis,BAUFI3,2025-06-04T11:30:00Z,0,1
Consis,BAUFI3,2025-06-04T12:00:00Z,1.191,1
Consis,BAUFI3,2025-06-04T12:30:00Z,3.642,1
Consis,BAUFI3,2025-06-04T13:00:00Z,7.953,1
Consis,BAUFI3,2025-06-04T13:30:00Z,15.165,1
Consis,BAUFI3,2025-06-04T14:00:00Z,19.541,1
Consis,BAUFI3,2025-06-04T14:30:00Z,21.133,1
Consis,BAUFI3,2025-06-04T15:00:00Z,15.671,1
Consis,BAUFI3,2025-06-04T15:30:00Z,9.819,1
Consis,BAUFI3,2025-06-04T16:00:00Z,13.987,1
Consis,BAUFI3,2025-06-04T16:30:00Z,7.179,1
Consis,BAUFI3,2025-06-04T17:00:00Z,1.978,1
Consis,BAUFI3,2025-06-04T17:30:00Z,0,1
Consis,BAUFI3,2025-06-04T18:00:00Z,0,1
Consis,BAUFI3,2025-06-04T18:30:00Z,0,1
Consis,BAUFI3,2025-06-04T19:00:00Z,0,1
Consis,BAUFI3,2025-06-04T19:30:00Z,0,1
Consis,BAUFI3,2025-06-04T20:00:00Z,0,1
Consis,BAUFI3,2025-06-04T20:30:00Z,0,1
Consis,BAUFI3,2025-06-04T21:00:00Z,0,1
Consis,BAUFI3,2025-06-04T21:30:00Z,0,1
Consis,BAUFI3,2025-06-04T22:00:00Z,0,1
Consis,BAUFI3,2025-06-04T22:30:00Z,0,1
Consis,BAUFI3,2025-06-04T23:00:00Z,0,1
Consis,BAUFI3,2025-06-04T23:30:00Z,0,1
Consis,BAUFI3,2025-06-05T00:00:00Z,0,1
Consis,BAUFI3,2025-06-05T00:30:00Z,0,1
Consis,BAUFI3,2025-06-05T01:00:00Z,0,1
Consis,BAUFI3,2025-06-05T01:30:00Z,0,1
Consis,BAUFI3,2025-06-05T02:00:00Z,0,1
Consis,BAUFI3,2025-06-05T02:30:00Z,0,1
Consis,BAUFI3,2025-06-05T03:00:00Z,0,1
Consis,BAUFI3,2025-06-05T03:30:00Z,0,1
Consis,BAUFI3,2025-06-05T04:00:00Z,0,1
Consis,BAUFI3,2025-06-05T04:30:00Z,0,1
Consis,BAUFI3,2025-06-05T05:00:00Z,0,1
Consis,BAUFI3,2025-06-05T05:30:00Z,0,1
Consis,BAUFI3,2025-06-05T06:00:00Z,0.104,1
Consis,BAUFI3,2025-06-05T06:30:00Z,2.898,1
Consis,BAUFI3,2025-06-05T07:00:00Z,10.695,1
Consis,BAUFI3,2025-06-05T07:30:00Z,15.868,1
Consis,BAUFI3,2025-06-05T08:00:00Z,15.863,1
Consis,BAUFI3,2025-06-05T08:30:00Z,12.28,1
Consis,BAUFI3,2025-06-05T09:00:00Z,12.036,1
Consis,BAUFI3,2025-06-05T09:30:00Z,11.773,1
Consis,BAUFI3,2025-06-05T10:00:00Z,12.137,1
Consis,BAUFI3,2025-06-05T10:30:00Z,13.273,1
Consis,BAUFI3,2025-06-05T11:00:00Z,14.255,1
Consis,BAUFI3,2025-06-05T11:30:00Z,16.897,1
Consis,BAUFI3,2025-06-05T12:00:00Z,17.376,1
Consis,BAUFI3,2025-06-05T12:30:00Z,17.974,1
Consis,BAUFI3,2025-06-05T13:00:00Z,19.978,1
Consis,BAUFI3,2025-06-05T13:30:00Z,21.541,1
Consis,BAUFI3,2025-06-05T14:00:00Z,19.472,1
Consis,BAUFI3,2025-06-05T14:30:00Z,16.927,1
Consis,BAUFI3,2025-06-05T15:00:00Z,15.969,1
Consis,BAUFI3,2025-06-05T15:30:00Z,11.966,1
Consis,BAUFI3,2025-06-05T16:00:00Z,8.755,1
Consis,BAUFI3,2025-06-05T16:30:00Z,4.462,1
Consis,BAUFI3,2025-06-05T17:00:00Z,0.976,1
Consis,BAUFI3,2025-06-05T17:30:00Z,0,1
Consis,BAUFI3,2025-06-05T18:00:00Z,0,1
Consis,BAUFI3,2025-06-05T18:30:00Z,0,1
Consis,BAUFI3,2025-06-05T19:00:00Z,0,1
Consis,BAUFI3,2025-06-05T19:30:00Z,0,1
Consis,BAUFI3,2025-06-05T20:00:00Z,0,1
Consis,BAUFI3,2025-06-05T20:30:00Z,0,1
Consis,BAUFI3,2025-06-05T21:00:00Z,0,1
Consis,BAUFI3,2025-06-05T21:30:00Z,0,1
Consis,BAUFI3,2025-06-05T22:00:00Z,0,1
Consis,BAUFI3,2025-06-05T22:30:00Z,0,1
Consis,BAUFI3,2025-06-05T23:00:00Z,0,1
Consis,BAUFI3,2025-06-05T23:30:00Z,0,1
Consis,BAUFI3,2025-06-06T00:00:00Z,0,1
Consis,BAUFI3,2025-06-06T00:30:00Z,0,1
Consis,BAUFI3,2025-06-06T01:00:00Z,0,1
Consis,BAUFI3,2025-06-06T01:30:00Z,0,1
Consis,BAUFI3,2025-06-06T02:00:00Z,0,1
Consis,BAUFI3,2025-06-06T02:30:00Z,0,1
Consis,BAUFI3,2025-06-06T03:00:00Z,0,1
Consis,BAUFI3,2025-06-06T03:30:00Z,0,1
Consis,BAUFI3,2025-06-06T04:00:00Z,0,1
Consis,BAUFI3,2025-06-06T04:30:00Z,0,1
Consis,BAUFI3,2025-06-06T05:00:00Z,0,1
Consis,BAUFI3,2025-06-06T05:30:00Z,0,1
Consis,BAUFI3,2025-06-06T06:00:00Z,0.124,1
Consis,BAUFI3,2025-06-06T06:30:00Z,0.363,1
Consis,BAUFI3,2025-06-06T07:00:00Z,0,1
Consis,BAUFI3,2025-06-06T07:30:00Z,0,1
Consis,BAUFI3,2025-06-06T08:00:00Z,0,1
Consis,BAUFI3,2025-06-06T08:30:00Z,0,1
Consis,BAUFI3,2025-06-06T09:00:00Z,0,1
Consis,BAUFI3,2025-06-06T09:30:00Z,3.272,1
Consis,BAUFI3,2025-06-06T10:00:00Z,23.995,1
Consis,BAUFI3,2025-06-06T10:30:00Z,23.848,1
Consis,BAUFI3,2025-06-06T11:00:00Z,24.062,1
Consis,BAUFI3,2025-06-06T11:30:00Z,24.019,1
Consis,BAUFI3,2025-06-06T12:00:00Z,24.254,1
Consis,BAUFI3,2025-06-06T12:30:00Z,24.097,1
Consis,BAUFI3,2025-06-06T13:00:00Z,24.182,1
Consis,BAUFI3,2025-06-06T13:30:00Z,24.311,1
Consis,BAUFI3,2025-06-06T14:00:00Z,23.262,1
Consis,BAUFI3,2025-06-06T14:30:00Z,22.621,1
Consis,BAUFI3,2025-06-06T15:00:00Z,21.62,1
Consis,BAUFI3,2025-06-06T15:30:00Z,21.165,1
Consis,BAUFI3,2025-06-06T16:00:00Z,12.052,1
Consis,BAUFI3,2025-06-06T16:30:00Z,4.682,1
Consis,BAUFI3,2025-06-06T17:00:00Z,0.963,1
Consis,BAUFI3,2025-06-06T17:30:00Z,0.037,2
Consis,BAUFI3,2025-06-06T18:00:00Z,0,1
Consis,BAUFI3,2025-06-06T18:30:00Z,0,1
Consis,BAUFI3,2025-06-06T19:00:00Z,0,1
Consis,BAUFI3,2025-06-06T19:30:00Z,0,1
Consis,BAUFI3,2025-06-06T20:00:00Z,0,1
Consis,BAUFI3,2025-06-06T20:30:00Z,0,1
Consis,BAUFI3,2025-06-06T21:00:00Z,0,1
Consis,BAUFI3,2025-06-06T21:30:00Z,0,1
Consis,BAUFI3,2025-06-06T22:00:00Z,0,1
Consis,BAUFI3,2025-06-06T22:30:00Z,0,1
Consis,BAUFI3,2025-06-06T23:00:00Z,0,1
Consis,BAUFI3,2025-06-06T23:30:00Z,0,1
Consis,BAUFI3,2025-06-07T00:00:00Z,0,1
Consis,BAUFI3,2025-06-07T00:30:00Z,0,1
Consis,BAUFI3,2025-06-07T01:00:00Z,0,1
Consis,BAUFI3,2025-06-07T01:30:00Z,0,1
Consis,BAUFI3,2025-06-07T02:00:00Z,0,1
Consis,BAUFI3,2025-06-07T02:30:00Z,0,1
Consis,BAUFI3,2025-06-07T03:00:00Z,0,1
Consis,BAUFI3,2025-06-07T03:30:00Z,0,1
Consis,BAUFI3,2025-06-07T04:00:00Z,0,1
Consis,BAUFI3,2025-06-07T04:30:00Z,0,1
Consis,BAUFI3,2025-06-07T05:00:00Z,0,1
Consis,BAUFI3,2025-06-07T05:30:00Z,0,1
Consis,BAUFI3,2025-06-07T06:00:00Z,0,1
Consis,BAUFI3,2025-06-07T06:30:00Z,2.734,1
Consis,BAUFI3,2025-06-07T07:00:00Z,11.082,1
Consis,BAUFI3,2025-06-07T07:30:00Z,5.222,1
Consis,BAUFI3,2025-06-07T08:00:00Z,0,1
Consis,BAUFI3,2025-06-07T08:30:00Z,0,1
Consis,BAUFI3,2025-06-07T09:00:00Z,0,1
Consis,BAUFI3,2025-06-07T09:30:00Z,0,1
Consis,BAUFI3,2025-06-07T10:00:00Z,0,1
Consis,BAUFI3,2025-06-07T10:30:00Z,0,1
Consis,BAUFI3,2025-06-07T11:00:00Z,0,1
Consis,BAUFI3,2025-06-07T11:30:00Z,0,1
Consis,BAUFI3,2025-06-07T12:00:00Z,0,1
Consis,BAUFI3,2025-06-07T12:30:00Z,7.182,1
Consis,BAUFI3,2025-06-07T13:00:00Z,24.117,1
Consis,BAUFI3,2025-06-07T13:30:00Z,24.211,1
Consis,BAUFI3,2025-06-07T14:00:00Z,23.983,1
Consis,BAUFI3,2025-06-07T14:30:00Z,23.661,1
Consis,BAUFI3,2025-06-07T15:00:00Z,22.974,1
Consis,BAUFI3,2025-06-07T15:30:00Z,21.719,1
Consis,BAUFI3,2025-06-07T16:00:00Z,15.558,1
Consis,BAUFI3,2025-06-07T16:30:00Z,8.254,1
Consis,BAUFI3,2025-06-07T17:00:00Z,2.146,1
Consis,BAUFI3,2025-06-07T17:30:00Z,0,1
Consis,BAUFI3,2025-06-07T18:00:00Z,0,1
Consis,BAUFI3,2025-06-07T18:30:00Z,0,1
Consis,BAUFI3,2025-06-07T19:00:00Z,0,1
Consis,BAUFI3,2025-06-07T19:30:00Z,0,1
Consis,BAUFI3,2025-06-07T20:00:00Z,0,1
Consis,BAUFI3,2025-06-07T20:30:00Z,0,1
Consis,BAUFI3,2025-06-07T21:00:00Z,0,1
Consis,BAUFI3,2025-06-07T21:30:00Z,0,1
Consis,BAUFI3,2025-06-07T22:00:00Z,0,1
Consis,BAUFI3,2025-06-07T22:30:00Z,0,1
Consis,BAUFI3,2025-06-07T23:00:00Z,0,1
Consis,BAUFI3,2025-06-07T23:30:00Z,0,1
Consis,BAUFI3,2025-06-08T00:00:00Z,0,1
Consis,BAUFI3,2025-06-08T00:30:00Z,0,1
Consis,BAUFI3,2025-06-08T01:00:00Z,0,1
Consis,BAUFI3,2025-06-08T01:30:00Z,0,1
Consis,BAUFI3,2025-06-08T02:00:00Z,0,1
Consis,BAUFI3,2025-06-08T02:30:00Z,0,1
Consis,BAUFI3,2025-06-08T03:00:00Z,0,1
Consis,BAUFI3,2025-06-08T03:30:00Z,0,1
Consis,BAUFI3,2025-06-08T04:00:00Z,0,1
Consis,BAUFI3,2025-06-08T04:30:00Z,0,1
Consis,BAUFI3,2025-06-08T05:00:00Z,0,1
Consis,BAUFI3,2025-06-08T05:30:00Z,0,1
Consis,BAUFI3,2025-06-08T06:00:00Z,0,1
Consis,BAUFI3,2025-06-08T06:30:00Z,0.357,1
Consis,BAUFI3,2025-06-08T07:00:00Z,0,1
Consis,BAUFI3,2025-06-08T07:30:00Z,0,1
Consis,BAUFI3,2025-06-08T08:00:00Z,0,1
Consis,BAUFI3,2025-06-08T08:30:00Z,0,1
Consis,BAUFI3,2025-06-08T09:00:00Z,0,1
Consis,BAUFI3,2025-06-08T09:30:00Z,0.738,1
Consis,BAUFI3,2025-06-08T10:00:00Z,5.116,1
Consis,BAUFI3,2025-06-08T10:30:00Z,7.589,1
Consis,BAUFI3,2025-06-08T11:00:00Z,10.994,1
Consis,BAUFI3,2025-06-08T11:30:00Z,12.699,1
Consis,BAUFI3,2025-06-08T12:00:00Z,13.149,1
Consis,BAUFI3,2025-06-08T12:30:00Z,13.211,1
Consis,BAUFI3,2025-06-08T13:00:00Z,13.235,1
Consis,BAUFI3,2025-06-08T13:30:00Z,13.223,1
Consis,BAUFI3,2025-06-08T14:00:00Z,13.253,1
Consis,BAUFI3,2025-06-08T14:30:00Z,15.868,1
Consis,BAUFI3,2025-06-08T15:00:00Z,21.288,1
Consis,BAUFI3,2025-06-08T15:30:00Z,21.124,1
Consis,BAUFI3,2025-06-08T16:00:00Z,16.331,1
Consis,BAUFI3,2025-06-08T16:30:00Z,6.2,1
Consis,BAUFI3,2025-06-08T17:00:00Z,2.117,1
Consis,BAUFI3,2025-06-08T17:30:00Z,0,1
Consis,BAUFI3,2025-06-08T18:00:00Z,0,1
Consis,BAUFI3,2025-06-08T18:30:00Z,0,1
Consis,BAUFI3,2025-06-08T19:00:00Z,0,1
Consis,BAUFI3,2025-06-08T19:30:00Z,0,1
Consis,BAUFI3,2025-06-08T20:00:00Z,0,1
Consis,BAUFI3,2025-06-08T20:30:00Z,0,1
Consis,BAUFI3,2025-06-08T21:00:00Z,0,1
Consis,BAUFI3,2025-06-08T21:30:00Z,0,1
Consis,BAUFI3,2025-06-08T22:00:00Z,0,1
Consis,BAUFI3,2025-06-08T22:30:00Z,0,1
Consis,BAUFI3,2025-06-08T23:00:00Z,0,1
Consis,BAUFI3,2025-06-08T23:30:00Z,0,1
Consis,BAUFI3,2025-06-09T00:00:00Z,0,1
Consis,BAUFI3,2025-06-09T00:30:00Z,0,1
Consis,BAUFI3,2025-06-09T01:00:00Z,0,1
Consis,BAUFI3,2025-06-09T01:30:00Z,0,1
Consis,BAUFI3,2025-06-09T02:00:00Z,0,1
Consis,BAUFI3,2025-06-09T02:30:00Z,0,1
Consis,BAUFI3,2025-06-09T03:00:00Z,0,1
Consis,BAUFI3,2025-06-09T03:30:00Z,0,1
Consis,BAUFI3,2025-06-09T04:00:00Z,0,1
Consis,BAUFI3,2025-06-09T04:30:00Z,0,1
Consis,BAUFI3,2025-06-09T05:00:00Z,0,1
Consis,BAUFI3,2025-06-09T05:30:00Z,0,1
Consis,BAUFI3,2025-06-09T06:00:00Z,0.068,1
Consis,BAUFI3,2025-06-09T06:30:00Z,3.345,1
Consis,BAUFI3,2025-06-09T07:00:00Z,11.525,1
Consis,BAUFI3,2025-06-09T07:30:00Z,19.218,1
Consis,BAUFI3,2025-06-09T08:00:00Z,19.349,1
Consis,BAUFI3,2025-06-09T08:30:00Z,22.038,1
Consis,BAUFI3,2025-06-09T09:00:00Z,24.047,1
Consis,BAUFI3,2025-06-09T09:30:00Z,23.573,1
Consis,BAUFI3,2025-06-09T10:00:00Z,23.458,1
Consis,BAUFI3,2025-06-09T10:30:00Z,23.333,1
Consis,BAUFI3,2025-06-09T11:00:00Z,23.454,1
Consis,BAUFI3,2025-06-09T11:30:00Z,23.668,1
Consis,BAUFI3,2025-06-09T12:00:00Z,22.82,1
Consis,BAUFI3,2025-06-09T12:30:00Z,21.441,1
Consis,BAUFI3,2025-06-09T13:00:00Z,19.467,1
Consis,BAUFI3,2025-06-09T13:30:00Z,22.192,1
Consis,BAUFI3,2025-06-09T14:00:00Z,17.822,1
Consis,BAUFI3,2025-06-09T14:30:00Z,22.744,1
Consis,BAUFI3,2025-06-09T15:00:00Z,22.509,1
Consis,BAUFI3,2025-06-09T15:30:00Z,20.984,1
Consis,BAUFI3,2025-06-09T16:00:00Z,16.097,1
Consis,BAUFI3,2025-06-09T16:30:00Z,8.684,1
Consis,BAUFI3,2025-06-09T17:00:00Z,1.979,1
Consis,BAUFI3,2025-06-09T17:30:00Z,0,1
Consis,BAUFI3,2025-06-09T18:00:00Z,0,1
Consis,BAUFI3,2025-06-09T18:30:00Z,0,1
Consis,BAUFI3,2025-06-09T19:00:00Z,0,1
Consis,BAUFI3,2025-06-09T19:30:00Z,0,1
Consis,BAUFI3,2025-06-09T20:00:00Z,0,1
Consis,BAUFI3,2025-06-09T20:30:00Z,0,1
Consis,BAUFI3,2025-06-09T21:00:00Z,0,1
Consis,BAUFI3,2025-06-09T21:30:00Z,0,1
Consis,BAUFI3,2025-06-09T22:00:00Z,0,1
Consis,BAUFI3,2025-06-09T22:30:00Z,0,1
Consis,BAUFI3,2025-06-09T23:00:00Z,0,1
Consis,BAUFI3,2025-06-09T23:30:00Z,0,1
Consis,BAUFI3,2025-06-10T00:00:00Z,0,1
Consis,BAUFI3,2025-06-10T00:30:00Z,0,1
Consis,BAUFI3,2025-06-10T01:00:00Z,0,1
Consis,BAUFI3,2025-06-10T01:30:00Z,0,1
Consis,BAUFI3,2025-06-10T02:00:00Z,0,1
Consis,BAUFI3,2025-06-10T02:30:00Z,0,1
Consis,BAUFI3,2025-06-10T03:00:00Z,0,1
Consis,BAUFI3,2025-06-10T03:30:00Z,0,1
Consis,BAUFI3,2025-06-10T04:00:00Z,0,1
Consis,BAUFI3,2025-06-10T04:30:00Z,0,1
Consis,BAUFI3,2025-06-10T05:00:00Z,0,1
Consis,BAUFI3,2025-06-10T05:30:00Z,0,1
Consis,BAUFI3,2025-06-10T06:00:00Z,0.001,1
Consis,BAUFI3,2025-06-10T06:30:00Z,2.841,1
Consis,BAUFI3,2025-06-10T07:00:00Z,10.391,1
Consis,BAUFI3,2025-06-10T07:30:00Z,18.107,1
Consis,BAUFI3,2025-06-10T08:00:00Z,21.884,1
Consis,BAUFI3,2025-06-10T08:30:00Z,22.744,1
Consis,BAUFI3,2025-06-10T09:00:00Z,23.218,1
Consis,BAUFI3,2025-06-10T09:30:00Z,23.384,1
Consis,BAUFI3,2025-06-10T10:00:00Z,22.847,1
Consis,BAUFI3,2025-06-10T10:30:00Z,22.384,1
Consis,BAUFI3,2025-06-10T11:00:00Z,20.562,1
Consis,BAUFI3,2025-06-10T11:30:00Z,16.355,1
Consis,BAUFI3,2025-06-10T12:00:00Z,22.992,1
Consis,BAUFI3,2025-06-10T12:30:00Z,23.427,1
Consis,BAUFI3,2025-06-10T13:00:00Z,21.723,1
Consis,BAUFI3,2025-06-10T13:30:00Z,22.715,1
Consis,BAUFI3,2025-06-10T14:00:00Z,23.253,1
Consis,BAUFI3,2025-06-10T14:30:00Z,22.991,1
Consis,BAUFI3,2025-06-10T15:00:00Z,22.341,1
Consis,BAUFI3,2025-06-10T15:30:00Z,20.858,1
Consis,BAUFI3,2025-06-10T16:00:00Z,16.024,1
Consis,BAUFI3,2025-06-10T16:30:00Z,8.784,1
Consis,BAUFI3,2025-06-10T17:00:00Z,1.922,1
Consis,BAUFI3,2025-06-10T17:30:00Z,0,1
Consis,BAUFI3,2025-06-10T18:00:00Z,0,1
Consis,BAUFI3,2025-06-10T18:30:00Z,0,1
Consis,BAUFI3,2025-06-10T19:00:00Z,0,1
Consis,BAUFI3,2025-06-10T19:30:00Z,0,1
Consis,BAUFI3,2025-06-10T20:00:00Z,0,1
Consis,BAUFI3,2025-06-10T20:30:00Z,0,1
Consis,BAUFI3,2025-06-10T21:00:00Z,0,2
Consis,BAUFI3,2025-06-10T21:30:00Z,0,2
Consis,BAUFI3,2025-06-10T22:00:00Z,0,2
Consis,BAUFI3,2025-06-10T22:30:00Z,0,2
Consis,BAUFI3,2025-06-10T23:00:00Z,0,1
Consis,BAUFI3,2025-06-10T23:30:00Z,0,1
Consis,BAUFI3,2025-06-11T00:00:00Z,0,1
Consis,BAUFI3,2025-06-11T00:30:00Z,0,1
Consis,BAUFI3,2025-06-11T01:00:00Z,0,1
Consis,BAUFI3,2025-06-11T01:30:00Z,0,1
Consis,BAUFI3,2025-06-11T02:00:00Z,0,1
Consis,BAUFI3,2025-06-11T02:30:00Z,0,1
Consis,BAUFI3,2025-06-11T03:00:00Z,0,1
Consis,BAUFI3,2025-06-11T03:30:00Z,0,1
Consis,BAUFI3,2025-06-11T04:00:00Z,0,1
Consis,BAUFI3,2025-06-11T04:30:00Z,0,1
Consis,BAUFI3,2025-06-11T05:00:00Z,0,1
Consis,BAUFI3,2025-06-11T05:30:00Z,0,1
Consis,BAUFI3,2025-06-11T06:00:00Z,0.082,1
Consis,BAUFI3,2025-06-11T06:30:00Z,2.924,1
Consis,BAUFI3,2025-06-11T07:00:00Z,8.834,1
Consis,BAUFI3,2025-06-11T07:30:00Z,14.87,1
Consis,BAUFI3,2025-06-11T08:00:00Z,20.037,1
Consis,BAUFI3,2025-06-11T08:30:00Z,21.924,1
Consis,BAUFI3,2025-06-11T09:00:00Z,21.855,1
Consis,BAUFI3,2025-06-11T09:30:00Z,22.111,1
Consis,BAUFI3,2025-06-11T10:00:00Z,23.002,1
Consis,BAUFI3,2025-06-11T10:30:00Z,22.617,1
Consis,BAUFI3,2025-06-11T11:00:00Z,21.733,1
Consis,BAUFI3,2025-06-11T11:30:00Z,23.454,1
Consis,BAUFI3,2025-06-11T12:00:00Z,21.761,1
Consis,BAUFI3,2025-06-11T12:30:00Z,23.128,1
Consis,BAUFI3,2025-06-11T13:00:00Z,23.75,1
Consis,BAUFI3,2025-06-11T13:30:00Z,24.551,1
Consis,BAUFI3,2025-06-11T14:00:00Z,21.488,1
Consis,BAUFI3,2025-06-11T14:30:00Z,15.711,1
Consis,BAUFI3,2025-06-11T15:00:00Z,11.757,1
Consis,BAUFI3,2025-06-11T15:30:00Z,2.784,1
Consis,BAUFI3,2025-06-11T16:00:00Z,2.792,1
Consis,BAUFI3,2025-06-11T16:30:00Z,2.993,1
Consis,BAUFI3,2025-06-11T17:00:00Z,1.675,1
Consis,BAUFI3,2025-06-11T17:30:00Z,0,1
Consis,BAUFI3,2025-06-11T18:00:00Z,0,1
Consis,BAUFI3,2025-06-11T18:30:00Z,0,1
Consis,BAUFI3,2025-06-11T19:00:00Z,0,1
Consis,BAUFI3,2025-06-11T19:30:00Z,0,1
Consis,BAUFI3,2025-06-11T20:00:00Z,0,1
Consis,BAUFI3,2025-06-11T20:30:00Z,0,1
Consis,BAUFI3,2025-06-11T21:00:00Z,0,1
Consis,BAUFI3,2025-06-11T21:30:00Z,0,1
Consis,BAUFI3,2025-06-11T22:00:00Z,0,1
Consis,BAUFI3,2025-06-11T22:30:00Z,0,1
Consis,BAUFI3,2025-06-11T23:00:00Z,0,1
Consis,BAUFI3,2025-06-11T23:30:00Z,0,1
Consis,BAUFI3,2025-06-12T00:00:00Z,0,1
Consis,BAUFI3,2025-06-12T00:30:00Z,0,1
Consis,BAUFI3,2025-06-12T01:00:00Z,0,1
Consis,BAUFI3,2025-06-12T01:30:00Z,0,1
Consis,BAUFI3,2025-06-12T02:00:00Z,0,1
Consis,BAUFI3,2025-06-12T02:30:00Z,0,1
Consis,BAUFI3,2025-06-12T03:00:00Z,0,1
Consis,BAUFI3,2025-06-12T03:30:00Z,0,1
Consis,BAUFI3,2025-06-12T04:00:00Z,0,1
Consis,BAUFI3,2025-06-12T04:30:00Z,0,1
Consis,BAUFI3,2025-06-12T05:00:00Z,0,1
Consis,BAUFI3,2025-06-12T05:30:00Z,0,1
Consis,BAUFI3,2025-06-12T06:00:00Z,0,1
Consis,BAUFI3,2025-06-12T06:30:00Z,2.552,1
Consis,BAUFI3,2025-06-12T07:00:00Z,4.392,1
Consis,BAUFI3,2025-06-12T07:30:00Z,5.416,1
Consis,BAUFI3,2025-06-12T08:00:00Z,20.537,1
Consis,BAUFI3,2025-06-12T08:30:00Z,20.514,1
Consis,BAUFI3,2025-06-12T09:00:00Z,19.574,1
Consis,BAUFI3,2025-06-12T09:30:00Z,20.026,1
Consis,BAUFI3,2025-06-12T10:00:00Z,8.65,1
Consis,BAUFI3,2025-06-12T10:30:00Z,2.738,1
Consis,BAUFI3,2025-06-12T11:00:00Z,2.97,1
Consis,BAUFI3,2025-06-12T11:30:00Z,2.98,1
Consis,BAUFI3,2025-06-12T12:00:00Z,2.976,1
Consis,BAUFI3,2025-06-12T12:30:00Z,14.397,1
Consis,BAUFI3,2025-06-12T13:00:00Z,21.694,1
Consis,BAUFI3,2025-06-12T13:30:00Z,20.195,1
Consis,BAUFI3,2025-06-12T14:00:00Z,15.731,1
Consis,BAUFI3,2025-06-12T14:30:00Z,17.102,1
Consis,BAUFI3,2025-06-12T15:00:00Z,9.578,1
Consis,BAUFI3,2025-06-12T15:30:00Z,3.465,1
Consis,BAUFI3,2025-06-12T16:00:00Z,3.944,1
Consis,BAUFI3,2025-06-12T16:30:00Z,2.298,1
Consis,BAUFI3,2025-06-12T17:00:00Z,1.554,1
Consis,BAUFI3,2025-06-12T17:30:00Z,0,1
Consis,BAUFI3,2025-06-12T18:00:00Z,0,1
Consis,BAUFI3,2025-06-12T18:30:00Z,0,1
Consis,BAUFI3,2025-06-12T19:00:00Z,0,1
Consis,BAUFI3,2025-06-12T19:30:00Z,0,1
Consis,BAUFI3,2025-06-12T20:00:00Z,0,1
Consis,BAUFI3,2025-06-12T20:30:00Z,0,1
Consis,BAUFI3,2025-06-12T21:00:00Z,0,1
Consis,BAUFI3,2025-06-12T21:30:00Z,0,1
Consis,BAUFI3,2025-06-12T22:00:00Z,0,1
Consis,BAUFI3,2025-06-12T22:30:00Z,0,1
Consis,BAUFI3,2025-06-12T23:00:00Z,0,1
Consis,BAUFI3,2025-06-12T23:30:00Z,0,1
Consis,BAUFI3,2025-06-13T00:00:00Z,0,1
Consis,BAUFI3,2025-06-13T00:30:00Z,0,1
Consis,BAUFI3,2025-06-13T01:00:00Z,0,1
Consis,BAUFI3,2025-06-13T01:30:00Z,0,1
Consis,BAUFI3,2025-06-13T02:00:00Z,0,1
Consis,BAUFI3,2025-06-13T02:30:00Z,0,1
Consis,BAUFI3,2025-06-13T03:00:00Z,0,1
Consis,BAUFI3,2025-06-13T03:30:00Z,0,1
Consis,BAUFI3,2025-06-13T04:00:00Z,0,1
Consis,BAUFI3,2025-06-13T04:30:00Z,0,1
Consis,BAUFI3,2025-06-13T05:00:00Z,0,1
Consis,BAUFI3,2025-06-13T05:30:00Z,0,1
Consis,BAUFI3,2025-06-13T06:00:00Z,0,1
Consis,BAUFI3,2025-06-13T06:30:00Z,2.184,1
Consis,BAUFI3,2025-06-13T07:00:00Z,1.602,1
Consis,BAUFI3,2025-06-13T07:30:00Z,1.24,1
Consis,BAUFI3,2025-06-13T08:00:00Z,1.117,1
Consis,BAUFI3,2025-06-13T08:30:00Z,1.083,1
Consis,BAUFI3,2025-06-13T09:00:00Z,0.844,1
Consis,BAUFI3,2025-06-13T09:30:00Z,0,1
Consis,BAUFI3,2025-06-13T10:00:00Z,0.514,1
Consis,BAUFI3,2025-06-13T10:30:00Z,1.097,1
Consis,BAUFI3,2025-06-13T11:00:00Z,1.082,1
Consis,BAUFI3,2025-06-13T11:30:00Z,1.073,1
Consis,BAUFI3,2025-06-13T12:00:00Z,1.078,1
Consis,BAUFI3,2025-06-13T12:30:00Z,1.081,1
Consis,BAUFI3,2025-06-13T13:00:00Z,4.236,1
Consis,BAUFI3,2025-06-13T13:30:00Z,7.834,1
Consis,BAUFI3,2025-06-13T14:00:00Z,14.981,1
Consis,BAUFI3,2025-06-13T14:30:00Z,22.333,1
Consis,BAUFI3,2025-06-13T15:00:00Z,21.778,1
Consis,BAUFI3,2025-06-13T15:30:00Z,19.311,1
Consis,BAUFI3,2025-06-13T16:00:00Z,14.521,1
Consis,BAUFI3,2025-06-13T16:30:00Z,6.796,1
Consis,BAUFI3,2025-06-13T17:00:00Z,1.911,1
Consis,BAUFI3,2025-06-13T17:30:00Z,0,1
Consis,BAUFI3,2025-06-13T18:00:00Z,0,1
Consis,BAUFI3,2025-06-13T18:30:00Z,0,1
Consis,BAUFI3,2025-06-13T19:00:00Z,0,1
Consis,BAUFI3,2025-06-13T19:30:00Z,0,1
Consis,BAUFI3,2025-06-13T20:00:00Z,0,1
Consis,BAUFI3,2025-06-13T20:30:00Z,0,1
Consis,BAUFI3,2025-06-13T21:00:00Z,0,1
Consis,BAUFI3,2025-06-13T21:30:00Z,0,1
Consis,BAUFI3,2025-06-13T22:00:00Z,0,1
Consis,BAUFI3,2025-06-13T22:30:00Z,0,1
Consis,BAUFI3,2025-06-13T23:00:00Z,0,1
Consis,BAUFI3,2025-06-13T23:30:00Z,0,1
Consis,BAUFI3,2025-06-14T00:00:00Z,0,1
Consis,BAUFI3,2025-06-14T00:30:00Z,0,1
Consis,BAUFI3,2025-06-14T01:00:00Z,0,1
Consis,BAUFI3,2025-06-14T01:30:00Z,0,1
Consis,BAUFI3,2025-06-14T02:00:00Z,0,1
Consis,BAUFI3,2025-06-14T02:30:00Z,0,1
Consis,BAUFI3,2025-06-14T03:00:00Z,0,1
Consis,BAUFI3,2025-06-14T03:30:00Z,0,1
Consis,BAUFI3,2025-06-14T04:00:00Z,0,1
Consis,BAUFI3,2025-06-14T04:30:00Z,0,1
Consis,BAUFI3,2025-06-14T05:00:00Z,0,1
Consis,BAUFI3,2025-06-14T05:30:00Z,0,1
Consis,BAUFI3,2025-06-14T06:00:00Z,0,1
Consis,BAUFI3,2025-06-14T06:30:00Z,0,1
Consis,BAUFI3,2025-06-14T07:00:00Z,0,1
Consis,BAUFI3,2025-06-14T07:30:00Z,0,1
Consis,BAUFI3,2025-06-14T08:00:00Z,0,1
Consis,BAUFI3,2025-06-14T08:30:00Z,0,1
Consis,BAUFI3,2025-06-14T09:00:00Z,0,1
Consis,BAUFI3,2025-06-14T09:30:00Z,0,1
Consis,BAUFI3,2025-06-14T10:00:00Z,0,1
Consis,BAUFI3,2025-06-14T10:30:00Z,0,1
Consis,BAUFI3,2025-06-14T11:00:00Z,0,1
Consis,BAUFI3,2025-06-14T11:30:00Z,2.445,1
Consis,BAUFI3,2025-06-14T12:00:00Z,3.159,1
Consis,BAUFI3,2025-06-14T12:30:00Z,3.183,1
Consis,BAUFI3,2025-06-14T13:00:00Z,4.689,1
Consis,BAUFI3,2025-06-14T13:30:00Z,7.055,1
Consis,BAUFI3,2025-06-14T14:00:00Z,7.063,1
Consis,BAUFI3,2025-06-14T14:30:00Z,13.923,1
Consis,BAUFI3,2025-06-14T15:00:00Z,17.811,1
Consis,BAUFI3,2025-06-14T15:30:00Z,19.081,1
Consis,BAUFI3,2025-06-14T16:00:00Z,14.667,1
Consis,BAUFI3,2025-06-14T16:30:00Z,8.953,1
Consis,BAUFI3,2025-06-14T17:00:00Z,2.048,1
Consis,BAUFI3,2025-06-14T17:30:00Z,0,1
Consis,BAUFI3,2025-06-14T18:00:00Z,0,1
Consis,BAUFI3,2025-06-14T18:30:00Z,0,1
Consis,BAUFI3,2025-06-14T19:00:00Z,0,1
Consis,BAUFI3,2025-06-14T19:30:00Z,0,1
Consis,BAUFI3,2025-06-14T20:00:00Z,0,1
Consis,BAUFI3,2025-06-14T20:30:00Z,0,1
Consis,BAUFI3,2025-06-14T21:00:00Z,0,1
Consis,BAUFI3,2025-06-14T21:30:00Z,0,1
Consis,BAUFI3,2025-06-14T22:00:00Z,0,1
Consis,BAUFI3,2025-06-14T22:30:00Z,0,1
Consis,BAUFI3,2025-06-14T23:00:00Z,0,1
Consis,BAUFI3,2025-06-14T23:30:00Z,0,1
Consis,BAUFI3,2025-06-15T00:00:00Z,0,1
Consis,BAUFI3,2025-06-15T00:30:00Z,0,1
Consis,BAUFI3,2025-06-15T01:00:00Z,0,1
Consis,BAUFI3,2025-06-15T01:30:00Z,0,1
Consis,BAUFI3,2025-06-15T02:00:00Z,0,1
Consis,BAUFI3,2025-06-15T02:30:00Z,0,1
Consis,BAUFI3,2025-06-15T03:00:00Z,0,1
Consis,BAUFI3,2025-06-15T03:30:00Z,0,1
Consis,BAUFI3,2025-06-15T04:00:00Z,0,1
Consis,BAUFI3,2025-06-15T04:30:00Z,0,1
Consis,BAUFI3,2025-06-15T05:00:00Z,0,1
Consis,BAUFI3,2025-06-15T05:30:00Z,0,1
Consis,BAUFI3,2025-06-15T06:00:00Z,0,1
Consis,BAUFI3,2025-06-15T06:30:00Z,2.556,1
Consis,BAUFI3,2025-06-15T07:00:00Z,3.455,1
Consis,BAUFI3,2025-06-15T07:30:00Z,3.413,1
Consis,BAUFI3,2025-06-15T08:00:00Z,3.802,1
Consis,BAUFI3,2025-06-15T08:30:00Z,5.552,1
Consis,BAUFI3,2025-06-15T09:00:00Z,5.37,1
Consis,BAUFI3,2025-06-15T09:30:00Z,5.406,1
Consis,BAUFI3,2025-06-15T10:00:00Z,5.441,1
Consis,BAUFI3,2025-06-15T10:30:00Z,5.503,1
Consis,BAUFI3,2025-06-15T11:00:00Z,6.115,1
Consis,BAUFI3,2025-06-15T11:30:00Z,7.63,1
Consis,BAUFI3,2025-06-15T12:00:00Z,7.662,1
Consis,BAUFI3,2025-06-15T12:30:00Z,8.4,1
Consis,BAUFI3,2025-06-15T13:00:00Z,10.309,1
Consis,BAUFI3,2025-06-15T13:30:00Z,11.421,1
Consis,BAUFI3,2025-06-15T14:00:00Z,13.503,1
Consis,BAUFI3,2025-06-15T14:30:00Z,21.34,1
Consis,BAUFI3,2025-06-15T15:00:00Z,23.284,1
Consis,BAUFI3,2025-06-15T15:30:00Z,18.848,1
Consis,BAUFI3,2025-06-15T16:00:00Z,4.135,1
Consis,BAUFI3,2025-06-15T16:30:00Z,2.589,1
Consis,BAUFI3,2025-06-15T17:00:00Z,1.392,1
Consis,BAUFI3,2025-06-15T17:30:00Z,0,1
Consis,BAUFI3,2025-06-15T18:00:00Z,0,1
Consis,BAUFI3,2025-06-15T18:30:00Z,0,1
Consis,BAUFI3,2025-06-15T19:00:00Z,0,1
Consis,BAUFI3,2025-06-15T19:30:00Z,0,1
Consis,BAUFI3,2025-06-15T20:00:00Z,0,1
Consis,BAUFI3,2025-06-15T20:30:00Z,0,1
Consis,BAUFI3,2025-06-15T21:00:00Z,0,1
Consis,BAUFI3,2025-06-15T21:30:00Z,0,1
Consis,BAUFI3,2025-06-15T22:00:00Z,0,1
Consis,BAUFI3,2025-06-15T22:30:00Z,0,1
Consis,BAUFI3,2025-06-15T23:00:00Z,0,1
Consis,BAUFI3,2025-06-15T23:30:00Z,0,1
Consis,BAUFI3,2025-06-16T00:00:00Z,0,1
Consis,BAUFI3,2025-06-16T00:30:00Z,0,1
Consis,BAUFI3,2025-06-16T01:00:00Z,0,1
Consis,BAUFI3,2025-06-16T01:30:00Z,0,1
Consis,BAUFI3,2025-06-16T02:00:00Z,0,1
Consis,BAUFI3,2025-06-16T02:30:00Z,0,1
Consis,BAUFI3,2025-06-16T03:00:00Z,0,1
Consis,BAUFI3,2025-06-16T03:30:00Z,0,1
Consis,BAUFI3,2025-06-16T04:00:00Z,0,1
Consis,BAUFI3,2025-06-16T04:30:00Z,0,1
Consis,BAUFI3,2025-06-16T05:00:00Z,0,1
Consis,BAUFI3,2025-06-16T05:30:00Z,0,1
Consis,BAUFI3,2025-06-16T06:00:00Z,0,1
Consis,BAUFI3,2025-06-16T06:30:00Z,2.455,1
Consis,BAUFI3,2025-06-16T07:00:00Z,9.807,1
Consis,BAUFI3,2025-06-16T07:30:00Z,17.542,1
Consis,BAUFI3,2025-06-16T08:00:00Z,22.007,1
Consis,BAUFI3,2025-06-16T08:30:00Z,6.213,1
Consis,BAUFI3,2025-06-16T09:00:00Z,0,1
Consis,BAUFI3,2025-06-16T09:30:00Z,0,1
Consis,BAUFI3,2025-06-16T10:00:00Z,0,1
Consis,BAUFI3,2025-06-16T10:30:00Z,13.654,1
Consis,BAUFI3,2025-06-16T11:00:00Z,23.81,1
Consis,BAUFI3,2025-06-16T11:30:00Z,23.977,1
Consis,BAUFI3,2025-06-16T12:00:00Z,24.312,1
Consis,BAUFI3,2025-06-16T12:30:00Z,23.515,1
Consis,BAUFI3,2025-06-16T13:00:00Z,19.803,1
Consis,BAUFI3,2025-06-16T13:30:00Z,16.95,1
Consis,BAUFI3,2025-06-16T14:00:00Z,8.563,1
Consis,BAUFI3,2025-06-16T14:30:00Z,5.478,1
Consis,BAUFI3,2025-06-16T15:00:00Z,10.624,1
Consis,BAUFI3,2025-06-16T15:30:00Z,8.705,1
Consis,BAUFI3,2025-06-16T16:00:00Z,11.452,1
Consis,BAUFI3,2025-06-16T16:30:00Z,10.113,1
Consis,BAUFI3,2025-06-16T17:00:00Z,1.073,1
Consis,BAUFI3,2025-06-16T17:30:00Z,0,1
Consis,BAUFI3,2025-06-16T18:00:00Z,0,1
Consis,BAUFI3,2025-06-16T18:30:00Z,0,1
Consis,BAUFI3,2025-06-16T19:00:00Z,0,1
Consis,BAUFI3,2025-06-16T19:30:00Z,0,1
Consis,BAUFI3,2025-06-16T20:00:00Z,0,1
Consis,BAUFI3,2025-06-16T20:30:00Z,0,1
Consis,BAUFI3,2025-06-16T21:00:00Z,0,1
Consis,BAUFI3,2025-06-16T21:30:00Z,0,1
Consis,BAUFI3,2025-06-16T22:00:00Z,0,1
Consis,BAUFI3,2025-06-16T22:30:00Z,0,1
Consis,BAUFI3,2025-06-16T23:00:00Z,0,1
Consis,BAUFI3,2025-06-16T23:30:00Z,0,1
Consis,BAUFI3,2025-06-17T00:00:00Z,0,1
Consis,BAUFI3,2025-06-17T00:30:00Z,0,1
Consis,BAUFI3,2025-06-17T01:00:00Z,0,1
Consis,BAUFI3,2025-06-17T01:30:00Z,0,1
Consis,BAUFI3,2025-06-17T02:00:00Z,0,1
Consis,BAUFI3,2025-06-17T02:30:00Z,0,1
Consis,BAUFI3,2025-06-17T03:00:00Z,0,1
Consis,BAUFI3,2025-06-17T03:30:00Z,0,1
Consis,BAUFI3,2025-06-17T04:00:00Z,0,1
Consis,BAUFI3,2025-06-17T04:30:00Z,0,1
Consis,BAUFI3,2025-06-17T05:00:00Z,0,1
Consis,BAUFI3,2025-06-17T05:30:00Z,0,1
Consis,BAUFI3,2025-06-17T06:00:00Z,0,1
Consis,BAUFI3,2025-06-17T06:30:00Z,1.056,1
Consis,BAUFI3,2025-06-17T07:00:00Z,0,1
Consis,BAUFI3,2025-06-17T07:30:00Z,0,1
Consis,BAUFI3,2025-06-17T08:00:00Z,0,1
Consis,BAUFI3,2025-06-17T08:30:00Z,0,1
Consis,BAUFI3,2025-06-17T09:00:00Z,0,1
Consis,BAUFI3,2025-06-17T09:30:00Z,0,1
Consis,BAUFI3,2025-06-17T10:00:00Z,0,1
Consis,BAUFI3,2025-06-17T10:30:00Z,0,1
Consis,BAUFI3,2025-06-17T11:00:00Z,0,1
Consis,BAUFI3,2025-06-17T11:30:00Z,0,1
Consis,BAUFI3,2025-06-17T12:00:00Z,0,1
Consis,BAUFI3,2025-06-17T12:30:00Z,1.188,1
Consis,BAUFI3,2025-06-17T13:00:00Z,5.381,1
Consis,BAUFI3,2025-06-17T13:30:00Z,11.469,1
Consis,BAUFI3,2025-06-17T14:00:00Z,12.077,1
Consis,BAUFI3,2025-06-17T14:30:00Z,16.252,1
Consis,BAUFI3,2025-06-17T15:00:00Z,4.129,1
Consis,BAUFI3,2025-06-17T15:30:00Z,3.165,1
Consis,BAUFI3,2025-06-17T16:00:00Z,0.003,1
Consis,BAUFI3,2025-06-17T16:30:00Z,0.013,1
Consis,BAUFI3,2025-06-17T17:00:00Z,0.362,1
Consis,BAUFI3,2025-06-17T17:30:00Z,0,1
Consis,BAUFI3,2025-06-17T18:00:00Z,0,1
Consis,BAUFI3,2025-06-17T18:30:00Z,0,1
Consis,BAUFI3,2025-06-17T19:00:00Z,0,1
Consis,BAUFI3,2025-06-17T19:30:00Z,0,1
Consis,BAUFI3,2025-06-17T20:00:00Z,0,2
Consis,BAUFI3,2025-06-17T20:30:00Z,0,2
Consis,BAUFI3,2025-06-17T21:00:00Z,0,2
Consis,BAUFI3,2025-06-17T21:30:00Z,0,1
Consis,BAUFI3,2025-06-17T22:00:00Z,0,1
Consis,BAUFI3,2025-06-17T22:30:00Z,0,1
Consis,BAUFI3,2025-06-17T23:00:00Z,0,1
Consis,BAUFI3,2025-06-17T23:30:00Z,0,1
Consis,BAUFI3,2025-06-18T00:00:00Z,0,1
Consis,BAUFI3,2025-06-18T00:30:00Z,0,1
Consis,BAUFI3,2025-06-18T01:00:00Z,0,1
Consis,BAUFI3,2025-06-18T01:30:00Z,0,1
Consis,BAUFI3,2025-06-18T02:00:00Z,0,1
Consis,BAUFI3,2025-06-18T02:30:00Z,0,1
Consis,BAUFI3,2025-06-18T03:00:00Z,0,1
Consis,BAUFI3,2025-06-18T03:30:00Z,0,1
Consis,BAUFI3,2025-06-18T04:00:00Z,0,1
Consis,BAUFI3,2025-06-18T04:30:00Z,0,1
Consis,BAUFI3,2025-06-18T05:00:00Z,0,1
Consis,BAUFI3,2025-06-18T05:30:00Z,0,1
Consis,BAUFI3,2025-06-18T06:00:00Z,0,1
Consis,BAUFI3,2025-06-18T06:30:00Z,2.297,1
Consis,BAUFI3,2025-06-18T07:00:00Z,6.967,1
Consis,BAUFI3,2025-06-18T07:30:00Z,0,1
Consis,BAUFI3,2025-06-18T08:00:00Z,0,1
Consis,BAUFI3,2025-06-18T08:30:00Z,0.836,1
Consis,BAUFI3,2025-06-18T09:00:00Z,4.847,1
Consis,BAUFI3,2025-06-18T09:30:00Z,0,1
Consis,BAUFI3,2025-06-18T10:00:00Z,0,1
Consis,BAUFI3,2025-06-18T10:30:00Z,0,1
Consis,BAUFI3,2025-06-18T11:00:00Z,0,1
Consis,BAUFI3,2025-06-18T11:30:00Z,0,1
Consis,BAUFI3,2025-06-18T12:00:00Z,0,1
Consis,BAUFI3,2025-06-18T12:30:00Z,0,1
Consis,BAUFI3,2025-06-18T13:00:00Z,1.469,1
Consis,BAUFI3,2025-06-18T13:30:00Z,14.481,1
Consis,BAUFI3,2025-06-18T14:00:00Z,23.575,1
Consis,BAUFI3,2025-06-18T14:30:00Z,23.838,1
Consis,BAUFI3,2025-06-18T15:00:00Z,22.931,1
Consis,BAUFI3,2025-06-18T15:30:00Z,12.853,1
Consis,BAUFI3,2025-06-18T16:00:00Z,7.091,1
Consis,BAUFI3,2025-06-18T16:30:00Z,2.758,1
Consis,BAUFI3,2025-06-18T17:00:00Z,0.161,1
Consis,BAUFI3,2025-06-18T17:30:00Z,0,1
Consis,BAUFI3,2025-06-18T18:00:00Z,0,1
Consis,BAUFI3,2025-06-18T18:30:00Z,0,1
Consis,BAUFI3,2025-06-18T19:00:00Z,0,1
Consis,BAUFI3,2025-06-18T19:30:00Z,0,1
Consis,BAUFI3,2025-06-18T20:00:00Z,0,1
Consis,BAUFI3,2025-06-18T20:30:00Z,0,1
Consis,BAUFI3,2025-06-18T21:00:00Z,0,1
Consis,BAUFI3,2025-06-18T21:30:00Z,0,1
Consis,BAUFI3,2025-06-18T22:00:00Z,0,1
Consis,BAUFI3,2025-06-18T22:30:00Z,0,1
Consis,BAUFI3,2025-06-18T23:00:00Z,0,1
Consis,BAUFI3,2025-06-18T23:30:00Z,0,1
Consis,BAUFI3,2025-06-19T00:00:00Z,0,1
Consis,BAUFI3,2025-06-19T00:30:00Z,0,1
Consis,BAUFI3,2025-06-19T01:00:00Z,0,1
Consis,BAUFI3,2025-06-19T01:30:00Z,0,1
Consis,BAUFI3,2025-06-19T02:00:00Z,0,1
Consis,BAUFI3,2025-06-19T02:30:00Z,0,1
Consis,BAUFI3,2025-06-19T03:00:00Z,0,1
Consis,BAUFI3,2025-06-19T03:30:00Z,0,1
Consis,BAUFI3,2025-06-19T04:00:00Z,0,1
Consis,BAUFI3,2025-06-19T04:30:00Z,0,1
Consis,BAUFI3,2025-06-19T05:00:00Z,0,1
Consis,BAUFI3,2025-06-19T05:30:00Z,0,1
Consis,BAUFI3,2025-06-19T06:00:00Z,0,1
Consis,BAUFI3,2025-06-19T06:30:00Z,2.277,1
Consis,BAUFI3,2025-06-19T07:00:00Z,0.028,1
Consis,BAUFI3,2025-06-19T07:30:00Z,0,1
Consis,BAUFI3,2025-06-19T08:00:00Z,0,1
Consis,BAUFI3,2025-06-19T08:30:00Z,0,1
Consis,BAUFI3,2025-06-19T09:00:00Z,0,1
Consis,BAUFI3,2025-06-19T09:30:00Z,0,1
Consis,BAUFI3,2025-06-19T10:00:00Z,0,1
Consis,BAUFI3,2025-06-19T10:30:00Z,0,1
Consis,BAUFI3,2025-06-19T11:00:00Z,0,1
Consis,BAUFI3,2025-06-19T11:30:00Z,0,1
Consis,BAUFI3,2025-06-19T12:00:00Z,2.419,1
Consis,BAUFI3,2025-06-19T12:30:00Z,6.162,1
Consis,BAUFI3,2025-06-19T13:00:00Z,10.072,1
Consis,BAUFI3,2025-06-19T13:30:00Z,10.195,1
Consis,BAUFI3,2025-06-19T14:00:00Z,23.255,1
Consis,BAUFI3,2025-06-19T14:30:00Z,23.866,1
Consis,BAUFI3,2025-06-19T15:00:00Z,23.191,1
Consis,BAUFI3,2025-06-19T15:30:00Z,21.693,1
Consis,BAUFI3,2025-06-19T16:00:00Z,15.359,1
Consis,BAUFI3,2025-06-19T16:30:00Z,6.907,1
Consis,BAUFI3,2025-06-19T17:00:00Z,2.356,1
Consis,BAUFI3,2025-06-19T17:30:00Z,0,1
Consis,BAUFI3,2025-06-19T18:00:00Z,0,1
Consis,BAUFI3,2025-06-19T18:30:00Z,0,1
Consis,BAUFI3,2025-06-19T19:00:00Z,0,1
Consis,BAUFI3,2025-06-19T19:30:00Z,0,1
Consis,BAUFI3,2025-06-19T20:00:00Z,0,1
Consis,BAUFI3,2025-06-19T20:30:00Z,0,1
Consis,BAUFI3,2025-06-19T21:00:00Z,0,1
Consis,BAUFI3,2025-06-19T21:30:00Z,0,1
Consis,BAUFI3,2025-06-19T22:00:00Z,0,1
Consis,BAUFI3,2025-06-19T22:30:00Z,0,1
Consis,BAUFI3,2025-06-19T23:00:00Z,0,1
Consis,BAUFI3,2025-06-19T23:30:00Z,0,1
Consis,BAUFI3,2025-06-20T00:00:00Z,0,1
Consis,BAUFI3,2025-06-20T00:30:00Z,0,1
Consis,BAUFI3,2025-06-20T01:00:00Z,0,1
Consis,BAUFI3,2025-06-20T01:30:00Z,0,1
Consis,BAUFI3,2025-06-20T02:00:00Z,0,1
Consis,BAUFI3,2025-06-20T02:30:00Z,0,1
Consis,BAUFI3,2025-06-20T03:00:00Z,0,1
Consis,BAUFI3,2025-06-20T03:30:00Z,0,1
Consis,BAUFI3,2025-06-20T04:00:00Z,0,1
Consis,BAUFI3,2025-06-20T04:30:00Z,0,1
Consis,BAUFI3,2025-06-20T05:00:00Z,0,1
Consis,BAUFI3,2025-06-20T05:30:00Z,0,1
Consis,BAUFI3,2025-06-20T06:00:00Z,0,1
Consis,BAUFI3,2025-06-20T06:30:00Z,0.011,1
Consis,BAUFI3,2025-06-20T07:00:00Z,0,1
Consis,BAUFI3,2025-06-20T07:30:00Z,0,1
Consis,BAUFI3,2025-06-20T08:00:00Z,0,1
Consis,BAUFI3,2025-06-20T08:30:00Z,0,1
Consis,BAUFI3,2025-06-20T09:00:00Z,0,1
Consis,BAUFI3,2025-06-20T09:30:00Z,0,1
Consis,BAUFI3,2025-06-20T10:00:00Z,0,1
Consis,BAUFI3,2025-06-20T10:30:00Z,0,1
Consis,BAUFI3,2025-06-20T11:00:00Z,0,1
Consis,BAUFI3,2025-06-20T11:30:00Z,0,1
Consis,BAUFI3,2025-06-20T12:00:00Z,0,1
Consis,BAUFI3,2025-06-20T12:30:00Z,0,1
Consis,BAUFI3,2025-06-20T13:00:00Z,0,1
Consis,BAUFI3,2025-06-20T13:30:00Z,0,1
Consis,BAUFI3,2025-06-20T14:00:00Z,5.384,1
Consis,BAUFI3,2025-06-20T14:30:00Z,23.272,1
Consis,BAUFI3,2025-06-20T15:00:00Z,22.618,1
Consis,BAUFI3,2025-06-20T15:30:00Z,21.302,1
Consis,BAUFI3,2025-06-20T16:00:00Z,15.63,1
Consis,BAUFI3,2025-06-20T16:30:00Z,9.357,1
Consis,BAUFI3,2025-06-20T17:00:00Z,2.329,1
Consis,BAUFI3,2025-06-20T17:30:00Z,0.106,1
Consis,BAUFI3,2025-06-20T18:00:00Z,0,1
Consis,BAUFI3,2025-06-20T18:30:00Z,0,1
Consis,BAUFI3,2025-06-20T19:00:00Z,0,1
Consis,BAUFI3,2025-06-20T19:30:00Z,0,1
Consis,BAUFI3,2025-06-20T20:00:00Z,0,1
Consis,BAUFI3,2025-06-20T20:30:00Z,0,1
Consis,BAUFI3,2025-06-20T21:00:00Z,0,1
Consis,BAUFI3,2025-06-20T21:30:00Z,0,1
Consis,BAUFI3,2025-06-20T22:00:00Z,0,1
Consis,BAUFI3,2025-06-20T22:30:00Z,0,1
Consis,BAUFI3,2025-06-20T23:00:00Z,0,1
Consis,BAUFI3,2025-06-20T23:30:00Z,0,1
Consis,BAUFI3,2025-06-21T00:00:00Z,0,1
Consis,BAUFI3,2025-06-21T00:30:00Z,0,1
Consis,BAUFI3,2025-06-21T01:00:00Z,0,1
Consis,BAUFI3,2025-06-21T01:30:00Z,0,1
Consis,BAUFI3,2025-06-21T02:00:00Z,0,1
Consis,BAUFI3,2025-06-21T02:30:00Z,0,1
Consis,BAUFI3,2025-06-21T03:00:00Z,0,1
Consis,BAUFI3,2025-06-21T03:30:00Z,0,1
Consis,BAUFI3,2025-06-21T04:00:00Z,0,1
Consis,BAUFI3,2025-06-21T04:30:00Z,0,1
Consis,BAUFI3,2025-06-21T05:00:00Z,0,1
Consis,BAUFI3,2025-06-21T05:30:00Z,0,1
Consis,BAUFI3,2025-06-21T06:00:00Z,0,1
Consis,BAUFI3,2025-06-21T06:30:00Z,2.336,1
Consis,BAUFI3,2025-06-21T07:00:00Z,4.704,1
Consis,BAUFI3,2025-06-21T07:30:00Z,3.72,1
Consis,BAUFI3,2025-06-21T08:00:00Z,4.822,1
Consis,BAUFI3,2025-06-21T08:30:00Z,0.871,1
Consis,BAUFI3,2025-06-21T09:00:00Z,0,1
Consis,BAUFI3,2025-06-21T09:30:00Z,0,1
Consis,BAUFI3,2025-06-21T10:00:00Z,0,1
Consis,BAUFI3,2025-06-21T10:30:00Z,0,1
Consis,BAUFI3,2025-06-21T11:00:00Z,0,1
Consis,BAUFI3,2025-06-21T11:30:00Z,0,1
Consis,BAUFI3,2025-06-21T12:00:00Z,0,1
Consis,BAUFI3,2025-06-21T12:30:00Z,0,1
Consis,BAUFI3,2025-06-21T13:00:00Z,1.417,1
Consis,BAUFI3,2025-06-21T13:30:00Z,12.336,1
Consis,BAUFI3,2025-06-21T14:00:00Z,20.188,1
Consis,BAUFI3,2025-06-21T14:30:00Z,14.739,1
Consis,BAUFI3,2025-06-21T15:00:00Z,9.713,1
Consis,BAUFI3,2025-06-21T15:30:00Z,15.473,1
Consis,BAUFI3,2025-06-21T16:00:00Z,11.392,1
Consis,BAUFI3,2025-06-21T16:30:00Z,4.84,1
Consis,BAUFI3,2025-06-21T17:00:00Z,1.189,1
Consis,BAUFI3,2025-06-21T17:30:00Z,0,1
Consis,BAUFI3,2025-06-21T18:00:00Z,0,1
Consis,BAUFI3,2025-06-21T18:30:00Z,0,1
Consis,BAUFI3,2025-06-21T19:00:00Z,0,1
Consis,BAUFI3,2025-06-21T19:30:00Z,0,1
Consis,BAUFI3,2025-06-21T20:00:00Z,0,1
Consis,BAUFI3,2025-06-21T20:30:00Z,0,1
Consis,BAUFI3,2025-06-21T21:00:00Z,0,1
Consis,BAUFI3,2025-06-21T21:30:00Z,0,1
Consis,BAUFI3,2025-06-21T22:00:00Z,0,1
Consis,BAUFI3,2025-06-21T22:30:00Z,0,1
Consis,BAUFI3,2025-06-21T23:00:00Z,0,1
Consis,BAUFI3,2025-06-21T23:30:00Z,0,1
Consis,BAUFI3,2025-06-22T00:00:00Z,0,1
Consis,BAUFI3,2025-06-22T00:30:00Z,0,1
Consis,BAUFI3,2025-06-22T01:00:00Z,0,1
Consis,BAUFI3,2025-06-22T01:30:00Z,0,1
Consis,BAUFI3,2025-06-22T02:00:00Z,0,1
Consis,BAUFI3,2025-06-22T02:30:00Z,0,1
Consis,BAUFI3,2025-06-22T03:00:00Z,0,1
Consis,BAUFI3,2025-06-22T03:30:00Z,0,1
Consis,BAUFI3,2025-06-22T04:00:00Z,0,1
Consis,BAUFI3,2025-06-22T04:30:00Z,0,1
Consis,BAUFI3,2025-06-22T05:00:00Z,0,1
Consis,BAUFI3,2025-06-22T05:30:00Z,0,1
Consis,BAUFI3,2025-06-22T06:00:00Z,0,1
Consis,BAUFI3,2025-06-22T06:30:00Z,1.151,1
Consis,BAUFI3,2025-06-22T07:00:00Z,7.358,1
Consis,BAUFI3,2025-06-22T07:30:00Z,8.237,1
Consis,BAUFI3,2025-06-22T08:00:00Z,8.024,1
Consis,BAUFI3,2025-06-22T08:30:00Z,7.809,1
Consis,BAUFI3,2025-06-22T09:00:00Z,8.029,1
Consis,BAUFI3,2025-06-22T09:30:00Z,7.868,1
Consis,BAUFI3,2025-06-22T10:00:00Z,6.121,1
Consis,BAUFI3,2025-06-22T10:30:00Z,5.389,1
Consis,BAUFI3,2025-06-22T11:00:00Z,5.327,1
Consis,BAUFI3,2025-06-22T11:30:00Z,6.11,1
Consis,BAUFI3,2025-06-22T12:00:00Z,7.108,1
Consis,BAUFI3,2025-06-22T12:30:00Z,8.173,1
Consis,BAUFI3,2025-06-22T13:00:00Z,7.584,1
Consis,BAUFI3,2025-06-22T13:30:00Z,7.47,1
Consis,BAUFI3,2025-06-22T14:00:00Z,12.537,1
Consis,BAUFI3,2025-06-22T14:30:00Z,14.544,1
Consis,BAUFI3,2025-06-22T15:00:00Z,9.253,1
Consis,BAUFI3,2025-06-22T15:30:00Z,16.148,1
Consis,BAUFI3,2025-06-22T16:00:00Z,17.557,1
Consis,BAUFI3,2025-06-22T16:30:00Z,9.806,1
Consis,BAUFI3,2025-06-22T17:00:00Z,2.597,1
Consis,BAUFI3,2025-06-22T17:30:00Z,0,1
Consis,BAUFI3,2025-06-22T18:00:00Z,0,1
Consis,BAUFI3,2025-06-22T18:30:00Z,0,1
Consis,BAUFI3,2025-06-22T19:00:00Z,0,1
Consis,BAUFI3,2025-06-22T19:30:00Z,0,1
Consis,BAUFI3,2025-06-22T20:00:00Z,0,1
Consis,BAUFI3,2025-06-22T20:30:00Z,0,1
Consis,BAUFI3,2025-06-22T21:00:00Z,0,1
Consis,BAUFI3,2025-06-22T21:30:00Z,0,1
Consis,BAUFI3,2025-06-22T22:00:00Z,0,1
Consis,BAUFI3,2025-06-22T22:30:00Z,0,1
Consis,BAUFI3,2025-06-22T23:00:00Z,0,1
Consis,BAUFI3,2025-06-22T23:30:00Z,0,1
Consis,BAUFI3,2025-06-23T00:00:00Z,0,1
Consis,BAUFI3,2025-06-23T00:30:00Z,0,1
Consis,BAUFI3,2025-06-23T01:00:00Z,0,1
Consis,BAUFI3,2025-06-23T01:30:00Z,0,1
Consis,BAUFI3,2025-06-23T02:00:00Z,0,1
Consis,BAUFI3,2025-06-23T02:30:00Z,0,1
Consis,BAUFI3,2025-06-23T03:00:00Z,0,1
Consis,BAUFI3,2025-06-23T03:30:00Z,0,1
Consis,BAUFI3,2025-06-23T04:00:00Z,0,1
Consis,BAUFI3,2025-06-23T04:30:00Z,0,1
Consis,BAUFI3,2025-06-23T05:00:00Z,0,1
Consis,BAUFI3,2025-06-23T05:30:00Z,0,1
Consis,BAUFI3,2025-06-23T06:00:00Z,0,1
Consis,BAUFI3,2025-06-23T06:30:00Z,2.194,1
Consis,BAUFI3,2025-06-23T07:00:00Z,2.794,1
Consis,BAUFI3,2025-06-23T07:30:00Z,0,1
Consis,BAUFI3,2025-06-23T08:00:00Z,0,1
Consis,BAUFI3,2025-06-23T08:30:00Z,0,1
Consis,BAUFI3,2025-06-23T09:00:00Z,0,1
Consis,BAUFI3,2025-06-23T09:30:00Z,0,1
Consis,BAUFI3,2025-06-23T10:00:00Z,0,1
Consis,BAUFI3,2025-06-23T10:30:00Z,0,1
Consis,BAUFI3,2025-06-23T11:00:00Z,0,1
Consis,BAUFI3,2025-06-23T11:30:00Z,0,1
Consis,BAUFI3,2025-06-23T12:00:00Z,0,1
Consis,BAUFI3,2025-06-23T12:30:00Z,0,1
Consis,BAUFI3,2025-06-23T13:00:00Z,1.983,1
Consis,BAUFI3,2025-06-23T13:30:00Z,23.141,1
Consis,BAUFI3,2025-06-23T14:00:00Z,23.387,1
Consis,BAUFI3,2025-06-23T14:30:00Z,23.109,1
Consis,BAUFI3,2025-06-23T15:00:00Z,22.469,1
Consis,BAUFI3,2025-06-23T15:30:00Z,21.01,1
Consis,BAUFI3,2025-06-23T16:00:00Z,15.55,1
Consis,BAUFI3,2025-06-23T16:30:00Z,8.666,1
Consis,BAUFI3,2025-06-23T17:00:00Z,2.3,1
Consis,BAUFI3,2025-06-23T17:30:00Z,0,1
Consis,BAUFI3,2025-06-23T18:00:00Z,0,1
Consis,BAUFI3,2025-06-23T18:30:00Z,0,1
Consis,BAUFI3,2025-06-23T19:00:00Z,0,1
Consis,BAUFI3,2025-06-23T19:30:00Z,0,1
Consis,BAUFI3,2025-06-23T20:00:00Z,0,1
Consis,BAUFI3,2025-06-23T20:30:00Z,0,1
Consis,BAUFI3,2025-06-23T21:00:00Z,0,1
Consis,BAUFI3,2025-06-23T21:30:00Z,0,1
Consis,BAUFI3,2025-06-23T22:00:00Z,0,1
Consis,BAUFI3,2025-06-23T22:30:00Z,0,1
Consis,BAUFI3,2025-06-23T23:00:00Z,0,1
Consis,BAUFI3,2025-06-23T23:30:00Z,0,1
Consis,BAUFI3,2025-06-24T00:00:00Z,0,1
Consis,BAUFI3,2025-06-24T00:30:00Z,0,1
Consis,BAUFI3,2025-06-24T01:00:00Z,0,1
Consis,BAUFI3,2025-06-24T01:30:00Z,0,1
Consis,BAUFI3,2025-06-24T02:00:00Z,0,1
Consis,BAUFI3,2025-06-24T02:30:00Z,0,1
Consis,BAUFI3,2025-06-24T03:00:00Z,0,1
Consis,BAUFI3,2025-06-24T03:30:00Z,0,1
Consis,BAUFI3,2025-06-24T04:00:00Z,0,1
Consis,BAUFI3,2025-06-24T04:30:00Z,0,1
Consis,BAUFI3,2025-06-24T05:00:00Z,0,1
Consis,BAUFI3,2025-06-24T05:30:00Z,0,1
Consis,BAUFI3,2025-06-24T06:00:00Z,0,1
Consis,BAUFI3,2025-06-24T06:30:00Z,2.106,1
Consis,BAUFI3,2025-06-24T07:00:00Z,9.302,1
Consis,BAUFI3,2025-06-24T07:30:00Z,17.111,1
Consis,BAUFI3,2025-06-24T08:00:00Z,19.424,1
Consis,BAUFI3,2025-06-24T08:30:00Z,20.466,1
Consis,BAUFI3,2025-06-24T09:00:00Z,22.102,1
Consis,BAUFI3,2025-06-24T09:30:00Z,22.072,1
Consis,BAUFI3,2025-06-24T10:00:00Z,20.267,1
Consis,BAUFI3,2025-06-24T10:30:00Z,21.83,1
Consis,BAUFI3,2025-06-24T11:00:00Z,23.419,1
Consis,BAUFI3,2025-06-24T11:30:00Z,23.383,1
Consis,BAUFI3,2025-06-24T12:00:00Z,23.433,1
Consis,BAUFI3,2025-06-24T12:30:00Z,22.064,1
Consis,BAUFI3,2025-06-24T13:00:00Z,23.382,1
Consis,BAUFI3,2025-06-24T13:30:00Z,23.603,1
Consis,BAUFI3,2025-06-24T14:00:00Z,23.464,1
Consis,BAUFI3,2025-06-24T14:30:00Z,21.671,1
Consis,BAUFI3,2025-06-24T15:00:00Z,22.474,1
Consis,BAUFI3,2025-06-24T15:30:00Z,21.146,1
Consis,BAUFI3,2025-06-24T16:00:00Z,15.317,1
Consis,BAUFI3,2025-06-24T16:30:00Z,7.969,1
Consis,BAUFI3,2025-06-24T17:00:00Z,2.325,1
Consis,BAUFI3,2025-06-24T17:30:00Z,0,1
Consis,BAUFI3,2025-06-24T18:00:00Z,0,1
Consis,BAUFI3,2025-06-24T18:30:00Z,0,1
Consis,BAUFI3,2025-06-24T19:00:00Z,0,1
Consis,BAUFI3,2025-06-24T19:30:00Z,0,1
Consis,BAUFI3,2025-06-24T20:00:00Z,0,1
Consis,BAUFI3,2025-06-24T20:30:00Z,0,1
Consis,BAUFI3,2025-06-24T21:00:00Z,0,1
Consis,BAUFI3,2025-06-24T21:30:00Z,0,1
Consis,BAUFI3,2025-06-24T22:00:00Z,0,1
Consis,BAUFI3,2025-06-24T22:30:00Z,0,1
Consis,BAUFI3,2025-06-24T23:00:00Z,0,1
Consis,BAUFI3,2025-06-24T23:30:00Z,0,1
Consis,BAUFI3,2025-06-25T00:00:00Z,0,1
Consis,BAUFI3,2025-06-25T00:30:00Z,0,1
Consis,BAUFI3,2025-06-25T01:00:00Z,0,1
Consis,BAUFI3,2025-06-25T01:30:00Z,0,1
Consis,BAUFI3,2025-06-25T02:00:00Z,0,1
Consis,BAUFI3,2025-06-25T02:30:00Z,0,1
Consis,BAUFI3,2025-06-25T03:00:00Z,0,1
Consis,BAUFI3,2025-06-25T03:30:00Z,0,1
Consis,BAUFI3,2025-06-25T04:00:00Z,0,1
Consis,BAUFI3,2025-06-25T04:30:00Z,0,1
Consis,BAUFI3,2025-06-25T05:00:00Z,0,1
Consis,BAUFI3,2025-06-25T05:30:00Z,0,1
Consis,BAUFI3,2025-06-25T06:00:00Z,0,1
Consis,BAUFI3,2025-06-25T06:30:00Z,2.144,1
Consis,BAUFI3,2025-06-25T07:00:00Z,8.272,1
Consis,BAUFI3,2025-06-25T07:30:00Z,0.848,1
Consis,BAUFI3,2025-06-25T08:00:00Z,0,1
Consis,BAUFI3,2025-06-25T08:30:00Z,0,1
Consis,BAUFI3,2025-06-25T09:00:00Z,0,1
Consis,BAUFI3,2025-06-25T09:30:00Z,0,1
Consis,BAUFI3,2025-06-25T10:00:00Z,0,1
Consis,BAUFI3,2025-06-25T10:30:00Z,0,1
Consis,BAUFI3,2025-06-25T11:00:00Z,0,1
Consis,BAUFI3,2025-06-25T11:30:00Z,0,1
Consis,BAUFI3,2025-06-25T12:00:00Z,0,1
Consis,BAUFI3,2025-06-25T12:30:00Z,0,1
Consis,BAUFI3,2025-06-25T13:00:00Z,1.627,1
Consis,BAUFI3,2025-06-25T13:30:00Z,2.392,1
Consis,BAUFI3,2025-06-25T14:00:00Z,5.573,1
Consis,BAUFI3,2025-06-25T14:30:00Z,7.683,1
Consis,BAUFI3,2025-06-25T15:00:00Z,7.674,1
Consis,BAUFI3,2025-06-25T15:30:00Z,9.581,1
Consis,BAUFI3,2025-06-25T16:00:00Z,14.363,1
Consis,BAUFI3,2025-06-25T16:30:00Z,7.657,1
Consis,BAUFI3,2025-06-25T17:00:00Z,2.266,1
Consis,BAUFI3,2025-06-25T17:30:00Z,0,1
Consis,BAUFI3,2025-06-25T18:00:00Z,0,1
Consis,BAUFI3,2025-06-25T18:30:00Z,0,1
Consis,BAUFI3,2025-06-25T19:00:00Z,0,1
Consis,BAUFI3,2025-06-25T19:30:00Z,0,1
Consis,BAUFI3,2025-06-25T20:00:00Z,0,1
Consis,BAUFI3,2025-06-25T20:30:00Z,0,1
Consis,BAUFI3,2025-06-25T21:00:00Z,0,1
Consis,BAUFI3,2025-06-25T21:30:00Z,0,1
Consis,BAUFI3,2025-06-25T22:00:00Z,0,1
Consis,BAUFI3,2025-06-25T22:30:00Z,0,1
Consis,BAUFI3,2025-06-25T23:00:00Z,0,1
Consis,BAUFI3,2025-06-25T23:30:00Z,0,1
Consis,BAUFI3,2025-06-26T00:00:00Z,0,1
Consis,BAUFI3,2025-06-26T00:30:00Z,0,1
Consis,BAUFI3,2025-06-26T01:00:00Z,0,1
Consis,BAUFI3,2025-06-26T01:30:00Z,0,1
Consis,BAUFI3,2025-06-26T02:00:00Z,0,1
Consis,BAUFI3,2025-06-26T02:30:00Z,0,1
Consis,BAUFI3,2025-06-26T03:00:00Z,0,1
Consis,BAUFI3,2025-06-26T03:30:00Z,0,1
Consis,BAUFI3,2025-06-26T04:00:00Z,0,1
Consis,BAUFI3,2025-06-26T04:30:00Z,0,1
Consis,BAUFI3,2025-06-26T05:00:00Z,0,1
Consis,BAUFI3,2025-06-26T05:30:00Z,0,1
Consis,BAUFI3,2025-06-26T06:00:00Z,0.005,1
Consis,BAUFI3,2025-06-26T06:30:00Z,0.395,1
Consis,BAUFI3,2025-06-26T07:00:00Z,0,1
Consis,BAUFI3,2025-06-26T07:30:00Z,0,1
Consis,BAUFI3,2025-06-26T08:00:00Z,0,1
Consis,BAUFI3,2025-06-26T08:30:00Z,0,1
Consis,BAUFI3,2025-06-26T09:00:00Z,0,1
Consis,BAUFI3,2025-06-26T09:30:00Z,0,1
Consis,BAUFI3,2025-06-26T10:00:00Z,0,1
Consis,BAUFI3,2025-06-26T10:30:00Z,0,1
Consis,BAUFI3,2025-06-26T11:00:00Z,0.741,1
Consis,BAUFI3,2025-06-26T11:30:00Z,2.944,1
Consis,BAUFI3,2025-06-26T12:00:00Z,2.622,1
Consis,BAUFI3,2025-06-26T12:30:00Z,2.36,1
Consis,BAUFI3,2025-06-26T13:00:00Z,2.789,1
Consis,BAUFI3,2025-06-26T13:30:00Z,3.027,1
Consis,BAUFI3,2025-06-26T14:00:00Z,3.02,1
Consis,BAUFI3,2025-06-26T14:30:00Z,3.178,1
Consis,BAUFI3,2025-06-26T15:00:00Z,4.001,1
Consis,BAUFI3,2025-06-26T15:30:00Z,5.24,1
Consis,BAUFI3,2025-06-26T16:00:00Z,3.085,1
Consis,BAUFI3,2025-06-26T16:30:00Z,1.665,1
Consis,BAUFI3,2025-06-26T17:00:00Z,0.538,1
Consis,BAUFI3,2025-06-26T17:30:00Z,0,1
Consis,BAUFI3,2025-06-26T18:00:00Z,0,1
Consis,BAUFI3,2025-06-26T18:30:00Z,0,1
Consis,BAUFI3,2025-06-26T19:00:00Z,0,1
Consis,BAUFI3,2025-06-26T19:30:00Z,0,1
Consis,BAUFI3,2025-06-26T20:00:00Z,0,1
Consis,BAUFI3,2025-06-26T20:30:00Z,0,1
Consis,BAUFI3,2025-06-26T21:00:00Z,0,1
Consis,BAUFI3,2025-06-26T21:30:00Z,0,1
Consis,BAUFI3,2025-06-26T22:00:00Z,0,1
Consis,BAUFI3,2025-06-26T22:30:00Z,0,1
Consis,BAUFI3,2025-06-26T23:00:00Z,0,1
Consis,BAUFI3,2025-06-26T23:30:00Z,0,1
Consis,BAUFI3,2025-06-27T00:00:00Z,0,1
Consis,BAUFI3,2025-06-27T00:30:00Z,0,1
Consis,BAUFI3,2025-06-27T01:00:00Z,0,1
Consis,BAUFI3,2025-06-27T01:30:00Z,0,1
Consis,BAUFI3,2025-06-27T02:00:00Z,0,1
Consis,BAUFI3,2025-06-27T02:30:00Z,0,1
Consis,BAUFI3,2025-06-27T03:00:00Z,0,1
Consis,BAUFI3,2025-06-27T03:30:00Z,0,1
Consis,BAUFI3,2025-06-27T04:00:00Z,0,1
Consis,BAUFI3,2025-06-27T04:30:00Z,0,1
Consis,BAUFI3,2025-06-27T05:00:00Z,0,1
Consis,BAUFI3,2025-06-27T05:30:00Z,0,1
Consis,BAUFI3,2025-06-27T06:00:00Z,0,1
Consis,BAUFI3,2025-06-27T06:30:00Z,2.086,1
Consis,BAUFI3,2025-06-27T07:00:00Z,9.293,1
Consis,BAUFI3,2025-06-27T07:30:00Z,17.088,1
Consis,BAUFI3,2025-06-27T08:00:00Z,22.061,1
Consis,BAUFI3,2025-06-27T08:30:00Z,22.888,1
Consis,BAUFI3,2025-06-27T09:00:00Z,24.677,1
Consis,BAUFI3,2025-06-27T09:30:00Z,23.689,1
Consis,BAUFI3,2025-06-27T10:00:00Z,22.899,1
Consis,BAUFI3,2025-06-27T10:30:00Z,23.179,1
Consis,BAUFI3,2025-06-27T11:00:00Z,21.628,1
Consis,BAUFI3,2025-06-27T11:30:00Z,24.37,1
Consis,BAUFI3,2025-06-27T12:00:00Z,23.914,1
Consis,BAUFI3,2025-06-27T12:30:00Z,22.829,1
Consis,BAUFI3,2025-06-27T13:00:00Z,24.024,1
Consis,BAUFI3,2025-06-27T13:30:00Z,24.035,1
Consis,BAUFI3,2025-06-27T14:00:00Z,23.981,1
Consis,BAUFI3,2025-06-27T14:30:00Z,21.893,1
Consis,BAUFI3,2025-06-27T15:00:00Z,21.812,1
Consis,BAUFI3,2025-06-27T15:30:00Z,21.486,1
Consis,BAUFI3,2025-06-27T16:00:00Z,18.093,1
Consis,BAUFI3,2025-06-27T16:30:00Z,9.798,1
Consis,BAUFI3,2025-06-27T17:00:00Z,2.62,1
Consis,BAUFI3,2025-06-27T17:30:00Z,0.075,1
Consis,BAUFI3,2025-06-27T18:00:00Z,0,1
Consis,BAUFI3,2025-06-27T18:30:00Z,0,1
Consis,BAUFI3,2025-06-27T19:00:00Z,0,1
Consis,BAUFI3,2025-06-27T19:30:00Z,0,1
Consis,BAUFI3,2025-06-27T20:00:00Z,0,1
Consis,BAUFI3,2025-06-27T20:30:00Z,0,1
Consis,BAUFI3,2025-06-27T21:00:00Z,0,1
Consis,BAUFI3,2025-06-27T21:30:00Z,0,1
Consis,BAUFI3,2025-06-27T22:00:00Z,0,1
Consis,BAUFI3,2025-06-27T22:30:00Z,0,1
Consis,BAUFI3,2025-06-27T23:00:00Z,0,1
Consis,BAUFI3,2025-06-27T23:30:00Z,0,1
Consis,BAUFI3,2025-06-28T00:00:00Z,0,1
Consis,BAUFI3,2025-06-28T00:30:00Z,0,1
Consis,BAUFI3,2025-06-28T01:00:00Z,0,1
Consis,BAUFI3,2025-06-28T01:30:00Z,0,1
Consis,BAUFI3,2025-06-28T02:00:00Z,0,1
Consis,BAUFI3,2025-06-28T02:30:00Z,0,1
Consis,BAUFI3,2025-06-28T03:00:00Z,0,1
Consis,BAUFI3,2025-06-28T03:30:00Z,0,1
Consis,BAUFI3,2025-06-28T04:00:00Z,0,1
Consis,BAUFI3,2025-06-28T04:30:00Z,0,1
Consis,BAUFI3,2025-06-28T05:00:00Z,0,1
Consis,BAUFI3,2025-06-28T05:30:00Z,0,1
Consis,BAUFI3,2025-06-28T06:00:00Z,0,1
Consis,BAUFI3,2025-06-28T06:30:00Z,2.067,1
Consis,BAUFI3,2025-06-28T07:00:00Z,1.865,1
Consis,BAUFI3,2025-06-28T07:30:00Z,0.117,1
Consis,BAUFI3,2025-06-28T08:00:00Z,0.356,1
Consis,BAUFI3,2025-06-28T08:30:00Z,1.308,1
Consis,BAUFI3,2025-06-28T09:00:00Z,1.322,1
Consis,BAUFI3,2025-06-28T09:30:00Z,1.509,1
Consis,BAUFI3,2025-06-28T10:00:00Z,3.309,1
Consis,BAUFI3,2025-06-28T10:30:00Z,4.356,1
Consis,BAUFI3,2025-06-28T11:00:00Z,4.366,1
Consis,BAUFI3,2025-06-28T11:30:00Z,4.379,1
Consis,BAUFI3,2025-06-28T12:00:00Z,4.387,1
Consis,BAUFI3,2025-06-28T12:30:00Z,4.395,1
Consis,BAUFI3,2025-06-28T13:00:00Z,4.331,1
Consis,BAUFI3,2025-06-28T13:30:00Z,4.39,1
Consis,BAUFI3,2025-06-28T14:00:00Z,4.472,1
Consis,BAUFI3,2025-06-28T14:30:00Z,4.198,1
Consis,BAUFI3,2025-06-28T15:00:00Z,4.394,1
Consis,BAUFI3,2025-06-28T15:30:00Z,8.075,1
Consis,BAUFI3,2025-06-28T16:00:00Z,13.234,1
Consis,BAUFI3,2025-06-28T16:30:00Z,10.23,1
Consis,BAUFI3,2025-06-28T17:00:00Z,3,1
Consis,BAUFI3,2025-06-28T17:30:00Z,0,1
Consis,BAUFI3,2025-06-28T18:00:00Z,0,1
Consis,BAUFI3,2025-06-28T18:30:00Z,0,1
Consis,BAUFI3,2025-06-28T19:00:00Z,0,1
Consis,BAUFI3,2025-06-28T19:30:00Z,0,1
Consis,BAUFI3,2025-06-28T20:00:00Z,0,1
Consis,BAUFI3,2025-06-28T20:30:00Z,0,1
Consis,BAUFI3,2025-06-28T21:00:00Z,0,1
Consis,BAUFI3,2025-06-28T21:30:00Z,0,1
Consis,BAUFI3,2025-06-28T22:00:00Z,0,1
Consis,BAUFI3,2025-06-28T22:30:00Z,0,1
Consis,BAUFI3,2025-06-28T23:00:00Z,0,1
Consis,BAUFI3,2025-06-28T23:30:00Z,0,1
Consis,BAUFI3,2025-06-29T00:00:00Z,0,1
Consis,BAUFI3,2025-06-29T00:30:00Z,0,1
Consis,BAUFI3,2025-06-29T01:00:00Z,0,1
Consis,BAUFI3,2025-06-29T01:30:00Z,0,1
Consis,BAUFI3,2025-06-29T02:00:00Z,0,1
Consis,BAUFI3,2025-06-29T02:30:00Z,0,1
Consis,BAUFI3,2025-06-29T03:00:00Z,0,1
Consis,BAUFI3,2025-06-29T03:30:00Z,0,1
Consis,BAUFI3,2025-06-29T04:00:00Z,0,1
Consis,BAUFI3,2025-06-29T04:30:00Z,0,1
Consis,BAUFI3,2025-06-29T05:00:00Z,0,1
Consis,BAUFI3,2025-06-29T05:30:00Z,0,1
Consis,BAUFI3,2025-06-29T06:00:00Z,0,1
Consis,BAUFI3,2025-06-29T06:30:00Z,1.872,1
Consis,BAUFI3,2025-06-29T07:00:00Z,1.516,1
Consis,BAUFI3,2025-06-29T07:30:00Z,1.111,1
Consis,BAUFI3,2025-06-29T08:00:00Z,1.601,1
Consis,BAUFI3,2025-06-29T08:30:00Z,2.003,1
Consis,BAUFI3,2025-06-29T09:00:00Z,1.993,1
Consis,BAUFI3,2025-06-29T09:30:00Z,1.974,1
Consis,BAUFI3,2025-06-29T10:00:00Z,1.882,1
Consis,BAUFI3,2025-06-29T10:30:00Z,2.525,1
Consis,BAUFI3,2025-06-29T11:00:00Z,3.261,1
Consis,BAUFI3,2025-06-29T11:30:00Z,3.242,1
Consis,BAUFI3,2025-06-29T12:00:00Z,3.254,1
Consis,BAUFI3,2025-06-29T12:30:00Z,4.279,1
Consis,BAUFI3,2025-06-29T13:00:00Z,5.077,1
Consis,BAUFI3,2025-06-29T13:30:00Z,7.232,1
Consis,BAUFI3,2025-06-29T14:00:00Z,10.104,1
Consis,BAUFI3,2025-06-29T14:30:00Z,13.469,1
Consis,BAUFI3,2025-06-29T15:00:00Z,11.605,1
Consis,BAUFI3,2025-06-29T15:30:00Z,9.893,1
Consis,BAUFI3,2025-06-29T16:00:00Z,4.435,1
Consis,BAUFI3,2025-06-29T16:30:00Z,9.831,1
Consis,BAUFI3,2025-06-29T17:00:00Z,2.742,1
Consis,BAUFI3,2025-06-29T17:30:00Z,0,1
Consis,BAUFI3,2025-06-29T18:00:00Z,0,1
Consis,BAUFI3,2025-06-29T18:30:00Z,0,1
Consis,BAUFI3,2025-06-29T19:00:00Z,0,1
Consis,BAUFI3,2025-06-29T19:30:00Z,0,1
Consis,BAUFI3,2025-06-29T20:00:00Z,0,1
Consis,BAUFI3,2025-06-29T20:30:00Z,0,1
Consis,BAUFI3,2025-06-29T21:00:00Z,0,1
Consis,BAUFI3,2025-06-29T21:30:00Z,0,1
Consis,BAUFI3,2025-06-29T22:00:00Z,0,1
Consis,BAUFI3,2025-06-29T22:30:00Z,0,1
Consis,BAUFI3,2025-06-29T23:00:00Z,0,1
Consis,BAUFI3,2025-06-29T23:30:00Z,0,1
Consis,BAUFI3,2025-06-30T00:00:00Z,0,1
Consis,BAUFI3,2025-06-30T00:30:00Z,0,1
Consis,BAUFI3,2025-06-30T01:00:00Z,0,1
Consis,BAUFI3,2025-06-30T01:30:00Z,0,1
Consis,BAUFI3,2025-06-30T02:00:00Z,0,1
Consis,BAUFI3,2025-06-30T02:30:00Z,0,1
Consis,BAUFI3,2025-06-30T03:00:00Z,0,1
Consis,BAUFI3,2025-06-30T03:30:00Z,0,1
Consis,BAUFI3,2025-06-30T04:00:00Z,0,1
Consis,BAUFI3,2025-06-30T04:30:00Z,0,1
Consis,BAUFI3,2025-06-30T05:00:00Z,0,1
Consis,BAUFI3,2025-06-30T05:30:00Z,0,1
Consis,BAUFI3,2025-06-30T06:00:00Z,0,1
Consis,BAUFI3,2025-06-30T06:30:00Z,2.124,1
Consis,BAUFI3,2025-06-30T07:00:00Z,9.737,1
Consis,BAUFI3,2025-06-30T07:30:00Z,17.846,1
Consis,BAUFI3,2025-06-30T08:00:00Z,22.425,1
Consis,BAUFI3,2025-06-30T08:30:00Z,20.109,1
Consis,BAUFI3,2025-06-30T09:00:00Z,24.899,1
Consis,BAUFI3,2025-06-30T09:30:00Z,25.111,1
Consis,BAUFI3,2025-06-30T10:00:00Z,24.968,1
Consis,BAUFI3,2025-06-30T10:30:00Z,24.786,1
Consis,BAUFI3,2025-06-30T11:00:00Z,24.623,1
Consis,BAUFI3,2025-06-30T11:30:00Z,24.593,1
Consis,BAUFI3,2025-06-30T12:00:00Z,24.7,1
Consis,BAUFI3,2025-06-30T12:30:00Z,24.776,1
Consis,BAUFI3,2025-06-30T13:00:00Z,24.548,1
Consis,BAUFI3,2025-06-30T13:30:00Z,24.407,1
Consis,BAUFI3,2025-06-30T14:00:00Z,24.16,1
Consis,BAUFI3,2025-06-30T14:30:00Z,24.036,1
Consis,BAUFI3,2025-06-30T15:00:00Z,23.361,1
Consis,BAUFI3,2025-06-30T15:30:00Z,21.994,1
Consis,BAUFI3,2025-06-30T16:00:00Z,17.757,1
Consis,BAUFI3,2025-06-30T16:30:00Z,10.118,1
Consis,BAUFI3,2025-06-30T17:00:00Z,1.199,1
Consis,BAUFI3,2025-06-30T17:30:00Z,0.168,1
Consis,BAUFI3,2025-06-30T18:00:00Z,0,1
Consis,BAUFI3,2025-06-30T18:30:00Z,0,1
Consis,BAUFI3,2025-06-30T19:00:00Z,0,1
Consis,BAUFI3,2025-06-30T19:30:00Z,0,1
Consis,BAUFI3,2025-06-30T20:00:00Z,0,1
Consis,BAUFI3,2025-06-30T20:30:00Z,0,1
Consis,BAUFI3,2025-06-30T21:00:00Z,0,1
Consis,BAUFI3,2025-06-30T21:30:00Z,0,1
Consis,BAUFI3,2025-06-30T22:00:00Z,0,1
Consis,BAUFI3,2025-06-30T22:30:00Z,0,1
Consis,BAUFI3,2025-06-30T23:00:00Z,0,1
Consis,BAUFI3,2025-06-30T23:30:00Z,0,1
Consis,BAUFI3,2025-07-01T00:00:00Z,0,1
Consis,BAUFI3,2025-07-01T00:30:00Z,0,1
Consis,BAUFI3,2025-07-01T01:00:00Z,0,1
Consis,BAUFI3,2025-07-01T01:30:00Z,0,1
Consis,BAUFI3,2025-07-01T02:00:00Z,0,1
Consis,BAUFI3,2025-07-01T02:30:00Z,0,1
Consis,BAUFI3,2025-07-01T03:00:00Z,0,1
Consis,BAUFI3,2025-07-01T03:30:00Z,0,1
Consis,BAUFI3,2025-07-01T04:00:00Z,0,1
Consis,BAUFI3,2025-07-01T04:30:00Z,0,1
Consis,BAUFI3,2025-07-01T05:00:00Z,0,1
Consis,BAUFI3,2025-07-01T05:30:00Z,0,1
Consis,BAUFI3,2025-07-01T06:00:00Z,0,1
Consis,BAUFI3,2025-07-01T06:30:00Z,1.604,1
Consis,BAUFI3,2025-07-01T07:00:00Z,8.905,1
Consis,BAUFI3,2025-07-01T07:30:00Z,16.793,1
Consis,BAUFI3,2025-07-01T08:00:00Z,17.937,1
Consis,BAUFI3,2025-07-01T08:30:00Z,22.523,1
Consis,BAUFI3,2025-07-01T09:00:00Z,21.241,1
Consis,BAUFI3,2025-07-01T09:30:00Z,22.917,1
Consis,BAUFI3,2025-07-01T10:00:00Z,23.64,1
Consis,BAUFI3,2025-07-01T10:30:00Z,24.024,1
Consis,BAUFI3,2025-07-01T11:00:00Z,23.508,1
Consis,BAUFI3,2025-07-01T11:30:00Z,23.518,1
Consis,BAUFI3,2025-07-01T12:00:00Z,23.74,1
Consis,BAUFI3,2025-07-01T12:30:00Z,22.265,1
Consis,BAUFI3,2025-07-01T13:00:00Z,23.242,1
Consis,BAUFI3,2025-07-01T13:30:00Z,24.223,1
Consis,BAUFI3,2025-07-01T14:00:00Z,15.573,1
Consis,BAUFI3,2025-07-01T14:30:00Z,17.645,1
Consis,BAUFI3,2025-07-01T15:00:00Z,11.981,1
Consis,BAUFI3,2025-07-01T15:30:00Z,6.558,1
Consis,BAUFI3,2025-07-01T16:00:00Z,4.463,1
Consis,BAUFI3,2025-07-01T16:30:00Z,1.944,1
Consis,BAUFI3,2025-07-01T17:00:00Z,1.266,1
Consis,BAUFI3,2025-07-01T17:30:00Z,0,1
Consis,BAUFI3,2025-07-01T18:00:00Z,0,1
Consis,BAUFI3,2025-07-01T18:30:00Z,0,1
Consis,BAUFI3,2025-07-01T19:00:00Z,0,1
Consis,BAUFI3,2025-07-01T19:30:00Z,0,1
Consis,BAUFI3,2025-07-01T20:00:00Z,0,1
Consis,BAUFI3,2025-07-01T20:30:00Z,0,1
Consis,BAUFI3,2025-07-01T21:00:00Z,0,1
Consis,BAUFI3,2025-07-01T21:30:00Z,0,1
Consis,BAUFI3,2025-07-01T22:00:00Z,0,1
Consis,BAUFI3,2025-07-01T22:30:00Z,0,1
Consis,BAUFI3,2025-07-01T23:00:00Z,0,1
Consis,BAUFI3,2025-07-01T23:30:00Z,0,1
Consis,BAUFI3,2025-07-02T00:00:00Z,0,1
Consis,BAUFI3,2025-07-02T00:30:00Z,0,1
Consis,BAUFI3,2025-07-02T01:00:00Z,0,1
Consis,BAUFI3,2025-07-02T01:30:00Z,0,1
Consis,BAUFI3,2025-07-02T02:00:00Z,0,1
Consis,BAUFI3,2025-07-02T02:30:00Z,0,1
Consis,BAUFI3,2025-07-02T03:00:00Z,0,1
Consis,BAUFI3,2025-07-02T03:30:00Z,0,1
Consis,BAUFI3,2025-07-02T04:00:00Z,0,1
Consis,BAUFI3,2025-07-02T04:30:00Z,0,1
Consis,BAUFI3,2025-07-02T05:00:00Z,0,1
Consis,BAUFI3,2025-07-02T05:30:00Z,0,1
Consis,BAUFI3,2025-07-02T06:00:00Z,0,1
Consis,BAUFI3,2025-07-02T06:30:00Z,1.776361,1
Consis,BAUFI3,2025-07-02T07:00:00Z,8.75139,1
Consis,BAUFI3,2025-07-02T07:30:00Z,0.5561528,1
Consis,BAUFI3,2025-07-02T08:00:00Z,0,1
Consis,BAUFI3,2025-07-02T08:30:00Z,0,1
Consis,BAUFI3,2025-07-02T09:00:00Z,0,1
Consis,BAUFI3,2025-07-02T09:30:00Z,0,1
Consis,BAUFI3,2025-07-02T10:00:00Z,0.781646,1
Consis,BAUFI3,2025-07-02T10:30:00Z,0,1
Consis,BAUFI3,2025-07-02T11:00:00Z,0,1
Consis,BAUFI3,2025-07-02T11:30:00Z,0,1
Consis,BAUFI3,2025-07-02T12:00:00Z,0,1
Consis,BAUFI3,2025-07-02T12:30:00Z,0,1
Consis,BAUFI3,2025-07-02T13:00:00Z,2.147094,1
Consis,BAUFI3,2025-07-02T13:30:00Z,6.782331,1
Consis,BAUFI3,2025-07-02T14:00:00Z,19.89313,1
Consis,BAUFI3,2025-07-02T14:30:00Z,23.52885,1
Consis,BAUFI3,2025-07-02T15:00:00Z,22.90606,1
Consis,BAUFI3,2025-07-02T15:30:00Z,21.66709,1
Consis,BAUFI3,2025-07-02T16:00:00Z,17.49812,1
Consis,BAUFI3,2025-07-02T16:30:00Z,9.890889,1
Consis,BAUFI3,2025-07-02T17:00:00Z,2.694332,1
Consis,BAUFI3,2025-07-02T17:30:00Z,0.002890226,1
Consis,BAUFI3,2025-07-02T18:00:00Z,0,1
Consis,BAUFI3,2025-07-02T18:30:00Z,0,1
Consis,BAUFI3,2025-07-02T19:00:00Z,0,1
Consis,BAUFI3,2025-07-02T19:30:00Z,0,1
Consis,BAUFI3,2025-07-02T20:00:00Z,0,1
Consis,BAUFI3,2025-07-02T20:30:00Z,0,1
Consis,BAUFI3,2025-07-02T21:00:00Z,0,1
Consis,BAUFI3,2025-07-02T21:30:00Z,0,1
Consis,BAUFI3,2025-07-02T22:00:00Z,0,1
Consis,BAUFI3,2025-07-02T22:30:00Z,0,1
Consis,BAUFI3,2025-07-02T23:00:00Z,0,1
Consis,BAUFI3,2025-07-02T23:30:00Z,0,1
Consis,BAUFI4,2025-05-19T00:00:00Z,0,1
Consis,BAUFI4,2025-05-19T00:30:00Z,0,1
Consis,BAUFI4,2025-05-19T01:00:00Z,0,1
Consis,BAUFI4,2025-05-19T01:30:00Z,0,1
Consis,BAUFI4,2025-05-19T02:00:00Z,0,1
Consis,BAUFI4,2025-05-19T02:30:00Z,0,1
Consis,BAUFI4,2025-05-19T03:00:00Z,0,1
Consis,BAUFI4,2025-05-19T03:30:00Z,0,1
Consis,BAUFI4,2025-05-19T04:00:00Z,0,1
Consis,BAUFI4,2025-05-19T04:30:00Z,0,1
Consis,BAUFI4,2025-05-19T05:00:00Z,0,1
Consis,BAUFI4,2025-05-19T05:30:00Z,0,1
Consis,BAUFI4,2025-05-19T06:00:00Z,0.316,1
Consis,BAUFI4,2025-05-19T06:30:00Z,4.0539,1
Consis,BAUFI4,2025-05-19T07:00:00Z,9.7186,1
Consis,BAUFI4,2025-05-19T07:30:00Z,16.4904,1
Consis,BAUFI4,2025-05-19T08:00:00Z,18.999,1
Consis,BAUFI4,2025-05-19T08:30:00Z,21.0265,1
Consis,BAUFI4,2025-05-19T09:00:00Z,22.783,1
Consis,BAUFI4,2025-05-19T09:30:00Z,23.1392,1
Consis,BAUFI4,2025-05-19T10:00:00Z,23.9702,1
Consis,BAUFI4,2025-05-19T10:30:00Z,24.51,1
Consis,BAUFI4,2025-05-19T11:00:00Z,23.8472,1
Consis,BAUFI4,2025-05-19T11:30:00Z,23.399,1
Consis,BAUFI4,2025-05-19T12:00:00Z,23.4024,1
Consis,BAUFI4,2025-05-19T12:30:00Z,23.716,1
Consis,BAUFI4,2025-05-19T13:00:00Z,23.8278,1
Consis,BAUFI4,2025-05-19T13:30:00Z,24.0883,1
Consis,BAUFI4,2025-05-19T14:00:00Z,23.5595,1
Consis,BAUFI4,2025-05-19T14:30:00Z,24.2167,1
Consis,BAUFI4,2025-05-19T15:00:00Z,24.346,1
Consis,BAUFI4,2025-05-19T15:30:00Z,21.66,1
Consis,BAUFI4,2025-05-19T16:00:00Z,17.131,1
Consis,BAUFI4,2025-05-19T16:30:00Z,9.271,1
Consis,BAUFI4,2025-05-19T17:00:00Z,2.49,1
Consis,BAUFI4,2025-05-19T17:30:00Z,0.067,1
Consis,BAUFI4,2025-05-19T18:00:00Z,0,1
Consis,BAUFI4,2025-05-19T18:30:00Z,0,1
Consis,BAUFI4,2025-05-19T19:00:00Z,0,1
Consis,BAUFI4,2025-05-19T19:30:00Z,0,1
Consis,BAUFI4,2025-05-19T20:00:00Z,0,1
Consis,BAUFI4,2025-05-19T20:30:00Z,0,1
Consis,BAUFI4,2025-05-19T21:00:00Z,0,1
Consis,BAUFI4,2025-05-19T21:30:00Z,0,1
Consis,BAUFI4,2025-05-19T22:00:00Z,0,1
Consis,BAUFI4,2025-05-19T22:30:00Z,0,1
Consis,BAUFI4,2025-05-19T23:00:00Z,0,1
Consis,BAUFI4,2025-05-19T23:30:00Z,0,1
Consis,BAUFI4,2025-05-20T00:00:00Z,0,1
Consis,BAUFI4,2025-05-20T00:30:00Z,0,1
Consis,BAUFI4,2025-05-20T01:00:00Z,0,1
Consis,BAUFI4,2025-05-20T01:30:00Z,0,1
Consis,BAUFI4,2025-05-20T02:00:00Z,0,1
Consis,BAUFI4,2025-05-20T02:30:00Z,0,1
Consis,BAUFI4,2025-05-20T03:00:00Z,0,1
Consis,BAUFI4,2025-05-20T03:30:00Z,0,1
Consis,BAUFI4,2025-05-20T04:00:00Z,0,1
Consis,BAUFI4,2025-05-20T04:30:00Z,0,1
Consis,BAUFI4,2025-05-20T05:00:00Z,0,1
Consis,BAUFI4,2025-05-20T05:30:00Z,0,1
Consis,BAUFI4,2025-05-20T06:00:00Z,0.212,1
Consis,BAUFI4,2025-05-20T06:30:00Z,1.634,1
Consis,BAUFI4,2025-05-20T07:00:00Z,5.069,1
Consis,BAUFI4,2025-05-20T07:30:00Z,7.567,1
Consis,BAUFI4,2025-05-20T08:00:00Z,10.14,1
Consis,BAUFI4,2025-05-20T08:30:00Z,21.688,1
Consis,BAUFI4,2025-05-20T09:00:00Z,22.7194,1
Consis,BAUFI4,2025-05-20T09:30:00Z,23.2878,1
Consis,BAUFI4,2025-05-20T10:00:00Z,24.0441,1
Consis,BAUFI4,2025-05-20T10:30:00Z,24.7157,1
Consis,BAUFI4,2025-05-20T11:00:00Z,24.1196,1
Consis,BAUFI4,2025-05-20T11:30:00Z,23.5616,1
Consis,BAUFI4,2025-05-20T12:00:00Z,23.3475,1
Consis,BAUFI4,2025-05-20T12:30:00Z,23.766,1
Consis,BAUFI4,2025-05-20T13:00:00Z,23.7862,1
Consis,BAUFI4,2025-05-20T13:30:00Z,24.0121,1
Consis,BAUFI4,2025-05-20T14:00:00Z,23.4835,1
Consis,BAUFI4,2025-05-20T14:30:00Z,19.347,1
Consis,BAUFI4,2025-05-20T15:00:00Z,22.43,1
Consis,BAUFI4,2025-05-20T15:30:00Z,16.688,1
Consis,BAUFI4,2025-05-20T16:00:00Z,5.433,1
Consis,BAUFI4,2025-05-20T16:30:00Z,6.115,1
Consis,BAUFI4,2025-05-20T17:00:00Z,2.232,1
Consis,BAUFI4,2025-05-20T17:30:00Z,0.034,1
Consis,BAUFI4,2025-05-20T18:00:00Z,0,1
Consis,BAUFI4,2025-05-20T18:30:00Z,0,1
Consis,BAUFI4,2025-05-20T19:00:00Z,0,1
Consis,BAUFI4,2025-05-20T19:30:00Z,0,1
Consis,BAUFI4,2025-05-20T20:00:00Z,0,1
Consis,BAUFI4,2025-05-20T20:30:00Z,0,1
Consis,BAUFI4,2025-05-20T21:00:00Z,0,1
Consis,BAUFI4,2025-05-20T21:30:00Z,0,1
Consis,BAUFI4,2025-05-20T22:00:00Z,0,1
Consis,BAUFI4,2025-05-20T22:30:00Z,0,1
Consis,BAUFI4,2025-05-20T23:00:00Z,0,1
Consis,BAUFI4,2025-05-20T23:30:00Z,0,1
Consis,BAUFI4,2025-05-21T00:00:00Z,0,1
Consis,BAUFI4,2025-05-21T00:30:00Z,0,1
Consis,BAUFI4,2025-05-21T01:00:00Z,0,1
Consis,BAUFI4,2025-05-21T01:30:00Z,0,1
Consis,BAUFI4,2025-05-21T02:00:00Z,0,1
Consis,BAUFI4,2025-05-21T02:30:00Z,0,1
Consis,BAUFI4,2025-05-21T03:00:00Z,0,1
Consis,BAUFI4,2025-05-21T03:30:00Z,0,1
Consis,BAUFI4,2025-05-21T04:00:00Z,0,1
Consis,BAUFI4,2025-05-21T04:30:00Z,0,1
Consis,BAUFI4,2025-05-21T05:00:00Z,0,1
Consis,BAUFI4,2025-05-21T05:30:00Z,0.002,1
Consis,BAUFI4,2025-05-21T06:00:00Z,0.413,1
Consis,BAUFI4,2025-05-21T06:30:00Z,3.863,1
Consis,BAUFI4,2025-05-21T07:00:00Z,10.358,1
Consis,BAUFI4,2025-05-21T07:30:00Z,15.918,1
Consis,BAUFI4,2025-05-21T08:00:00Z,19.736,1
Consis,BAUFI4,2025-05-21T08:30:00Z,20.607,1
Consis,BAUFI4,2025-05-21T09:00:00Z,21.582,1
Consis,BAUFI4,2025-05-21T09:30:00Z,,1
Consis,BAUFI4,2025-05-21T10:00:00Z,,1
Consis,BAUFI4,2025-05-21T10:30:00Z,,1
Consis,BAUFI4,2025-05-21T11:00:00Z,,1
Consis,BAUFI4,2025-05-21T11:30:00Z,,1
Consis,BAUFI4,2025-05-21T12:00:00Z,,1
Consis,BAUFI4,2025-05-21T12:30:00Z,,1
Consis,BAUFI4,2025-05-21T13:00:00Z,,1
Consis,BAUFI4,2025-05-21T13:30:00Z,,1
Consis,BAUFI4,2025-05-21T14:00:00Z,23.168,1
Consis,BAUFI4,2025-05-21T14:30:00Z,23.808,1
Consis,BAUFI4,2025-05-21T15:00:00Z,21.864,1
Consis,BAUFI4,2025-05-21T15:30:00Z,20.879,1
Consis,BAUFI4,2025-05-21T16:00:00Z,14.227,1
Consis,BAUFI4,2025-05-21T16:30:00Z,6.003,1
Consis,BAUFI4,2025-05-21T17:00:00Z,2.005,1
Consis,BAUFI4,2025-05-21T17:30:00Z,0.042,1
Consis,BAUFI4,2025-05-21T18:00:00Z,0,1
Consis,BAUFI4,2025-05-21T18:30:00Z,0,1
Consis,BAUFI4,2025-05-21T19:00:00Z,0,1
Consis,BAUFI4,2025-05-21T19:30:00Z,0,1
Consis,BAUFI4,2025-05-21T20:00:00Z,0,1
Consis,BAUFI4,2025-05-21T20:30:00Z,0,1
Consis,BAUFI4,2025-05-21T21:00:00Z,0,1
Consis,BAUFI4,2025-05-21T21:30:00Z,0,1
Consis,BAUFI4,2025-05-21T22:00:00Z,0,1
Consis,BAUFI4,2025-05-21T22:30:00Z,0,1
Consis,BAUFI4,2025-05-21T23:00:00Z,0,1
Consis,BAUFI4,2025-05-21T23:30:00Z,0,1
Consis,BAUFI4,2025-05-22T00:00:00Z,0,1
Consis,BAUFI4,2025-05-22T00:30:00Z,0,1
Consis,BAUFI4,2025-05-22T01:00:00Z,0,1
Consis,BAUFI4,2025-05-22T01:30:00Z,0,1
Consis,BAUFI4,2025-05-22T02:00:00Z,0,1
Consis,BAUFI4,2025-05-22T02:30:00Z,0,1
Consis,BAUFI4,2025-05-22T03:00:00Z,0,1
Consis,BAUFI4,2025-05-22T03:30:00Z,0,1
Consis,BAUFI4,2025-05-22T04:00:00Z,0,1
Consis,BAUFI4,2025-05-22T04:30:00Z,0,1
Consis,BAUFI4,2025-05-22T05:00:00Z,0,1
Consis,BAUFI4,2025-05-22T05:30:00Z,0,1
Consis,BAUFI4,2025-05-22T06:00:00Z,0.31,1
Consis,BAUFI4,2025-05-22T06:30:00Z,3.888,1
Consis,BAUFI4,2025-05-22T07:00:00Z,8.594,1
Consis,BAUFI4,2025-05-22T07:30:00Z,,1
Consis,BAUFI4,2025-05-22T08:00:00Z,,1
Consis,BAUFI4,2025-05-22T08:30:00Z,,1
Consis,BAUFI4,2025-05-22T09:00:00Z,,1
Consis,BAUFI4,2025-05-22T09:30:00Z,,1
Consis,BAUFI4,2025-05-22T10:00:00Z,,1
Consis,BAUFI4,2025-05-22T10:30:00Z,,1
Consis,BAUFI4,2025-05-22T11:00:00Z,,1
Consis,BAUFI4,2025-05-22T11:30:00Z,23.932,1
Consis,BAUFI4,2025-05-22T12:00:00Z,23.457,1
Consis,BAUFI4,2025-05-22T12:30:00Z,23.946,1
Consis,BAUFI4,2025-05-22T13:00:00Z,24.205,1
Consis,BAUFI4,2025-05-22T13:30:00Z,22.951,1
Consis,BAUFI4,2025-05-22T14:00:00Z,23.252,1
Consis,BAUFI4,2025-05-22T14:30:00Z,23.197,1
Consis,BAUFI4,2025-05-22T15:00:00Z,21.976,1
Consis,BAUFI4,2025-05-22T15:30:00Z,21.024,1
Consis,BAUFI4,2025-05-22T16:00:00Z,16.638,1
Consis,BAUFI4,2025-05-22T16:30:00Z,8.779,1
Consis,BAUFI4,2025-05-22T17:00:00Z,2.053,1
Consis,BAUFI4,2025-05-22T17:30:00Z,0.039,1
Consis,BAUFI4,2025-05-22T18:00:00Z,0,1
Consis,BAUFI4,2025-05-22T18:30:00Z,0,1
Consis,BAUFI4,2025-05-22T19:00:00Z,0,1
Consis,BAUFI4,2025-05-22T19:30:00Z,0,1
Consis,BAUFI4,2025-05-22T20:00:00Z,0,1
Consis,BAUFI4,2025-05-22T20:30:00Z,0,1
Consis,BAUFI4,2025-05-22T21:00:00Z,0,1
Consis,BAUFI4,2025-05-22T21:30:00Z,0,1
Consis,BAUFI4,2025-05-22T22:00:00Z,0,1
Consis,BAUFI4,2025-05-22T22:30:00Z,0,1
Consis,BAUFI4,2025-05-22T23:00:00Z,0,1
Consis,BAUFI4,2025-05-22T23:30:00Z,0,1
Consis,BAUFI4,2025-05-23T00:00:00Z,0,1
Consis,BAUFI4,2025-05-23T00:30:00Z,0,1
Consis,BAUFI4,2025-05-23T01:00:00Z,0,1
Consis,BAUFI4,2025-05-23T01:30:00Z,0,1
Consis,BAUFI4,2025-05-23T02:00:00Z,0,1
Consis,BAUFI4,2025-05-23T02:30:00Z,0,1
Consis,BAUFI4,2025-05-23T03:00:00Z,0,1
Consis,BAUFI4,2025-05-23T03:30:00Z,0,1
Consis,BAUFI4,2025-05-23T04:00:00Z,0,1
Consis,BAUFI4,2025-05-23T04:30:00Z,0,1
Consis,BAUFI4,2025-05-23T05:00:00Z,0,1
Consis,BAUFI4,2025-05-23T05:30:00Z,0,1
Consis,BAUFI4,2025-05-23T06:00:00Z,0.277,1
Consis,BAUFI4,2025-05-23T06:30:00Z,3.9144,1
Consis,BAUFI4,2025-05-23T07:00:00Z,9.6127,1
Consis,BAUFI4,2025-05-23T07:30:00Z,18.4216,1
Consis,BAUFI4,2025-05-23T08:00:00Z,20.4365,1
Consis,BAUFI4,2025-05-23T08:30:00Z,21.4189,1
Consis,BAUFI4,2025-05-23T09:00:00Z,22.7923,1
Consis,BAUFI4,2025-05-23T09:30:00Z,23.6849,1
Consis,BAUFI4,2025-05-23T10:00:00Z,24.0396,1
Consis,BAUFI4,2025-05-23T10:30:00Z,24.4274,1
Consis,BAUFI4,2025-05-23T11:00:00Z,23.5584,1
Consis,BAUFI4,2025-05-23T11:30:00Z,23.0915,1
Consis,BAUFI4,2025-05-23T12:00:00Z,22.2588,1
Consis,BAUFI4,2025-05-23T12:30:00Z,22.7653,1
Consis,BAUFI4,2025-05-23T13:00:00Z,22.087,1
Consis,BAUFI4,2025-05-23T13:30:00Z,24.238,1
Consis,BAUFI4,2025-05-23T14:00:00Z,24.08,1
Consis,BAUFI4,2025-05-23T14:30:00Z,19.511,1
Consis,BAUFI4,2025-05-23T15:00:00Z,8.848,1
Consis,BAUFI4,2025-05-23T15:30:00Z,6.953,1
Consis,BAUFI4,2025-05-23T16:00:00Z,7.844,1
Consis,BAUFI4,2025-05-23T16:30:00Z,10.177,1
Consis,BAUFI4,2025-05-23T17:00:00Z,1.692,1
Consis,BAUFI4,2025-05-23T17:30:00Z,0.014,1
Consis,BAUFI4,2025-05-23T18:00:00Z,0,1
Consis,BAUFI4,2025-05-23T18:30:00Z,0,1
Consis,BAUFI4,2025-05-23T19:00:00Z,0,1
Consis,BAUFI4,2025-05-23T19:30:00Z,0,1
Consis,BAUFI4,2025-05-23T20:00:00Z,0,1
Consis,BAUFI4,2025-05-23T20:30:00Z,0,1
Consis,BAUFI4,2025-05-23T21:00:00Z,0,1
Consis,BAUFI4,2025-05-23T21:30:00Z,0,1
Consis,BAUFI4,2025-05-23T22:00:00Z,0,1
Consis,BAUFI4,2025-05-23T22:30:00Z,0,1
Consis,BAUFI4,2025-05-23T23:00:00Z,0,1
Consis,BAUFI4,2025-05-23T23:30:00Z,0,1
Consis,BAUFI4,2025-05-24T00:00:00Z,0,1
Consis,BAUFI4,2025-05-24T00:30:00Z,0,1
Consis,BAUFI4,2025-05-24T01:00:00Z,0,1
Consis,BAUFI4,2025-05-24T01:30:00Z,0,1
Consis,BAUFI4,2025-05-24T02:00:00Z,0,1
Consis,BAUFI4,2025-05-24T02:30:00Z,0,1
Consis,BAUFI4,2025-05-24T03:00:00Z,0,1
Consis,BAUFI4,2025-05-24T03:30:00Z,0,1
Consis,BAUFI4,2025-05-24T04:00:00Z,0,1
Consis,BAUFI4,2025-05-24T04:30:00Z,0,1
Consis,BAUFI4,2025-05-24T05:00:00Z,0,1
Consis,BAUFI4,2025-05-24T05:30:00Z,0,1
Consis,BAUFI4,2025-05-24T06:00:00Z,0.275,1
Consis,BAUFI4,2025-05-24T06:30:00Z,3.86,1
Consis,BAUFI4,2025-05-24T07:00:00Z,8.7287,1
Consis,BAUFI4,2025-05-24T07:30:00Z,16.216,1
Consis,BAUFI4,2025-05-24T08:00:00Z,18.022,1
Consis,BAUFI4,2025-05-24T08:30:00Z,19.9745,1
Consis,BAUFI4,2025-05-24T09:00:00Z,21.6765,1
Consis,BAUFI4,2025-05-24T09:30:00Z,22.9234,1
Consis,BAUFI4,2025-05-24T10:00:00Z,22.824,1
Consis,BAUFI4,2025-05-24T10:30:00Z,23.4063,1
Consis,BAUFI4,2025-05-24T11:00:00Z,22.8349,1
Consis,BAUFI4,2025-05-24T11:30:00Z,22.5744,1
Consis,BAUFI4,2025-05-24T12:00:00Z,21.8386,1
Consis,BAUFI4,2025-05-24T12:30:00Z,22.3577,1
Consis,BAUFI4,2025-05-24T13:00:00Z,21.508,1
Consis,BAUFI4,2025-05-24T13:30:00Z,22.2059,1
Consis,BAUFI4,2025-05-24T14:00:00Z,21.8977,1
Consis,BAUFI4,2025-05-24T14:30:00Z,21.5578,1
Consis,BAUFI4,2025-05-24T15:00:00Z,20.0274,1
Consis,BAUFI4,2025-05-24T15:30:00Z,17.7151,1
Consis,BAUFI4,2025-05-24T16:00:00Z,16.307,1
Consis,BAUFI4,2025-05-24T16:30:00Z,4.248,1
Consis,BAUFI4,2025-05-24T17:00:00Z,2.167,1
Consis,BAUFI4,2025-05-24T17:30:00Z,0.046,1
Consis,BAUFI4,2025-05-24T18:00:00Z,0,1
Consis,BAUFI4,2025-05-24T18:30:00Z,0,1
Consis,BAUFI4,2025-05-24T19:00:00Z,0,1
Consis,BAUFI4,2025-05-24T19:30:00Z,0,1
Consis,BAUFI4,2025-05-24T20:00:00Z,0,1
Consis,BAUFI4,2025-05-24T20:30:00Z,0,1
Consis,BAUFI4,2025-05-24T21:00:00Z,0,1
Consis,BAUFI4,2025-05-24T21:30:00Z,0,1
Consis,BAUFI4,2025-05-24T22:00:00Z,0,1
Consis,BAUFI4,2025-05-24T22:30:00Z,0,1
Consis,BAUFI4,2025-05-24T23:00:00Z,0,1
Consis,BAUFI4,2025-05-24T23:30:00Z,0,1
Consis,BAUFI4,2025-05-25T00:00:00Z,0,1
Consis,BAUFI4,2025-05-25T00:30:00Z,0,1
Consis,BAUFI4,2025-05-25T01:00:00Z,0,1
Consis,BAUFI4,2025-05-25T01:30:00Z,0,1
Consis,BAUFI4,2025-05-25T02:00:00Z,0,1
Consis,BAUFI4,2025-05-25T02:30:00Z,0,1
Consis,BAUFI4,2025-05-25T03:00:00Z,0,1
Consis,BAUFI4,2025-05-25T03:30:00Z,0,1
Consis,BAUFI4,2025-05-25T04:00:00Z,0,1
Consis,BAUFI4,2025-05-25T04:30:00Z,0,1
Consis,BAUFI4,2025-05-25T05:00:00Z,0,1
Consis,BAUFI4,2025-05-25T05:30:00Z,0,1
Consis,BAUFI4,2025-05-25T06:00:00Z,0.204,1
Consis,BAUFI4,2025-05-25T06:30:00Z,2.404,1
Consis,BAUFI4,2025-05-25T07:00:00Z,8.8713,1
Consis,BAUFI4,2025-05-25T07:30:00Z,16.8657,1
Consis,BAUFI4,2025-05-25T08:00:00Z,18.5932,1
Consis,BAUFI4,2025-05-25T08:30:00Z,20.5151,1
Consis,BAUFI4,2025-05-25T09:00:00Z,22.0488,1
Consis,BAUFI4,2025-05-25T09:30:00Z,22.9857,1
Consis,BAUFI4,2025-05-25T10:00:00Z,23.3752,1
Consis,BAUFI4,2025-05-25T10:30:00Z,24.0712,1
Consis,BAUFI4,2025-05-25T11:00:00Z,23.6053,1
Consis,BAUFI4,2025-05-25T11:30:00Z,23.3298,1
Consis,BAUFI4,2025-05-25T12:00:00Z,22.9867,1
Consis,BAUFI4,2025-05-25T12:30:00Z,23.5582,1
Consis,BAUFI4,2025-05-25T13:00:00Z,23.2345,1
Consis,BAUFI4,2025-05-25T13:30:00Z,23.812,1
Consis,BAUFI4,2025-05-25T14:00:00Z,23.4914,1
Consis,BAUFI4,2025-05-25T14:30:00Z,23.5643,1
Consis,BAUFI4,2025-05-25T15:00:00Z,20.9217,1
Consis,BAUFI4,2025-05-25T15:30:00Z,21.639,1
Consis,BAUFI4,2025-05-25T16:00:00Z,16.501,1
Consis,BAUFI4,2025-05-25T16:30:00Z,5.408,1
Consis,BAUFI4,2025-05-25T17:00:00Z,1.94,1
Consis,BAUFI4,2025-05-25T17:30:00Z,0.04,1
Consis,BAUFI4,2025-05-25T18:00:00Z,0,1
Consis,BAUFI4,2025-05-25T18:30:00Z,0,1
Consis,BAUFI4,2025-05-25T19:00:00Z,0,1
Consis,BAUFI4,2025-05-25T19:30:00Z,0,1
Consis,BAUFI4,2025-05-25T20:00:00Z,0,1
Consis,BAUFI4,2025-05-25T20:30:00Z,0,1
Consis,BAUFI4,2025-05-25T21:00:00Z,0,1
Consis,BAUFI4,2025-05-25T21:30:00Z,0,1
Consis,BAUFI4,2025-05-25T22:00:00Z,0,1
Consis,BAUFI4,2025-05-25T22:30:00Z,0,1
Consis,BAUFI4,2025-05-25T23:00:00Z,0,1
Consis,BAUFI4,2025-05-25T23:30:00Z,0,1
Consis,BAUFI4,2025-05-26T00:00:00Z,0,1
Consis,BAUFI4,2025-05-26T00:30:00Z,0,1
Consis,BAUFI4,2025-05-26T01:00:00Z,0,1
Consis,BAUFI4,2025-05-26T01:30:00Z,0,1
Consis,BAUFI4,2025-05-26T02:00:00Z,0,1
Consis,BAUFI4,2025-05-26T02:30:00Z,0,1
Consis,BAUFI4,2025-05-26T03:00:00Z,0,1
Consis,BAUFI4,2025-05-26T03:30:00Z,0,1
Consis,BAUFI4,2025-05-26T04:00:00Z,0,1
Consis,BAUFI4,2025-05-26T04:30:00Z,0,1
Consis,BAUFI4,2025-05-26T05:00:00Z,0,1
Consis,BAUFI4,2025-05-26T05:30:00Z,0,1
Consis,BAUFI4,2025-05-26T06:00:00Z,0.4068,1
Consis,BAUFI4,2025-05-26T06:30:00Z,3.163,1
Consis,BAUFI4,2025-05-26T07:00:00Z,8.3467,1
Consis,BAUFI4,2025-05-26T07:30:00Z,17.138,1
Consis,BAUFI4,2025-05-26T08:00:00Z,18.6384,1
Consis,BAUFI4,2025-05-26T08:30:00Z,20.3034,1
Consis,BAUFI4,2025-05-26T09:00:00Z,22.0415,1
Consis,BAUFI4,2025-05-26T09:30:00Z,22.6925,1
Consis,BAUFI4,2025-05-26T10:00:00Z,23.4938,1
Consis,BAUFI4,2025-05-26T10:30:00Z,24.2189,1
Consis,BAUFI4,2025-05-26T11:00:00Z,23.5481,1
Consis,BAUFI4,2025-05-26T11:30:00Z,23.3586,1
Consis,BAUFI4,2025-05-26T12:00:00Z,23.1209,1
Consis,BAUFI4,2025-05-26T12:30:00Z,23.6276,1
Consis,BAUFI4,2025-05-26T13:00:00Z,23.2352,1
Consis,BAUFI4,2025-05-26T13:30:00Z,24.0162,1
Consis,BAUFI4,2025-05-26T14:00:00Z,23.5733,1
Consis,BAUFI4,2025-05-26T14:30:00Z,23.4835,1
Consis,BAUFI4,2025-05-26T15:00:00Z,20.6951,1
Consis,BAUFI4,2025-05-26T15:30:00Z,17.7772,1
Consis,BAUFI4,2025-05-26T16:00:00Z,12.9737,1
Consis,BAUFI4,2025-05-26T16:30:00Z,7.1414,1
Consis,BAUFI4,2025-05-26T17:00:00Z,1.907,1
Consis,BAUFI4,2025-05-26T17:30:00Z,0.033,1
Consis,BAUFI4,2025-05-26T18:00:00Z,0,1
Consis,BAUFI4,2025-05-26T18:30:00Z,0,1
Consis,BAUFI4,2025-05-26T19:00:00Z,0,1
Consis,BAUFI4,2025-05-26T19:30:00Z,0,1
Consis,BAUFI4,2025-05-26T20:00:00Z,0,1
Consis,BAUFI4,2025-05-26T20:30:00Z,0,1
Consis,BAUFI4,2025-05-26T21:00:00Z,0,1
Consis,BAUFI4,2025-05-26T21:30:00Z,0,1
Consis,BAUFI4,2025-05-26T22:00:00Z,0,1
Consis,BAUFI4,2025-05-26T22:30:00Z,0,1
Consis,BAUFI4,2025-05-26T23:00:00Z,0,1
Consis,BAUFI4,2025-05-26T23:30:00Z,0,1
Consis,BAUFI4,2025-05-27T00:00:00Z,0,1
Consis,BAUFI4,2025-05-27T00:30:00Z,0,1
Consis,BAUFI4,2025-05-27T01:00:00Z,0,1
Consis,BAUFI4,2025-05-27T01:30:00Z,0,1
Consis,BAUFI4,2025-05-27T02:00:00Z,0,1
Consis,BAUFI4,2025-05-27T02:30:00Z,0,1
Consis,BAUFI4,2025-05-27T03:00:00Z,0,1
Consis,BAUFI4,2025-05-27T03:30:00Z,0,1
Consis,BAUFI4,2025-05-27T04:00:00Z,0,1
Consis,BAUFI4,2025-05-27T04:30:00Z,0,1
Consis,BAUFI4,2025-05-27T05:00:00Z,0,1
Consis,BAUFI4,2025-05-27T05:30:00Z,0,1
Consis,BAUFI4,2025-05-27T06:00:00Z,0.286,1
Consis,BAUFI4,2025-05-27T06:30:00Z,3.5881,1
Consis,BAUFI4,2025-05-27T07:00:00Z,9.1051,1
Consis,BAUFI4,2025-05-27T07:30:00Z,15.8733,1
Consis,BAUFI4,2025-05-27T08:00:00Z,18.045,1
Consis,BAUFI4,2025-05-27T08:30:00Z,20.2491,1
Consis,BAUFI4,2025-05-27T09:00:00Z,21.9938,1
Consis,BAUFI4,2025-05-27T09:30:00Z,22.8557,1
Consis,BAUFI4,2025-05-27T10:00:00Z,23.3137,1
Consis,BAUFI4,2025-05-27T10:30:00Z,23.8287,1
Consis,BAUFI4,2025-05-27T11:00:00Z,23.2798,1
Consis,BAUFI4,2025-05-27T11:30:00Z,22.9438,1
Consis,BAUFI4,2025-05-27T12:00:00Z,22.6232,1
Consis,BAUFI4,2025-05-27T12:30:00Z,22.9785,1
Consis,BAUFI4,2025-05-27T13:00:00Z,22.7704,1
Consis,BAUFI4,2025-05-27T13:30:00Z,23.0563,1
Consis,BAUFI4,2025-05-27T14:00:00Z,22.6997,1
Consis,BAUFI4,2025-05-27T14:30:00Z,22.5689,1
Consis,BAUFI4,2025-05-27T15:00:00Z,20.1323,1
Consis,BAUFI4,2025-05-27T15:30:00Z,21.921,1
Consis,BAUFI4,2025-05-27T16:00:00Z,9.779,1
Consis,BAUFI4,2025-05-27T16:30:00Z,3.053,1
Consis,BAUFI4,2025-05-27T17:00:00Z,1.919,1
Consis,BAUFI4,2025-05-27T17:30:00Z,0.021,1
Consis,BAUFI4,2025-05-27T18:00:00Z,0,1
Consis,BAUFI4,2025-05-27T18:30:00Z,0,1
Consis,BAUFI4,2025-05-27T19:00:00Z,0,1
Consis,BAUFI4,2025-05-27T19:30:00Z,0,1
Consis,BAUFI4,2025-05-27T20:00:00Z,0,1
Consis,BAUFI4,2025-05-27T20:30:00Z,0,1
Consis,BAUFI4,2025-05-27T21:00:00Z,0,1
Consis,BAUFI4,2025-05-27T21:30:00Z,0,1
Consis,BAUFI4,2025-05-27T22:00:00Z,0,1
Consis,BAUFI4,2025-05-27T22:30:00Z,0,1
Consis,BAUFI4,2025-05-27T23:00:00Z,0,1
Consis,BAUFI4,2025-05-27T23:30:00Z,0,1
Consis,BAUFI4,2025-05-28T00:00:00Z,0,1
Consis,BAUFI4,2025-05-28T00:30:00Z,0,1
Consis,BAUFI4,2025-05-28T01:00:00Z,0,1
Consis,BAUFI4,2025-05-28T01:30:00Z,0,1
Consis,BAUFI4,2025-05-28T02:00:00Z,0,1
Consis,BAUFI4,2025-05-28T02:30:00Z,0,1
Consis,BAUFI4,2025-05-28T03:00:00Z,0,1
Consis,BAUFI4,2025-05-28T03:30:00Z,0,1
Consis,BAUFI4,2025-05-28T04:00:00Z,0,1
Consis,BAUFI4,2025-05-28T04:30:00Z,0,1
Consis,BAUFI4,2025-05-28T05:00:00Z,0,1
Consis,BAUFI4,2025-05-28T05:30:00Z,0,1
Consis,BAUFI4,2025-05-28T06:00:00Z,0.226,1
Consis,BAUFI4,2025-05-28T06:30:00Z,3.8203,1
Consis,BAUFI4,2025-05-28T07:00:00Z,9.4872,1
Consis,BAUFI4,2025-05-28T07:30:00Z,18.8604,1
Consis,BAUFI4,2025-05-28T08:00:00Z,20.8988,1
Consis,BAUFI4,2025-05-28T08:30:00Z,22.2109,1
Consis,BAUFI4,2025-05-28T09:00:00Z,23.7035,1
Consis,BAUFI4,2025-05-28T09:30:00Z,23.9433,1
Consis,BAUFI4,2025-05-28T10:00:00Z,24.5978,1
Consis,BAUFI4,2025-05-28T10:30:00Z,25.0279,1
Consis,BAUFI4,2025-05-28T11:00:00Z,24.1279,1
Consis,BAUFI4,2025-05-28T11:30:00Z,23.9508,1
Consis,BAUFI4,2025-05-28T12:00:00Z,23.7894,1
Consis,BAUFI4,2025-05-28T12:30:00Z,24.238,1
Consis,BAUFI4,2025-05-28T13:00:00Z,24.023,1
Consis,BAUFI4,2025-05-28T13:30:00Z,23.995,1
Consis,BAUFI4,2025-05-28T14:00:00Z,23.881,1
Consis,BAUFI4,2025-05-28T14:30:00Z,23.612,1
Consis,BAUFI4,2025-05-28T15:00:00Z,22.692,1
Consis,BAUFI4,2025-05-28T15:30:00Z,21.332,1
Consis,BAUFI4,2025-05-28T16:00:00Z,16.409,1
Consis,BAUFI4,2025-05-28T16:30:00Z,8.908,1
Consis,BAUFI4,2025-05-28T17:00:00Z,2.049,1
Consis,BAUFI4,2025-05-28T17:30:00Z,0.036,1
Consis,BAUFI4,2025-05-28T18:00:00Z,0,1
Consis,BAUFI4,2025-05-28T18:30:00Z,0,1
Consis,BAUFI4,2025-05-28T19:00:00Z,0,1
Consis,BAUFI4,2025-05-28T19:30:00Z,0,1
Consis,BAUFI4,2025-05-28T20:00:00Z,0,1
Consis,BAUFI4,2025-05-28T20:30:00Z,0,1
Consis,BAUFI4,2025-05-28T21:00:00Z,0,1
Consis,BAUFI4,2025-05-28T21:30:00Z,0,1
Consis,BAUFI4,2025-05-28T22:00:00Z,0,1
Consis,BAUFI4,2025-05-28T22:30:00Z,0,1
Consis,BAUFI4,2025-05-28T23:00:00Z,0,1
Consis,BAUFI4,2025-05-28T23:30:00Z,0,1
Consis,BAUFI4,2025-05-29T00:00:00Z,0,1
Consis,BAUFI4,2025-05-29T00:30:00Z,0,1
Consis,BAUFI4,2025-05-29T01:00:00Z,0,1
Consis,BAUFI4,2025-05-29T01:30:00Z,0,1
Consis,BAUFI4,2025-05-29T02:00:00Z,0,1
Consis,BAUFI4,2025-05-29T02:30:00Z,0,1
Consis,BAUFI4,2025-05-29T03:00:00Z,0,1
Consis,BAUFI4,2025-05-29T03:30:00Z,0,1
Consis,BAUFI4,2025-05-29T04:00:00Z,0,1
Consis,BAUFI4,2025-05-29T04:30:00Z,0,1
Consis,BAUFI4,2025-05-29T05:00:00Z,0,1
Consis,BAUFI4,2025-05-29T05:30:00Z,0,1
Consis,BAUFI4,2025-05-29T06:00:00Z,0.214,1
Consis,BAUFI4,2025-05-29T06:30:00Z,3.664,1
Consis,BAUFI4,2025-05-29T07:00:00Z,11.617,1
Consis,BAUFI4,2025-05-29T07:30:00Z,18.796,1
Consis,BAUFI4,2025-05-29T08:00:00Z,22.334,1
Consis,BAUFI4,2025-05-29T08:30:00Z,23.425,1
Consis,BAUFI4,2025-05-29T09:00:00Z,23.867,1
Consis,BAUFI4,2025-05-29T09:30:00Z,23.986,1
Consis,BAUFI4,2025-05-29T10:00:00Z,23.885,1
Consis,BAUFI4,2025-05-29T10:30:00Z,23.798,1
Consis,BAUFI4,2025-05-29T11:00:00Z,23.681,1
Consis,BAUFI4,2025-05-29T11:30:00Z,23.793,1
Consis,BAUFI4,2025-05-29T12:00:00Z,24.034,1
Consis,BAUFI4,2025-05-29T12:30:00Z,23.935,1
Consis,BAUFI4,2025-05-29T13:00:00Z,23.916,1
Consis,BAUFI4,2025-05-29T13:30:00Z,23.705,1
Consis,BAUFI4,2025-05-29T14:00:00Z,23.517,1
Consis,BAUFI4,2025-05-29T14:30:00Z,23.108,1
Consis,BAUFI4,2025-05-29T15:00:00Z,22.313,1
Consis,BAUFI4,2025-05-29T15:30:00Z,20.822,1
Consis,BAUFI4,2025-05-29T16:00:00Z,16.094,1
Consis,BAUFI4,2025-05-29T16:30:00Z,8.366,1
Consis,BAUFI4,2025-05-29T17:00:00Z,0.701,1
Consis,BAUFI4,2025-05-29T17:30:00Z,0.034,1
Consis,BAUFI4,2025-05-29T18:00:00Z,0,1
Consis,BAUFI4,2025-05-29T18:30:00Z,0,1
Consis,BAUFI4,2025-05-29T19:00:00Z,0,1
Consis,BAUFI4,2025-05-29T19:30:00Z,0,1
Consis,BAUFI4,2025-05-29T20:00:00Z,0,1
Consis,BAUFI4,2025-05-29T20:30:00Z,0,1
Consis,BAUFI4,2025-05-29T21:00:00Z,0,1
Consis,BAUFI4,2025-05-29T21:30:00Z,0,1
Consis,BAUFI4,2025-05-29T22:00:00Z,0,1
Consis,BAUFI4,2025-05-29T22:30:00Z,0,1
Consis,BAUFI4,2025-05-29T23:00:00Z,0,1
Consis,BAUFI4,2025-05-29T23:30:00Z,0,1
Consis,BAUFI4,2025-05-30T00:00:00Z,0,1
Consis,BAUFI4,2025-05-30T00:30:00Z,0,1
Consis,BAUFI4,2025-05-30T01:00:00Z,0,1
Consis,BAUFI4,2025-05-30T01:30:00Z,0,1
Consis,BAUFI4,2025-05-30T02:00:00Z,0,1
Consis,BAUFI4,2025-05-30T02:30:00Z,0,1
Consis,BAUFI4,2025-05-30T03:00:00Z,0,1
Consis,BAUFI4,2025-05-30T03:30:00Z,0,1
Consis,BAUFI4,2025-05-30T04:00:00Z,0,1
Consis,BAUFI4,2025-05-30T04:30:00Z,0,1
Consis,BAUFI4,2025-05-30T05:00:00Z,0,1
Consis,BAUFI4,2025-05-30T05:30:00Z,0,1
Consis,BAUFI4,2025-05-30T06:00:00Z,0.21,1
Consis,BAUFI4,2025-05-30T06:30:00Z,3.462,1
Consis,BAUFI4,2025-05-30T07:00:00Z,11.127,1
Consis,BAUFI4,2025-05-30T07:30:00Z,18.52,1
Consis,BAUFI4,2025-05-30T08:00:00Z,22.003,1
Consis,BAUFI4,2025-05-30T08:30:00Z,22.931,1
Consis,BAUFI4,2025-05-30T09:00:00Z,23.273,1
Consis,BAUFI4,2025-05-30T09:30:00Z,22.281,1
Consis,BAUFI4,2025-05-30T10:00:00Z,23.725,1
Consis,BAUFI4,2025-05-30T10:30:00Z,24.0287,1
Consis,BAUFI4,2025-05-30T11:00:00Z,23.2454,1
Consis,BAUFI4,2025-05-30T11:30:00Z,23.0151,1
Consis,BAUFI4,2025-05-30T12:00:00Z,22.021,1
Consis,BAUFI4,2025-05-30T12:30:00Z,22.5297,1
Consis,BAUFI4,2025-05-30T13:00:00Z,21.771,1
Consis,BAUFI4,2025-05-30T13:30:00Z,22.2667,1
Consis,BAUFI4,2025-05-30T14:00:00Z,22.0611,1
Consis,BAUFI4,2025-05-30T14:30:00Z,21.7584,1
Consis,BAUFI4,2025-05-30T15:00:00Z,7.545,1
Consis,BAUFI4,2025-05-30T15:30:00Z,7.613,1
Consis,BAUFI4,2025-05-30T16:00:00Z,16.095,1
Consis,BAUFI4,2025-05-30T16:30:00Z,8.808,1
Consis,BAUFI4,2025-05-30T17:00:00Z,1.617,1
Consis,BAUFI4,2025-05-30T17:30:00Z,0.047,1
Consis,BAUFI4,2025-05-30T18:00:00Z,0,1
Consis,BAUFI4,2025-05-30T18:30:00Z,0,1
Consis,BAUFI4,2025-05-30T19:00:00Z,0,1
Consis,BAUFI4,2025-05-30T19:30:00Z,0,1
Consis,BAUFI4,2025-05-30T20:00:00Z,0,1
Consis,BAUFI4,2025-05-30T20:30:00Z,0,1
Consis,BAUFI4,2025-05-30T21:00:00Z,0,1
Consis,BAUFI4,2025-05-30T21:30:00Z,0,1
Consis,BAUFI4,2025-05-30T22:00:00Z,0,1
Consis,BAUFI4,2025-05-30T22:30:00Z,0,1
Consis,BAUFI4,2025-05-30T23:00:00Z,0,1
Consis,BAUFI4,2025-05-30T23:30:00Z,0,1
Consis,BAUFI4,2025-05-31T00:00:00Z,0,1
Consis,BAUFI4,2025-05-31T00:30:00Z,0,1
Consis,BAUFI4,2025-05-31T01:00:00Z,0,1
Consis,BAUFI4,2025-05-31T01:30:00Z,0,1
Consis,BAUFI4,2025-05-31T02:00:00Z,0,1
Consis,BAUFI4,2025-05-31T02:30:00Z,0,1
Consis,BAUFI4,2025-05-31T03:00:00Z,0,1
Consis,BAUFI4,2025-05-31T03:30:00Z,0,1
Consis,BAUFI4,2025-05-31T04:00:00Z,0,1
Consis,BAUFI4,2025-05-31T04:30:00Z,0,1
Consis,BAUFI4,2025-05-31T05:00:00Z,0,1
Consis,BAUFI4,2025-05-31T05:30:00Z,0,1
Consis,BAUFI4,2025-05-31T06:00:00Z,0.148,1
Consis,BAUFI4,2025-05-31T06:30:00Z,3.466,1
Consis,BAUFI4,2025-05-31T07:00:00Z,9.1048,1
Consis,BAUFI4,2025-05-31T07:30:00Z,15.4384,1
Consis,BAUFI4,2025-05-31T08:00:00Z,17.9074,1
Consis,BAUFI4,2025-05-31T08:30:00Z,19.0967,1
Consis,BAUFI4,2025-05-31T09:00:00Z,20.6264,1
Consis,BAUFI4,2025-05-31T09:30:00Z,22.6567,1
Consis,BAUFI4,2025-05-31T10:00:00Z,21.8154,1
Consis,BAUFI4,2025-05-31T10:30:00Z,22.345,1
Consis,BAUFI4,2025-05-31T11:00:00Z,21.8014,1
Consis,BAUFI4,2025-05-31T11:30:00Z,21.5021,1
Consis,BAUFI4,2025-05-31T12:00:00Z,20.1036,1
Consis,BAUFI4,2025-05-31T12:30:00Z,20.5094,1
Consis,BAUFI4,2025-05-31T13:00:00Z,19.3024,1
Consis,BAUFI4,2025-05-31T13:30:00Z,20.5904,1
Consis,BAUFI4,2025-05-31T14:00:00Z,19.2301,1
Consis,BAUFI4,2025-05-31T14:30:00Z,18.0503,1
Consis,BAUFI4,2025-05-31T15:00:00Z,18.0599,1
Consis,BAUFI4,2025-05-31T15:30:00Z,14.5771,1
Consis,BAUFI4,2025-05-31T16:00:00Z,14.257,1
Consis,BAUFI4,2025-05-31T16:30:00Z,10.066,1
Consis,BAUFI4,2025-05-31T17:00:00Z,1.81,1
Consis,BAUFI4,2025-05-31T17:30:00Z,0.012,1
Consis,BAUFI4,2025-05-31T18:00:00Z,0,1
Consis,BAUFI4,2025-05-31T18:30:00Z,0,1
Consis,BAUFI4,2025-05-31T19:00:00Z,0,1
Consis,BAUFI4,2025-05-31T19:30:00Z,0,1
Consis,BAUFI4,2025-05-31T20:00:00Z,0,1
Consis,BAUFI4,2025-05-31T20:30:00Z,0,1
Consis,BAUFI4,2025-05-31T21:00:00Z,0,1
Consis,BAUFI4,2025-05-31T21:30:00Z,0,1
Consis,BAUFI4,2025-05-31T22:00:00Z,0,1
Consis,BAUFI4,2025-05-31T22:30:00Z,0,1
Consis,BAUFI4,2025-05-31T23:00:00Z,0,1
Consis,BAUFI4,2025-05-31T23:30:00Z,0,1
Consis,BAUFI4,2025-06-01T00:00:00Z,0,1
Consis,BAUFI4,2025-06-01T00:30:00Z,0,1
Consis,BAUFI4,2025-06-01T01:00:00Z,0,1
Consis,BAUFI4,2025-06-01T01:30:00Z,0,1
Consis,BAUFI4,2025-06-01T02:00:00Z,0,1
Consis,BAUFI4,2025-06-01T02:30:00Z,0,1
Consis,BAUFI4,2025-06-01T03:00:00Z,0,1
Consis,BAUFI4,2025-06-01T03:30:00Z,0,1
Consis,BAUFI4,2025-06-01T04:00:00Z,0,1
Consis,BAUFI4,2025-06-01T04:30:00Z,0,1
Consis,BAUFI4,2025-06-01T05:00:00Z,0,1
Consis,BAUFI4,2025-06-01T05:30:00Z,0,1
Consis,BAUFI4,2025-06-01T06:00:00Z,0.368,1
Consis,BAUFI4,2025-06-01T06:30:00Z,3.4077,1
Consis,BAUFI4,2025-06-01T07:00:00Z,8.9958,1
Consis,BAUFI4,2025-06-01T07:30:00Z,14.8733,1
Consis,BAUFI4,2025-06-01T08:00:00Z,18.1037,1
Consis,BAUFI4,2025-06-01T08:30:00Z,19.8781,1
Consis,BAUFI4,2025-06-01T09:00:00Z,21.7395,1
Consis,BAUFI4,2025-06-01T09:30:00Z,23.1797,1
Consis,BAUFI4,2025-06-01T10:00:00Z,23.1606,1
Consis,BAUFI4,2025-06-01T10:30:00Z,23.6278,1
Consis,BAUFI4,2025-06-01T11:00:00Z,22.7676,1
Consis,BAUFI4,2025-06-01T11:30:00Z,22.2786,1
Consis,BAUFI4,2025-06-01T12:00:00Z,21.1481,1
Consis,BAUFI4,2025-06-01T12:30:00Z,21.5522,1
Consis,BAUFI4,2025-06-01T13:00:00Z,20.8934,1
Consis,BAUFI4,2025-06-01T13:30:00Z,21.5834,1
Consis,BAUFI4,2025-06-01T14:00:00Z,21.4819,1
Consis,BAUFI4,2025-06-01T14:30:00Z,21.2082,1
Consis,BAUFI4,2025-06-01T15:00:00Z,19.8228,1
Consis,BAUFI4,2025-06-01T15:30:00Z,18.1493,1
Consis,BAUFI4,2025-06-01T16:00:00Z,14.3666,1
Consis,BAUFI4,2025-06-01T16:30:00Z,8.545,1
Consis,BAUFI4,2025-06-01T17:00:00Z,1.495,1
Consis,BAUFI4,2025-06-01T17:30:00Z,0.026,1
Consis,BAUFI4,2025-06-01T18:00:00Z,0,1
Consis,BAUFI4,2025-06-01T18:30:00Z,0,1
Consis,BAUFI4,2025-06-01T19:00:00Z,0,1
Consis,BAUFI4,2025-06-01T19:30:00Z,0,1
Consis,BAUFI4,2025-06-01T20:00:00Z,0,1
Consis,BAUFI4,2025-06-01T20:30:00Z,0,1
Consis,BAUFI4,2025-06-01T21:00:00Z,0,1
Consis,BAUFI4,2025-06-01T21:30:00Z,0,1
Consis,BAUFI4,2025-06-01T22:00:00Z,0,1
Consis,BAUFI4,2025-06-01T22:30:00Z,0,1
Consis,BAUFI4,2025-06-01T23:00:00Z,0,1
Consis,BAUFI4,2025-06-01T23:30:00Z,0,1
Consis,BAUFI4,2025-06-02T00:00:00Z,0,1
Consis,BAUFI4,2025-06-02T00:30:00Z,0,1
Consis,BAUFI4,2025-06-02T01:00:00Z,0,1
Consis,BAUFI4,2025-06-02T01:30:00Z,0,1
Consis,BAUFI4,2025-06-02T02:00:00Z,0,1
Consis,BAUFI4,2025-06-02T02:30:00Z,0,1
Consis,BAUFI4,2025-06-02T03:00:00Z,0,1
Consis,BAUFI4,2025-06-02T03:30:00Z,0,1
Consis,BAUFI4,2025-06-02T04:00:00Z,0,1
Consis,BAUFI4,2025-06-02T04:30:00Z,0,1
Consis,BAUFI4,2025-06-02T05:00:00Z,0,1
Consis,BAUFI4,2025-06-02T05:30:00Z,0,1
Consis,BAUFI4,2025-06-02T06:00:00Z,0.347,1
Consis,BAUFI4,2025-06-02T06:30:00Z,1.677,1
Consis,BAUFI4,2025-06-02T07:00:00Z,8.7802,1
Consis,BAUFI4,2025-06-02T07:30:00Z,13.1524,1
Consis,BAUFI4,2025-06-02T08:00:00Z,14.6457,1
Consis,BAUFI4,2025-06-02T08:30:00Z,11.417,1
Consis,BAUFI4,2025-06-02T09:00:00Z,13.2803,1
Consis,BAUFI4,2025-06-02T09:30:00Z,17.4539,1
Consis,BAUFI4,2025-06-02T10:00:00Z,19.2983,1
Consis,BAUFI4,2025-06-02T10:30:00Z,21.1395,1
Consis,BAUFI4,2025-06-02T11:00:00Z,20.7243,1
Consis,BAUFI4,2025-06-02T11:30:00Z,20.7021,1
Consis,BAUFI4,2025-06-02T12:00:00Z,20.8791,1
Consis,BAUFI4,2025-06-02T12:30:00Z,21.2587,1
Consis,BAUFI4,2025-06-02T13:00:00Z,20.785,1
Consis,BAUFI4,2025-06-02T13:30:00Z,21.9998,1
Consis,BAUFI4,2025-06-02T14:00:00Z,20.7796,1
Consis,BAUFI4,2025-06-02T14:30:00Z,21.2107,1
Consis,BAUFI4,2025-06-02T15:00:00Z,19.5856,1
Consis,BAUFI4,2025-06-02T15:30:00Z,17.007,1
Consis,BAUFI4,2025-06-02T16:00:00Z,13.056,1
Consis,BAUFI4,2025-06-02T16:30:00Z,5.665,1
Consis,BAUFI4,2025-06-02T17:00:00Z,2.034,1
Consis,BAUFI4,2025-06-02T17:30:00Z,0.043,1
Consis,BAUFI4,2025-06-02T18:00:00Z,0,1
Consis,BAUFI4,2025-06-02T18:30:00Z,0,1
Consis,BAUFI4,2025-06-02T19:00:00Z,0,1
Consis,BAUFI4,2025-06-02T19:30:00Z,0,1
Consis,BAUFI4,2025-06-02T20:00:00Z,0,1
Consis,BAUFI4,2025-06-02T20:30:00Z,0,1
Consis,BAUFI4,2025-06-02T21:00:00Z,0,1
Consis,BAUFI4,2025-06-02T21:30:00Z,0,1
Consis,BAUFI4,2025-06-02T22:00:00Z,0,1
Consis,BAUFI4,2025-06-02T22:30:00Z,0,1
Consis,BAUFI4,2025-06-02T23:00:00Z,0,1
Consis,BAUFI4,2025-06-02T23:30:00Z,0,1
Consis,BAUFI4,2025-06-03T00:00:00Z,0,1
Consis,BAUFI4,2025-06-03T00:30:00Z,0,1
Consis,BAUFI4,2025-06-03T01:00:00Z,0,1
Consis,BAUFI4,2025-06-03T01:30:00Z,0,1
Consis,BAUFI4,2025-06-03T02:00:00Z,0,1
Consis,BAUFI4,2025-06-03T02:30:00Z,0,1
Consis,BAUFI4,2025-06-03T03:00:00Z,0,1
Consis,BAUFI4,2025-06-03T03:30:00Z,0,1
Consis,BAUFI4,2025-06-03T04:00:00Z,0,1
Consis,BAUFI4,2025-06-03T04:30:00Z,0,1
Consis,BAUFI4,2025-06-03T05:00:00Z,0,1
Consis,BAUFI4,2025-06-03T05:30:00Z,0,1
Consis,BAUFI4,2025-06-03T06:00:00Z,0.013,1
Consis,BAUFI4,2025-06-03T06:30:00Z,1.867,1
Consis,BAUFI4,2025-06-03T07:00:00Z,0,1
Consis,BAUFI4,2025-06-03T07:30:00Z,0,1
Consis,BAUFI4,2025-06-03T08:00:00Z,0,1
Consis,BAUFI4,2025-06-03T08:30:00Z,0,1
Consis,BAUFI4,2025-06-03T09:00:00Z,0,1
Consis,BAUFI4,2025-06-03T09:30:00Z,0,1
Consis,BAUFI4,2025-06-03T10:00:00Z,0,1
Consis,BAUFI4,2025-06-03T10:30:00Z,0,1
Consis,BAUFI4,2025-06-03T11:00:00Z,0,1
Consis,BAUFI4,2025-06-03T11:30:00Z,0,1
Consis,BAUFI4,2025-06-03T12:00:00Z,0,1
Consis,BAUFI4,2025-06-03T12:30:00Z,1.713,1
Consis,BAUFI4,2025-06-03T13:00:00Z,5.348,1
Consis,BAUFI4,2025-06-03T13:30:00Z,8.196,1
Consis,BAUFI4,2025-06-03T14:00:00Z,9.466,1
Consis,BAUFI4,2025-06-03T14:30:00Z,13.266,1
Consis,BAUFI4,2025-06-03T15:00:00Z,0,1
Consis,BAUFI4,2025-06-03T15:30:00Z,3.987,1
Consis,BAUFI4,2025-06-03T16:00:00Z,9.616,1
Consis,BAUFI4,2025-06-03T16:30:00Z,6.65,1
Consis,BAUFI4,2025-06-03T17:00:00Z,1.212,1
Consis,BAUFI4,2025-06-03T17:30:00Z,0,1
Consis,BAUFI4,2025-06-03T18:00:00Z,0,2
Consis,BAUFI4,2025-06-03T18:30:00Z,0,1
Consis,BAUFI4,2025-06-03T19:00:00Z,0,2
Consis,BAUFI4,2025-06-03T19:30:00Z,0,2
Consis,BAUFI4,2025-06-03T20:00:00Z,0,2
Consis,BAUFI4,2025-06-03T20:30:00Z,0,2
Consis,BAUFI4,2025-06-03T21:00:00Z,0,2
Consis,BAUFI4,2025-06-03T21:30:00Z,0,2
Consis,BAUFI4,2025-06-03T22:00:00Z,0,1
Consis,BAUFI4,2025-06-03T22:30:00Z,0,1
Consis,BAUFI4,2025-06-03T23:00:00Z,0,1
Consis,BAUFI4,2025-06-03T23:30:00Z,0,1
Consis,BAUFI4,2025-06-04T00:00:00Z,0,1
Consis,BAUFI4,2025-06-04T00:30:00Z,0,1
Consis,BAUFI4,2025-06-04T01:00:00Z,0,1
Consis,BAUFI4,2025-06-04T01:30:00Z,0,1
Consis,BAUFI4,2025-06-04T02:00:00Z,0,1
Consis,BAUFI4,2025-06-04T02:30:00Z,0,1
Consis,BAUFI4,2025-06-04T03:00:00Z,0,1
Consis,BAUFI4,2025-06-04T03:30:00Z,0,1
Consis,BAUFI4,2025-06-04T04:00:00Z,0,1
Consis,BAUFI4,2025-06-04T04:30:00Z,0,1
Consis,BAUFI4,2025-06-04T05:00:00Z,0,1
Consis,BAUFI4,2025-06-04T05:30:00Z,0,1
Consis,BAUFI4,2025-06-04T06:00:00Z,0.034,1
Consis,BAUFI4,2025-06-04T06:30:00Z,3.051,1
Consis,BAUFI4,2025-06-04T07:00:00Z,7.514,1
Consis,BAUFI4,2025-06-04T07:30:00Z,3.391,1
Consis,BAUFI4,2025-06-04T08:00:00Z,0.284,1
Consis,BAUFI4,2025-06-04T08:30:00Z,0,1
Consis,BAUFI4,2025-06-04T09:00:00Z,0,1
Consis,BAUFI4,2025-06-04T09:30:00Z,0,1
Consis,BAUFI4,2025-06-04T10:00:00Z,0,1
Consis,BAUFI4,2025-06-04T10:30:00Z,0,1
Consis,BAUFI4,2025-06-04T11:00:00Z,0,1
Consis,BAUFI4,2025-06-04T11:30:00Z,0,1
Consis,BAUFI4,2025-06-04T12:00:00Z,1.199,1
Consis,BAUFI4,2025-06-04T12:30:00Z,3.591,1
Consis,BAUFI4,2025-06-04T13:00:00Z,8.514,1
Consis,BAUFI4,2025-06-04T13:30:00Z,15.041,1
Consis,BAUFI4,2025-06-04T14:00:00Z,19.538,1
Consis,BAUFI4,2025-06-04T14:30:00Z,19.564,1
Consis,BAUFI4,2025-06-04T15:00:00Z,16.615,1
Consis,BAUFI4,2025-06-04T15:30:00Z,11.016,1
Consis,BAUFI4,2025-06-04T16:00:00Z,13.187,1
Consis,BAUFI4,2025-06-04T16:30:00Z,7.294,1
Consis,BAUFI4,2025-06-04T17:00:00Z,2.141,1
Consis,BAUFI4,2025-06-04T17:30:00Z,0,1
Consis,BAUFI4,2025-06-04T18:00:00Z,0,1
Consis,BAUFI4,2025-06-04T18:30:00Z,0,1
Consis,BAUFI4,2025-06-04T19:00:00Z,0,1
Consis,BAUFI4,2025-06-04T19:30:00Z,0,1
Consis,BAUFI4,2025-06-04T20:00:00Z,0,1
Consis,BAUFI4,2025-06-04T20:30:00Z,0,1
Consis,BAUFI4,2025-06-04T21:00:00Z,0,1
Consis,BAUFI4,2025-06-04T21:30:00Z,0,1
Consis,BAUFI4,2025-06-04T22:00:00Z,0,1
Consis,BAUFI4,2025-06-04T22:30:00Z,0,1
Consis,BAUFI4,2025-06-04T23:00:00Z,0,1
Consis,BAUFI4,2025-06-04T23:30:00Z,0,1
Consis,BAUFI4,2025-06-05T00:00:00Z,0,1
Consis,BAUFI4,2025-06-05T00:30:00Z,0,1
Consis,BAUFI4,2025-06-05T01:00:00Z,0,1
Consis,BAUFI4,2025-06-05T01:30:00Z,0,1
Consis,BAUFI4,2025-06-05T02:00:00Z,0,1
Consis,BAUFI4,2025-06-05T02:30:00Z,0,1
Consis,BAUFI4,2025-06-05T03:00:00Z,0,1
Consis,BAUFI4,2025-06-05T03:30:00Z,0,1
Consis,BAUFI4,2025-06-05T04:00:00Z,0,1
Consis,BAUFI4,2025-06-05T04:30:00Z,0,1
Consis,BAUFI4,2025-06-05T05:00:00Z,0,1
Consis,BAUFI4,2025-06-05T05:30:00Z,0,1
Consis,BAUFI4,2025-06-05T06:00:00Z,0.105,1
Consis,BAUFI4,2025-06-05T06:30:00Z,2.737,1
Consis,BAUFI4,2025-06-05T07:00:00Z,10.624,1
Consis,BAUFI4,2025-06-05T07:30:00Z,15.774,1
Consis,BAUFI4,2025-06-05T08:00:00Z,15.824,1
Consis,BAUFI4,2025-06-05T08:30:00Z,12.283,1
Consis,BAUFI4,2025-06-05T09:00:00Z,12.036,1
Consis,BAUFI4,2025-06-05T09:30:00Z,11.841,1
Consis,BAUFI4,2025-06-05T10:00:00Z,12.17,1
Consis,BAUFI4,2025-06-05T10:30:00Z,13.258,1
Consis,BAUFI4,2025-06-05T11:00:00Z,14.262,1
Consis,BAUFI4,2025-06-05T11:30:00Z,16.897,1
Consis,BAUFI4,2025-06-05T12:00:00Z,17.424,1
Consis,BAUFI4,2025-06-05T12:30:00Z,17.962,1
Consis,BAUFI4,2025-06-05T13:00:00Z,20.018,1
Consis,BAUFI4,2025-06-05T13:30:00Z,21.468,1
Consis,BAUFI4,2025-06-05T14:00:00Z,19.433,1
Consis,BAUFI4,2025-06-05T14:30:00Z,16.833,1
Consis,BAUFI4,2025-06-05T15:00:00Z,15.859,1
Consis,BAUFI4,2025-06-05T15:30:00Z,11.991,1
Consis,BAUFI4,2025-06-05T16:00:00Z,8.786,1
Consis,BAUFI4,2025-06-05T16:30:00Z,4.476,1
Consis,BAUFI4,2025-06-05T17:00:00Z,1.096,1
Consis,BAUFI4,2025-06-05T17:30:00Z,0,1
Consis,BAUFI4,2025-06-05T18:00:00Z,0,1
Consis,BAUFI4,2025-06-05T18:30:00Z,0,1
Consis,BAUFI4,2025-06-05T19:00:00Z,0,1
Consis,BAUFI4,2025-06-05T19:30:00Z,0,1
Consis,BAUFI4,2025-06-05T20:00:00Z,0,1
Consis,BAUFI4,2025-06-05T20:30:00Z,0,1
Consis,BAUFI4,2025-06-05T21:00:00Z,0,1
Consis,BAUFI4,2025-06-05T21:30:00Z,0,1
Consis,BAUFI4,2025-06-05T22:00:00Z,0,1
Consis,BAUFI4,2025-06-05T22:30:00Z,0,1
Consis,BAUFI4,2025-06-05T23:00:00Z,0,1
Consis,BAUFI4,2025-06-05T23:30:00Z,0,1
Consis,BAUFI4,2025-06-06T00:00:00Z,0,1
Consis,BAUFI4,2025-06-06T00:30:00Z,0,1
Consis,BAUFI4,2025-06-06T01:00:00Z,0,1
Consis,BAUFI4,2025-06-06T01:30:00Z,0,1
Consis,BAUFI4,2025-06-06T02:00:00Z,0,1
Consis,BAUFI4,2025-06-06T02:30:00Z,0,1
Consis,BAUFI4,2025-06-06T03:00:00Z,0,1
Consis,BAUFI4,2025-06-06T03:30:00Z,0,1
Consis,BAUFI4,2025-06-06T04:00:00Z,0,1
Consis,BAUFI4,2025-06-06T04:30:00Z,0,1
Consis,BAUFI4,2025-06-06T05:00:00Z,0,1
Consis,BAUFI4,2025-06-06T05:30:00Z,0,1
Consis,BAUFI4,2025-06-06T06:00:00Z,0.126,1
Consis,BAUFI4,2025-06-06T06:30:00Z,0.342,1
Consis,BAUFI4,2025-06-06T07:00:00Z,0,1
Consis,BAUFI4,2025-06-06T07:30:00Z,0,1
Consis,BAUFI4,2025-06-06T08:00:00Z,0,1
Consis,BAUFI4,2025-06-06T08:30:00Z,0,1
Consis,BAUFI4,2025-06-06T09:00:00Z,0,1
Consis,BAUFI4,2025-06-06T09:30:00Z,3.261,1
Consis,BAUFI4,2025-06-06T10:00:00Z,23.641,1
Consis,BAUFI4,2025-06-06T10:30:00Z,23.623,1
Consis,BAUFI4,2025-06-06T11:00:00Z,23.817,1
Consis,BAUFI4,2025-06-06T11:30:00Z,23.801,1
Consis,BAUFI4,2025-06-06T12:00:00Z,23.925,1
Consis,BAUFI4,2025-06-06T12:30:00Z,23.785,1
Consis,BAUFI4,2025-06-06T13:00:00Z,23.711,1
Consis,BAUFI4,2025-06-06T13:30:00Z,23.708,1
Consis,BAUFI4,2025-06-06T14:00:00Z,22.65,1
Consis,BAUFI4,2025-06-06T14:30:00Z,22.002,1
Consis,BAUFI4,2025-06-06T15:00:00Z,20.792,1
Consis,BAUFI4,2025-06-06T15:30:00Z,20.653,1
Consis,BAUFI4,2025-06-06T16:00:00Z,12.006,1
Consis,BAUFI4,2025-06-06T16:30:00Z,4.682,1
Consis,BAUFI4,2025-06-06T17:00:00Z,0.963,1
Consis,BAUFI4,2025-06-06T17:30:00Z,0.035,2
Consis,BAUFI4,2025-06-06T18:00:00Z,0,1
Consis,BAUFI4,2025-06-06T18:30:00Z,0,1
Consis,BAUFI4,2025-06-06T19:00:00Z,0,1
Consis,BAUFI4,2025-06-06T19:30:00Z,0,1
Consis,BAUFI4,2025-06-06T20:00:00Z,0,1
Consis,BAUFI4,2025-06-06T20:30:00Z,0,1
Consis,BAUFI4,2025-06-06T21:00:00Z,0,1
Consis,BAUFI4,2025-06-06T21:30:00Z,0,1
Consis,BAUFI4,2025-06-06T22:00:00Z,0,1
Consis,BAUFI4,2025-06-06T22:30:00Z,0,1
Consis,BAUFI4,2025-06-06T23:00:00Z,0,1
Consis,BAUFI4,2025-06-06T23:30:00Z,0,1
Consis,BAUFI4,2025-06-07T00:00:00Z,0,1
Consis,BAUFI4,2025-06-07T00:30:00Z,0,1
Consis,BAUFI4,2025-06-07T01:00:00Z,0,1
Consis,BAUFI4,2025-06-07T01:30:00Z,0,1
Consis,BAUFI4,2025-06-07T02:00:00Z,0,1
Consis,BAUFI4,2025-06-07T02:30:00Z,0,1
Consis,BAUFI4,2025-06-07T03:00:00Z,0,1
Consis,BAUFI4,2025-06-07T03:30:00Z,0,1
Consis,BAUFI4,2025-06-07T04:00:00Z,0,1
Consis,BAUFI4,2025-06-07T04:30:00Z,0,1
Consis,BAUFI4,2025-06-07T05:00:00Z,0,1
Consis,BAUFI4,2025-06-07T05:30:00Z,0,1
Consis,BAUFI4,2025-06-07T06:00:00Z,0,1
Consis,BAUFI4,2025-06-07T06:30:00Z,2.309,1
Consis,BAUFI4,2025-06-07T07:00:00Z,10.58,1
Consis,BAUFI4,2025-06-07T07:30:00Z,5.066,1
Consis,BAUFI4,2025-06-07T08:00:00Z,0,1
Consis,BAUFI4,2025-06-07T08:30:00Z,0,1
Consis,BAUFI4,2025-06-07T09:00:00Z,0,1
Consis,BAUFI4,2025-06-07T09:30:00Z,0,1
Consis,BAUFI4,2025-06-07T10:00:00Z,0,1
Consis,BAUFI4,2025-06-07T10:30:00Z,0,1
Consis,BAUFI4,2025-06-07T11:00:00Z,0,1
Consis,BAUFI4,2025-06-07T11:30:00Z,0,1
Consis,BAUFI4,2025-06-07T12:00:00Z,0,1
Consis,BAUFI4,2025-06-07T12:30:00Z,7.128,1
Consis,BAUFI4,2025-06-07T13:00:00Z,23.715,1
Consis,BAUFI4,2025-06-07T13:30:00Z,23.575,1
Consis,BAUFI4,2025-06-07T14:00:00Z,23.214,1
Consis,BAUFI4,2025-06-07T14:30:00Z,22.639,1
Consis,BAUFI4,2025-06-07T15:00:00Z,21.551,1
Consis,BAUFI4,2025-06-07T15:30:00Z,20.175,1
Consis,BAUFI4,2025-06-07T16:00:00Z,14.645,1
Consis,BAUFI4,2025-06-07T16:30:00Z,7.904,1
Consis,BAUFI4,2025-06-07T17:00:00Z,2.134,1
Consis,BAUFI4,2025-06-07T17:30:00Z,0,1
Consis,BAUFI4,2025-06-07T18:00:00Z,0,1
Consis,BAUFI4,2025-06-07T18:30:00Z,0,1
Consis,BAUFI4,2025-06-07T19:00:00Z,0,1
Consis,BAUFI4,2025-06-07T19:30:00Z,0,1
Consis,BAUFI4,2025-06-07T20:00:00Z,0,1
Consis,BAUFI4,2025-06-07T20:30:00Z,0,1
Consis,BAUFI4,2025-06-07T21:00:00Z,0,1
Consis,BAUFI4,2025-06-07T21:30:00Z,0,1
Consis,BAUFI4,2025-06-07T22:00:00Z,0,1
Consis,BAUFI4,2025-06-07T22:30:00Z,0,1
Consis,BAUFI4,2025-06-07T23:00:00Z,0,1
Consis,BAUFI4,2025-06-07T23:30:00Z,0,1
Consis,BAUFI4,2025-06-08T00:00:00Z,0,1
Consis,BAUFI4,2025-06-08T00:30:00Z,0,1
Consis,BAUFI4,2025-06-08T01:00:00Z,0,1
Consis,BAUFI4,2025-06-08T01:30:00Z,0,1
Consis,BAUFI4,2025-06-08T02:00:00Z,0,1
Consis,BAUFI4,2025-06-08T02:30:00Z,0,1
Consis,BAUFI4,2025-06-08T03:00:00Z,0,1
Consis,BAUFI4,2025-06-08T03:30:00Z,0,1
Consis,BAUFI4,2025-06-08T04:00:00Z,0,1
Consis,BAUFI4,2025-06-08T04:30:00Z,0,1
Consis,BAUFI4,2025-06-08T05:00:00Z,0,1
Consis,BAUFI4,2025-06-08T05:30:00Z,0,1
Consis,BAUFI4,2025-06-08T06:00:00Z,0,1
Consis,BAUFI4,2025-06-08T06:30:00Z,0.303,1
Consis,BAUFI4,2025-06-08T07:00:00Z,0,1
Consis,BAUFI4,2025-06-08T07:30:00Z,0,1
Consis,BAUFI4,2025-06-08T08:00:00Z,0,1
Consis,BAUFI4,2025-06-08T08:30:00Z,0,1
Consis,BAUFI4,2025-06-08T09:00:00Z,0,1
Consis,BAUFI4,2025-06-08T09:30:00Z,0.73,1
Consis,BAUFI4,2025-06-08T10:00:00Z,5.121,1
Consis,BAUFI4,2025-06-08T10:30:00Z,7.615,1
Consis,BAUFI4,2025-06-08T11:00:00Z,11.048,1
Consis,BAUFI4,2025-06-08T11:30:00Z,12.697,1
Consis,BAUFI4,2025-06-08T12:00:00Z,13.147,1
Consis,BAUFI4,2025-06-08T12:30:00Z,13.243,1
Consis,BAUFI4,2025-06-08T13:00:00Z,13.267,1
Consis,BAUFI4,2025-06-08T13:30:00Z,13.273,1
Consis,BAUFI4,2025-06-08T14:00:00Z,13.276,1
Consis,BAUFI4,2025-06-08T14:30:00Z,15.583,1
Consis,BAUFI4,2025-06-08T15:00:00Z,20.098,1
Consis,BAUFI4,2025-06-08T15:30:00Z,19.228,1
Consis,BAUFI4,2025-06-08T16:00:00Z,15.019,1
Consis,BAUFI4,2025-06-08T16:30:00Z,6.204,1
Consis,BAUFI4,2025-06-08T17:00:00Z,2.097,1
Consis,BAUFI4,2025-06-08T17:30:00Z,0,1
Consis,BAUFI4,2025-06-08T18:00:00Z,0,1
Consis,BAUFI4,2025-06-08T18:30:00Z,0,1
Consis,BAUFI4,2025-06-08T19:00:00Z,0,1
Consis,BAUFI4,2025-06-08T19:30:00Z,0,1
Consis,BAUFI4,2025-06-08T20:00:00Z,0,1
Consis,BAUFI4,2025-06-08T20:30:00Z,0,1
Consis,BAUFI4,2025-06-08T21:00:00Z,0,1
Consis,BAUFI4,2025-06-08T21:30:00Z,0,1
Consis,BAUFI4,2025-06-08T22:00:00Z,0,1
Consis,BAUFI4,2025-06-08T22:30:00Z,0,1
Consis,BAUFI4,2025-06-08T23:00:00Z,0,1
Consis,BAUFI4,2025-06-08T23:30:00Z,0,1
Consis,BAUFI4,2025-06-09T00:00:00Z,0,1
Consis,BAUFI4,2025-06-09T00:30:00Z,0,1
Consis,BAUFI4,2025-06-09T01:00:00Z,0,1
Consis,BAUFI4,2025-06-09T01:30:00Z,0,1
Consis,BAUFI4,2025-06-09T02:00:00Z,0,1
Consis,BAUFI4,2025-06-09T02:30:00Z,0,1
Consis,BAUFI4,2025-06-09T03:00:00Z,0,1
Consis,BAUFI4,2025-06-09T03:30:00Z,0,1
Consis,BAUFI4,2025-06-09T04:00:00Z,0,1
Consis,BAUFI4,2025-06-09T04:30:00Z,0,1
Consis,BAUFI4,2025-06-09T05:00:00Z,0,1
Consis,BAUFI4,2025-06-09T05:30:00Z,0,1
Consis,BAUFI4,2025-06-09T06:00:00Z,0.061,1
Consis,BAUFI4,2025-06-09T06:30:00Z,2.957,1
Consis,BAUFI4,2025-06-09T07:00:00Z,11.192,1
Consis,BAUFI4,2025-06-09T07:30:00Z,18.692,1
Consis,BAUFI4,2025-06-09T08:00:00Z,18.736,1
Consis,BAUFI4,2025-06-09T08:30:00Z,21.435,1
Consis,BAUFI4,2025-06-09T09:00:00Z,23.813,1
Consis,BAUFI4,2025-06-09T09:30:00Z,23.264,1
Consis,BAUFI4,2025-06-09T10:00:00Z,23.331,1
Consis,BAUFI4,2025-06-09T10:30:00Z,22.978,1
Consis,BAUFI4,2025-06-09T11:00:00Z,23.193,1
Consis,BAUFI4,2025-06-09T11:30:00Z,23.242,1
Consis,BAUFI4,2025-06-09T12:00:00Z,20.408,1
Consis,BAUFI4,2025-06-09T12:30:00Z,21.2,1
Consis,BAUFI4,2025-06-09T13:00:00Z,19.718,1
Consis,BAUFI4,2025-06-09T13:30:00Z,17.215,1
Consis,BAUFI4,2025-06-09T14:00:00Z,14.452,1
Consis,BAUFI4,2025-06-09T14:30:00Z,11.524,1
Consis,BAUFI4,2025-06-09T15:00:00Z,17.528,1
Consis,BAUFI4,2025-06-09T15:30:00Z,19.609,1
Consis,BAUFI4,2025-06-09T16:00:00Z,14.922,1
Consis,BAUFI4,2025-06-09T16:30:00Z,8.168,1
Consis,BAUFI4,2025-06-09T17:00:00Z,1.96,1
Consis,BAUFI4,2025-06-09T17:30:00Z,0,1
Consis,BAUFI4,2025-06-09T18:00:00Z,0,1
Consis,BAUFI4,2025-06-09T18:30:00Z,0,1
Consis,BAUFI4,2025-06-09T19:00:00Z,0,1
Consis,BAUFI4,2025-06-09T19:30:00Z,0,1
Consis,BAUFI4,2025-06-09T20:00:00Z,0,1
Consis,BAUFI4,2025-06-09T20:30:00Z,0,1
Consis,BAUFI4,2025-06-09T21:00:00Z,0,1
Consis,BAUFI4,2025-06-09T21:30:00Z,0,1
Consis,BAUFI4,2025-06-09T22:00:00Z,0,1
Consis,BAUFI4,2025-06-09T22:30:00Z,0,1
Consis,BAUFI4,2025-06-09T23:00:00Z,0,1
Consis,BAUFI4,2025-06-09T23:30:00Z,0,1
Consis,BAUFI4,2025-06-10T00:00:00Z,0,1
Consis,BAUFI4,2025-06-10T00:30:00Z,0,1
Consis,BAUFI4,2025-06-10T01:00:00Z,0,1
Consis,BAUFI4,2025-06-10T01:30:00Z,0,1
Consis,BAUFI4,2025-06-10T02:00:00Z,0,1
Consis,BAUFI4,2025-06-10T02:30:00Z,0,1
Consis,BAUFI4,2025-06-10T03:00:00Z,0,1
Consis,BAUFI4,2025-06-10T03:30:00Z,0,1
Consis,BAUFI4,2025-06-10T04:00:00Z,0,1
Consis,BAUFI4,2025-06-10T04:30:00Z,0,1
Consis,BAUFI4,2025-06-10T05:00:00Z,0,1
Consis,BAUFI4,2025-06-10T05:30:00Z,0,1
Consis,BAUFI4,2025-06-10T06:00:00Z,0.001,1
Consis,BAUFI4,2025-06-10T06:30:00Z,2.375,1
Consis,BAUFI4,2025-06-10T07:00:00Z,10.115,1
Consis,BAUFI4,2025-06-10T07:30:00Z,17.695,1
Consis,BAUFI4,2025-06-10T08:00:00Z,21.242,1
Consis,BAUFI4,2025-06-10T08:30:00Z,22.337,1
Consis,BAUFI4,2025-06-10T09:00:00Z,22.967,1
Consis,BAUFI4,2025-06-10T09:30:00Z,23.089,1
Consis,BAUFI4,2025-06-10T10:00:00Z,22.723,1
Consis,BAUFI4,2025-06-10T10:30:00Z,22.026,1
Consis,BAUFI4,2025-06-10T11:00:00Z,21.552,1
Consis,BAUFI4,2025-06-10T11:30:00Z,15.525,1
Consis,BAUFI4,2025-06-10T12:00:00Z,22.987,1
Consis,BAUFI4,2025-06-10T12:30:00Z,23.539,1
Consis,BAUFI4,2025-06-10T13:00:00Z,22.704,1
Consis,BAUFI4,2025-06-10T13:30:00Z,22.288,1
Consis,BAUFI4,2025-06-10T14:00:00Z,22.055,1
Consis,BAUFI4,2025-06-10T14:30:00Z,21.971,1
Consis,BAUFI4,2025-06-10T15:00:00Z,21.105,1
Consis,BAUFI4,2025-06-10T15:30:00Z,19.55,1
Consis,BAUFI4,2025-06-10T16:00:00Z,14.939,1
Consis,BAUFI4,2025-06-10T16:30:00Z,8.296,1
Consis,BAUFI4,2025-06-10T17:00:00Z,1.885,1
Consis,BAUFI4,2025-06-10T17:30:00Z,0,1
Consis,BAUFI4,2025-06-10T18:00:00Z,0,1
Consis,BAUFI4,2025-06-10T18:30:00Z,0,1
Consis,BAUFI4,2025-06-10T19:00:00Z,0,1
Consis,BAUFI4,2025-06-10T19:30:00Z,0,1
Consis,BAUFI4,2025-06-10T20:00:00Z,0,1
Consis,BAUFI4,2025-06-10T20:30:00Z,0,1
Consis,BAUFI4,2025-06-10T21:00:00Z,0,2
Consis,BAUFI4,2025-06-10T21:30:00Z,0,2
Consis,BAUFI4,2025-06-10T22:00:00Z,0,2
Consis,BAUFI4,2025-06-10T22:30:00Z,0,2
Consis,BAUFI4,2025-06-10T23:00:00Z,0,1
Consis,BAUFI4,2025-06-10T23:30:00Z,0,1
Consis,BAUFI4,2025-06-11T00:00:00Z,0,1
Consis,BAUFI4,2025-06-11T00:30:00Z,0,1
Consis,BAUFI4,2025-06-11T01:00:00Z,0,1
Consis,BAUFI4,2025-06-11T01:30:00Z,0,1
Consis,BAUFI4,2025-06-11T02:00:00Z,0,1
Consis,BAUFI4,2025-06-11T02:30:00Z,0,1
Consis,BAUFI4,2025-06-11T03:00:00Z,0,1
Consis,BAUFI4,2025-06-11T03:30:00Z,0,1
Consis,BAUFI4,2025-06-11T04:00:00Z,0,1
Consis,BAUFI4,2025-06-11T04:30:00Z,0,1
Consis,BAUFI4,2025-06-11T05:00:00Z,0,1
Consis,BAUFI4,2025-06-11T05:30:00Z,0,1
Consis,BAUFI4,2025-06-11T06:00:00Z,0.096,1
Consis,BAUFI4,2025-06-11T06:30:00Z,2.703,1
Consis,BAUFI4,2025-06-11T07:00:00Z,8.69,1
Consis,BAUFI4,2025-06-11T07:30:00Z,14.465,1
Consis,BAUFI4,2025-06-11T08:00:00Z,19.434,1
Consis,BAUFI4,2025-06-11T08:30:00Z,21.583,1
Consis,BAUFI4,2025-06-11T09:00:00Z,21.601,1
Consis,BAUFI4,2025-06-11T09:30:00Z,21.897,1
Consis,BAUFI4,2025-06-11T10:00:00Z,22.911,1
Consis,BAUFI4,2025-06-11T10:30:00Z,22.627,1
Consis,BAUFI4,2025-06-11T11:00:00Z,21.675,1
Consis,BAUFI4,2025-06-11T11:30:00Z,23.157,1
Consis,BAUFI4,2025-06-11T12:00:00Z,21.539,1
Consis,BAUFI4,2025-06-11T12:30:00Z,22.882,1
Consis,BAUFI4,2025-06-11T13:00:00Z,23.246,1
Consis,BAUFI4,2025-06-11T13:30:00Z,23.503,1
Consis,BAUFI4,2025-06-11T14:00:00Z,19.214,1
Consis,BAUFI4,2025-06-11T14:30:00Z,15.461,1
Consis,BAUFI4,2025-06-11T15:00:00Z,11.927,1
Consis,BAUFI4,2025-06-11T15:30:00Z,2.797,1
Consis,BAUFI4,2025-06-11T16:00:00Z,2.802,1
Consis,BAUFI4,2025-06-11T16:30:00Z,2.86,1
Consis,BAUFI4,2025-06-11T17:00:00Z,1.656,1
Consis,BAUFI4,2025-06-11T17:30:00Z,0,1
Consis,BAUFI4,2025-06-11T18:00:00Z,0,1
Consis,BAUFI4,2025-06-11T18:30:00Z,0,1
Consis,BAUFI4,2025-06-11T19:00:00Z,0,1
Consis,BAUFI4,2025-06-11T19:30:00Z,0,1
Consis,BAUFI4,2025-06-11T20:00:00Z,0,1
Consis,BAUFI4,2025-06-11T20:30:00Z,0,1
Consis,BAUFI4,2025-06-11T21:00:00Z,0,1
Consis,BAUFI4,2025-06-11T21:30:00Z,0,1
Consis,BAUFI4,2025-06-11T22:00:00Z,0,1
Consis,BAUFI4,2025-06-11T22:30:00Z,0,1
Consis,BAUFI4,2025-06-11T23:00:00Z,0,1
Consis,BAUFI4,2025-06-11T23:30:00Z,0,1
Consis,BAUFI4,2025-06-12T00:00:00Z,0,1
Consis,BAUFI4,2025-06-12T00:30:00Z,0,1
Consis,BAUFI4,2025-06-12T01:00:00Z,0,1
Consis,BAUFI4,2025-06-12T01:30:00Z,0,1
Consis,BAUFI4,2025-06-12T02:00:00Z,0,1
Consis,BAUFI4,2025-06-12T02:30:00Z,0,1
Consis,BAUFI4,2025-06-12T03:00:00Z,0,1
Consis,BAUFI4,2025-06-12T03:30:00Z,0,1
Consis,BAUFI4,2025-06-12T04:00:00Z,0,1
Consis,BAUFI4,2025-06-12T04:30:00Z,0,1
Consis,BAUFI4,2025-06-12T05:00:00Z,0,1
Consis,BAUFI4,2025-06-12T05:30:00Z,0,1
Consis,BAUFI4,2025-06-12T06:00:00Z,0,1
Consis,BAUFI4,2025-06-12T06:30:00Z,2.175,1
Consis,BAUFI4,2025-06-12T07:00:00Z,4.213,1
Consis,BAUFI4,2025-06-12T07:30:00Z,5.394,1
Consis,BAUFI4,2025-06-12T08:00:00Z,19.978,1
Consis,BAUFI4,2025-06-12T08:30:00Z,20.167,1
Consis,BAUFI4,2025-06-12T09:00:00Z,19.586,1
Consis,BAUFI4,2025-06-12T09:30:00Z,20.264,1
Consis,BAUFI4,2025-06-12T10:00:00Z,8.691,1
Consis,BAUFI4,2025-06-12T10:30:00Z,2.763,1
Consis,BAUFI4,2025-06-12T11:00:00Z,2.824,1
Consis,BAUFI4,2025-06-12T11:30:00Z,2.999,1
Consis,BAUFI4,2025-06-12T12:00:00Z,2.632,1
Consis,BAUFI4,2025-06-12T12:30:00Z,13.195,1
Consis,BAUFI4,2025-06-12T13:00:00Z,20.055,1
Consis,BAUFI4,2025-06-12T13:30:00Z,15.299,1
Consis,BAUFI4,2025-06-12T14:00:00Z,18.846,1
Consis,BAUFI4,2025-06-12T14:30:00Z,17.029,1
Consis,BAUFI4,2025-06-12T15:00:00Z,9.896,1
Consis,BAUFI4,2025-06-12T15:30:00Z,3.087,1
Consis,BAUFI4,2025-06-12T16:00:00Z,2.033,1
Consis,BAUFI4,2025-06-12T16:30:00Z,1.607,1
Consis,BAUFI4,2025-06-12T17:00:00Z,0.909,1
Consis,BAUFI4,2025-06-12T17:30:00Z,0,1
Consis,BAUFI4,2025-06-12T18:00:00Z,0,1
Consis,BAUFI4,2025-06-12T18:30:00Z,0,1
Consis,BAUFI4,2025-06-12T19:00:00Z,0,1
Consis,BAUFI4,2025-06-12T19:30:00Z,0,1
Consis,BAUFI4,2025-06-12T20:00:00Z,0,1
Consis,BAUFI4,2025-06-12T20:30:00Z,0,1
Consis,BAUFI4,2025-06-12T21:00:00Z,0,1
Consis,BAUFI4,2025-06-12T21:30:00Z,0,1
Consis,BAUFI4,2025-06-12T22:00:00Z,0,1
Consis,BAUFI4,2025-06-12T22:30:00Z,0,1
Consis,BAUFI4,2025-06-12T23:00:00Z,0,1
Consis,BAUFI4,2025-06-12T23:30:00Z,0,1
Consis,BAUFI4,2025-06-13T00:00:00Z,0,1
Consis,BAUFI4,2025-06-13T00:30:00Z,0,1
Consis,BAUFI4,2025-06-13T01:00:00Z,0,1
Consis,BAUFI4,2025-06-13T01:30:00Z,0,1
Consis,BAUFI4,2025-06-13T02:00:00Z,0,1
Consis,BAUFI4,2025-06-13T02:30:00Z,0,1
Consis,BAUFI4,2025-06-13T03:00:00Z,0,1
Consis,BAUFI4,2025-06-13T03:30:00Z,0,1
Consis,BAUFI4,2025-06-13T04:00:00Z,0,1
Consis,BAUFI4,2025-06-13T04:30:00Z,0,1
Consis,BAUFI4,2025-06-13T05:00:00Z,0,1
Consis,BAUFI4,2025-06-13T05:30:00Z,0,1
Consis,BAUFI4,2025-06-13T06:00:00Z,0.006,1
Consis,BAUFI4,2025-06-13T06:30:00Z,1.988,1
Consis,BAUFI4,2025-06-13T07:00:00Z,1.559,1
Consis,BAUFI4,2025-06-13T07:30:00Z,1.225,1
Consis,BAUFI4,2025-06-13T08:00:00Z,1.135,1
Consis,BAUFI4,2025-06-13T08:30:00Z,1.078,1
Consis,BAUFI4,2025-06-13T09:00:00Z,0.846,1
Consis,BAUFI4,2025-06-13T09:30:00Z,0,1
Consis,BAUFI4,2025-06-13T10:00:00Z,0.516,1
Consis,BAUFI4,2025-06-13T10:30:00Z,1.081,1
Consis,BAUFI4,2025-06-13T11:00:00Z,1.081,1
Consis,BAUFI4,2025-06-13T11:30:00Z,1.082,1
Consis,BAUFI4,2025-06-13T12:00:00Z,1.058,1
Consis,BAUFI4,2025-06-13T12:30:00Z,1.059,1
Consis,BAUFI4,2025-06-13T13:00:00Z,4.226,1
Consis,BAUFI4,2025-06-13T13:30:00Z,7.918,1
Consis,BAUFI4,2025-06-13T14:00:00Z,15.085,1
Consis,BAUFI4,2025-06-13T14:30:00Z,21.223,1
Consis,BAUFI4,2025-06-13T15:00:00Z,22.133,1
Consis,BAUFI4,2025-06-13T15:30:00Z,17.827,1
Consis,BAUFI4,2025-06-13T16:00:00Z,15.892,1
Consis,BAUFI4,2025-06-13T16:30:00Z,7.877,1
Consis,BAUFI4,2025-06-13T17:00:00Z,1.967,1
Consis,BAUFI4,2025-06-13T17:30:00Z,0,1
Consis,BAUFI4,2025-06-13T18:00:00Z,0,1
Consis,BAUFI4,2025-06-13T18:30:00Z,0,1
Consis,BAUFI4,2025-06-13T19:00:00Z,0,1
Consis,BAUFI4,2025-06-13T19:30:00Z,0,1
Consis,BAUFI4,2025-06-13T20:00:00Z,0,1
Consis,BAUFI4,2025-06-13T20:30:00Z,0,1
Consis,BAUFI4,2025-06-13T21:00:00Z,0,1
Consis,BAUFI4,2025-06-13T21:30:00Z,0,1
Consis,BAUFI4,2025-06-13T22:00:00Z,0,1
Consis,BAUFI4,2025-06-13T22:30:00Z,0,1
Consis,BAUFI4,2025-06-13T23:00:00Z,0,1
Consis,BAUFI4,2025-06-13T23:30:00Z,0,1
Consis,BAUFI4,2025-06-14T00:00:00Z,0,1
Consis,BAUFI4,2025-06-14T00:30:00Z,0,1
Consis,BAUFI4,2025-06-14T01:00:00Z,0,1
Consis,BAUFI4,2025-06-14T01:30:00Z,0,1
Consis,BAUFI4,2025-06-14T02:00:00Z,0,1
Consis,BAUFI4,2025-06-14T02:30:00Z,0,1
Consis,BAUFI4,2025-06-14T03:00:00Z,0,1
Consis,BAUFI4,2025-06-14T03:30:00Z,0,1
Consis,BAUFI4,2025-06-14T04:00:00Z,0,1
Consis,BAUFI4,2025-06-14T04:30:00Z,0,1
Consis,BAUFI4,2025-06-14T05:00:00Z,0,1
Consis,BAUFI4,2025-06-14T05:30:00Z,0,1
Consis,BAUFI4,2025-06-14T06:00:00Z,0,1
Consis,BAUFI4,2025-06-14T06:30:00Z,0,1
Consis,BAUFI4,2025-06-14T07:00:00Z,0.07,1
Consis,BAUFI4,2025-06-14T07:30:00Z,0.471,1
Consis,BAUFI4,2025-06-14T08:00:00Z,0.087,1
Consis,BAUFI4,2025-06-14T08:30:00Z,0.134,1
Consis,BAUFI4,2025-06-14T09:00:00Z,0.121,1
Consis,BAUFI4,2025-06-14T09:30:00Z,0,1
Consis,BAUFI4,2025-06-14T10:00:00Z,0.125,1
Consis,BAUFI4,2025-06-14T10:30:00Z,0.367,1
Consis,BAUFI4,2025-06-14T11:00:00Z,0.033,1
Consis,BAUFI4,2025-06-14T11:30:00Z,2.422,1
Consis,BAUFI4,2025-06-14T12:00:00Z,3.236,1
Consis,BAUFI4,2025-06-14T12:30:00Z,3.415,1
Consis,BAUFI4,2025-06-14T13:00:00Z,4.666,1
Consis,BAUFI4,2025-06-14T13:30:00Z,7.05,1
Consis,BAUFI4,2025-06-14T14:00:00Z,7.059,1
Consis,BAUFI4,2025-06-14T14:30:00Z,14.084,1
Consis,BAUFI4,2025-06-14T15:00:00Z,17.859,1
Consis,BAUFI4,2025-06-14T15:30:00Z,19.744,1
Consis,BAUFI4,2025-06-14T16:00:00Z,15.909,1
Consis,BAUFI4,2025-06-14T16:30:00Z,9.042,1
Consis,BAUFI4,2025-06-14T17:00:00Z,2.159,1
Consis,BAUFI4,2025-06-14T17:30:00Z,0,1
Consis,BAUFI4,2025-06-14T18:00:00Z,0,1
Consis,BAUFI4,2025-06-14T18:30:00Z,0,1
Consis,BAUFI4,2025-06-14T19:00:00Z,0,1
Consis,BAUFI4,2025-06-14T19:30:00Z,0,1
Consis,BAUFI4,2025-06-14T20:00:00Z,0,1
Consis,BAUFI4,2025-06-14T20:30:00Z,0,1
Consis,BAUFI4,2025-06-14T21:00:00Z,0,1
Consis,BAUFI4,2025-06-14T21:30:00Z,0,1
Consis,BAUFI4,2025-06-14T22:00:00Z,0,1
Consis,BAUFI4,2025-06-14T22:30:00Z,0,1
Consis,BAUFI4,2025-06-14T23:00:00Z,0,1
Consis,BAUFI4,2025-06-14T23:30:00Z,0,1
Consis,BAUFI4,2025-06-15T00:00:00Z,0,1
Consis,BAUFI4,2025-06-15T00:30:00Z,0,1
Consis,BAUFI4,2025-06-15T01:00:00Z,0,1
Consis,BAUFI4,2025-06-15T01:30:00Z,0,1
Consis,BAUFI4,2025-06-15T02:00:00Z,0,1
Consis,BAUFI4,2025-06-15T02:30:00Z,0,1
Consis,BAUFI4,2025-06-15T03:00:00Z,0,1
Consis,BAUFI4,2025-06-15T03:30:00Z,0,1
Consis,BAUFI4,2025-06-15T04:00:00Z,0,1
Consis,BAUFI4,2025-06-15T04:30:00Z,0,1
Consis,BAUFI4,2025-06-15T05:00:00Z,0,1
Consis,BAUFI4,2025-06-15T05:30:00Z,0,1
Consis,BAUFI4,2025-06-15T06:00:00Z,0,1
Consis,BAUFI4,2025-06-15T06:30:00Z,2.249,1
Consis,BAUFI4,2025-06-15T07:00:00Z,3.59,1
Consis,BAUFI4,2025-06-15T07:30:00Z,3.406,1
Consis,BAUFI4,2025-06-15T08:00:00Z,3.76,1
Consis,BAUFI4,2025-06-15T08:30:00Z,5.631,1
Consis,BAUFI4,2025-06-15T09:00:00Z,5.443,1
Consis,BAUFI4,2025-06-15T09:30:00Z,5.468,1
Consis,BAUFI4,2025-06-15T10:00:00Z,5.378,1
Consis,BAUFI4,2025-06-15T10:30:00Z,5.477,1
Consis,BAUFI4,2025-06-15T11:00:00Z,6.129,1
Consis,BAUFI4,2025-06-15T11:30:00Z,7.661,1
Consis,BAUFI4,2025-06-15T12:00:00Z,7.677,1
Consis,BAUFI4,2025-06-15T12:30:00Z,8.406,1
Consis,BAUFI4,2025-06-15T13:00:00Z,10.35,1
Consis,BAUFI4,2025-06-15T13:30:00Z,11.51,1
Consis,BAUFI4,2025-06-15T14:00:00Z,13.557,1
Consis,BAUFI4,2025-06-15T14:30:00Z,21.342,1
Consis,BAUFI4,2025-06-15T15:00:00Z,23.322,1
Consis,BAUFI4,2025-06-15T15:30:00Z,18.042,1
Consis,BAUFI4,2025-06-15T16:00:00Z,4.15,1
Consis,BAUFI4,2025-06-15T16:30:00Z,2.772,1
Consis,BAUFI4,2025-06-15T17:00:00Z,1.619,1
Consis,BAUFI4,2025-06-15T17:30:00Z,0,1
Consis,BAUFI4,2025-06-15T18:00:00Z,0,1
Consis,BAUFI4,2025-06-15T18:30:00Z,0,1
Consis,BAUFI4,2025-06-15T19:00:00Z,0,1
Consis,BAUFI4,2025-06-15T19:30:00Z,0,1
Consis,BAUFI4,2025-06-15T20:00:00Z,0,1
Consis,BAUFI4,2025-06-15T20:30:00Z,0,1
Consis,BAUFI4,2025-06-15T21:00:00Z,0,1
Consis,BAUFI4,2025-06-15T21:30:00Z,0,1
Consis,BAUFI4,2025-06-15T22:00:00Z,0,1
Consis,BAUFI4,2025-06-15T22:30:00Z,0,1
Consis,BAUFI4,2025-06-15T23:00:00Z,0,1
Consis,BAUFI4,2025-06-15T23:30:00Z,0,1
Consis,BAUFI4,2025-06-16T00:00:00Z,0,1
Consis,BAUFI4,2025-06-16T00:30:00Z,0,1
Consis,BAUFI4,2025-06-16T01:00:00Z,0,1
Consis,BAUFI4,2025-06-16T01:30:00Z,0,1
Consis,BAUFI4,2025-06-16T02:00:00Z,0,1
Consis,BAUFI4,2025-06-16T02:30:00Z,0,1
Consis,BAUFI4,2025-06-16T03:00:00Z,0,1
Consis,BAUFI4,2025-06-16T03:30:00Z,0,1
Consis,BAUFI4,2025-06-16T04:00:00Z,0,1
Consis,BAUFI4,2025-06-16T04:30:00Z,0,1
Consis,BAUFI4,2025-06-16T05:00:00Z,0,1
Consis,BAUFI4,2025-06-16T05:30:00Z,0,1
Consis,BAUFI4,2025-06-16T06:00:00Z,0,1
Consis,BAUFI4,2025-06-16T06:30:00Z,2.188,1
Consis,BAUFI4,2025-06-16T07:00:00Z,9.526,1
Consis,BAUFI4,2025-06-16T07:30:00Z,17.482,1
Consis,BAUFI4,2025-06-16T08:00:00Z,21.512,1
Consis,BAUFI4,2025-06-16T08:30:00Z,6.187,1
Consis,BAUFI4,2025-06-16T09:00:00Z,0,1
Consis,BAUFI4,2025-06-16T09:30:00Z,0,1
Consis,BAUFI4,2025-06-16T10:00:00Z,0,1
Consis,BAUFI4,2025-06-16T10:30:00Z,13.628,1
Consis,BAUFI4,2025-06-16T11:00:00Z,23.722,1
Consis,BAUFI4,2025-06-16T11:30:00Z,23.845,1
Consis,BAUFI4,2025-06-16T12:00:00Z,23.961,1
Consis,BAUFI4,2025-06-16T12:30:00Z,23.048,1
Consis,BAUFI4,2025-06-16T13:00:00Z,21.834,1
Consis,BAUFI4,2025-06-16T13:30:00Z,13.601,1
Consis,BAUFI4,2025-06-16T14:00:00Z,9.459,1
Consis,BAUFI4,2025-06-16T14:30:00Z,5.687,1
Consis,BAUFI4,2025-06-16T15:00:00Z,7.754,1
Consis,BAUFI4,2025-06-16T15:30:00Z,8.019,1
Consis,BAUFI4,2025-06-16T16:00:00Z,12.328,1
Consis,BAUFI4,2025-06-16T16:30:00Z,9.969,1
Consis,BAUFI4,2025-06-16T17:00:00Z,1.025,1
Consis,BAUFI4,2025-06-16T17:30:00Z,0,1
Consis,BAUFI4,2025-06-16T18:00:00Z,0,1
Consis,BAUFI4,2025-06-16T18:30:00Z,0,1
Consis,BAUFI4,2025-06-16T19:00:00Z,0,1
Consis,BAUFI4,2025-06-16T19:30:00Z,0,1
Consis,BAUFI4,2025-06-16T20:00:00Z,0,1
Consis,BAUFI4,2025-06-16T20:30:00Z,0,1
Consis,BAUFI4,2025-06-16T21:00:00Z,0,1
Consis,BAUFI4,2025-06-16T21:30:00Z,0,1
Consis,BAUFI4,2025-06-16T22:00:00Z,0,1
Consis,BAUFI4,2025-06-16T22:30:00Z,0,1
Consis,BAUFI4,2025-06-16T23:00:00Z,0,1
Consis,BAUFI4,2025-06-16T23:30:00Z,0,1
Consis,BAUFI4,2025-06-17T00:00:00Z,0,1
Consis,BAUFI4,2025-06-17T00:30:00Z,0,1
Consis,BAUFI4,2025-06-17T01:00:00Z,0,1
Consis,BAUFI4,2025-06-17T01:30:00Z,0,1
Consis,BAUFI4,2025-06-17T02:00:00Z,0,1
Consis,BAUFI4,2025-06-17T02:30:00Z,0,1
Consis,BAUFI4,2025-06-17T03:00:00Z,0,1
Consis,BAUFI4,2025-06-17T03:30:00Z,0,1
Consis,BAUFI4,2025-06-17T04:00:00Z,0,1
Consis,BAUFI4,2025-06-17T04:30:00Z,0,1
Consis,BAUFI4,2025-06-17T05:00:00Z,0,1
Consis,BAUFI4,2025-06-17T05:30:00Z,0,1
Consis,BAUFI4,2025-06-17T06:00:00Z,0,1
Consis,BAUFI4,2025-06-17T06:30:00Z,0.898,1
Consis,BAUFI4,2025-06-17T07:00:00Z,0,1
Consis,BAUFI4,2025-06-17T07:30:00Z,0,1
Consis,BAUFI4,2025-06-17T08:00:00Z,0,1
Consis,BAUFI4,2025-06-17T08:30:00Z,0,1
Consis,BAUFI4,2025-06-17T09:00:00Z,0,1
Consis,BAUFI4,2025-06-17T09:30:00Z,0,1
Consis,BAUFI4,2025-06-17T10:00:00Z,0,1
Consis,BAUFI4,2025-06-17T10:30:00Z,0,1
Consis,BAUFI4,2025-06-17T11:00:00Z,0,1
Consis,BAUFI4,2025-06-17T11:30:00Z,0,1
Consis,BAUFI4,2025-06-17T12:00:00Z,0,1
Consis,BAUFI4,2025-06-17T12:30:00Z,1.172,1
Consis,BAUFI4,2025-06-17T13:00:00Z,5.425,1
Consis,BAUFI4,2025-06-17T13:30:00Z,11.464,1
Consis,BAUFI4,2025-06-17T14:00:00Z,12.353,1
Consis,BAUFI4,2025-06-17T14:30:00Z,16.912,1
Consis,BAUFI4,2025-06-17T15:00:00Z,4.15,1
Consis,BAUFI4,2025-06-17T15:30:00Z,3.183,1
Consis,BAUFI4,2025-06-17T16:00:00Z,0,1
Consis,BAUFI4,2025-06-17T16:30:00Z,0.01,1
Consis,BAUFI4,2025-06-17T17:00:00Z,0.325,1
Consis,BAUFI4,2025-06-17T17:30:00Z,0,1
Consis,BAUFI4,2025-06-17T18:00:00Z,0,1
Consis,BAUFI4,2025-06-17T18:30:00Z,0,1
Consis,BAUFI4,2025-06-17T19:00:00Z,0,1
Consis,BAUFI4,2025-06-17T19:30:00Z,0,1
Consis,BAUFI4,2025-06-17T20:00:00Z,0,2
Consis,BAUFI4,2025-06-17T20:30:00Z,0,2
Consis,BAUFI4,2025-06-17T21:00:00Z,0,2
Consis,BAUFI4,2025-06-17T21:30:00Z,0,1
Consis,BAUFI4,2025-06-17T22:00:00Z,0,1
Consis,BAUFI4,2025-06-17T22:30:00Z,0,1
Consis,BAUFI4,2025-06-17T23:00:00Z,0,1
Consis,BAUFI4,2025-06-17T23:30:00Z,0,1
Consis,BAUFI4,2025-06-18T00:00:00Z,0,1
Consis,BAUFI4,2025-06-18T00:30:00Z,0,1
Consis,BAUFI4,2025-06-18T01:00:00Z,0,1
Consis,BAUFI4,2025-06-18T01:30:00Z,0,1
Consis,BAUFI4,2025-06-18T02:00:00Z,0,1
Consis,BAUFI4,2025-06-18T02:30:00Z,0,1
Consis,BAUFI4,2025-06-18T03:00:00Z,0,1
Consis,BAUFI4,2025-06-18T03:30:00Z,0,1
Consis,BAUFI4,2025-06-18T04:00:00Z,0,1
Consis,BAUFI4,2025-06-18T04:30:00Z,0,1
Consis,BAUFI4,2025-06-18T05:00:00Z,0,1
Consis,BAUFI4,2025-06-18T05:30:00Z,0,1
Consis,BAUFI4,2025-06-18T06:00:00Z,0,1
Consis,BAUFI4,2025-06-18T06:30:00Z,1.927,1
Consis,BAUFI4,2025-06-18T07:00:00Z,6.491,1
Consis,BAUFI4,2025-06-18T07:30:00Z,0.139,1
Consis,BAUFI4,2025-06-18T08:00:00Z,0,1
Consis,BAUFI4,2025-06-18T08:30:00Z,0.752,1
Consis,BAUFI4,2025-06-18T09:00:00Z,4.462,1
Consis,BAUFI4,2025-06-18T09:30:00Z,0,1
Consis,BAUFI4,2025-06-18T10:00:00Z,0,1
Consis,BAUFI4,2025-06-18T10:30:00Z,0,1
Consis,BAUFI4,2025-06-18T11:00:00Z,0,1
Consis,BAUFI4,2025-06-18T11:30:00Z,0,1
Consis,BAUFI4,2025-06-18T12:00:00Z,0,1
Consis,BAUFI4,2025-06-18T12:30:00Z,0,1
Consis,BAUFI4,2025-06-18T13:00:00Z,1.483,1
Consis,BAUFI4,2025-06-18T13:30:00Z,14.47,1
Consis,BAUFI4,2025-06-18T14:00:00Z,23.519,1
Consis,BAUFI4,2025-06-18T14:30:00Z,23.715,1
Consis,BAUFI4,2025-06-18T15:00:00Z,22.523,1
Consis,BAUFI4,2025-06-18T15:30:00Z,12.456,1
Consis,BAUFI4,2025-06-18T16:00:00Z,7.337,1
Consis,BAUFI4,2025-06-18T16:30:00Z,3.911,1
Consis,BAUFI4,2025-06-18T17:00:00Z,0.099,1
Consis,BAUFI4,2025-06-18T17:30:00Z,0,1
Consis,BAUFI4,2025-06-18T18:00:00Z,0,1
Consis,BAUFI4,2025-06-18T18:30:00Z,0,1
Consis,BAUFI4,2025-06-18T19:00:00Z,0,1
Consis,BAUFI4,2025-06-18T19:30:00Z,0,1
Consis,BAUFI4,2025-06-18T20:00:00Z,0,1
Consis,BAUFI4,2025-06-18T20:30:00Z,0,1
Consis,BAUFI4,2025-06-18T21:00:00Z,0,1
Consis,BAUFI4,2025-06-18T21:30:00Z,0,1
Consis,BAUFI4,2025-06-18T22:00:00Z,0,1
Consis,BAUFI4,2025-06-18T22:30:00Z,0,1
Consis,BAUFI4,2025-06-18T23:00:00Z,0,1
Consis,BAUFI4,2025-06-18T23:30:00Z,0,1
Consis,BAUFI4,2025-06-19T00:00:00Z,0,1
Consis,BAUFI4,2025-06-19T00:30:00Z,0,1
Consis,BAUFI4,2025-06-19T01:00:00Z,0,1
Consis,BAUFI4,2025-06-19T01:30:00Z,0,1
Consis,BAUFI4,2025-06-19T02:00:00Z,0,1
Consis,BAUFI4,2025-06-19T02:30:00Z,0,1
Consis,BAUFI4,2025-06-19T03:00:00Z,0,1
Consis,BAUFI4,2025-06-19T03:30:00Z,0,1
Consis,BAUFI4,2025-06-19T04:00:00Z,0,1
Consis,BAUFI4,2025-06-19T04:30:00Z,0,1
Consis,BAUFI4,2025-06-19T05:00:00Z,0,1
Consis,BAUFI4,2025-06-19T05:30:00Z,0,1
Consis,BAUFI4,2025-06-19T06:00:00Z,0,1
Consis,BAUFI4,2025-06-19T06:30:00Z,2.009,1
Consis,BAUFI4,2025-06-19T07:00:00Z,0.027,1
Consis,BAUFI4,2025-06-19T07:30:00Z,0.19,1
Consis,BAUFI4,2025-06-19T08:00:00Z,0.227,1
Consis,BAUFI4,2025-06-19T08:30:00Z,0.031,1
Consis,BAUFI4,2025-06-19T09:00:00Z,0.015,1
Consis,BAUFI4,2025-06-19T09:30:00Z,0,1
Consis,BAUFI4,2025-06-19T10:00:00Z,0.132,1
Consis,BAUFI4,2025-06-19T10:30:00Z,0,1
Consis,BAUFI4,2025-06-19T11:00:00Z,0,1
Consis,BAUFI4,2025-06-19T11:30:00Z,0,1
Consis,BAUFI4,2025-06-19T12:00:00Z,2.424,1
Consis,BAUFI4,2025-06-19T12:30:00Z,6.212,1
Consis,BAUFI4,2025-06-19T13:00:00Z,9.982,1
Consis,BAUFI4,2025-06-19T13:30:00Z,10.189,1
Consis,BAUFI4,2025-06-19T14:00:00Z,23.208,1
Consis,BAUFI4,2025-06-19T14:30:00Z,23.815,1
Consis,BAUFI4,2025-06-19T15:00:00Z,23.162,1
Consis,BAUFI4,2025-06-19T15:30:00Z,21.444,1
Consis,BAUFI4,2025-06-19T16:00:00Z,15.402,1
Consis,BAUFI4,2025-06-19T16:30:00Z,8.004,1
Consis,BAUFI4,2025-06-19T17:00:00Z,2.453,1
Consis,BAUFI4,2025-06-19T17:30:00Z,0,1
Consis,BAUFI4,2025-06-19T18:00:00Z,0,1
Consis,BAUFI4,2025-06-19T18:30:00Z,0,1
Consis,BAUFI4,2025-06-19T19:00:00Z,0,1
Consis,BAUFI4,2025-06-19T19:30:00Z,0,1
Consis,BAUFI4,2025-06-19T20:00:00Z,0,1
Consis,BAUFI4,2025-06-19T20:30:00Z,0,1
Consis,BAUFI4,2025-06-19T21:00:00Z,0,1
Consis,BAUFI4,2025-06-19T21:30:00Z,0,1
Consis,BAUFI4,2025-06-19T22:00:00Z,0,1
Consis,BAUFI4,2025-06-19T22:30:00Z,0,1
Consis,BAUFI4,2025-06-19T23:00:00Z,0,1
Consis,BAUFI4,2025-06-19T23:30:00Z,0,1
Consis,BAUFI4,2025-06-20T00:00:00Z,0,1
Consis,BAUFI4,2025-06-20T00:30:00Z,0,1
Consis,BAUFI4,2025-06-20T01:00:00Z,0,1
Consis,BAUFI4,2025-06-20T01:30:00Z,0,1
Consis,BAUFI4,2025-06-20T02:00:00Z,0,1
Consis,BAUFI4,2025-06-20T02:30:00Z,0,1
Consis,BAUFI4,2025-06-20T03:00:00Z,0,1
Consis,BAUFI4,2025-06-20T03:30:00Z,0,1
Consis,BAUFI4,2025-06-20T04:00:00Z,0,1
Consis,BAUFI4,2025-06-20T04:30:00Z,0,1
Consis,BAUFI4,2025-06-20T05:00:00Z,0,1
Consis,BAUFI4,2025-06-20T05:30:00Z,0,1
Consis,BAUFI4,2025-06-20T06:00:00Z,0,1
Consis,BAUFI4,2025-06-20T06:30:00Z,0.025,1
Consis,BAUFI4,2025-06-20T07:00:00Z,0.133,1
Consis,BAUFI4,2025-06-20T07:30:00Z,0.378,1
Consis,BAUFI4,2025-06-20T08:00:00Z,0.013,1
Consis,BAUFI4,2025-06-20T08:30:00Z,0,1
Consis,BAUFI4,2025-06-20T09:00:00Z,0,1
Consis,BAUFI4,2025-06-20T09:30:00Z,0.034,1
Consis,BAUFI4,2025-06-20T10:00:00Z,0,1
Consis,BAUFI4,2025-06-20T10:30:00Z,0,1
Consis,BAUFI4,2025-06-20T11:00:00Z,0,1
Consis,BAUFI4,2025-06-20T11:30:00Z,0,1
Consis,BAUFI4,2025-06-20T12:00:00Z,0,1
Consis,BAUFI4,2025-06-20T12:30:00Z,0,1
Consis,BAUFI4,2025-06-20T13:00:00Z,0,1
Consis,BAUFI4,2025-06-20T13:30:00Z,0,1
Consis,BAUFI4,2025-06-20T14:00:00Z,5.373,1
Consis,BAUFI4,2025-06-20T14:30:00Z,23.161,1
Consis,BAUFI4,2025-06-20T15:00:00Z,22.616,1
Consis,BAUFI4,2025-06-20T15:30:00Z,21.227,1
Consis,BAUFI4,2025-06-20T16:00:00Z,15.613,1
Consis,BAUFI4,2025-06-20T16:30:00Z,9.22,1
Consis,BAUFI4,2025-06-20T17:00:00Z,2.471,1
Consis,BAUFI4,2025-06-20T17:30:00Z,0.048,1
Consis,BAUFI4,2025-06-20T18:00:00Z,0,1
Consis,BAUFI4,2025-06-20T18:30:00Z,0,1
Consis,BAUFI4,2025-06-20T19:00:00Z,0,1
Consis,BAUFI4,2025-06-20T19:30:00Z,0,1
Consis,BAUFI4,2025-06-20T20:00:00Z,0,1
Consis,BAUFI4,2025-06-20T20:30:00Z,0,1
Consis,BAUFI4,2025-06-20T21:00:00Z,0,1
Consis,BAUFI4,2025-06-20T21:30:00Z,0,1
Consis,BAUFI4,2025-06-20T22:00:00Z,0,1
Consis,BAUFI4,2025-06-20T22:30:00Z,0,1
Consis,BAUFI4,2025-06-20T23:00:00Z,0,1
Consis,BAUFI4,2025-06-20T23:30:00Z,0,1
Consis,BAUFI4,2025-06-21T00:00:00Z,0,1
Consis,BAUFI4,2025-06-21T00:30:00Z,0,1
Consis,BAUFI4,2025-06-21T01:00:00Z,0,1
Consis,BAUFI4,2025-06-21T01:30:00Z,0,1
Consis,BAUFI4,2025-06-21T02:00:00Z,0,1
Consis,BAUFI4,2025-06-21T02:30:00Z,0,1
Consis,BAUFI4,2025-06-21T03:00:00Z,0,1
Consis,BAUFI4,2025-06-21T03:30:00Z,0,1
Consis,BAUFI4,2025-06-21T04:00:00Z,0,1
Consis,BAUFI4,2025-06-21T04:30:00Z,0,1
Consis,BAUFI4,2025-06-21T05:00:00Z,0,1
Consis,BAUFI4,2025-06-21T05:30:00Z,0,1
Consis,BAUFI4,2025-06-21T06:00:00Z,0,1
Consis,BAUFI4,2025-06-21T06:30:00Z,2.073,1
Consis,BAUFI4,2025-06-21T07:00:00Z,4.274,1
Consis,BAUFI4,2025-06-21T07:30:00Z,3.686,1
Consis,BAUFI4,2025-06-21T08:00:00Z,4.827,1
Consis,BAUFI4,2025-06-21T08:30:00Z,0.901,1
Consis,BAUFI4,2025-06-21T09:00:00Z,0,1
Consis,BAUFI4,2025-06-21T09:30:00Z,0,1
Consis,BAUFI4,2025-06-21T10:00:00Z,0,1
Consis,BAUFI4,2025-06-21T10:30:00Z,0,1
Consis,BAUFI4,2025-06-21T11:00:00Z,0,1
Consis,BAUFI4,2025-06-21T11:30:00Z,0,1
Consis,BAUFI4,2025-06-21T12:00:00Z,0,1
Consis,BAUFI4,2025-06-21T12:30:00Z,0,1
Consis,BAUFI4,2025-06-21T13:00:00Z,1.43,1
Consis,BAUFI4,2025-06-21T13:30:00Z,14.476,1
Consis,BAUFI4,2025-06-21T14:00:00Z,22.32,1
Consis,BAUFI4,2025-06-21T14:30:00Z,14.958,1
Consis,BAUFI4,2025-06-21T15:00:00Z,14.268,1
Consis,BAUFI4,2025-06-21T15:30:00Z,13.006,1
Consis,BAUFI4,2025-06-21T16:00:00Z,10.91,1
Consis,BAUFI4,2025-06-21T16:30:00Z,3.755,1
Consis,BAUFI4,2025-06-21T17:00:00Z,1.022,1
Consis,BAUFI4,2025-06-21T17:30:00Z,0,1
Consis,BAUFI4,2025-06-21T18:00:00Z,0,1
Consis,BAUFI4,2025-06-21T18:30:00Z,0,1
Consis,BAUFI4,2025-06-21T19:00:00Z,0,1
Consis,BAUFI4,2025-06-21T19:30:00Z,0,1
Consis,BAUFI4,2025-06-21T20:00:00Z,0,1
Consis,BAUFI4,2025-06-21T20:30:00Z,0,1
Consis,BAUFI4,2025-06-21T21:00:00Z,0,1
Consis,BAUFI4,2025-06-21T21:30:00Z,0,1
Consis,BAUFI4,2025-06-21T22:00:00Z,0,1
Consis,BAUFI4,2025-06-21T22:30:00Z,0,1
Consis,BAUFI4,2025-06-21T23:00:00Z,0,1
Consis,BAUFI4,2025-06-21T23:30:00Z,0,1
Consis,BAUFI4,2025-06-22T00:00:00Z,0,1
Consis,BAUFI4,2025-06-22T00:30:00Z,0,1
Consis,BAUFI4,2025-06-22T01:00:00Z,0,1
Consis,BAUFI4,2025-06-22T01:30:00Z,0,1
Consis,BAUFI4,2025-06-22T02:00:00Z,0,1
Consis,BAUFI4,2025-06-22T02:30:00Z,0,1
Consis,BAUFI4,2025-06-22T03:00:00Z,0,1
Consis,BAUFI4,2025-06-22T03:30:00Z,0,1
Consis,BAUFI4,2025-06-22T04:00:00Z,0,1
Consis,BAUFI4,2025-06-22T04:30:00Z,0,1
Consis,BAUFI4,2025-06-22T05:00:00Z,0,1
Consis,BAUFI4,2025-06-22T05:30:00Z,0,1
Consis,BAUFI4,2025-06-22T06:00:00Z,0,1
Consis,BAUFI4,2025-06-22T06:30:00Z,1.277,1
Consis,BAUFI4,2025-06-22T07:00:00Z,7.58,1
Consis,BAUFI4,2025-06-22T07:30:00Z,8.861,1
Consis,BAUFI4,2025-06-22T08:00:00Z,8.651,1
Consis,BAUFI4,2025-06-22T08:30:00Z,8.331,1
Consis,BAUFI4,2025-06-22T09:00:00Z,8.018,1
Consis,BAUFI4,2025-06-22T09:30:00Z,7.932,1
Consis,BAUFI4,2025-06-22T10:00:00Z,6.099,1
Consis,BAUFI4,2025-06-22T10:30:00Z,5.394,1
Consis,BAUFI4,2025-06-22T11:00:00Z,5.333,1
Consis,BAUFI4,2025-06-22T11:30:00Z,6.085,1
Consis,BAUFI4,2025-06-22T12:00:00Z,7.002,1
Consis,BAUFI4,2025-06-22T12:30:00Z,8.297,1
Consis,BAUFI4,2025-06-22T13:00:00Z,7.311,1
Consis,BAUFI4,2025-06-22T13:30:00Z,9.854,1
Consis,BAUFI4,2025-06-22T14:00:00Z,12.679,1
Consis,BAUFI4,2025-06-22T14:30:00Z,14.175,1
Consis,BAUFI4,2025-06-22T15:00:00Z,12.453,1
Consis,BAUFI4,2025-06-22T15:30:00Z,12.654,1
Consis,BAUFI4,2025-06-22T16:00:00Z,4.515,1
Consis,BAUFI4,2025-06-22T16:30:00Z,1.638,1
Consis,BAUFI4,2025-06-22T17:00:00Z,0.534,1
Consis,BAUFI4,2025-06-22T17:30:00Z,0,1
Consis,BAUFI4,2025-06-22T18:00:00Z,0,1
Consis,BAUFI4,2025-06-22T18:30:00Z,0,1
Consis,BAUFI4,2025-06-22T19:00:00Z,0,1
Consis,BAUFI4,2025-06-22T19:30:00Z,0,1
Consis,BAUFI4,2025-06-22T20:00:00Z,0,1
Consis,BAUFI4,2025-06-22T20:30:00Z,0,1
Consis,BAUFI4,2025-06-22T21:00:00Z,0,1
Consis,BAUFI4,2025-06-22T21:30:00Z,0,1
Consis,BAUFI4,2025-06-22T22:00:00Z,0,1
Consis,BAUFI4,2025-06-22T22:30:00Z,0,1
Consis,BAUFI4,2025-06-22T23:00:00Z,0,1
Consis,BAUFI4,2025-06-22T23:30:00Z,0,1
Consis,BAUFI4,2025-06-23T00:00:00Z,0,1
Consis,BAUFI4,2025-06-23T00:30:00Z,0,1
Consis,BAUFI4,2025-06-23T01:00:00Z,0,1
Consis,BAUFI4,2025-06-23T01:30:00Z,0,1
Consis,BAUFI4,2025-06-23T02:00:00Z,0,1
Consis,BAUFI4,2025-06-23T02:30:00Z,0,1
Consis,BAUFI4,2025-06-23T03:00:00Z,0,1
Consis,BAUFI4,2025-06-23T03:30:00Z,0,1
Consis,BAUFI4,2025-06-23T04:00:00Z,0,1
Consis,BAUFI4,2025-06-23T04:30:00Z,0,1
Consis,BAUFI4,2025-06-23T05:00:00Z,0,1
Consis,BAUFI4,2025-06-23T05:30:00Z,0,1
Consis,BAUFI4,2025-06-23T06:00:00Z,0,1
Consis,BAUFI4,2025-06-23T06:30:00Z,1.908,1
Consis,BAUFI4,2025-06-23T07:00:00Z,2.67,1
Consis,BAUFI4,2025-06-23T07:30:00Z,0,1
Consis,BAUFI4,2025-06-23T08:00:00Z,0,1
Consis,BAUFI4,2025-06-23T08:30:00Z,0,1
Consis,BAUFI4,2025-06-23T09:00:00Z,0,1
Consis,BAUFI4,2025-06-23T09:30:00Z,0,1
Consis,BAUFI4,2025-06-23T10:00:00Z,0,1
Consis,BAUFI4,2025-06-23T10:30:00Z,0,1
Consis,BAUFI4,2025-06-23T11:00:00Z,0,1
Consis,BAUFI4,2025-06-23T11:30:00Z,0,1
Consis,BAUFI4,2025-06-23T12:00:00Z,0,1
Consis,BAUFI4,2025-06-23T12:30:00Z,0,1
Consis,BAUFI4,2025-06-23T13:00:00Z,1.984,1
Consis,BAUFI4,2025-06-23T13:30:00Z,22.158,1
Consis,BAUFI4,2025-06-23T14:00:00Z,23.365,1
Consis,BAUFI4,2025-06-23T14:30:00Z,23.013,1
Consis,BAUFI4,2025-06-23T15:00:00Z,22.391,1
Consis,BAUFI4,2025-06-23T15:30:00Z,21.026,1
Consis,BAUFI4,2025-06-23T16:00:00Z,15.44,1
Consis,BAUFI4,2025-06-23T16:30:00Z,9.484,1
Consis,BAUFI4,2025-06-23T17:00:00Z,2.236,1
Consis,BAUFI4,2025-06-23T17:30:00Z,0,1
Consis,BAUFI4,2025-06-23T18:00:00Z,0,1
Consis,BAUFI4,2025-06-23T18:30:00Z,0,1
Consis,BAUFI4,2025-06-23T19:00:00Z,0,1
Consis,BAUFI4,2025-06-23T19:30:00Z,0,1
Consis,BAUFI4,2025-06-23T20:00:00Z,0,1
Consis,BAUFI4,2025-06-23T20:30:00Z,0,1
Consis,BAUFI4,2025-06-23T21:00:00Z,0,1
Consis,BAUFI4,2025-06-23T21:30:00Z,0,1
Consis,BAUFI4,2025-06-23T22:00:00Z,0,1
Consis,BAUFI4,2025-06-23T22:30:00Z,0,1
Consis,BAUFI4,2025-06-23T23:00:00Z,0,1
Consis,BAUFI4,2025-06-23T23:30:00Z,0,1
Consis,BAUFI4,2025-06-24T00:00:00Z,0,1
Consis,BAUFI4,2025-06-24T00:30:00Z,0,1
Consis,BAUFI4,2025-06-24T01:00:00Z,0,1
Consis,BAUFI4,2025-06-24T01:30:00Z,0,1
Consis,BAUFI4,2025-06-24T02:00:00Z,0,1
Consis,BAUFI4,2025-06-24T02:30:00Z,0,1
Consis,BAUFI4,2025-06-24T03:00:00Z,0,1
Consis,BAUFI4,2025-06-24T03:30:00Z,0,1
Consis,BAUFI4,2025-06-24T04:00:00Z,0,1
Consis,BAUFI4,2025-06-24T04:30:00Z,0,1
Consis,BAUFI4,2025-06-24T05:00:00Z,0,1
Consis,BAUFI4,2025-06-24T05:30:00Z,0,1
Consis,BAUFI4,2025-06-24T06:00:00Z,0,1
Consis,BAUFI4,2025-06-24T06:30:00Z,1.875,1
Consis,BAUFI4,2025-06-24T07:00:00Z,7.005,1
Consis,BAUFI4,2025-06-24T07:30:00Z,16.635,1
Consis,BAUFI4,2025-06-24T08:00:00Z,19.571,1
Consis,BAUFI4,2025-06-24T08:30:00Z,20.528,1
Consis,BAUFI4,2025-06-24T09:00:00Z,21.996,1
Consis,BAUFI4,2025-06-24T09:30:00Z,21.859,1
Consis,BAUFI4,2025-06-24T10:00:00Z,20.317,1
Consis,BAUFI4,2025-06-24T10:30:00Z,21.803,1
Consis,BAUFI4,2025-06-24T11:00:00Z,23.583,1
Consis,BAUFI4,2025-06-24T11:30:00Z,23.298,1
Consis,BAUFI4,2025-06-24T12:00:00Z,23.105,1
Consis,BAUFI4,2025-06-24T12:30:00Z,21.8,1
Consis,BAUFI4,2025-06-24T13:00:00Z,22.829,1
Consis,BAUFI4,2025-06-24T13:30:00Z,23.587,1
Consis,BAUFI4,2025-06-24T14:00:00Z,22.965,1
Consis,BAUFI4,2025-06-24T14:30:00Z,21.951,1
Consis,BAUFI4,2025-06-24T15:00:00Z,21.892,1
Consis,BAUFI4,2025-06-24T15:30:00Z,18.447,1
Consis,BAUFI4,2025-06-24T16:00:00Z,14.639,1
Consis,BAUFI4,2025-06-24T16:30:00Z,9.01,1
Consis,BAUFI4,2025-06-24T17:00:00Z,2.466,1
Consis,BAUFI4,2025-06-24T17:30:00Z,0,1
Consis,BAUFI4,2025-06-24T18:00:00Z,0,1
Consis,BAUFI4,2025-06-24T18:30:00Z,0,1
Consis,BAUFI4,2025-06-24T19:00:00Z,0,1
Consis,BAUFI4,2025-06-24T19:30:00Z,0,1
Consis,BAUFI4,2025-06-24T20:00:00Z,0,1
Consis,BAUFI4,2025-06-24T20:30:00Z,0,1
Consis,BAUFI4,2025-06-24T21:00:00Z,0,1
Consis,BAUFI4,2025-06-24T21:30:00Z,0,1
Consis,BAUFI4,2025-06-24T22:00:00Z,0,1
Consis,BAUFI4,2025-06-24T22:30:00Z,0,1
Consis,BAUFI4,2025-06-24T23:00:00Z,0,1
Consis,BAUFI4,2025-06-24T23:30:00Z,0,1
Consis,BAUFI4,2025-06-25T00:00:00Z,0,1
Consis,BAUFI4,2025-06-25T00:30:00Z,0,1
Consis,BAUFI4,2025-06-25T01:00:00Z,0,1
Consis,BAUFI4,2025-06-25T01:30:00Z,0,1
Consis,BAUFI4,2025-06-25T02:00:00Z,0,1
Consis,BAUFI4,2025-06-25T02:30:00Z,0,1
Consis,BAUFI4,2025-06-25T03:00:00Z,0,1
Consis,BAUFI4,2025-06-25T03:30:00Z,0,1
Consis,BAUFI4,2025-06-25T04:00:00Z,0,1
Consis,BAUFI4,2025-06-25T04:30:00Z,0,1
Consis,BAUFI4,2025-06-25T05:00:00Z,0,1
Consis,BAUFI4,2025-06-25T05:30:00Z,0,1
Consis,BAUFI4,2025-06-25T06:00:00Z,0,1
Consis,BAUFI4,2025-06-25T06:30:00Z,1.842,1
Consis,BAUFI4,2025-06-25T07:00:00Z,7.92,1
Consis,BAUFI4,2025-06-25T07:30:00Z,0.911,1
Consis,BAUFI4,2025-06-25T08:00:00Z,0,1
Consis,BAUFI4,2025-06-25T08:30:00Z,0,1
Consis,BAUFI4,2025-06-25T09:00:00Z,0,1
Consis,BAUFI4,2025-06-25T09:30:00Z,0,1
Consis,BAUFI4,2025-06-25T10:00:00Z,0,1
Consis,BAUFI4,2025-06-25T10:30:00Z,0,1
Consis,BAUFI4,2025-06-25T11:00:00Z,0.03,1
Consis,BAUFI4,2025-06-25T11:30:00Z,0.021,1
Consis,BAUFI4,2025-06-25T12:00:00Z,0,1
Consis,BAUFI4,2025-06-25T12:30:00Z,0,1
Consis,BAUFI4,2025-06-25T13:00:00Z,1.809,1
Consis,BAUFI4,2025-06-25T13:30:00Z,2.659,1
Consis,BAUFI4,2025-06-25T14:00:00Z,6.028,1
Consis,BAUFI4,2025-06-25T14:30:00Z,8.271,1
Consis,BAUFI4,2025-06-25T15:00:00Z,8.271,1
Consis,BAUFI4,2025-06-25T15:30:00Z,10.323,1
Consis,BAUFI4,2025-06-25T16:00:00Z,15.588,1
Consis,BAUFI4,2025-06-25T16:30:00Z,9.523,1
Consis,BAUFI4,2025-06-25T17:00:00Z,2.643,1
Consis,BAUFI4,2025-06-25T17:30:00Z,0,1
Consis,BAUFI4,2025-06-25T18:00:00Z,0,1
Consis,BAUFI4,2025-06-25T18:30:00Z,0,1
Consis,BAUFI4,2025-06-25T19:00:00Z,0,1
Consis,BAUFI4,2025-06-25T19:30:00Z,0,1
Consis,BAUFI4,2025-06-25T20:00:00Z,0,1
Consis,BAUFI4,2025-06-25T20:30:00Z,0,1
Consis,BAUFI4,2025-06-25T21:00:00Z,0,1
Consis,BAUFI4,2025-06-25T21:30:00Z,0,1
Consis,BAUFI4,2025-06-25T22:00:00Z,0,1
Consis,BAUFI4,2025-06-25T22:30:00Z,0,1
Consis,BAUFI4,2025-06-25T23:00:00Z,0,1
Consis,BAUFI4,2025-06-25T23:30:00Z,0,1
Consis,BAUFI4,2025-06-26T00:00:00Z,0,1
Consis,BAUFI4,2025-06-26T00:30:00Z,0,1
Consis,BAUFI4,2025-06-26T01:00:00Z,0,1
Consis,BAUFI4,2025-06-26T01:30:00Z,0,1
Consis,BAUFI4,2025-06-26T02:00:00Z,0,1
Consis,BAUFI4,2025-06-26T02:30:00Z,0,1
Consis,BAUFI4,2025-06-26T03:00:00Z,0,1
Consis,BAUFI4,2025-06-26T03:30:00Z,0,1
Consis,BAUFI4,2025-06-26T04:00:00Z,0,1
Consis,BAUFI4,2025-06-26T04:30:00Z,0,1
Consis,BAUFI4,2025-06-26T05:00:00Z,0,1
Consis,BAUFI4,2025-06-26T05:30:00Z,0,1
Consis,BAUFI4,2025-06-26T06:00:00Z,0,1
Consis,BAUFI4,2025-06-26T06:30:00Z,0.359,1
Consis,BAUFI4,2025-06-26T07:00:00Z,0.375,1
Consis,BAUFI4,2025-06-26T07:30:00Z,0.621,1
Consis,BAUFI4,2025-06-26T08:00:00Z,0,1
Consis,BAUFI4,2025-06-26T08:30:00Z,0,1
Consis,BAUFI4,2025-06-26T09:00:00Z,0,1
Consis,BAUFI4,2025-06-26T09:30:00Z,0,1
Consis,BAUFI4,2025-06-26T10:00:00Z,0,1
Consis,BAUFI4,2025-06-26T10:30:00Z,0,1
Consis,BAUFI4,2025-06-26T11:00:00Z,0.683,1
Consis,BAUFI4,2025-06-26T11:30:00Z,2.573,1
Consis,BAUFI4,2025-06-26T12:00:00Z,3.128,1
Consis,BAUFI4,2025-06-26T12:30:00Z,3.977,1
Consis,BAUFI4,2025-06-26T13:00:00Z,3.734,1
Consis,BAUFI4,2025-06-26T13:30:00Z,3.426,1
Consis,BAUFI4,2025-06-26T14:00:00Z,3.534,1
Consis,BAUFI4,2025-06-26T14:30:00Z,3.528,1
Consis,BAUFI4,2025-06-26T15:00:00Z,4.169,1
Consis,BAUFI4,2025-06-26T15:30:00Z,4.845,1
Consis,BAUFI4,2025-06-26T16:00:00Z,3.237,1
Consis,BAUFI4,2025-06-26T16:30:00Z,1.656,1
Consis,BAUFI4,2025-06-26T17:00:00Z,0.513,1
Consis,BAUFI4,2025-06-26T17:30:00Z,0,1
Consis,BAUFI4,2025-06-26T18:00:00Z,0,1
Consis,BAUFI4,2025-06-26T18:30:00Z,0,1
Consis,BAUFI4,2025-06-26T19:00:00Z,0,1
Consis,BAUFI4,2025-06-26T19:30:00Z,0,1
Consis,BAUFI4,2025-06-26T20:00:00Z,0,1
Consis,BAUFI4,2025-06-26T20:30:00Z,0,1
Consis,BAUFI4,2025-06-26T21:00:00Z,0,1
Consis,BAUFI4,2025-06-26T21:30:00Z,0,1
Consis,BAUFI4,2025-06-26T22:00:00Z,0,1
Consis,BAUFI4,2025-06-26T22:30:00Z,0,1
Consis,BAUFI4,2025-06-26T23:00:00Z,0,1
Consis,BAUFI4,2025-06-26T23:30:00Z,0,1
Consis,BAUFI4,2025-06-27T00:00:00Z,0,1
Consis,BAUFI4,2025-06-27T00:30:00Z,0,1
Consis,BAUFI4,2025-06-27T01:00:00Z,0,1
Consis,BAUFI4,2025-06-27T01:30:00Z,0,1
Consis,BAUFI4,2025-06-27T02:00:00Z,0,1
Consis,BAUFI4,2025-06-27T02:30:00Z,0,1
Consis,BAUFI4,2025-06-27T03:00:00Z,0,1
Consis,BAUFI4,2025-06-27T03:30:00Z,0,1
Consis,BAUFI4,2025-06-27T04:00:00Z,0,1
Consis,BAUFI4,2025-06-27T04:30:00Z,0,1
Consis,BAUFI4,2025-06-27T05:00:00Z,0,1
Consis,BAUFI4,2025-06-27T05:30:00Z,0,1
Consis,BAUFI4,2025-06-27T06:00:00Z,0,1
Consis,BAUFI4,2025-06-27T06:30:00Z,1.746,1
Consis,BAUFI4,2025-06-27T07:00:00Z,8.686,1
Consis,BAUFI4,2025-06-27T07:30:00Z,16.586,1
Consis,BAUFI4,2025-06-27T08:00:00Z,21.623,1
Consis,BAUFI4,2025-06-27T08:30:00Z,22.336,1
Consis,BAUFI4,2025-06-27T09:00:00Z,23.949,1
Consis,BAUFI4,2025-06-27T09:30:00Z,23.303,1
Consis,BAUFI4,2025-06-27T10:00:00Z,23.369,1
Consis,BAUFI4,2025-06-27T10:30:00Z,23.082,1
Consis,BAUFI4,2025-06-27T11:00:00Z,21.288,1
Consis,BAUFI4,2025-06-27T11:30:00Z,23.099,1
Consis,BAUFI4,2025-06-27T12:00:00Z,22.527,1
Consis,BAUFI4,2025-06-27T12:30:00Z,21.818,1
Consis,BAUFI4,2025-06-27T13:00:00Z,23.597,1
Consis,BAUFI4,2025-06-27T13:30:00Z,23.629,1
Consis,BAUFI4,2025-06-27T14:00:00Z,21.005,1
Consis,BAUFI4,2025-06-27T14:30:00Z,21.677,1
Consis,BAUFI4,2025-06-27T15:00:00Z,22.376,1
Consis,BAUFI4,2025-06-27T15:30:00Z,18.836,1
Consis,BAUFI4,2025-06-27T16:00:00Z,17.342,1
Consis,BAUFI4,2025-06-27T16:30:00Z,9.77,1
Consis,BAUFI4,2025-06-27T17:00:00Z,2.58,1
Consis,BAUFI4,2025-06-27T17:30:00Z,0.081,1
Consis,BAUFI4,2025-06-27T18:00:00Z,0,1
Consis,BAUFI4,2025-06-27T18:30:00Z,0,1
Consis,BAUFI4,2025-06-27T19:00:00Z,0,1
Consis,BAUFI4,2025-06-27T19:30:00Z,0,1
Consis,BAUFI4,2025-06-27T20:00:00Z,0,1
Consis,BAUFI4,2025-06-27T20:30:00Z,0,1
Consis,BAUFI4,2025-06-27T21:00:00Z,0,1
Consis,BAUFI4,2025-06-27T21:30:00Z,0,1
Consis,BAUFI4,2025-06-27T22:00:00Z,0,1
Consis,BAUFI4,2025-06-27T22:30:00Z,0,1
Consis,BAUFI4,2025-06-27T23:00:00Z,0,1
Consis,BAUFI4,2025-06-27T23:30:00Z,0,1
Consis,BAUFI4,2025-06-28T00:00:00Z,0,1
Consis,BAUFI4,2025-06-28T00:30:00Z,0,1
Consis,BAUFI4,2025-06-28T01:00:00Z,0,1
Consis,BAUFI4,2025-06-28T01:30:00Z,0,1
Consis,BAUFI4,2025-06-28T02:00:00Z,0,1
Consis,BAUFI4,2025-06-28T02:30:00Z,0,1
Consis,BAUFI4,2025-06-28T03:00:00Z,0,1
Consis,BAUFI4,2025-06-28T03:30:00Z,0,1
Consis,BAUFI4,2025-06-28T04:00:00Z,0,1
Consis,BAUFI4,2025-06-28T04:30:00Z,0,1
Consis,BAUFI4,2025-06-28T05:00:00Z,0,1
Consis,BAUFI4,2025-06-28T05:30:00Z,0,1
Consis,BAUFI4,2025-06-28T06:00:00Z,0,1
Consis,BAUFI4,2025-06-28T06:30:00Z,1.411,1
Consis,BAUFI4,2025-06-28T07:00:00Z,1.978,1
Consis,BAUFI4,2025-06-28T07:30:00Z,0.15,1
Consis,BAUFI4,2025-06-28T08:00:00Z,0.347,1
Consis,BAUFI4,2025-06-28T08:30:00Z,1.207,1
Consis,BAUFI4,2025-06-28T09:00:00Z,1.236,1
Consis,BAUFI4,2025-06-28T09:30:00Z,1.402,1
Consis,BAUFI4,2025-06-28T10:00:00Z,4.141,1
Consis,BAUFI4,2025-06-28T10:30:00Z,5.726,1
Consis,BAUFI4,2025-06-28T11:00:00Z,5.716,1
Consis,BAUFI4,2025-06-28T11:30:00Z,5.702,1
Consis,BAUFI4,2025-06-28T12:00:00Z,5.701,1
Consis,BAUFI4,2025-06-28T12:30:00Z,5.7,1
Consis,BAUFI4,2025-06-28T13:00:00Z,5.609,1
Consis,BAUFI4,2025-06-28T13:30:00Z,5.737,1
Consis,BAUFI4,2025-06-28T14:00:00Z,5.373,1
Consis,BAUFI4,2025-06-28T14:30:00Z,4.271,1
Consis,BAUFI4,2025-06-28T15:00:00Z,5.175,1
Consis,BAUFI4,2025-06-28T15:30:00Z,9.162,1
Consis,BAUFI4,2025-06-28T16:00:00Z,13.5,1
Consis,BAUFI4,2025-06-28T16:30:00Z,9.748,1
Consis,BAUFI4,2025-06-28T17:00:00Z,2.627,1
Consis,BAUFI4,2025-06-28T17:30:00Z,0,1
Consis,BAUFI4,2025-06-28T18:00:00Z,0,1
Consis,BAUFI4,2025-06-28T18:30:00Z,0,1
Consis,BAUFI4,2025-06-28T19:00:00Z,0,1
Consis,BAUFI4,2025-06-28T19:30:00Z,0,1
Consis,BAUFI4,2025-06-28T20:00:00Z,0,1
Consis,BAUFI4,2025-06-28T20:30:00Z,0,1
Consis,BAUFI4,2025-06-28T21:00:00Z,0,1
Consis,BAUFI4,2025-06-28T21:30:00Z,0,1
Consis,BAUFI4,2025-06-28T22:00:00Z,0,1
Consis,BAUFI4,2025-06-28T22:30:00Z,0,1
Consis,BAUFI4,2025-06-28T23:00:00Z,0,1
Consis,BAUFI4,2025-06-28T23:30:00Z,0,1
Consis,BAUFI4,2025-06-29T00:00:00Z,0,1
Consis,BAUFI4,2025-06-29T00:30:00Z,0,1
Consis,BAUFI4,2025-06-29T01:00:00Z,0,1
Consis,BAUFI4,2025-06-29T01:30:00Z,0,1
Consis,BAUFI4,2025-06-29T02:00:00Z,0,1
Consis,BAUFI4,2025-06-29T02:30:00Z,0,1
Consis,BAUFI4,2025-06-29T03:00:00Z,0,1
Consis,BAUFI4,2025-06-29T03:30:00Z,0,1
Consis,BAUFI4,2025-06-29T04:00:00Z,0,1
Consis,BAUFI4,2025-06-29T04:30:00Z,0,1
Consis,BAUFI4,2025-06-29T05:00:00Z,0,1
Consis,BAUFI4,2025-06-29T05:30:00Z,0,1
Consis,BAUFI4,2025-06-29T06:00:00Z,0,1
Consis,BAUFI4,2025-06-29T06:30:00Z,1.332,1
Consis,BAUFI4,2025-06-29T07:00:00Z,3.172,1
Consis,BAUFI4,2025-06-29T07:30:00Z,5.094,1
Consis,BAUFI4,2025-06-29T08:00:00Z,6.922,1
Consis,BAUFI4,2025-06-29T08:30:00Z,7.773,1
Consis,BAUFI4,2025-06-29T09:00:00Z,7.802,1
Consis,BAUFI4,2025-06-29T09:30:00Z,8.05,1
Consis,BAUFI4,2025-06-29T10:00:00Z,8.06,1
Consis,BAUFI4,2025-06-29T10:30:00Z,8.19,1
Consis,BAUFI4,2025-06-29T11:00:00Z,8.427,1
Consis,BAUFI4,2025-06-29T11:30:00Z,8.81,1
Consis,BAUFI4,2025-06-29T12:00:00Z,8.443,1
Consis,BAUFI4,2025-06-29T12:30:00Z,9.345,1
Consis,BAUFI4,2025-06-29T13:00:00Z,10.11,1
Consis,BAUFI4,2025-06-29T13:30:00Z,11.366,1
Consis,BAUFI4,2025-06-29T14:00:00Z,11.761,1
Consis,BAUFI4,2025-06-29T14:30:00Z,14.165,1
Consis,BAUFI4,2025-06-29T15:00:00Z,12.764,1
Consis,BAUFI4,2025-06-29T15:30:00Z,10.401,1
Consis,BAUFI4,2025-06-29T16:00:00Z,3.594,1
Consis,BAUFI4,2025-06-29T16:30:00Z,8.701,1
Consis,BAUFI4,2025-06-29T17:00:00Z,2.666,1
Consis,BAUFI4,2025-06-29T17:30:00Z,0,1
Consis,BAUFI4,2025-06-29T18:00:00Z,0,1
Consis,BAUFI4,2025-06-29T18:30:00Z,0,1
Consis,BAUFI4,2025-06-29T19:00:00Z,0,1
Consis,BAUFI4,2025-06-29T19:30:00Z,0,1
Consis,BAUFI4,2025-06-29T20:00:00Z,0,1
Consis,BAUFI4,2025-06-29T20:30:00Z,0,1
Consis,BAUFI4,2025-06-29T21:00:00Z,0,1
Consis,BAUFI4,2025-06-29T21:30:00Z,0,1
Consis,BAUFI4,2025-06-29T22:00:00Z,0,1
Consis,BAUFI4,2025-06-29T22:30:00Z,0,1
Consis,BAUFI4,2025-06-29T23:00:00Z,0,1
Consis,BAUFI4,2025-06-29T23:30:00Z,0,1
Consis,BAUFI4,2025-06-30T00:00:00Z,0,1
Consis,BAUFI4,2025-06-30T00:30:00Z,0,1
Consis,BAUFI4,2025-06-30T01:00:00Z,0,1
Consis,BAUFI4,2025-06-30T01:30:00Z,0,1
Consis,BAUFI4,2025-06-30T02:00:00Z,0,1
Consis,BAUFI4,2025-06-30T02:30:00Z,0,1
Consis,BAUFI4,2025-06-30T03:00:00Z,0,1
Consis,BAUFI4,2025-06-30T03:30:00Z,0,1
Consis,BAUFI4,2025-06-30T04:00:00Z,0,1
Consis,BAUFI4,2025-06-30T04:30:00Z,0,1
Consis,BAUFI4,2025-06-30T05:00:00Z,0,1
Consis,BAUFI4,2025-06-30T05:30:00Z,0,1
Consis,BAUFI4,2025-06-30T06:00:00Z,0,1
Consis,BAUFI4,2025-06-30T06:30:00Z,1.143,1
Consis,BAUFI4,2025-06-30T07:00:00Z,6.956,1
Consis,BAUFI4,2025-06-30T07:30:00Z,14.704,1
Consis,BAUFI4,2025-06-30T08:00:00Z,19.78,1
Consis,BAUFI4,2025-06-30T08:30:00Z,19.908,1
Consis,BAUFI4,2025-06-30T09:00:00Z,24.549,1
Consis,BAUFI4,2025-06-30T09:30:00Z,24.776,1
Consis,BAUFI4,2025-06-30T10:00:00Z,24.624,1
Consis,BAUFI4,2025-06-30T10:30:00Z,24.485,1
Consis,BAUFI4,2025-06-30T11:00:00Z,24.364,1
Consis,BAUFI4,2025-06-30T11:30:00Z,24.262,1
Consis,BAUFI4,2025-06-30T12:00:00Z,24.337,1
Consis,BAUFI4,2025-06-30T12:30:00Z,24.386,1
Consis,BAUFI4,2025-06-30T13:00:00Z,24.21,1
Consis,BAUFI4,2025-06-30T13:30:00Z,24.049,1
Consis,BAUFI4,2025-06-30T14:00:00Z,23.806,1
Consis,BAUFI4,2025-06-30T14:30:00Z,23.619,1
Consis,BAUFI4,2025-06-30T15:00:00Z,23.006,1
Consis,BAUFI4,2025-06-30T15:30:00Z,21.63,1
Consis,BAUFI4,2025-06-30T16:00:00Z,17.428,1
Consis,BAUFI4,2025-06-30T16:30:00Z,10.014,1
Consis,BAUFI4,2025-06-30T17:00:00Z,2.894,1
Consis,BAUFI4,2025-06-30T17:30:00Z,0.187,1
Consis,BAUFI4,2025-06-30T18:00:00Z,0,1
Consis,BAUFI4,2025-06-30T18:30:00Z,0,1
Consis,BAUFI4,2025-06-30T19:00:00Z,0,1
Consis,BAUFI4,2025-06-30T19:30:00Z,0,1
Consis,BAUFI4,2025-06-30T20:00:00Z,0,1
Consis,BAUFI4,2025-06-30T20:30:00Z,0,1
Consis,BAUFI4,2025-06-30T21:00:00Z,0,1
Consis,BAUFI4,2025-06-30T21:30:00Z,0,1
Consis,BAUFI4,2025-06-30T22:00:00Z,0,1
Consis,BAUFI4,2025-06-30T22:30:00Z,0,1
Consis,BAUFI4,2025-06-30T23:00:00Z,0,1
Consis,BAUFI4,2025-06-30T23:30:00Z,0,1
Consis,BAUFI4,2025-07-01T00:00:00Z,0,1
Consis,BAUFI4,2025-07-01T00:30:00Z,0,1
Consis,BAUFI4,2025-07-01T01:00:00Z,0,1
Consis,BAUFI4,2025-07-01T01:30:00Z,0,1
Consis,BAUFI4,2025-07-01T02:00:00Z,0,1
Consis,BAUFI4,2025-07-01T02:30:00Z,0,1
Consis,BAUFI4,2025-07-01T03:00:00Z,0,1
Consis,BAUFI4,2025-07-01T03:30:00Z,0,1
Consis,BAUFI4,2025-07-01T04:00:00Z,0,1
Consis,BAUFI4,2025-07-01T04:30:00Z,0,1
Consis,BAUFI4,2025-07-01T05:00:00Z,0,1
Consis,BAUFI4,2025-07-01T05:30:00Z,0,1
Consis,BAUFI4,2025-07-01T06:00:00Z,0,1
Consis,BAUFI4,2025-07-01T06:30:00Z,1.441,1
Consis,BAUFI4,2025-07-01T07:00:00Z,8.435,1
Consis,BAUFI4,2025-07-01T07:30:00Z,16.808,1
Consis,BAUFI4,2025-07-01T08:00:00Z,17.341,1
Consis,BAUFI4,2025-07-01T08:30:00Z,21.911,1
Consis,BAUFI4,2025-07-01T09:00:00Z,19.104,1
Consis,BAUFI4,2025-07-01T09:30:00Z,22.872,1
Consis,BAUFI4,2025-07-01T10:00:00Z,23.058,1
Consis,BAUFI4,2025-07-01T10:30:00Z,23.4,1
Consis,BAUFI4,2025-07-01T11:00:00Z,23.208,1
Consis,BAUFI4,2025-07-01T11:30:00Z,23.212,1
Consis,BAUFI4,2025-07-01T12:00:00Z,23.513,1
Consis,BAUFI4,2025-07-01T12:30:00Z,23.366,1
Consis,BAUFI4,2025-07-01T13:00:00Z,23.437,1
Consis,BAUFI4,2025-07-01T13:30:00Z,23.383,1
Consis,BAUFI4,2025-07-01T14:00:00Z,13.076,1
Consis,BAUFI4,2025-07-01T14:30:00Z,18.415,1
Consis,BAUFI4,2025-07-01T15:00:00Z,9.77,1
Consis,BAUFI4,2025-07-01T15:30:00Z,6.758,1
Consis,BAUFI4,2025-07-01T16:00:00Z,4.005,1
Consis,BAUFI4,2025-07-01T16:30:00Z,1.956,1
Consis,BAUFI4,2025-07-01T17:00:00Z,1.171,1
Consis,BAUFI4,2025-07-01T17:30:00Z,0,1
Consis,BAUFI4,2025-07-01T18:00:00Z,0,1
Consis,BAUFI4,2025-07-01T18:30:00Z,0,1
Consis,BAUFI4,2025-07-01T19:00:00Z,0,1
Consis,BAUFI4,2025-07-01T19:30:00Z,0,1
Consis,BAUFI4,2025-07-01T20:00:00Z,0,1
Consis,BAUFI4,2025-07-01T20:30:00Z,0,1
Consis,BAUFI4,2025-07-01T21:00:00Z,0,1
Consis,BAUFI4,2025-07-01T21:30:00Z,0,1
Consis,BAUFI4,2025-07-01T22:00:00Z,0,1
Consis,BAUFI4,2025-07-01T22:30:00Z,0,1
Consis,BAUFI4,2025-07-01T23:00:00Z,0,1
Consis,BAUFI4,2025-07-01T23:30:00Z,0,1
Consis,BAUFI4,2025-07-02T00:00:00Z,0,1
Consis,BAUFI4,2025-07-02T00:30:00Z,0,1
Consis,BAUFI4,2025-07-02T01:00:00Z,0,1
Consis,BAUFI4,2025-07-02T01:30:00Z,0,1
Consis,BAUFI4,2025-07-02T02:00:00Z,0,1
Consis,BAUFI4,2025-07-02T02:30:00Z,0,1
Consis,BAUFI4,2025-07-02T03:00:00Z,0,1
Consis,BAUFI4,2025-07-02T03:30:00Z,0,1
Consis,BAUFI4,2025-07-02T04:00:00Z,0,1
Consis,BAUFI4,2025-07-02T04:30:00Z,0,1
Consis,BAUFI4,2025-07-02T05:00:00Z,0,1
Consis,BAUFI4,2025-07-02T05:30:00Z,0,1
Consis,BAUFI4,2025-07-02T06:00:00Z,0,1
Consis,BAUFI4,2025-07-02T06:30:00Z,1.68865,1
Consis,BAUFI4,2025-07-02T07:00:00Z,8.56818,1
Consis,BAUFI4,2025-07-02T07:30:00Z,3.92265,1
Consis,BAUFI4,2025-07-02T08:00:00Z,0,1
Consis,BAUFI4,2025-07-02T08:30:00Z,0,1
Consis,BAUFI4,2025-07-02T09:00:00Z,0,1
Consis,BAUFI4,2025-07-02T09:30:00Z,0,1
Consis,BAUFI4,2025-07-02T10:00:00Z,0.5476106,1
Consis,BAUFI4,2025-07-02T10:30:00Z,0,1
Consis,BAUFI4,2025-07-02T11:00:00Z,0,1
Consis,BAUFI4,2025-07-02T11:30:00Z,0,1
Consis,BAUFI4,2025-07-02T12:00:00Z,0,1
Consis,BAUFI4,2025-07-02T12:30:00Z,0,1
Consis,BAUFI4,2025-07-02T13:00:00Z,1.524467,1
Consis,BAUFI4,2025-07-02T13:30:00Z,4.813045,1
Consis,BAUFI4,2025-07-02T14:00:00Z,18.64245,1
Consis,BAUFI4,2025-07-02T14:30:00Z,23.20524,1
Consis,BAUFI4,2025-07-02T15:00:00Z,22.69593,1
Consis,BAUFI4,2025-07-02T15:30:00Z,21.46807,1
Consis,BAUFI4,2025-07-02T16:00:00Z,17.28331,1
Consis,BAUFI4,2025-07-02T16:30:00Z,9.900552,1
Consis,BAUFI4,2025-07-02T17:00:00Z,2.810318,1
Consis,BAUFI4,2025-07-02T17:30:00Z,0.01856878,1
Consis,BAUFI4,2025-07-02T18:00:00Z,0,1
Consis,BAUFI4,2025-07-02T18:30:00Z,0,1
Consis,BAUFI4,2025-07-02T19:00:00Z,0,1
Consis,BAUFI4,2025-07-02T19:30:00Z,0,1
Consis,BAUFI4,2025-07-02T20:00:00Z,0,1
Consis,BAUFI4,2025-07-02T20:30:00Z,0,1
Consis,BAUFI4,2025-07-02T21:00:00Z,0,1
Consis,BAUFI4,2025-07-02T21:30:00Z,0,1
Consis,BAUFI4,2025-07-02T22:00:00Z,0,1
Consis,BAUFI4,2025-07-02T22:30:00Z,0,1
Consis,BAUFI4,2025-07-02T23:00:00Z,0,1
Consis,BAUFI4,2025-07-02T23:30:00Z,0,1
Consis,BAUFI5,2025-05-19T00:00:00Z,0,1
Consis,BAUFI5,2025-05-19T00:30:00Z,0,1
Consis,BAUFI5,2025-05-19T01:00:00Z,0,1
Consis,BAUFI5,2025-05-19T01:30:00Z,0,1
Consis,BAUFI5,2025-05-19T02:00:00Z,0,1
Consis,BAUFI5,2025-05-19T02:30:00Z,0,1
Consis,BAUFI5,2025-05-19T03:00:00Z,0,1
Consis,BAUFI5,2025-05-19T03:30:00Z,0,1
Consis,BAUFI5,2025-05-19T04:00:00Z,0,1
Consis,BAUFI5,2025-05-19T04:30:00Z,0,1
Consis,BAUFI5,2025-05-19T05:00:00Z,0,1
Consis,BAUFI5,2025-05-19T05:30:00Z,0,1
Consis,BAUFI5,2025-05-19T06:00:00Z,0.295,1
Consis,BAUFI5,2025-05-19T06:30:00Z,3.8606,1
Consis,BAUFI5,2025-05-19T07:00:00Z,9.6052,1
Consis,BAUFI5,2025-05-19T07:30:00Z,16.1652,1
Consis,BAUFI5,2025-05-19T08:00:00Z,18.696,1
Consis,BAUFI5,2025-05-19T08:30:00Z,20.5233,1
Consis,BAUFI5,2025-05-19T09:00:00Z,22.3056,1
Consis,BAUFI5,2025-05-19T09:30:00Z,22.2542,1
Consis,BAUFI5,2025-05-19T10:00:00Z,22.8231,1
Consis,BAUFI5,2025-05-19T10:30:00Z,24.1563,1
Consis,BAUFI5,2025-05-19T11:00:00Z,23.7681,1
Consis,BAUFI5,2025-05-19T11:30:00Z,23.1184,1
Consis,BAUFI5,2025-05-19T12:00:00Z,23.9391,1
Consis,BAUFI5,2025-05-19T12:30:00Z,23.9138,1
Consis,BAUFI5,2025-05-19T13:00:00Z,23.5619,1
Consis,BAUFI5,2025-05-19T13:30:00Z,23.9835,1
Consis,BAUFI5,2025-05-19T14:00:00Z,23.9606,1
Consis,BAUFI5,2025-05-19T14:30:00Z,24.6437,1
Consis,BAUFI5,2025-05-19T15:00:00Z,24.311,1
Consis,BAUFI5,2025-05-19T15:30:00Z,22.08,1
Consis,BAUFI5,2025-05-19T16:00:00Z,17.253,1
Consis,BAUFI5,2025-05-19T16:30:00Z,9.39,1
Consis,BAUFI5,2025-05-19T17:00:00Z,2.539,1
Consis,BAUFI5,2025-05-19T17:30:00Z,0.072,1
Consis,BAUFI5,2025-05-19T18:00:00Z,0,1
Consis,BAUFI5,2025-05-19T18:30:00Z,0,1
Consis,BAUFI5,2025-05-19T19:00:00Z,0,1
Consis,BAUFI5,2025-05-19T19:30:00Z,0,1
Consis,BAUFI5,2025-05-19T20:00:00Z,0,1
Consis,BAUFI5,2025-05-19T20:30:00Z,0,1
Consis,BAUFI5,2025-05-19T21:00:00Z,0,1
Consis,BAUFI5,2025-05-19T21:30:00Z,0,1
Consis,BAUFI5,2025-05-19T22:00:00Z,0,1
Consis,BAUFI5,2025-05-19T22:30:00Z,0,1
Consis,BAUFI5,2025-05-19T23:00:00Z,0,1
Consis,BAUFI5,2025-05-19T23:30:00Z,0,1
Consis,BAUFI5,2025-05-20T00:00:00Z,0,1
Consis,BAUFI5,2025-05-20T00:30:00Z,0,1
Consis,BAUFI5,2025-05-20T01:00:00Z,0,1
Consis,BAUFI5,2025-05-20T01:30:00Z,0,1
Consis,BAUFI5,2025-05-20T02:00:00Z,0,1
Consis,BAUFI5,2025-05-20T02:30:00Z,0,1
Consis,BAUFI5,2025-05-20T03:00:00Z,0,1
Consis,BAUFI5,2025-05-20T03:30:00Z,0,1
Consis,BAUFI5,2025-05-20T04:00:00Z,0,1
Consis,BAUFI5,2025-05-20T04:30:00Z,0,1
Consis,BAUFI5,2025-05-20T05:00:00Z,0,1
Consis,BAUFI5,2025-05-20T05:30:00Z,0,1
Consis,BAUFI5,2025-05-20T06:00:00Z,0.225,1
Consis,BAUFI5,2025-05-20T06:30:00Z,1.735,1
Consis,BAUFI5,2025-05-20T07:00:00Z,5.27,1
Consis,BAUFI5,2025-05-20T07:30:00Z,8.669,1
Consis,BAUFI5,2025-05-20T08:00:00Z,11.147,1
Consis,BAUFI5,2025-05-20T08:30:00Z,19.793,1
Consis,BAUFI5,2025-05-20T09:00:00Z,22.273,1
Consis,BAUFI5,2025-05-20T09:30:00Z,22.4444,1
Consis,BAUFI5,2025-05-20T10:00:00Z,23.1161,1
Consis,BAUFI5,2025-05-20T10:30:00Z,24.4019,1
Consis,BAUFI5,2025-05-20T11:00:00Z,24.0026,1
Consis,BAUFI5,2025-05-20T11:30:00Z,23.2543,1
Consis,BAUFI5,2025-05-20T12:00:00Z,23.8377,1
Consis,BAUFI5,2025-05-20T12:30:00Z,23.9371,1
Consis,BAUFI5,2025-05-20T13:00:00Z,23.5457,1
Consis,BAUFI5,2025-05-20T13:30:00Z,23.8948,1
Consis,BAUFI5,2025-05-20T14:00:00Z,23.829,1
Consis,BAUFI5,2025-05-20T14:30:00Z,22.591,1
Consis,BAUFI5,2025-05-20T15:00:00Z,23.812,1
Consis,BAUFI5,2025-05-20T15:30:00Z,16.404,1
Consis,BAUFI5,2025-05-20T16:00:00Z,7.855,1
Consis,BAUFI5,2025-05-20T16:30:00Z,5.691,1
Consis,BAUFI5,2025-05-20T17:00:00Z,2.23,1
Consis,BAUFI5,2025-05-20T17:30:00Z,0.037,1
Consis,BAUFI5,2025-05-20T18:00:00Z,0,1
Consis,BAUFI5,2025-05-20T18:30:00Z,0,1
Consis,BAUFI5,2025-05-20T19:00:00Z,0,1
Consis,BAUFI5,2025-05-20T19:30:00Z,0,1
Consis,BAUFI5,2025-05-20T20:00:00Z,0,1
Consis,BAUFI5,2025-05-20T20:30:00Z,0,1
Consis,BAUFI5,2025-05-20T21:00:00Z,0,1
Consis,BAUFI5,2025-05-20T21:30:00Z,0,1
Consis,BAUFI5,2025-05-20T22:00:00Z,0,1
Consis,BAUFI5,2025-05-20T22:30:00Z,0,1
Consis,BAUFI5,2025-05-20T23:00:00Z,0,1
Consis,BAUFI5,2025-05-20T23:30:00Z,0,1
Consis,BAUFI5,2025-05-21T00:00:00Z,0,1
Consis,BAUFI5,2025-05-21T00:30:00Z,0,1
Consis,BAUFI5,2025-05-21T01:00:00Z,0,1
Consis,BAUFI5,2025-05-21T01:30:00Z,0,1
Consis,BAUFI5,2025-05-21T02:00:00Z,0,1
Consis,BAUFI5,2025-05-21T02:30:00Z,0,1
Consis,BAUFI5,2025-05-21T03:00:00Z,0,1
Consis,BAUFI5,2025-05-21T03:30:00Z,0,1
Consis,BAUFI5,2025-05-21T04:00:00Z,0,1
Consis,BAUFI5,2025-05-21T04:30:00Z,0,1
Consis,BAUFI5,2025-05-21T05:00:00Z,0,1
Consis,BAUFI5,2025-05-21T05:30:00Z,0.001,1
Consis,BAUFI5,2025-05-21T06:00:00Z,0.4,1
Consis,BAUFI5,2025-05-21T06:30:00Z,3.902,1
Consis,BAUFI5,2025-05-21T07:00:00Z,11.079,1
Consis,BAUFI5,2025-05-21T07:30:00Z,17.18,1
Consis,BAUFI5,2025-05-21T08:00:00Z,21.314,1
Consis,BAUFI5,2025-05-21T08:30:00Z,22.266,1
Consis,BAUFI5,2025-05-21T09:00:00Z,23.307,1
Consis,BAUFI5,2025-05-21T09:30:00Z,,1
Consis,BAUFI5,2025-05-21T10:00:00Z,,1
Consis,BAUFI5,2025-05-21T10:30:00Z,,1
Consis,BAUFI5,2025-05-21T11:00:00Z,,1
Consis,BAUFI5,2025-05-21T11:30:00Z,,1
Consis,BAUFI5,2025-05-21T12:00:00Z,,1
Consis,BAUFI5,2025-05-21T12:30:00Z,,1
Consis,BAUFI5,2025-05-21T13:00:00Z,,1
Consis,BAUFI5,2025-05-21T13:30:00Z,,1
Consis,BAUFI5,2025-05-21T14:00:00Z,23.215,1
Consis,BAUFI5,2025-05-21T14:30:00Z,23.815,1
Consis,BAUFI5,2025-05-21T15:00:00Z,22.192,1
Consis,BAUFI5,2025-05-21T15:30:00Z,20.988,1
Consis,BAUFI5,2025-05-21T16:00:00Z,14.524,1
Consis,BAUFI5,2025-05-21T16:30:00Z,6.007,1
Consis,BAUFI5,2025-05-21T17:00:00Z,1.986,1
Consis,BAUFI5,2025-05-21T17:30:00Z,0.03,1
Consis,BAUFI5,2025-05-21T18:00:00Z,0,1
Consis,BAUFI5,2025-05-21T18:30:00Z,0,1
Consis,BAUFI5,2025-05-21T19:00:00Z,0,1
Consis,BAUFI5,2025-05-21T19:30:00Z,0,1
Consis,BAUFI5,2025-05-21T20:00:00Z,0,1
Consis,BAUFI5,2025-05-21T20:30:00Z,0,1
Consis,BAUFI5,2025-05-21T21:00:00Z,0,1
Consis,BAUFI5,2025-05-21T21:30:00Z,0,1
Consis,BAUFI5,2025-05-21T22:00:00Z,0,1
Consis,BAUFI5,2025-05-21T22:30:00Z,0,1
Consis,BAUFI5,2025-05-21T23:00:00Z,0,1
Consis,BAUFI5,2025-05-21T23:30:00Z,0,1
Consis,BAUFI5,2025-05-22T00:00:00Z,0,1
Consis,BAUFI5,2025-05-22T00:30:00Z,0,1
Consis,BAUFI5,2025-05-22T01:00:00Z,0,1
Consis,BAUFI5,2025-05-22T01:30:00Z,0,1
Consis,BAUFI5,2025-05-22T02:00:00Z,0,1
Consis,BAUFI5,2025-05-22T02:30:00Z,0,1
Consis,BAUFI5,2025-05-22T03:00:00Z,0,1
Consis,BAUFI5,2025-05-22T03:30:00Z,0,1
Consis,BAUFI5,2025-05-22T04:00:00Z,0,1
Consis,BAUFI5,2025-05-22T04:30:00Z,0,1
Consis,BAUFI5,2025-05-22T05:00:00Z,0,1
Consis,BAUFI5,2025-05-22T05:30:00Z,0,1
Consis,BAUFI5,2025-05-22T06:00:00Z,0.31,1
Consis,BAUFI5,2025-05-22T06:30:00Z,3.726,1
Consis,BAUFI5,2025-05-22T07:00:00Z,8.477,1
Consis,BAUFI5,2025-05-22T07:30:00Z,,1
Consis,BAUFI5,2025-05-22T08:00:00Z,,1
Consis,BAUFI5,2025-05-22T08:30:00Z,,1
Consis,BAUFI5,2025-05-22T09:00:00Z,,1
Consis,BAUFI5,2025-05-22T09:30:00Z,,1
Consis,BAUFI5,2025-05-22T10:00:00Z,,1
Consis,BAUFI5,2025-05-22T10:30:00Z,,1
Consis,BAUFI5,2025-05-22T11:00:00Z,,1
Consis,BAUFI5,2025-05-22T11:30:00Z,24.321,1
Consis,BAUFI5,2025-05-22T12:00:00Z,23.531,1
Consis,BAUFI5,2025-05-22T12:30:00Z,24.008,1
Consis,BAUFI5,2025-05-22T13:00:00Z,24.39,1
Consis,BAUFI5,2025-05-22T13:30:00Z,23.097,1
Consis,BAUFI5,2025-05-22T14:00:00Z,23.361,1
Consis,BAUFI5,2025-05-22T14:30:00Z,23.165,1
Consis,BAUFI5,2025-05-22T15:00:00Z,22.157,1
Consis,BAUFI5,2025-05-22T15:30:00Z,21.051,1
Consis,BAUFI5,2025-05-22T16:00:00Z,16.66,1
Consis,BAUFI5,2025-05-22T16:30:00Z,8.767,1
Consis,BAUFI5,2025-05-22T17:00:00Z,2.043,1
Consis,BAUFI5,2025-05-22T17:30:00Z,0.042,1
Consis,BAUFI5,2025-05-22T18:00:00Z,0,1
Consis,BAUFI5,2025-05-22T18:30:00Z,0,1
Consis,BAUFI5,2025-05-22T19:00:00Z,0,1
Consis,BAUFI5,2025-05-22T19:30:00Z,0,1
Consis,BAUFI5,2025-05-22T20:00:00Z,0,1
Consis,BAUFI5,2025-05-22T20:30:00Z,0,1
Consis,BAUFI5,2025-05-22T21:00:00Z,0,1
Consis,BAUFI5,2025-05-22T21:30:00Z,0,1
Consis,BAUFI5,2025-05-22T22:00:00Z,0,1
Consis,BAUFI5,2025-05-22T22:30:00Z,0,1
Consis,BAUFI5,2025-05-22T23:00:00Z,0,1
Consis,BAUFI5,2025-05-22T23:30:00Z,0,1
Consis,BAUFI5,2025-05-23T00:00:00Z,0,1
Consis,BAUFI5,2025-05-23T00:30:00Z,0,1
Consis,BAUFI5,2025-05-23T01:00:00Z,0,1
Consis,BAUFI5,2025-05-23T01:30:00Z,0,1
Consis,BAUFI5,2025-05-23T02:00:00Z,0,1
Consis,BAUFI5,2025-05-23T02:30:00Z,0,1
Consis,BAUFI5,2025-05-23T03:00:00Z,0,1
Consis,BAUFI5,2025-05-23T03:30:00Z,0,1
Consis,BAUFI5,2025-05-23T04:00:00Z,0,1
Consis,BAUFI5,2025-05-23T04:30:00Z,0,1
Consis,BAUFI5,2025-05-23T05:00:00Z,0,1
Consis,BAUFI5,2025-05-23T05:30:00Z,0,1
Consis,BAUFI5,2025-05-23T06:00:00Z,0.269,1
Consis,BAUFI5,2025-05-23T06:30:00Z,3.7295,1
Consis,BAUFI5,2025-05-23T07:00:00Z,9.5005,1
Consis,BAUFI5,2025-05-23T07:30:00Z,18.2514,1
Consis,BAUFI5,2025-05-23T08:00:00Z,20.2484,1
Consis,BAUFI5,2025-05-23T08:30:00Z,21.2185,1
Consis,BAUFI5,2025-05-23T09:00:00Z,22.5027,1
Consis,BAUFI5,2025-05-23T09:30:00Z,23.0603,1
Consis,BAUFI5,2025-05-23T10:00:00Z,23.6287,1
Consis,BAUFI5,2025-05-23T10:30:00Z,24.2678,1
Consis,BAUFI5,2025-05-23T11:00:00Z,23.3525,1
Consis,BAUFI5,2025-05-23T11:30:00Z,22.6929,1
Consis,BAUFI5,2025-05-23T12:00:00Z,22.5523,1
Consis,BAUFI5,2025-05-23T12:30:00Z,22.8394,1
Consis,BAUFI5,2025-05-23T13:00:00Z,22.0754,1
Consis,BAUFI5,2025-05-23T13:30:00Z,24.247,1
Consis,BAUFI5,2025-05-23T14:00:00Z,24.113,1
Consis,BAUFI5,2025-05-23T14:30:00Z,20.165,1
Consis,BAUFI5,2025-05-23T15:00:00Z,8.863,1
Consis,BAUFI5,2025-05-23T15:30:00Z,7.19,1
Consis,BAUFI5,2025-05-23T16:00:00Z,7.518,1
Consis,BAUFI5,2025-05-23T16:30:00Z,10.124,1
Consis,BAUFI5,2025-05-23T17:00:00Z,1.726,1
Consis,BAUFI5,2025-05-23T17:30:00Z,0.018,1
Consis,BAUFI5,2025-05-23T18:00:00Z,0.001,1
Consis,BAUFI5,2025-05-23T18:30:00Z,0.001,1
Consis,BAUFI5,2025-05-23T19:00:00Z,0,1
Consis,BAUFI5,2025-05-23T19:30:00Z,0,1
Consis,BAUFI5,2025-05-23T20:00:00Z,0,1
Consis,BAUFI5,2025-05-23T20:30:00Z,0,1
Consis,BAUFI5,2025-05-23T21:00:00Z,0,1
Consis,BAUFI5,2025-05-23T21:30:00Z,0,1
Consis,BAUFI5,2025-05-23T22:00:00Z,0,1
Consis,BAUFI5,2025-05-23T22:30:00Z,0,1
Consis,BAUFI5,2025-05-23T23:00:00Z,0,1
Consis,BAUFI5,2025-05-23T23:30:00Z,0,1
Consis,BAUFI5,2025-05-24T00:00:00Z,0,1
Consis,BAUFI5,2025-05-24T00:30:00Z,0,1
Consis,BAUFI5,2025-05-24T01:00:00Z,0,1
Consis,BAUFI5,2025-05-24T01:30:00Z,0,1
Consis,BAUFI5,2025-05-24T02:00:00Z,0,1
Consis,BAUFI5,2025-05-24T02:30:00Z,0,1
Consis,BAUFI5,2025-05-24T03:00:00Z,0,1
Consis,BAUFI5,2025-05-24T03:30:00Z,0,1
Consis,BAUFI5,2025-05-24T04:00:00Z,0,1
Consis,BAUFI5,2025-05-24T04:30:00Z,0,1
Consis,BAUFI5,2025-05-24T05:00:00Z,0,1
Consis,BAUFI5,2025-05-24T05:30:00Z,0,1
Consis,BAUFI5,2025-05-24T06:00:00Z,0.263,1
Consis,BAUFI5,2025-05-24T06:30:00Z,3.579,1
Consis,BAUFI5,2025-05-24T07:00:00Z,8.6301,1
Consis,BAUFI5,2025-05-24T07:30:00Z,16.0889,1
Consis,BAUFI5,2025-05-24T08:00:00Z,17.8698,1
Consis,BAUFI5,2025-05-24T08:30:00Z,19.7535,1
Consis,BAUFI5,2025-05-24T09:00:00Z,21.4299,1
Consis,BAUFI5,2025-05-24T09:30:00Z,22.4826,1
Consis,BAUFI5,2025-05-24T10:00:00Z,22.625,1
Consis,BAUFI5,2025-05-24T10:30:00Z,23.1963,1
Consis,BAUFI5,2025-05-24T11:00:00Z,22.6196,1
Consis,BAUFI5,2025-05-24T11:30:00Z,22.1549,1
Consis,BAUFI5,2025-05-24T12:00:00Z,22.0902,1
Consis,BAUFI5,2025-05-24T12:30:00Z,22.4484,1
Consis,BAUFI5,2025-05-24T13:00:00Z,21.5725,1
Consis,BAUFI5,2025-05-24T13:30:00Z,22.0039,1
Consis,BAUFI5,2025-05-24T14:00:00Z,21.716,1
Consis,BAUFI5,2025-05-24T14:30:00Z,21.6908,1
Consis,BAUFI5,2025-05-24T15:00:00Z,19.6379,1
Consis,BAUFI5,2025-05-24T15:30:00Z,17.7858,1
Consis,BAUFI5,2025-05-24T16:00:00Z,16.515,1
Consis,BAUFI5,2025-05-24T16:30:00Z,4.212,1
Consis,BAUFI5,2025-05-24T17:00:00Z,2.193,1
Consis,BAUFI5,2025-05-24T17:30:00Z,0.05,1
Consis,BAUFI5,2025-05-24T18:00:00Z,0,1
Consis,BAUFI5,2025-05-24T18:30:00Z,0,1
Consis,BAUFI5,2025-05-24T19:00:00Z,0,1
Consis,BAUFI5,2025-05-24T19:30:00Z,0,1
Consis,BAUFI5,2025-05-24T20:00:00Z,0,1
Consis,BAUFI5,2025-05-24T20:30:00Z,0,1
Consis,BAUFI5,2025-05-24T21:00:00Z,0,1
Consis,BAUFI5,2025-05-24T21:30:00Z,0,1
Consis,BAUFI5,2025-05-24T22:00:00Z,0,1
Consis,BAUFI5,2025-05-24T22:30:00Z,0,1
Consis,BAUFI5,2025-05-24T23:00:00Z,0,1
Consis,BAUFI5,2025-05-24T23:30:00Z,0,1
Consis,BAUFI5,2025-05-25T00:00:00Z,0,1
Consis,BAUFI5,2025-05-25T00:30:00Z,0,1
Consis,BAUFI5,2025-05-25T01:00:00Z,0,1
Consis,BAUFI5,2025-05-25T01:30:00Z,0,1
Consis,BAUFI5,2025-05-25T02:00:00Z,0,1
Consis,BAUFI5,2025-05-25T02:30:00Z,0,1
Consis,BAUFI5,2025-05-25T03:00:00Z,0,1
Consis,BAUFI5,2025-05-25T03:30:00Z,0,1
Consis,BAUFI5,2025-05-25T04:00:00Z,0,1
Consis,BAUFI5,2025-05-25T04:30:00Z,0,1
Consis,BAUFI5,2025-05-25T05:00:00Z,0,1
Consis,BAUFI5,2025-05-25T05:30:00Z,0,1
Consis,BAUFI5,2025-05-25T06:00:00Z,0.189,1
Consis,BAUFI5,2025-05-25T06:30:00Z,2.122,1
Consis,BAUFI5,2025-05-25T07:00:00Z,8.7785,1
Consis,BAUFI5,2025-05-25T07:30:00Z,16.6047,1
Consis,BAUFI5,2025-05-25T08:00:00Z,18.3586,1
Consis,BAUFI5,2025-05-25T08:30:00Z,20.1216,1
Consis,BAUFI5,2025-05-25T09:00:00Z,21.7139,1
Consis,BAUFI5,2025-05-25T09:30:00Z,22.3357,1
Consis,BAUFI5,2025-05-25T10:00:00Z,22.7157,1
Consis,BAUFI5,2025-05-25T10:30:00Z,23.8051,1
Consis,BAUFI5,2025-05-25T11:00:00Z,23.4392,1
Consis,BAUFI5,2025-05-25T11:30:00Z,22.9548,1
Consis,BAUFI5,2025-05-25T12:00:00Z,23.3841,1
Consis,BAUFI5,2025-05-25T12:30:00Z,23.6781,1
Consis,BAUFI5,2025-05-25T13:00:00Z,23.1222,1
Consis,BAUFI5,2025-05-25T13:30:00Z,23.6418,1
Consis,BAUFI5,2025-05-25T14:00:00Z,23.5957,1
Consis,BAUFI5,2025-05-25T14:30:00Z,23.7382,1
Consis,BAUFI5,2025-05-25T15:00:00Z,20.4627,1
Consis,BAUFI5,2025-05-25T15:30:00Z,21.662,1
Consis,BAUFI5,2025-05-25T16:00:00Z,16.459,1
Consis,BAUFI5,2025-05-25T16:30:00Z,5.532,1
Consis,BAUFI5,2025-05-25T17:00:00Z,1.923,1
Consis,BAUFI5,2025-05-25T17:30:00Z,0.044,1
Consis,BAUFI5,2025-05-25T18:00:00Z,0.001,1
Consis,BAUFI5,2025-05-25T18:30:00Z,0.001,1
Consis,BAUFI5,2025-05-25T19:00:00Z,0.001,1
Consis,BAUFI5,2025-05-25T19:30:00Z,0,1
Consis,BAUFI5,2025-05-25T20:00:00Z,0,1
Consis,BAUFI5,2025-05-25T20:30:00Z,0,1
Consis,BAUFI5,2025-05-25T21:00:00Z,0,1
Consis,BAUFI5,2025-05-25T21:30:00Z,0,1
Consis,BAUFI5,2025-05-25T22:00:00Z,0,1
Consis,BAUFI5,2025-05-25T22:30:00Z,0,1
Consis,BAUFI5,2025-05-25T23:00:00Z,0,1
Consis,BAUFI5,2025-05-25T23:30:00Z,0,1
Consis,BAUFI5,2025-05-26T00:00:00Z,0,1
Consis,BAUFI5,2025-05-26T00:30:00Z,0,1
Consis,BAUFI5,2025-05-26T01:00:00Z,0,1
Consis,BAUFI5,2025-05-26T01:30:00Z,0,1
Consis,BAUFI5,2025-05-26T02:00:00Z,0,1
Consis,BAUFI5,2025-05-26T02:30:00Z,0,1
Consis,BAUFI5,2025-05-26T03:00:00Z,0,1
Consis,BAUFI5,2025-05-26T03:30:00Z,0,1
Consis,BAUFI5,2025-05-26T04:00:00Z,0,1
Consis,BAUFI5,2025-05-26T04:30:00Z,0,1
Consis,BAUFI5,2025-05-26T05:00:00Z,0,1
Consis,BAUFI5,2025-05-26T05:30:00Z,0,1
Consis,BAUFI5,2025-05-26T06:00:00Z,0.3999,1
Consis,BAUFI5,2025-05-26T06:30:00Z,3.0345,1
Consis,BAUFI5,2025-05-26T07:00:00Z,8.2626,1
Consis,BAUFI5,2025-05-26T07:30:00Z,16.8066,1
Consis,BAUFI5,2025-05-26T08:00:00Z,18.3829,1
Consis,BAUFI5,2025-05-26T08:30:00Z,19.9022,1
Consis,BAUFI5,2025-05-26T09:00:00Z,21.744,1
Consis,BAUFI5,2025-05-26T09:30:00Z,21.8784,1
Consis,BAUFI5,2025-05-26T10:00:00Z,22.6312,1
Consis,BAUFI5,2025-05-26T10:30:00Z,23.9857,1
Consis,BAUFI5,2025-05-26T11:00:00Z,23.3447,1
Consis,BAUFI5,2025-05-26T11:30:00Z,22.8648,1
Consis,BAUFI5,2025-05-26T12:00:00Z,23.4846,1
Consis,BAUFI5,2025-05-26T12:30:00Z,23.759,1
Consis,BAUFI5,2025-05-26T13:00:00Z,23.1195,1
Consis,BAUFI5,2025-05-26T13:30:00Z,23.8182,1
Consis,BAUFI5,2025-05-26T14:00:00Z,23.7306,1
Consis,BAUFI5,2025-05-26T14:30:00Z,23.6745,1
Consis,BAUFI5,2025-05-26T15:00:00Z,20.1789,1
Consis,BAUFI5,2025-05-26T15:30:00Z,17.9365,1
Consis,BAUFI5,2025-05-26T16:00:00Z,13.3088,1
Consis,BAUFI5,2025-05-26T16:30:00Z,7.2223,1
Consis,BAUFI5,2025-05-26T17:00:00Z,1.905,1
Consis,BAUFI5,2025-05-26T17:30:00Z,0.039,1
Consis,BAUFI5,2025-05-26T18:00:00Z,0.003,1
Consis,BAUFI5,2025-05-26T18:30:00Z,0.004,1
Consis,BAUFI5,2025-05-26T19:00:00Z,0.001,1
Consis,BAUFI5,2025-05-26T19:30:00Z,0,1
Consis,BAUFI5,2025-05-26T20:00:00Z,0,1
Consis,BAUFI5,2025-05-26T20:30:00Z,0,1
Consis,BAUFI5,2025-05-26T21:00:00Z,0,1
Consis,BAUFI5,2025-05-26T21:30:00Z,0,1
Consis,BAUFI5,2025-05-26T22:00:00Z,0,1
Consis,BAUFI5,2025-05-26T22:30:00Z,0,1
Consis,BAUFI5,2025-05-26T23:00:00Z,0,1
Consis,BAUFI5,2025-05-26T23:30:00Z,0,1
Consis,BAUFI5,2025-05-27T00:00:00Z,0,1
Consis,BAUFI5,2025-05-27T00:30:00Z,0,1
Consis,BAUFI5,2025-05-27T01:00:00Z,0,1
Consis,BAUFI5,2025-05-27T01:30:00Z,0,1
Consis,BAUFI5,2025-05-27T02:00:00Z,0,1
Consis,BAUFI5,2025-05-27T02:30:00Z,0,1
Consis,BAUFI5,2025-05-27T03:00:00Z,0,1
Consis,BAUFI5,2025-05-27T03:30:00Z,0,1
Consis,BAUFI5,2025-05-27T04:00:00Z,0,1
Consis,BAUFI5,2025-05-27T04:30:00Z,0,1
Consis,BAUFI5,2025-05-27T05:00:00Z,0,1
Consis,BAUFI5,2025-05-27T05:30:00Z,0,1
Consis,BAUFI5,2025-05-27T06:00:00Z,0.276,1
Consis,BAUFI5,2025-05-27T06:30:00Z,3.4254,1
Consis,BAUFI5,2025-05-27T07:00:00Z,9.0083,1
Consis,BAUFI5,2025-05-27T07:30:00Z,15.6098,1
Consis,BAUFI5,2025-05-27T08:00:00Z,17.807,1
Consis,BAUFI5,2025-05-27T08:30:00Z,19.8276,1
Consis,BAUFI5,2025-05-27T09:00:00Z,21.6491,1
Consis,BAUFI5,2025-05-27T09:30:00Z,22.171,1
Consis,BAUFI5,2025-05-27T10:00:00Z,22.5628,1
Consis,BAUFI5,2025-05-27T10:30:00Z,23.5253,1
Consis,BAUFI5,2025-05-27T11:00:00Z,23.1156,1
Consis,BAUFI5,2025-05-27T11:30:00Z,22.5704,1
Consis,BAUFI5,2025-05-27T12:00:00Z,23.0102,1
Consis,BAUFI5,2025-05-27T12:30:00Z,23.1128,1
Consis,BAUFI5,2025-05-27T13:00:00Z,22.6573,1
Consis,BAUFI5,2025-05-27T13:30:00Z,22.8827,1
Consis,BAUFI5,2025-05-27T14:00:00Z,22.7427,1
Consis,BAUFI5,2025-05-27T14:30:00Z,22.7123,1
Consis,BAUFI5,2025-05-27T15:00:00Z,19.7393,1
Consis,BAUFI5,2025-05-27T15:30:00Z,22.149,1
Consis,BAUFI5,2025-05-27T16:00:00Z,6.088,1
Consis,BAUFI5,2025-05-27T16:30:00Z,2.393,1
Consis,BAUFI5,2025-05-27T17:00:00Z,2.026,1
Consis,BAUFI5,2025-05-27T17:30:00Z,0.039,1
Consis,BAUFI5,2025-05-27T18:00:00Z,0,1
Consis,BAUFI5,2025-05-27T18:30:00Z,0,1
Consis,BAUFI5,2025-05-27T19:00:00Z,0,1
Consis,BAUFI5,2025-05-27T19:30:00Z,0,1
Consis,BAUFI5,2025-05-27T20:00:00Z,0,1
Consis,BAUFI5,2025-05-27T20:30:00Z,0,1
Consis,BAUFI5,2025-05-27T21:00:00Z,0,1
Consis,BAUFI5,2025-05-27T21:30:00Z,0,1
Consis,BAUFI5,2025-05-27T22:00:00Z,0,1
Consis,BAUFI5,2025-05-27T22:30:00Z,0,1
Consis,BAUFI5,2025-05-27T23:00:00Z,0,1
Consis,BAUFI5,2025-05-27T23:30:00Z,0,1
Consis,BAUFI5,2025-05-28T00:00:00Z,0,1
Consis,BAUFI5,2025-05-28T00:30:00Z,0,1
Consis,BAUFI5,2025-05-28T01:00:00Z,0,1
Consis,BAUFI5,2025-05-28T01:30:00Z,0,1
Consis,BAUFI5,2025-05-28T02:00:00Z,0,1
Consis,BAUFI5,2025-05-28T02:30:00Z,0,1
Consis,BAUFI5,2025-05-28T03:00:00Z,0,1
Consis,BAUFI5,2025-05-28T03:30:00Z,0,1
Consis,BAUFI5,2025-05-28T04:00:00Z,0,1
Consis,BAUFI5,2025-05-28T04:30:00Z,0,1
Consis,BAUFI5,2025-05-28T05:00:00Z,0,1
Consis,BAUFI5,2025-05-28T05:30:00Z,0,1
Consis,BAUFI5,2025-05-28T06:00:00Z,0.21,1
Consis,BAUFI5,2025-05-28T06:30:00Z,3.638,1
Consis,BAUFI5,2025-05-28T07:00:00Z,9.3787,1
Consis,BAUFI5,2025-05-28T07:30:00Z,18.579,1
Consis,BAUFI5,2025-05-28T08:00:00Z,20.6495,1
Consis,BAUFI5,2025-05-28T08:30:00Z,21.8894,1
Consis,BAUFI5,2025-05-28T09:00:00Z,23.2728,1
Consis,BAUFI5,2025-05-28T09:30:00Z,23.0465,1
Consis,BAUFI5,2025-05-28T10:00:00Z,23.8534,1
Consis,BAUFI5,2025-05-28T10:30:00Z,24.8559,1
Consis,BAUFI5,2025-05-28T11:00:00Z,23.9814,1
Consis,BAUFI5,2025-05-28T11:30:00Z,23.5002,1
Consis,BAUFI5,2025-05-28T12:00:00Z,24.111,1
Consis,BAUFI5,2025-05-28T12:30:00Z,24.228,1
Consis,BAUFI5,2025-05-28T13:00:00Z,24.096,1
Consis,BAUFI5,2025-05-28T13:30:00Z,24.033,1
Consis,BAUFI5,2025-05-28T14:00:00Z,24.016,1
Consis,BAUFI5,2025-05-28T14:30:00Z,23.652,1
Consis,BAUFI5,2025-05-28T15:00:00Z,22.859,1
Consis,BAUFI5,2025-05-28T15:30:00Z,21.424,1
Consis,BAUFI5,2025-05-28T16:00:00Z,15.31,1
Consis,BAUFI5,2025-05-28T16:30:00Z,9.034,1
Consis,BAUFI5,2025-05-28T17:00:00Z,2.064,1
Consis,BAUFI5,2025-05-28T17:30:00Z,0.038,1
Consis,BAUFI5,2025-05-28T18:00:00Z,0,1
Consis,BAUFI5,2025-05-28T18:30:00Z,0,1
Consis,BAUFI5,2025-05-28T19:00:00Z,0,1
Consis,BAUFI5,2025-05-28T19:30:00Z,0,1
Consis,BAUFI5,2025-05-28T20:00:00Z,0,1
Consis,BAUFI5,2025-05-28T20:30:00Z,0,1
Consis,BAUFI5,2025-05-28T21:00:00Z,0,1
Consis,BAUFI5,2025-05-28T21:30:00Z,0,1
Consis,BAUFI5,2025-05-28T22:00:00Z,0,1
Consis,BAUFI5,2025-05-28T22:30:00Z,0,1
Consis,BAUFI5,2025-05-28T23:00:00Z,0,1
Consis,BAUFI5,2025-05-28T23:30:00Z,0,1
Consis,BAUFI5,2025-05-29T00:00:00Z,0,1
Consis,BAUFI5,2025-05-29T00:30:00Z,0,1
Consis,BAUFI5,2025-05-29T01:00:00Z,0,1
Consis,BAUFI5,2025-05-29T01:30:00Z,0,1
Consis,BAUFI5,2025-05-29T02:00:00Z,0,1
Consis,BAUFI5,2025-05-29T02:30:00Z,0,1
Consis,BAUFI5,2025-05-29T03:00:00Z,0,1
Consis,BAUFI5,2025-05-29T03:30:00Z,0,1
Consis,BAUFI5,2025-05-29T04:00:00Z,0,1
Consis,BAUFI5,2025-05-29T04:30:00Z,0,1
Consis,BAUFI5,2025-05-29T05:00:00Z,0,1
Consis,BAUFI5,2025-05-29T05:30:00Z,0,1
Consis,BAUFI5,2025-05-29T06:00:00Z,0.204,1
Consis,BAUFI5,2025-05-29T06:30:00Z,3.443,1
Consis,BAUFI5,2025-05-29T07:00:00Z,11.385,1
Consis,BAUFI5,2025-05-29T07:30:00Z,18.633,1
Consis,BAUFI5,2025-05-29T08:00:00Z,22.258,1
Consis,BAUFI5,2025-05-29T08:30:00Z,23.327,1
Consis,BAUFI5,2025-05-29T09:00:00Z,23.873,1
Consis,BAUFI5,2025-05-29T09:30:00Z,24.032,1
Consis,BAUFI5,2025-05-29T10:00:00Z,23.963,1
Consis,BAUFI5,2025-05-29T10:30:00Z,23.812,1
Consis,BAUFI5,2025-05-29T11:00:00Z,23.74,1
Consis,BAUFI5,2025-05-29T11:30:00Z,23.796,1
Consis,BAUFI5,2025-05-29T12:00:00Z,24.014,1
Consis,BAUFI5,2025-05-29T12:30:00Z,23.897,1
Consis,BAUFI5,2025-05-29T13:00:00Z,23.933,1
Consis,BAUFI5,2025-05-29T13:30:00Z,23.817,1
Consis,BAUFI5,2025-05-29T14:00:00Z,23.571,1
Consis,BAUFI5,2025-05-29T14:30:00Z,23.39,1
Consis,BAUFI5,2025-05-29T15:00:00Z,22.992,1
Consis,BAUFI5,2025-05-29T15:30:00Z,21.303,1
Consis,BAUFI5,2025-05-29T16:00:00Z,16.186,1
Consis,BAUFI5,2025-05-29T16:30:00Z,8.529,1
Consis,BAUFI5,2025-05-29T17:00:00Z,0.902,1
Consis,BAUFI5,2025-05-29T17:30:00Z,0.037,1
Consis,BAUFI5,2025-05-29T18:00:00Z,0,1
Consis,BAUFI5,2025-05-29T18:30:00Z,0,1
Consis,BAUFI5,2025-05-29T19:00:00Z,0,1
Consis,BAUFI5,2025-05-29T19:30:00Z,0,1
Consis,BAUFI5,2025-05-29T20:00:00Z,0,1
Consis,BAUFI5,2025-05-29T20:30:00Z,0,1
Consis,BAUFI5,2025-05-29T21:00:00Z,0,1
Consis,BAUFI5,2025-05-29T21:30:00Z,0,1
Consis,BAUFI5,2025-05-29T22:00:00Z,0,1
Consis,BAUFI5,2025-05-29T22:30:00Z,0,1
Consis,BAUFI5,2025-05-29T23:00:00Z,0,1
Consis,BAUFI5,2025-05-29T23:30:00Z,0,1
Consis,BAUFI5,2025-05-30T00:00:00Z,0,1
Consis,BAUFI5,2025-05-30T00:30:00Z,0,1
Consis,BAUFI5,2025-05-30T01:00:00Z,0,1
Consis,BAUFI5,2025-05-30T01:30:00Z,0,1
Consis,BAUFI5,2025-05-30T02:00:00Z,0,1
Consis,BAUFI5,2025-05-30T02:30:00Z,0,1
Consis,BAUFI5,2025-05-30T03:00:00Z,0,1
Consis,BAUFI5,2025-05-30T03:30:00Z,0,1
Consis,BAUFI5,2025-05-30T04:00:00Z,0,1
Consis,BAUFI5,2025-05-30T04:30:00Z,0,1
Consis,BAUFI5,2025-05-30T05:00:00Z,0,1
Consis,BAUFI5,2025-05-30T05:30:00Z,0,1
Consis,BAUFI5,2025-05-30T06:00:00Z,0.2,1
Consis,BAUFI5,2025-05-30T06:30:00Z,3.178,1
Consis,BAUFI5,2025-05-30T07:00:00Z,10.826,1
Consis,BAUFI5,2025-05-30T07:30:00Z,18.405,1
Consis,BAUFI5,2025-05-30T08:00:00Z,22.007,1
Consis,BAUFI5,2025-05-30T08:30:00Z,22.987,1
Consis,BAUFI5,2025-05-30T09:00:00Z,23.229,1
Consis,BAUFI5,2025-05-30T09:30:00Z,22.437,1
Consis,BAUFI5,2025-05-30T10:00:00Z,23.909,1
Consis,BAUFI5,2025-05-30T10:30:00Z,23.953,1
Consis,BAUFI5,2025-05-30T11:00:00Z,23.0141,1
Consis,BAUFI5,2025-05-30T11:30:00Z,22.5719,1
Consis,BAUFI5,2025-05-30T12:00:00Z,22.1863,1
Consis,BAUFI5,2025-05-30T12:30:00Z,22.5716,1
Consis,BAUFI5,2025-05-30T13:00:00Z,21.8263,1
Consis,BAUFI5,2025-05-30T13:30:00Z,22.0991,1
Consis,BAUFI5,2025-05-30T14:00:00Z,21.8622,1
Consis,BAUFI5,2025-05-30T14:30:00Z,21.8295,1
Consis,BAUFI5,2025-05-30T15:00:00Z,4.185,1
Consis,BAUFI5,2025-05-30T15:30:00Z,9.607,1
Consis,BAUFI5,2025-05-30T16:00:00Z,15.532,1
Consis,BAUFI5,2025-05-30T16:30:00Z,8.866,1
Consis,BAUFI5,2025-05-30T17:00:00Z,1.73,1
Consis,BAUFI5,2025-05-30T17:30:00Z,0.048,1
Consis,BAUFI5,2025-05-30T18:00:00Z,0,1
Consis,BAUFI5,2025-05-30T18:30:00Z,0,1
Consis,BAUFI5,2025-05-30T19:00:00Z,0,1
Consis,BAUFI5,2025-05-30T19:30:00Z,0,1
Consis,BAUFI5,2025-05-30T20:00:00Z,0,1
Consis,BAUFI5,2025-05-30T20:30:00Z,0,1
Consis,BAUFI5,2025-05-30T21:00:00Z,0,1
Consis,BAUFI5,2025-05-30T21:30:00Z,0,1
Consis,BAUFI5,2025-05-30T22:00:00Z,0,1
Consis,BAUFI5,2025-05-30T22:30:00Z,0,1
Consis,BAUFI5,2025-05-30T23:00:00Z,0,1
Consis,BAUFI5,2025-05-30T23:30:00Z,0,1
Consis,BAUFI5,2025-05-31T00:00:00Z,0,1
Consis,BAUFI5,2025-05-31T00:30:00Z,0,1
Consis,BAUFI5,2025-05-31T01:00:00Z,0,1
Consis,BAUFI5,2025-05-31T01:30:00Z,0,1
Consis,BAUFI5,2025-05-31T02:00:00Z,0,1
Consis,BAUFI5,2025-05-31T02:30:00Z,0,1
Consis,BAUFI5,2025-05-31T03:00:00Z,0,1
Consis,BAUFI5,2025-05-31T03:30:00Z,0,1
Consis,BAUFI5,2025-05-31T04:00:00Z,0,1
Consis,BAUFI5,2025-05-31T04:30:00Z,0,1
Consis,BAUFI5,2025-05-31T05:00:00Z,0,1
Consis,BAUFI5,2025-05-31T05:30:00Z,0,1
Consis,BAUFI5,2025-05-31T06:00:00Z,0.158,1
Consis,BAUFI5,2025-05-31T06:30:00Z,3.173,1
Consis,BAUFI5,2025-05-31T07:00:00Z,9.0186,1
Consis,BAUFI5,2025-05-31T07:30:00Z,15.4785,1
Consis,BAUFI5,2025-05-31T08:00:00Z,17.8389,1
Consis,BAUFI5,2025-05-31T08:30:00Z,19.1328,1
Consis,BAUFI5,2025-05-31T09:00:00Z,20.611,1
Consis,BAUFI5,2025-05-31T09:30:00Z,22.6342,1
Consis,BAUFI5,2025-05-31T10:00:00Z,22.2983,1
Consis,BAUFI5,2025-05-31T10:30:00Z,22.2723,1
Consis,BAUFI5,2025-05-31T11:00:00Z,21.5497,1
Consis,BAUFI5,2025-05-31T11:30:00Z,21.1123,1
Consis,BAUFI5,2025-05-31T12:00:00Z,20.1241,1
Consis,BAUFI5,2025-05-31T12:30:00Z,20.5721,1
Consis,BAUFI5,2025-05-31T13:00:00Z,19.5999,1
Consis,BAUFI5,2025-05-31T13:30:00Z,20.4847,1
Consis,BAUFI5,2025-05-31T14:00:00Z,18.8082,1
Consis,BAUFI5,2025-05-31T14:30:00Z,18.0731,1
Consis,BAUFI5,2025-05-31T15:00:00Z,17.5189,1
Consis,BAUFI5,2025-05-31T15:30:00Z,14.5346,1
Consis,BAUFI5,2025-05-31T16:00:00Z,16.51,1
Consis,BAUFI5,2025-05-31T16:30:00Z,10.026,1
Consis,BAUFI5,2025-05-31T17:00:00Z,1.766,1
Consis,BAUFI5,2025-05-31T17:30:00Z,0.015,1
Consis,BAUFI5,2025-05-31T18:00:00Z,0,1
Consis,BAUFI5,2025-05-31T18:30:00Z,0,1
Consis,BAUFI5,2025-05-31T19:00:00Z,0,1
Consis,BAUFI5,2025-05-31T19:30:00Z,0,1
Consis,BAUFI5,2025-05-31T20:00:00Z,0,1
Consis,BAUFI5,2025-05-31T20:30:00Z,0,1
Consis,BAUFI5,2025-05-31T21:00:00Z,0,1
Consis,BAUFI5,2025-05-31T21:30:00Z,0,1
Consis,BAUFI5,2025-05-31T22:00:00Z,0,1
Consis,BAUFI5,2025-05-31T22:30:00Z,0,1
Consis,BAUFI5,2025-05-31T23:00:00Z,0,1
Consis,BAUFI5,2025-05-31T23:30:00Z,0,1
Consis,BAUFI5,2025-06-01T00:00:00Z,0,1
Consis,BAUFI5,2025-06-01T00:30:00Z,0,1
Consis,BAUFI5,2025-06-01T01:00:00Z,0,1
Consis,BAUFI5,2025-06-01T01:30:00Z,0,1
Consis,BAUFI5,2025-06-01T02:00:00Z,0,1
Consis,BAUFI5,2025-06-01T02:30:00Z,0,1
Consis,BAUFI5,2025-06-01T03:00:00Z,0,1
Consis,BAUFI5,2025-06-01T03:30:00Z,0,1
Consis,BAUFI5,2025-06-01T04:00:00Z,0,1
Consis,BAUFI5,2025-06-01T04:30:00Z,0,1
Consis,BAUFI5,2025-06-01T05:00:00Z,0,1
Consis,BAUFI5,2025-06-01T05:30:00Z,0,1
Consis,BAUFI5,2025-06-01T06:00:00Z,0.349,1
Consis,BAUFI5,2025-06-01T06:30:00Z,3.2522,1
Consis,BAUFI5,2025-06-01T07:00:00Z,8.9094,1
Consis,BAUFI5,2025-06-01T07:30:00Z,14.8505,1
Consis,BAUFI5,2025-06-01T08:00:00Z,18.0218,1
Consis,BAUFI5,2025-06-01T08:30:00Z,19.7217,1
Consis,BAUFI5,2025-06-01T09:00:00Z,21.5835,1
Consis,BAUFI5,2025-06-01T09:30:00Z,22.7681,1
Consis,BAUFI5,2025-06-01T10:00:00Z,23.0462,1
Consis,BAUFI5,2025-06-01T10:30:00Z,23.496,1
Consis,BAUFI5,2025-06-01T11:00:00Z,22.5427,1
Consis,BAUFI5,2025-06-01T11:30:00Z,21.8872,1
Consis,BAUFI5,2025-06-01T12:00:00Z,21.2987,1
Consis,BAUFI5,2025-06-01T12:30:00Z,21.6093,1
Consis,BAUFI5,2025-06-01T13:00:00Z,21.0454,1
Consis,BAUFI5,2025-06-01T13:30:00Z,21.4259,1
Consis,BAUFI5,2025-06-01T14:00:00Z,21.2348,1
Consis,BAUFI5,2025-06-01T14:30:00Z,21.2656,1
Consis,BAUFI5,2025-06-01T15:00:00Z,19.4709,1
Consis,BAUFI5,2025-06-01T15:30:00Z,18.2344,1
Consis,BAUFI5,2025-06-01T16:00:00Z,14.5892,1
Consis,BAUFI5,2025-06-01T16:30:00Z,8.867,1
Consis,BAUFI5,2025-06-01T17:00:00Z,1.612,1
Consis,BAUFI5,2025-06-01T17:30:00Z,0.03,1
Consis,BAUFI5,2025-06-01T18:00:00Z,0,1
Consis,BAUFI5,2025-06-01T18:30:00Z,0,1
Consis,BAUFI5,2025-06-01T19:00:00Z,0,1
Consis,BAUFI5,2025-06-01T19:30:00Z,0,1
Consis,BAUFI5,2025-06-01T20:00:00Z,0,1
Consis,BAUFI5,2025-06-01T20:30:00Z,0,1
Consis,BAUFI5,2025-06-01T21:00:00Z,0,1
Consis,BAUFI5,2025-06-01T21:30:00Z,0,1
Consis,BAUFI5,2025-06-01T22:00:00Z,0,1
Consis,BAUFI5,2025-06-01T22:30:00Z,0,1
Consis,BAUFI5,2025-06-01T23:00:00Z,0,1
Consis,BAUFI5,2025-06-01T23:30:00Z,0,1
Consis,BAUFI5,2025-06-02T00:00:00Z,0,1
Consis,BAUFI5,2025-06-02T00:30:00Z,0,1
Consis,BAUFI5,2025-06-02T01:00:00Z,0,1
Consis,BAUFI5,2025-06-02T01:30:00Z,0,1
Consis,BAUFI5,2025-06-02T02:00:00Z,0,1
Consis,BAUFI5,2025-06-02T02:30:00Z,0,1
Consis,BAUFI5,2025-06-02T03:00:00Z,0,1
Consis,BAUFI5,2025-06-02T03:30:00Z,0,1
Consis,BAUFI5,2025-06-02T04:00:00Z,0,1
Consis,BAUFI5,2025-06-02T04:30:00Z,0,1
Consis,BAUFI5,2025-06-02T05:00:00Z,0,1
Consis,BAUFI5,2025-06-02T05:30:00Z,0,1
Consis,BAUFI5,2025-06-02T06:00:00Z,0.356,1
Consis,BAUFI5,2025-06-02T06:30:00Z,1.691,1
Consis,BAUFI5,2025-06-02T07:00:00Z,8.6998,1
Consis,BAUFI5,2025-06-02T07:30:00Z,13.1197,1
Consis,BAUFI5,2025-06-02T08:00:00Z,14.6026,1
Consis,BAUFI5,2025-06-02T08:30:00Z,11.3725,1
Consis,BAUFI5,2025-06-02T09:00:00Z,13.8392,1
Consis,BAUFI5,2025-06-02T09:30:00Z,17.2041,1
Consis,BAUFI5,2025-06-02T10:00:00Z,19.1057,1
Consis,BAUFI5,2025-06-02T10:30:00Z,20.9364,1
Consis,BAUFI5,2025-06-02T11:00:00Z,20.383,1
Consis,BAUFI5,2025-06-02T11:30:00Z,19.9305,1
Consis,BAUFI5,2025-06-02T12:00:00Z,20.8863,1
Consis,BAUFI5,2025-06-02T12:30:00Z,21.3417,1
Consis,BAUFI5,2025-06-02T13:00:00Z,20.8634,1
Consis,BAUFI5,2025-06-02T13:30:00Z,21.9374,1
Consis,BAUFI5,2025-06-02T14:00:00Z,20.7566,1
Consis,BAUFI5,2025-06-02T14:30:00Z,21.3731,1
Consis,BAUFI5,2025-06-02T15:00:00Z,19.1424,1
Consis,BAUFI5,2025-06-02T15:30:00Z,17.191,1
Consis,BAUFI5,2025-06-02T16:00:00Z,14.03,1
Consis,BAUFI5,2025-06-02T16:30:00Z,4.638,1
Consis,BAUFI5,2025-06-02T17:00:00Z,2.081,1
Consis,BAUFI5,2025-06-02T17:30:00Z,0.046,1
Consis,BAUFI5,2025-06-02T18:00:00Z,0,1
Consis,BAUFI5,2025-06-02T18:30:00Z,0,1
Consis,BAUFI5,2025-06-02T19:00:00Z,0,1
Consis,BAUFI5,2025-06-02T19:30:00Z,0,1
Consis,BAUFI5,2025-06-02T20:00:00Z,0,1
Consis,BAUFI5,2025-06-02T20:30:00Z,0,1
Consis,BAUFI5,2025-06-02T21:00:00Z,0,1
Consis,BAUFI5,2025-06-02T21:30:00Z,0,1
Consis,BAUFI5,2025-06-02T22:00:00Z,0,1
Consis,BAUFI5,2025-06-02T22:30:00Z,0,1
Consis,BAUFI5,2025-06-02T23:00:00Z,0,1
Consis,BAUFI5,2025-06-02T23:30:00Z,0,1
Consis,BAUFI5,2025-06-03T00:00:00Z,0,1
Consis,BAUFI5,2025-06-03T00:30:00Z,0,1
Consis,BAUFI5,2025-06-03T01:00:00Z,0,1
Consis,BAUFI5,2025-06-03T01:30:00Z,0,1
Consis,BAUFI5,2025-06-03T02:00:00Z,0,1
Consis,BAUFI5,2025-06-03T02:30:00Z,0,1
Consis,BAUFI5,2025-06-03T03:00:00Z,0,1
Consis,BAUFI5,2025-06-03T03:30:00Z,0,1
Consis,BAUFI5,2025-06-03T04:00:00Z,0,1
Consis,BAUFI5,2025-06-03T04:30:00Z,0,1
Consis,BAUFI5,2025-06-03T05:00:00Z,0,1
Consis,BAUFI5,2025-06-03T05:30:00Z,0,1
Consis,BAUFI5,2025-06-03T06:00:00Z,0.103,1
Consis,BAUFI5,2025-06-03T06:30:00Z,1.802,1
Consis,BAUFI5,2025-06-03T07:00:00Z,0.04,1
Consis,BAUFI5,2025-06-03T07:30:00Z,0.035,1
Consis,BAUFI5,2025-06-03T08:00:00Z,0,4
Consis,BAUFI5,2025-06-03T08:30:00Z,20.7925,1
Consis,BAUFI5,2025-06-03T09:00:00Z,0,4
Consis,BAUFI5,2025-06-03T09:30:00Z,22.5399,1
Consis,BAUFI5,2025-06-03T10:00:00Z,12.2882154882049,4
Consis,BAUFI5,2025-06-03T10:30:00Z,24.9196,1
Consis,BAUFI5,2025-06-03T11:00:00Z,12.5631617232892,4
Consis,BAUFI5,2025-06-03T11:30:00Z,23.1821,1
Consis,BAUFI5,2025-06-03T12:00:00Z,0.602,3
Consis,BAUFI5,2025-06-03T12:30:00Z,1.72,1
Consis,BAUFI5,2025-06-03T13:00:00Z,5.328,1
Consis,BAUFI5,2025-06-03T13:30:00Z,8.185,1
Consis,BAUFI5,2025-06-03T14:00:00Z,9.434,1
Consis,BAUFI5,2025-06-03T14:30:00Z,13.495,1
Consis,BAUFI5,2025-06-03T15:00:00Z,0,1
Consis,BAUFI5,2025-06-03T15:30:00Z,3.989,1
Consis,BAUFI5,2025-06-03T16:00:00Z,9.756,1
Consis,BAUFI5,2025-06-03T16:30:00Z,6.72,1
Consis,BAUFI5,2025-06-03T17:00:00Z,1.351,1
Consis,BAUFI5,2025-06-03T17:30:00Z,0.169,1
Consis,BAUFI5,2025-06-03T18:00:00Z,0,2
Consis,BAUFI5,2025-06-03T18:30:00Z,0,1
Consis,BAUFI5,2025-06-03T19:00:00Z,0,2
Consis,BAUFI5,2025-06-03T19:30:00Z,0,2
Consis,BAUFI5,2025-06-03T20:00:00Z,0,2
Consis,BAUFI5,2025-06-03T20:30:00Z,0,2
Consis,BAUFI5,2025-06-03T21:00:00Z,0,2
Consis,BAUFI5,2025-06-03T21:30:00Z,0,2
Consis,BAUFI5,2025-06-03T22:00:00Z,0,1
Consis,BAUFI5,2025-06-03T22:30:00Z,0,1
Consis,BAUFI5,2025-06-03T23:00:00Z,0,1
Consis,BAUFI5,2025-06-03T23:30:00Z,0,1
Consis,BAUFI5,2025-06-04T00:00:00Z,0,1
Consis,BAUFI5,2025-06-04T00:30:00Z,0,1
Consis,BAUFI5,2025-06-04T01:00:00Z,0,1
Consis,BAUFI5,2025-06-04T01:30:00Z,0,1
Consis,BAUFI5,2025-06-04T02:00:00Z,0,1
Consis,BAUFI5,2025-06-04T02:30:00Z,0,1
Consis,BAUFI5,2025-06-04T03:00:00Z,0,1
Consis,BAUFI5,2025-06-04T03:30:00Z,0,1
Consis,BAUFI5,2025-06-04T04:00:00Z,0,1
Consis,BAUFI5,2025-06-04T04:30:00Z,0,1
Consis,BAUFI5,2025-06-04T05:00:00Z,0,1
Consis,BAUFI5,2025-06-04T05:30:00Z,0,1
Consis,BAUFI5,2025-06-04T06:00:00Z,0.057,1
Consis,BAUFI5,2025-06-04T06:30:00Z,2.909,1
Consis,BAUFI5,2025-06-04T07:00:00Z,7.579,1
Consis,BAUFI5,2025-06-04T07:30:00Z,3.443,1
Consis,BAUFI5,2025-06-04T08:00:00Z,0.322,1
Consis,BAUFI5,2025-06-04T08:30:00Z,0.028,1
Consis,BAUFI5,2025-06-04T09:00:00Z,0.054,3
Consis,BAUFI5,2025-06-04T09:30:00Z,22.2973,1
Consis,BAUFI5,2025-06-04T10:00:00Z,14.3178006288994,4
Consis,BAUFI5,2025-06-04T10:30:00Z,23.6406,1
Consis,BAUFI5,2025-06-04T11:00:00Z,13.6692482350637,4
Consis,BAUFI5,2025-06-04T11:30:00Z,22.5081,1
Consis,BAUFI5,2025-06-04T12:00:00Z,1.232,1
Consis,BAUFI5,2025-06-04T12:30:00Z,3.666,1
Consis,BAUFI5,2025-06-04T13:00:00Z,9.118,1
Consis,BAUFI5,2025-06-04T13:30:00Z,16.383,1
Consis,BAUFI5,2025-06-04T14:00:00Z,19.155,1
Consis,BAUFI5,2025-06-04T14:30:00Z,18.068,1
Consis,BAUFI5,2025-06-04T15:00:00Z,16.923,1
Consis,BAUFI5,2025-06-04T15:30:00Z,10.628,1
Consis,BAUFI5,2025-06-04T16:00:00Z,12.711,1
Consis,BAUFI5,2025-06-04T16:30:00Z,7.196,1
Consis,BAUFI5,2025-06-04T17:00:00Z,2.193,1
Consis,BAUFI5,2025-06-04T17:30:00Z,0.11,1
Consis,BAUFI5,2025-06-04T18:00:00Z,0,1
Consis,BAUFI5,2025-06-04T18:30:00Z,0,1
Consis,BAUFI5,2025-06-04T19:00:00Z,0,1
Consis,BAUFI5,2025-06-04T19:30:00Z,0,1
Consis,BAUFI5,2025-06-04T20:00:00Z,0,1
Consis,BAUFI5,2025-06-04T20:30:00Z,0,1
Consis,BAUFI5,2025-06-04T21:00:00Z,0,1
Consis,BAUFI5,2025-06-04T21:30:00Z,0,1
Consis,BAUFI5,2025-06-04T22:00:00Z,0,1
Consis,BAUFI5,2025-06-04T22:30:00Z,0,1
Consis,BAUFI5,2025-06-04T23:00:00Z,0,1
Consis,BAUFI5,2025-06-04T23:30:00Z,0,1
Consis,BAUFI5,2025-06-05T00:00:00Z,0,1
Consis,BAUFI5,2025-06-05T00:30:00Z,0,1
Consis,BAUFI5,2025-06-05T01:00:00Z,0,1
Consis,BAUFI5,2025-06-05T01:30:00Z,0,1
Consis,BAUFI5,2025-06-05T02:00:00Z,0,1
Consis,BAUFI5,2025-06-05T02:30:00Z,0,1
Consis,BAUFI5,2025-06-05T03:00:00Z,0,1
Consis,BAUFI5,2025-06-05T03:30:00Z,0,1
Consis,BAUFI5,2025-06-05T04:00:00Z,0,1
Consis,BAUFI5,2025-06-05T04:30:00Z,0,1
Consis,BAUFI5,2025-06-05T05:00:00Z,0,1
Consis,BAUFI5,2025-06-05T05:30:00Z,0,1
Consis,BAUFI5,2025-06-05T06:00:00Z,0.141,1
Consis,BAUFI5,2025-06-05T06:30:00Z,2.555,1
Consis,BAUFI5,2025-06-05T07:00:00Z,10.403,1
Consis,BAUFI5,2025-06-05T07:30:00Z,15.824,1
Consis,BAUFI5,2025-06-05T08:00:00Z,15.793,1
Consis,BAUFI5,2025-06-05T08:30:00Z,12.326,1
Consis,BAUFI5,2025-06-05T09:00:00Z,12.068,1
Consis,BAUFI5,2025-06-05T09:30:00Z,11.823,1
Consis,BAUFI5,2025-06-05T10:00:00Z,12.16,1
Consis,BAUFI5,2025-06-05T10:30:00Z,13.288,1
Consis,BAUFI5,2025-06-05T11:00:00Z,14.28,1
Consis,BAUFI5,2025-06-05T11:30:00Z,16.912,1
Consis,BAUFI5,2025-06-05T12:00:00Z,17.397,1
Consis,BAUFI5,2025-06-05T12:30:00Z,18,1
Consis,BAUFI5,2025-06-05T13:00:00Z,19.924,1
Consis,BAUFI5,2025-06-05T13:30:00Z,21.529,1
Consis,BAUFI5,2025-06-05T14:00:00Z,19.43,1
Consis,BAUFI5,2025-06-05T14:30:00Z,16.741,1
Consis,BAUFI5,2025-06-05T15:00:00Z,15.882,1
Consis,BAUFI5,2025-06-05T15:30:00Z,11.721,1
Consis,BAUFI5,2025-06-05T16:00:00Z,8.772,1
Consis,BAUFI5,2025-06-05T16:30:00Z,4.459,1
Consis,BAUFI5,2025-06-05T17:00:00Z,1.168,1
Consis,BAUFI5,2025-06-05T17:30:00Z,0.174,1
Consis,BAUFI5,2025-06-05T18:00:00Z,0,1
Consis,BAUFI5,2025-06-05T18:30:00Z,0,1
Consis,BAUFI5,2025-06-05T19:00:00Z,0,1
Consis,BAUFI5,2025-06-05T19:30:00Z,0,1
Consis,BAUFI5,2025-06-05T20:00:00Z,0,1
Consis,BAUFI5,2025-06-05T20:30:00Z,0,1
Consis,BAUFI5,2025-06-05T21:00:00Z,0,1
Consis,BAUFI5,2025-06-05T21:30:00Z,0,1
Consis,BAUFI5,2025-06-05T22:00:00Z,0,1
Consis,BAUFI5,2025-06-05T22:30:00Z,0,1
Consis,BAUFI5,2025-06-05T23:00:00Z,0,1
Consis,BAUFI5,2025-06-05T23:30:00Z,0,1
Consis,BAUFI5,2025-06-06T00:00:00Z,0,1
Consis,BAUFI5,2025-06-06T00:30:00Z,0,1
Consis,BAUFI5,2025-06-06T01:00:00Z,0,1
Consis,BAUFI5,2025-06-06T01:30:00Z,0,1
Consis,BAUFI5,2025-06-06T02:00:00Z,0,1
Consis,BAUFI5,2025-06-06T02:30:00Z,0,1
Consis,BAUFI5,2025-06-06T03:00:00Z,0,1
Consis,BAUFI5,2025-06-06T03:30:00Z,0,1
Consis,BAUFI5,2025-06-06T04:00:00Z,0,1
Consis,BAUFI5,2025-06-06T04:30:00Z,0,1
Consis,BAUFI5,2025-06-06T05:00:00Z,0,1
Consis,BAUFI5,2025-06-06T05:30:00Z,0,1
Consis,BAUFI5,2025-06-06T06:00:00Z,0.179,1
Consis,BAUFI5,2025-06-06T06:30:00Z,0.371,1
Consis,BAUFI5,2025-06-06T07:00:00Z,0.04,1
Consis,BAUFI5,2025-06-06T07:30:00Z,0.052,2
Consis,BAUFI5,2025-06-06T08:00:00Z,0.066,2
Consis,BAUFI5,2025-06-06T08:30:00Z,0.058,2
Consis,BAUFI5,2025-06-06T09:00:00Z,0.058,2
Consis,BAUFI5,2025-06-06T09:30:00Z,3.302,1
Consis,BAUFI5,2025-06-06T10:00:00Z,23.89,1
Consis,BAUFI5,2025-06-06T10:30:00Z,23.626,1
Consis,BAUFI5,2025-06-06T11:00:00Z,23.938,1
Consis,BAUFI5,2025-06-06T11:30:00Z,23.958,1
Consis,BAUFI5,2025-06-06T12:00:00Z,24.142,1
Consis,BAUFI5,2025-06-06T12:30:00Z,24.126,1
Consis,BAUFI5,2025-06-06T13:00:00Z,24.184,1
Consis,BAUFI5,2025-06-06T13:30:00Z,24.287,1
Consis,BAUFI5,2025-06-06T14:00:00Z,23.327,1
Consis,BAUFI5,2025-06-06T14:30:00Z,22.634,1
Consis,BAUFI5,2025-06-06T15:00:00Z,21.629,1
Consis,BAUFI5,2025-06-06T15:30:00Z,21.178,1
Consis,BAUFI5,2025-06-06T16:00:00Z,12.055,1
Consis,BAUFI5,2025-06-06T16:30:00Z,4.682,1
Consis,BAUFI5,2025-06-06T17:00:00Z,0.963,1
Consis,BAUFI5,2025-06-06T17:30:00Z,0.04,2
Consis,BAUFI5,2025-06-06T18:00:00Z,0,1
Consis,BAUFI5,2025-06-06T18:30:00Z,0,1
Consis,BAUFI5,2025-06-06T19:00:00Z,0,1
Consis,BAUFI5,2025-06-06T19:30:00Z,0,1
Consis,BAUFI5,2025-06-06T20:00:00Z,0,1
Consis,BAUFI5,2025-06-06T20:30:00Z,0,1
Consis,BAUFI5,2025-06-06T21:00:00Z,0,1
Consis,BAUFI5,2025-06-06T21:30:00Z,0,1
Consis,BAUFI5,2025-06-06T22:00:00Z,0,1
Consis,BAUFI5,2025-06-06T22:30:00Z,0,1
Consis,BAUFI5,2025-06-06T23:00:00Z,0,1
Consis,BAUFI5,2025-06-06T23:30:00Z,0,1
Consis,BAUFI5,2025-06-07T00:00:00Z,0,1
Consis,BAUFI5,2025-06-07T00:30:00Z,0,1
Consis,BAUFI5,2025-06-07T01:00:00Z,0,1
Consis,BAUFI5,2025-06-07T01:30:00Z,0,1
Consis,BAUFI5,2025-06-07T02:00:00Z,0,1
Consis,BAUFI5,2025-06-07T02:30:00Z,0,1
Consis,BAUFI5,2025-06-07T03:00:00Z,0,1
Consis,BAUFI5,2025-06-07T03:30:00Z,0,1
Consis,BAUFI5,2025-06-07T04:00:00Z,0,1
Consis,BAUFI5,2025-06-07T04:30:00Z,0,1
Consis,BAUFI5,2025-06-07T05:00:00Z,0,1
Consis,BAUFI5,2025-06-07T05:30:00Z,0,1
Consis,BAUFI5,2025-06-07T06:00:00Z,0.023,1
Consis,BAUFI5,2025-06-07T06:30:00Z,2.203,1
Consis,BAUFI5,2025-06-07T07:00:00Z,10.398,1
Consis,BAUFI5,2025-06-07T07:30:00Z,5.071,1
Consis,BAUFI5,2025-06-07T08:00:00Z,0.012,1
Consis,BAUFI5,2025-06-07T08:30:00Z,0.025,1
Consis,BAUFI5,2025-06-07T09:00:00Z,0,4
Consis,BAUFI5,2025-06-07T09:30:00Z,23.2829,1
Consis,BAUFI5,2025-06-07T10:00:00Z,13.8749820527479,4
Consis,BAUFI5,2025-06-07T10:30:00Z,24.8383,1
Consis,BAUFI5,2025-06-07T11:00:00Z,13.6527394811566,4
Consis,BAUFI5,2025-06-07T11:30:00Z,0.02,1
Consis,BAUFI5,2025-06-07T12:00:00Z,0.033,1
Consis,BAUFI5,2025-06-07T12:30:00Z,7.2,1
Consis,BAUFI5,2025-06-07T13:00:00Z,24.128,1
Consis,BAUFI5,2025-06-07T13:30:00Z,24.137,1
Consis,BAUFI5,2025-06-07T14:00:00Z,23.998,1
Consis,BAUFI5,2025-06-07T14:30:00Z,23.663,1
Consis,BAUFI5,2025-06-07T15:00:00Z,22.672,1
Consis,BAUFI5,2025-06-07T15:30:00Z,21.501,1
Consis,BAUFI5,2025-06-07T16:00:00Z,15.934,1
Consis,BAUFI5,2025-06-07T16:30:00Z,8.537,1
Consis,BAUFI5,2025-06-07T17:00:00Z,2.3,1
Consis,BAUFI5,2025-06-07T17:30:00Z,0.183,1
Consis,BAUFI5,2025-06-07T18:00:00Z,0,1
Consis,BAUFI5,2025-06-07T18:30:00Z,0,1
Consis,BAUFI5,2025-06-07T19:00:00Z,0,1
Consis,BAUFI5,2025-06-07T19:30:00Z,0,1
Consis,BAUFI5,2025-06-07T20:00:00Z,0,1
Consis,BAUFI5,2025-06-07T20:30:00Z,0,1
Consis,BAUFI5,2025-06-07T21:00:00Z,0,1
Consis,BAUFI5,2025-06-07T21:30:00Z,0,1
Consis,BAUFI5,2025-06-07T22:00:00Z,0,1
Consis,BAUFI5,2025-06-07T22:30:00Z,0,1
Consis,BAUFI5,2025-06-07T23:00:00Z,0,1
Consis,BAUFI5,2025-06-07T23:30:00Z,0,1
Consis,BAUFI5,2025-06-08T00:00:00Z,0,1
Consis,BAUFI5,2025-06-08T00:30:00Z,0,1
Consis,BAUFI5,2025-06-08T01:00:00Z,0,1
Consis,BAUFI5,2025-06-08T01:30:00Z,0,1
Consis,BAUFI5,2025-06-08T02:00:00Z,0,1
Consis,BAUFI5,2025-06-08T02:30:00Z,0,1
Consis,BAUFI5,2025-06-08T03:00:00Z,0,1
Consis,BAUFI5,2025-06-08T03:30:00Z,0,1
Consis,BAUFI5,2025-06-08T04:00:00Z,0,1
Consis,BAUFI5,2025-06-08T04:30:00Z,0,1
Consis,BAUFI5,2025-06-08T05:00:00Z,0,1
Consis,BAUFI5,2025-06-08T05:30:00Z,0,1
Consis,BAUFI5,2025-06-08T06:00:00Z,0.022,1
Consis,BAUFI5,2025-06-08T06:30:00Z,0.319,1
Consis,BAUFI5,2025-06-08T07:00:00Z,0.025,1
Consis,BAUFI5,2025-06-08T07:30:00Z,0.036,1
Consis,BAUFI5,2025-06-08T08:00:00Z,0.038,1
Consis,BAUFI5,2025-06-08T08:30:00Z,0.03,1
Consis,BAUFI5,2025-06-08T09:00:00Z,0.034,1
Consis,BAUFI5,2025-06-08T09:30:00Z,0.725,1
Consis,BAUFI5,2025-06-08T10:00:00Z,5.098,1
Consis,BAUFI5,2025-06-08T10:30:00Z,7.58,1
Consis,BAUFI5,2025-06-08T11:00:00Z,10.999,1
Consis,BAUFI5,2025-06-08T11:30:00Z,12.719,1
Consis,BAUFI5,2025-06-08T12:00:00Z,13.106,1
Consis,BAUFI5,2025-06-08T12:30:00Z,13.217,1
Consis,BAUFI5,2025-06-08T13:00:00Z,13.243,1
Consis,BAUFI5,2025-06-08T13:30:00Z,13.262,1
Consis,BAUFI5,2025-06-08T14:00:00Z,13.272,1
Consis,BAUFI5,2025-06-08T14:30:00Z,15.879,1
Consis,BAUFI5,2025-06-08T15:00:00Z,21.109,1
Consis,BAUFI5,2025-06-08T15:30:00Z,20.948,1
Consis,BAUFI5,2025-06-08T16:00:00Z,16.541,1
Consis,BAUFI5,2025-06-08T16:30:00Z,7.246,1
Consis,BAUFI5,2025-06-08T17:00:00Z,2.24,1
Consis,BAUFI5,2025-06-08T17:30:00Z,0.171,1
Consis,BAUFI5,2025-06-08T18:00:00Z,0,1
Consis,BAUFI5,2025-06-08T18:30:00Z,0,1
Consis,BAUFI5,2025-06-08T19:00:00Z,0,1
Consis,BAUFI5,2025-06-08T19:30:00Z,0,1
Consis,BAUFI5,2025-06-08T20:00:00Z,0,1
Consis,BAUFI5,2025-06-08T20:30:00Z,0,1
Consis,BAUFI5,2025-06-08T21:00:00Z,0,1
Consis,BAUFI5,2025-06-08T21:30:00Z,0,1
Consis,BAUFI5,2025-06-08T22:00:00Z,0,1
Consis,BAUFI5,2025-06-08T22:30:00Z,0,1
Consis,BAUFI5,2025-06-08T23:00:00Z,0,1
Consis,BAUFI5,2025-06-08T23:30:00Z,0,1
Consis,BAUFI5,2025-06-09T00:00:00Z,0,1
Consis,BAUFI5,2025-06-09T00:30:00Z,0,1
Consis,BAUFI5,2025-06-09T01:00:00Z,0,1
Consis,BAUFI5,2025-06-09T01:30:00Z,0,1
Consis,BAUFI5,2025-06-09T02:00:00Z,0,1
Consis,BAUFI5,2025-06-09T02:30:00Z,0,1
Consis,BAUFI5,2025-06-09T03:00:00Z,0,1
Consis,BAUFI5,2025-06-09T03:30:00Z,0,1
Consis,BAUFI5,2025-06-09T04:00:00Z,0,1
Consis,BAUFI5,2025-06-09T04:30:00Z,0,1
Consis,BAUFI5,2025-06-09T05:00:00Z,0,1
Consis,BAUFI5,2025-06-09T05:30:00Z,0,1
Consis,BAUFI5,2025-06-09T06:00:00Z,0.08,1
Consis,BAUFI5,2025-06-09T06:30:00Z,2.877,1
Consis,BAUFI5,2025-06-09T07:00:00Z,11.095,1
Consis,BAUFI5,2025-06-09T07:30:00Z,18.736,1
Consis,BAUFI5,2025-06-09T08:00:00Z,19.329,1
Consis,BAUFI5,2025-06-09T08:30:00Z,21.891,1
Consis,BAUFI5,2025-06-09T09:00:00Z,24.205,1
Consis,BAUFI5,2025-06-09T09:30:00Z,23.206,1
Consis,BAUFI5,2025-06-09T10:00:00Z,23.543,1
Consis,BAUFI5,2025-06-09T10:30:00Z,23.167,1
Consis,BAUFI5,2025-06-09T11:00:00Z,23.358,1
Consis,BAUFI5,2025-06-09T11:30:00Z,23.513,1
Consis,BAUFI5,2025-06-09T12:00:00Z,22.485,1
Consis,BAUFI5,2025-06-09T12:30:00Z,21.551,1
Consis,BAUFI5,2025-06-09T13:00:00Z,19.78,1
Consis,BAUFI5,2025-06-09T13:30:00Z,17.311,1
Consis,BAUFI5,2025-06-09T14:00:00Z,14.614,1
Consis,BAUFI5,2025-06-09T14:30:00Z,11.629,1
Consis,BAUFI5,2025-06-09T15:00:00Z,9.18,1
Consis,BAUFI5,2025-06-09T15:30:00Z,19.488,1
Consis,BAUFI5,2025-06-09T16:00:00Z,16.072,1
Consis,BAUFI5,2025-06-09T16:30:00Z,8.782,1
Consis,BAUFI5,2025-06-09T17:00:00Z,2.128,1
Consis,BAUFI5,2025-06-09T17:30:00Z,0.158,1
Consis,BAUFI5,2025-06-09T18:00:00Z,0,1
Consis,BAUFI5,2025-06-09T18:30:00Z,0,1
Consis,BAUFI5,2025-06-09T19:00:00Z,0,1
Consis,BAUFI5,2025-06-09T19:30:00Z,0,1
Consis,BAUFI5,2025-06-09T20:00:00Z,0,1
Consis,BAUFI5,2025-06-09T20:30:00Z,0,1
Consis,BAUFI5,2025-06-09T21:00:00Z,0,1
Consis,BAUFI5,2025-06-09T21:30:00Z,0,1
Consis,BAUFI5,2025-06-09T22:00:00Z,0,1
Consis,BAUFI5,2025-06-09T22:30:00Z,0,1
Consis,BAUFI5,2025-06-09T23:00:00Z,0,1
Consis,BAUFI5,2025-06-09T23:30:00Z,0,1
Consis,BAUFI5,2025-06-10T00:00:00Z,0,1
Consis,BAUFI5,2025-06-10T00:30:00Z,0,1
Consis,BAUFI5,2025-06-10T01:00:00Z,0,1
Consis,BAUFI5,2025-06-10T01:30:00Z,0,1
Consis,BAUFI5,2025-06-10T02:00:00Z,0,1
Consis,BAUFI5,2025-06-10T02:30:00Z,0,1
Consis,BAUFI5,2025-06-10T03:00:00Z,0,1
Consis,BAUFI5,2025-06-10T03:30:00Z,0,1
Consis,BAUFI5,2025-06-10T04:00:00Z,0,1
Consis,BAUFI5,2025-06-10T04:30:00Z,0,1
Consis,BAUFI5,2025-06-10T05:00:00Z,0,1
Consis,BAUFI5,2025-06-10T05:30:00Z,0,1
Consis,BAUFI5,2025-06-10T06:00:00Z,0.039,1
Consis,BAUFI5,2025-06-10T06:30:00Z,2.346,1
Consis,BAUFI5,2025-06-10T07:00:00Z,10.093,1
Consis,BAUFI5,2025-06-10T07:30:00Z,17.822,1
Consis,BAUFI5,2025-06-10T08:00:00Z,21.628,1
Consis,BAUFI5,2025-06-10T08:30:00Z,22.718,1
Consis,BAUFI5,2025-06-10T09:00:00Z,23.256,1
Consis,BAUFI5,2025-06-10T09:30:00Z,23.395,1
Consis,BAUFI5,2025-06-10T10:00:00Z,22.859,1
Consis,BAUFI5,2025-06-10T10:30:00Z,22.545,1
Consis,BAUFI5,2025-06-10T11:00:00Z,22.927,1
Consis,BAUFI5,2025-06-10T11:30:00Z,21.407,1
Consis,BAUFI5,2025-06-10T12:00:00Z,21.897,1
Consis,BAUFI5,2025-06-10T12:30:00Z,23.831,1
Consis,BAUFI5,2025-06-10T13:00:00Z,23.327,1
Consis,BAUFI5,2025-06-10T13:30:00Z,23.358,1
Consis,BAUFI5,2025-06-10T14:00:00Z,22.373,1
Consis,BAUFI5,2025-06-10T14:30:00Z,22.646,1
Consis,BAUFI5,2025-06-10T15:00:00Z,22.045,1
Consis,BAUFI5,2025-06-10T15:30:00Z,20.809,1
Consis,BAUFI5,2025-06-10T16:00:00Z,16.095,1
Consis,BAUFI5,2025-06-10T16:30:00Z,8.933,1
Consis,BAUFI5,2025-06-10T17:00:00Z,2.111,1
Consis,BAUFI5,2025-06-10T17:30:00Z,0.169,1
Consis,BAUFI5,2025-06-10T18:00:00Z,0,1
Consis,BAUFI5,2025-06-10T18:30:00Z,0,1
Consis,BAUFI5,2025-06-10T19:00:00Z,0,1
Consis,BAUFI5,2025-06-10T19:30:00Z,0,1
Consis,BAUFI5,2025-06-10T20:00:00Z,0,1
Consis,BAUFI5,2025-06-10T20:30:00Z,0,1
Consis,BAUFI5,2025-06-10T21:00:00Z,0,2
Consis,BAUFI5,2025-06-10T21:30:00Z,0,2
Consis,BAUFI5,2025-06-10T22:00:00Z,0,2
Consis,BAUFI5,2025-06-10T22:30:00Z,0,2
Consis,BAUFI5,2025-06-10T23:00:00Z,0,1
Consis,BAUFI5,2025-06-10T23:30:00Z,0,1
Consis,BAUFI5,2025-06-11T00:00:00Z,0,1
Consis,BAUFI5,2025-06-11T00:30:00Z,0,1
Consis,BAUFI5,2025-06-11T01:00:00Z,0,1
Consis,BAUFI5,2025-06-11T01:30:00Z,0,1
Consis,BAUFI5,2025-06-11T02:00:00Z,0,1
Consis,BAUFI5,2025-06-11T02:30:00Z,0,1
Consis,BAUFI5,2025-06-11T03:00:00Z,0,1
Consis,BAUFI5,2025-06-11T03:30:00Z,0,1
Consis,BAUFI5,2025-06-11T04:00:00Z,0,1
Consis,BAUFI5,2025-06-11T04:30:00Z,0,1
Consis,BAUFI5,2025-06-11T05:00:00Z,0,1
Consis,BAUFI5,2025-06-11T05:30:00Z,0,1
Consis,BAUFI5,2025-06-11T06:00:00Z,0.128,1
Consis,BAUFI5,2025-06-11T06:30:00Z,2.653,1
Consis,BAUFI5,2025-06-11T07:00:00Z,8.61,1
Consis,BAUFI5,2025-06-11T07:30:00Z,14.662,1
Consis,BAUFI5,2025-06-11T08:00:00Z,19.919,1
Consis,BAUFI5,2025-06-11T08:30:00Z,21.976,1
Consis,BAUFI5,2025-06-11T09:00:00Z,21.888,1
Consis,BAUFI5,2025-06-11T09:30:00Z,22.204,1
Consis,BAUFI5,2025-06-11T10:00:00Z,23.043,1
Consis,BAUFI5,2025-06-11T10:30:00Z,22.655,1
Consis,BAUFI5,2025-06-11T11:00:00Z,21.657,1
Consis,BAUFI5,2025-06-11T11:30:00Z,23.018,1
Consis,BAUFI5,2025-06-11T12:00:00Z,20.859,1
Consis,BAUFI5,2025-06-11T12:30:00Z,22.759,1
Consis,BAUFI5,2025-06-11T13:00:00Z,23.333,1
Consis,BAUFI5,2025-06-11T13:30:00Z,23.879,1
Consis,BAUFI5,2025-06-11T14:00:00Z,16.307,1
Consis,BAUFI5,2025-06-11T14:30:00Z,16.079,1
Consis,BAUFI5,2025-06-11T15:00:00Z,12.481,1
Consis,BAUFI5,2025-06-11T15:30:00Z,2.95,1
Consis,BAUFI5,2025-06-11T16:00:00Z,2.927,1
Consis,BAUFI5,2025-06-11T16:30:00Z,2.939,1
Consis,BAUFI5,2025-06-11T17:00:00Z,1.745,1
Consis,BAUFI5,2025-06-11T17:30:00Z,0.131,1
Consis,BAUFI5,2025-06-11T18:00:00Z,0,1
Consis,BAUFI5,2025-06-11T18:30:00Z,0,1
Consis,BAUFI5,2025-06-11T19:00:00Z,0,1
Consis,BAUFI5,2025-06-11T19:30:00Z,0,1
Consis,BAUFI5,2025-06-11T20:00:00Z,0,1
Consis,BAUFI5,2025-06-11T20:30:00Z,0,1
Consis,BAUFI5,2025-06-11T21:00:00Z,0,1
Consis,BAUFI5,2025-06-11T21:30:00Z,0,1
Consis,BAUFI5,2025-06-11T22:00:00Z,0,1
Consis,BAUFI5,2025-06-11T22:30:00Z,0,1
Consis,BAUFI5,2025-06-11T23:00:00Z,0,1
Consis,BAUFI5,2025-06-11T23:30:00Z,0,1
Consis,BAUFI5,2025-06-12T00:00:00Z,0,1
Consis,BAUFI5,2025-06-12T00:30:00Z,0,1
Consis,BAUFI5,2025-06-12T01:00:00Z,0,1
Consis,BAUFI5,2025-06-12T01:30:00Z,0,1
Consis,BAUFI5,2025-06-12T02:00:00Z,0,1
Consis,BAUFI5,2025-06-12T02:30:00Z,0,1
Consis,BAUFI5,2025-06-12T03:00:00Z,0,1
Consis,BAUFI5,2025-06-12T03:30:00Z,0,1
Consis,BAUFI5,2025-06-12T04:00:00Z,0,1
Consis,BAUFI5,2025-06-12T04:30:00Z,0,1
Consis,BAUFI5,2025-06-12T05:00:00Z,0,1
Consis,BAUFI5,2025-06-12T05:30:00Z,0,1
Consis,BAUFI5,2025-06-12T06:00:00Z,0.048,1
Consis,BAUFI5,2025-06-12T06:30:00Z,2.096,1
Consis,BAUFI5,2025-06-12T07:00:00Z,4.165,1
Consis,BAUFI5,2025-06-12T07:30:00Z,5.406,1
Consis,BAUFI5,2025-06-12T08:00:00Z,20.481,1
Consis,BAUFI5,2025-06-12T08:30:00Z,20.533,1
Consis,BAUFI5,2025-06-12T09:00:00Z,19.617,1
Consis,BAUFI5,2025-06-12T09:30:00Z,20.175,1
Consis,BAUFI5,2025-06-12T10:00:00Z,8.686,1
Consis,BAUFI5,2025-06-12T10:30:00Z,2.767,1
Consis,BAUFI5,2025-06-12T11:00:00Z,2.632,1
Consis,BAUFI5,2025-06-12T11:30:00Z,2.928,1
Consis,BAUFI5,2025-06-12T12:00:00Z,2.331,1
Consis,BAUFI5,2025-06-12T12:30:00Z,13.48,1
Consis,BAUFI5,2025-06-12T13:00:00Z,16.408,1
Consis,BAUFI5,2025-06-12T13:30:00Z,9.202,1
Consis,BAUFI5,2025-06-12T14:00:00Z,13.279,1
Consis,BAUFI5,2025-06-12T14:30:00Z,11.918,1
Consis,BAUFI5,2025-06-12T15:00:00Z,7.825,1
Consis,BAUFI5,2025-06-12T15:30:00Z,5.164,1
Consis,BAUFI5,2025-06-12T16:00:00Z,4.303,1
Consis,BAUFI5,2025-06-12T16:30:00Z,2.212,1
Consis,BAUFI5,2025-06-12T17:00:00Z,1.555,1
Consis,BAUFI5,2025-06-12T17:30:00Z,0.139,1
Consis,BAUFI5,2025-06-12T18:00:00Z,0,1
Consis,BAUFI5,2025-06-12T18:30:00Z,0,1
Consis,BAUFI5,2025-06-12T19:00:00Z,0,1
Consis,BAUFI5,2025-06-12T19:30:00Z,0,1
Consis,BAUFI5,2025-06-12T20:00:00Z,0,1
Consis,BAUFI5,2025-06-12T20:30:00Z,0,1
Consis,BAUFI5,2025-06-12T21:00:00Z,0,1
Consis,BAUFI5,2025-06-12T21:30:00Z,0,1
Consis,BAUFI5,2025-06-12T22:00:00Z,0,1
Consis,BAUFI5,2025-06-12T22:30:00Z,0,1
Consis,BAUFI5,2025-06-12T23:00:00Z,0,1
Consis,BAUFI5,2025-06-12T23:30:00Z,0,1
Consis,BAUFI5,2025-06-13T00:00:00Z,0,1
Consis,BAUFI5,2025-06-13T00:30:00Z,0,1
Consis,BAUFI5,2025-06-13T01:00:00Z,0,1
Consis,BAUFI5,2025-06-13T01:30:00Z,0,1
Consis,BAUFI5,2025-06-13T02:00:00Z,0,1
Consis,BAUFI5,2025-06-13T02:30:00Z,0,1
Consis,BAUFI5,2025-06-13T03:00:00Z,0,1
Consis,BAUFI5,2025-06-13T03:30:00Z,0,1
Consis,BAUFI5,2025-06-13T04:00:00Z,0,1
Consis,BAUFI5,2025-06-13T04:30:00Z,0,1
Consis,BAUFI5,2025-06-13T05:00:00Z,0,1
Consis,BAUFI5,2025-06-13T05:30:00Z,0,1
Consis,BAUFI5,2025-06-13T06:00:00Z,0.057,1
Consis,BAUFI5,2025-06-13T06:30:00Z,1.939,1
Consis,BAUFI5,2025-06-13T07:00:00Z,1.482,1
Consis,BAUFI5,2025-06-13T07:30:00Z,1.07,1
Consis,BAUFI5,2025-06-13T08:00:00Z,1.079,1
Consis,BAUFI5,2025-06-13T08:30:00Z,1.087,1
Consis,BAUFI5,2025-06-13T09:00:00Z,0.856,1
Consis,BAUFI5,2025-06-13T09:30:00Z,0.027,1
Consis,BAUFI5,2025-06-13T10:00:00Z,0.546,1
Consis,BAUFI5,2025-06-13T10:30:00Z,1.107,1
Consis,BAUFI5,2025-06-13T11:00:00Z,1.094,1
Consis,BAUFI5,2025-06-13T11:30:00Z,1.089,1
Consis,BAUFI5,2025-06-13T12:00:00Z,1.094,1
Consis,BAUFI5,2025-06-13T12:30:00Z,1.093,1
Consis,BAUFI5,2025-06-13T13:00:00Z,4.229,1
Consis,BAUFI5,2025-06-13T13:30:00Z,7.907,1
Consis,BAUFI5,2025-06-13T14:00:00Z,15.118,1
Consis,BAUFI5,2025-06-13T14:30:00Z,20.206,1
Consis,BAUFI5,2025-06-13T15:00:00Z,21.495,1
Consis,BAUFI5,2025-06-13T15:30:00Z,19.831,1
Consis,BAUFI5,2025-06-13T16:00:00Z,16.021,1
Consis,BAUFI5,2025-06-13T16:30:00Z,7.971,1
Consis,BAUFI5,2025-06-13T17:00:00Z,2.085,1
Consis,BAUFI5,2025-06-13T17:30:00Z,0.168,1
Consis,BAUFI5,2025-06-13T18:00:00Z,0,1
Consis,BAUFI5,2025-06-13T18:30:00Z,0,1
Consis,BAUFI5,2025-06-13T19:00:00Z,0,1
Consis,BAUFI5,2025-06-13T19:30:00Z,0,1
Consis,BAUFI5,2025-06-13T20:00:00Z,0,1
Consis,BAUFI5,2025-06-13T20:30:00Z,0,1
Consis,BAUFI5,2025-06-13T21:00:00Z,0,1
Consis,BAUFI5,2025-06-13T21:30:00Z,0,1
Consis,BAUFI5,2025-06-13T22:00:00Z,0,1
Consis,BAUFI5,2025-06-13T22:30:00Z,0,1
Consis,BAUFI5,2025-06-13T23:00:00Z,0,1
Consis,BAUFI5,2025-06-13T23:30:00Z,0,1
Consis,BAUFI5,2025-06-14T00:00:00Z,0,1
Consis,BAUFI5,2025-06-14T00:30:00Z,0,1
Consis,BAUFI5,2025-06-14T01:00:00Z,0,1
Consis,BAUFI5,2025-06-14T01:30:00Z,0,1
Consis,BAUFI5,2025-06-14T02:00:00Z,0,1
Consis,BAUFI5,2025-06-14T02:30:00Z,0,1
Consis,BAUFI5,2025-06-14T03:00:00Z,0,1
Consis,BAUFI5,2025-06-14T03:30:00Z,0,1
Consis,BAUFI5,2025-06-14T04:00:00Z,0,1
Consis,BAUFI5,2025-06-14T04:30:00Z,0,1
Consis,BAUFI5,2025-06-14T05:00:00Z,0,1
Consis,BAUFI5,2025-06-14T05:30:00Z,0,1
Consis,BAUFI5,2025-06-14T06:00:00Z,0.034,1
Consis,BAUFI5,2025-06-14T06:30:00Z,0.047,1
Consis,BAUFI5,2025-06-14T07:00:00Z,0.046,1
Consis,BAUFI5,2025-06-14T07:30:00Z,0.036,1
Consis,BAUFI5,2025-06-14T08:00:00Z,0.053,2
Consis,BAUFI5,2025-06-14T08:30:00Z,20.3773,1
Consis,BAUFI5,2025-06-14T09:00:00Z,0,4
Consis,BAUFI5,2025-06-14T09:30:00Z,21.8251,1
Consis,BAUFI5,2025-06-14T10:00:00Z,11.6608891719903,4
Consis,BAUFI5,2025-06-14T10:30:00Z,24.3014,1
Consis,BAUFI5,2025-06-14T11:00:00Z,1.271,3
Consis,BAUFI5,2025-06-14T11:30:00Z,2.437,1
Consis,BAUFI5,2025-06-14T12:00:00Z,3.208,1
Consis,BAUFI5,2025-06-14T12:30:00Z,3.256,1
Consis,BAUFI5,2025-06-14T13:00:00Z,4.671,1
Consis,BAUFI5,2025-06-14T13:30:00Z,7.037,1
Consis,BAUFI5,2025-06-14T14:00:00Z,7.054,1
Consis,BAUFI5,2025-06-14T14:30:00Z,14.097,1
Consis,BAUFI5,2025-06-14T15:00:00Z,17.996,1
Consis,BAUFI5,2025-06-14T15:30:00Z,19.611,1
Consis,BAUFI5,2025-06-14T16:00:00Z,15.667,1
Consis,BAUFI5,2025-06-14T16:30:00Z,8.468,1
Consis,BAUFI5,2025-06-14T17:00:00Z,1.29,1
Consis,BAUFI5,2025-06-14T17:30:00Z,0.173,1
Consis,BAUFI5,2025-06-14T18:00:00Z,0,1
Consis,BAUFI5,2025-06-14T18:30:00Z,0,1
Consis,BAUFI5,2025-06-14T19:00:00Z,0,1
Consis,BAUFI5,2025-06-14T19:30:00Z,0,1
Consis,BAUFI5,2025-06-14T20:00:00Z,0,1
Consis,BAUFI5,2025-06-14T20:30:00Z,0,1
Consis,BAUFI5,2025-06-14T21:00:00Z,0,1
Consis,BAUFI5,2025-06-14T21:30:00Z,0,1
Consis,BAUFI5,2025-06-14T22:00:00Z,0,1
Consis,BAUFI5,2025-06-14T22:30:00Z,0,1
Consis,BAUFI5,2025-06-14T23:00:00Z,0,1
Consis,BAUFI5,2025-06-14T23:30:00Z,0,1
Consis,BAUFI5,2025-06-15T00:00:00Z,0,1
Consis,BAUFI5,2025-06-15T00:30:00Z,0,1
Consis,BAUFI5,2025-06-15T01:00:00Z,0,1
Consis,BAUFI5,2025-06-15T01:30:00Z,0,1
Consis,BAUFI5,2025-06-15T02:00:00Z,0,1
Consis,BAUFI5,2025-06-15T02:30:00Z,0,1
Consis,BAUFI5,2025-06-15T03:00:00Z,0,1
Consis,BAUFI5,2025-06-15T03:30:00Z,0,1
Consis,BAUFI5,2025-06-15T04:00:00Z,0,1
Consis,BAUFI5,2025-06-15T04:30:00Z,0,1
Consis,BAUFI5,2025-06-15T05:00:00Z,0,1
Consis,BAUFI5,2025-06-15T05:30:00Z,0,1
Consis,BAUFI5,2025-06-15T06:00:00Z,0.033,1
Consis,BAUFI5,2025-06-15T06:30:00Z,2.133,1
Consis,BAUFI5,2025-06-15T07:00:00Z,3.416,1
Consis,BAUFI5,2025-06-15T07:30:00Z,3.382,1
Consis,BAUFI5,2025-06-15T08:00:00Z,3.767,1
Consis,BAUFI5,2025-06-15T08:30:00Z,5.51,1
Consis,BAUFI5,2025-06-15T09:00:00Z,5.552,1
Consis,BAUFI5,2025-06-15T09:30:00Z,5.489,1
Consis,BAUFI5,2025-06-15T10:00:00Z,5.557,1
Consis,BAUFI5,2025-06-15T10:30:00Z,5.559,1
Consis,BAUFI5,2025-06-15T11:00:00Z,6.143,1
Consis,BAUFI5,2025-06-15T11:30:00Z,7.693,1
Consis,BAUFI5,2025-06-15T12:00:00Z,7.705,1
Consis,BAUFI5,2025-06-15T12:30:00Z,8.412,1
Consis,BAUFI5,2025-06-15T13:00:00Z,10.329,1
Consis,BAUFI5,2025-06-15T13:30:00Z,11.455,1
Consis,BAUFI5,2025-06-15T14:00:00Z,13.49,1
Consis,BAUFI5,2025-06-15T14:30:00Z,21.453,1
Consis,BAUFI5,2025-06-15T15:00:00Z,23.044,1
Consis,BAUFI5,2025-06-15T15:30:00Z,14.898,1
Consis,BAUFI5,2025-06-15T16:00:00Z,3.796,1
Consis,BAUFI5,2025-06-15T16:30:00Z,2.531,1
Consis,BAUFI5,2025-06-15T17:00:00Z,1.809,1
Consis,BAUFI5,2025-06-15T17:30:00Z,0.198,1
Consis,BAUFI5,2025-06-15T18:00:00Z,0,1
Consis,BAUFI5,2025-06-15T18:30:00Z,0,1
Consis,BAUFI5,2025-06-15T19:00:00Z,0,1
Consis,BAUFI5,2025-06-15T19:30:00Z,0,1
Consis,BAUFI5,2025-06-15T20:00:00Z,0,1
Consis,BAUFI5,2025-06-15T20:30:00Z,0,1
Consis,BAUFI5,2025-06-15T21:00:00Z,0,1
Consis,BAUFI5,2025-06-15T21:30:00Z,0,1
Consis,BAUFI5,2025-06-15T22:00:00Z,0,1
Consis,BAUFI5,2025-06-15T22:30:00Z,0,1
Consis,BAUFI5,2025-06-15T23:00:00Z,0,1
Consis,BAUFI5,2025-06-15T23:30:00Z,0,1
Consis,BAUFI5,2025-06-16T00:00:00Z,0,1
Consis,BAUFI5,2025-06-16T00:30:00Z,0,1
Consis,BAUFI5,2025-06-16T01:00:00Z,0,1
Consis,BAUFI5,2025-06-16T01:30:00Z,0,1
Consis,BAUFI5,2025-06-16T02:00:00Z,0,1
Consis,BAUFI5,2025-06-16T02:30:00Z,0,1
Consis,BAUFI5,2025-06-16T03:00:00Z,0,1
Consis,BAUFI5,2025-06-16T03:30:00Z,0,1
Consis,BAUFI5,2025-06-16T04:00:00Z,0,1
Consis,BAUFI5,2025-06-16T04:30:00Z,0,1
Consis,BAUFI5,2025-06-16T05:00:00Z,0,1
Consis,BAUFI5,2025-06-16T05:30:00Z,0,1
Consis,BAUFI5,2025-06-16T06:00:00Z,0.03,1
Consis,BAUFI5,2025-06-16T06:30:00Z,2.026,1
Consis,BAUFI5,2025-06-16T07:00:00Z,9.22,1
Consis,BAUFI5,2025-06-16T07:30:00Z,17.36,1
Consis,BAUFI5,2025-06-16T08:00:00Z,21.588,1
Consis,BAUFI5,2025-06-16T08:30:00Z,6.136,1
Consis,BAUFI5,2025-06-16T09:00:00Z,0.036,1
Consis,BAUFI5,2025-06-16T09:30:00Z,0.037,1
Consis,BAUFI5,2025-06-16T10:00:00Z,0.037,1
Consis,BAUFI5,2025-06-16T10:30:00Z,13.68,1
Consis,BAUFI5,2025-06-16T11:00:00Z,23.849,1
Consis,BAUFI5,2025-06-16T11:30:00Z,23.874,1
Consis,BAUFI5,2025-06-16T12:00:00Z,23.747,1
Consis,BAUFI5,2025-06-16T12:30:00Z,24.068,1
Consis,BAUFI5,2025-06-16T13:00:00Z,21.074,1
Consis,BAUFI5,2025-06-16T13:30:00Z,15.182,1
Consis,BAUFI5,2025-06-16T14:00:00Z,9.451,1
Consis,BAUFI5,2025-06-16T14:30:00Z,6.202,1
Consis,BAUFI5,2025-06-16T15:00:00Z,7.115,1
Consis,BAUFI5,2025-06-16T15:30:00Z,7.92,1
Consis,BAUFI5,2025-06-16T16:00:00Z,13.059,1
Consis,BAUFI5,2025-06-16T16:30:00Z,10.226,1
Consis,BAUFI5,2025-06-16T17:00:00Z,1.272,1
Consis,BAUFI5,2025-06-16T17:30:00Z,0.091,1
Consis,BAUFI5,2025-06-16T18:00:00Z,0,1
Consis,BAUFI5,2025-06-16T18:30:00Z,0,1
Consis,BAUFI5,2025-06-16T19:00:00Z,0,1
Consis,BAUFI5,2025-06-16T19:30:00Z,0,1
Consis,BAUFI5,2025-06-16T20:00:00Z,0,1
Consis,BAUFI5,2025-06-16T20:30:00Z,0,1
Consis,BAUFI5,2025-06-16T21:00:00Z,0,1
Consis,BAUFI5,2025-06-16T21:30:00Z,0,1
Consis,BAUFI5,2025-06-16T22:00:00Z,0,1
Consis,BAUFI5,2025-06-16T22:30:00Z,0,1
Consis,BAUFI5,2025-06-16T23:00:00Z,0,1
Consis,BAUFI5,2025-06-16T23:30:00Z,0,1
Consis,BAUFI5,2025-06-17T00:00:00Z,0,1
Consis,BAUFI5,2025-06-17T00:30:00Z,0,1
Consis,BAUFI5,2025-06-17T01:00:00Z,0,1
Consis,BAUFI5,2025-06-17T01:30:00Z,0,1
Consis,BAUFI5,2025-06-17T02:00:00Z,0,1
Consis,BAUFI5,2025-06-17T02:30:00Z,0,1
Consis,BAUFI5,2025-06-17T03:00:00Z,0,1
Consis,BAUFI5,2025-06-17T03:30:00Z,0,1
Consis,BAUFI5,2025-06-17T04:00:00Z,0,1
Consis,BAUFI5,2025-06-17T04:30:00Z,0,1
Consis,BAUFI5,2025-06-17T05:00:00Z,0,1
Consis,BAUFI5,2025-06-17T05:30:00Z,0,1
Consis,BAUFI5,2025-06-17T06:00:00Z,0,1
Consis,BAUFI5,2025-06-17T06:30:00Z,0.939,1
Consis,BAUFI5,2025-06-17T07:00:00Z,0.032,1
Consis,BAUFI5,2025-06-17T07:30:00Z,0.038,1
Consis,BAUFI5,2025-06-17T08:00:00Z,0,4
Consis,BAUFI5,2025-06-17T08:30:00Z,19.5107,1
Consis,BAUFI5,2025-06-17T09:00:00Z,0,4
Consis,BAUFI5,2025-06-17T09:30:00Z,21.86,1
Consis,BAUFI5,2025-06-17T10:00:00Z,0.028,1
Consis,BAUFI5,2025-06-17T10:30:00Z,0.048,1
Consis,BAUFI5,2025-06-17T11:00:00Z,0.046,1
Consis,BAUFI5,2025-06-17T11:30:00Z,0.032,1
Consis,BAUFI5,2025-06-17T12:00:00Z,0.039,1
Consis,BAUFI5,2025-06-17T12:30:00Z,1.2,1
Consis,BAUFI5,2025-06-17T13:00:00Z,5.365,1
Consis,BAUFI5,2025-06-17T13:30:00Z,11.704,1
Consis,BAUFI5,2025-06-17T14:00:00Z,12.593,1
Consis,BAUFI5,2025-06-17T14:30:00Z,13.774,1
Consis,BAUFI5,2025-06-17T15:00:00Z,4.379,1
Consis,BAUFI5,2025-06-17T15:30:00Z,3.057,1
Consis,BAUFI5,2025-06-17T16:00:00Z,0,1
Consis,BAUFI5,2025-06-17T16:30:00Z,0.015,1
Consis,BAUFI5,2025-06-17T17:00:00Z,0.366,1
Consis,BAUFI5,2025-06-17T17:30:00Z,0,1
Consis,BAUFI5,2025-06-17T18:00:00Z,0,1
Consis,BAUFI5,2025-06-17T18:30:00Z,0,1
Consis,BAUFI5,2025-06-17T19:00:00Z,0,1
Consis,BAUFI5,2025-06-17T19:30:00Z,0,1
Consis,BAUFI5,2025-06-17T20:00:00Z,0,2
Consis,BAUFI5,2025-06-17T20:30:00Z,0,2
Consis,BAUFI5,2025-06-17T21:00:00Z,0,2
Consis,BAUFI5,2025-06-17T21:30:00Z,0,1
Consis,BAUFI5,2025-06-17T22:00:00Z,0,1
Consis,BAUFI5,2025-06-17T22:30:00Z,0,1
Consis,BAUFI5,2025-06-17T23:00:00Z,0,1
Consis,BAUFI5,2025-06-17T23:30:00Z,0,1
Consis,BAUFI5,2025-06-18T00:00:00Z,0,1
Consis,BAUFI5,2025-06-18T00:30:00Z,0,1
Consis,BAUFI5,2025-06-18T01:00:00Z,0,1
Consis,BAUFI5,2025-06-18T01:30:00Z,0,1
Consis,BAUFI5,2025-06-18T02:00:00Z,0,1
Consis,BAUFI5,2025-06-18T02:30:00Z,0,1
Consis,BAUFI5,2025-06-18T03:00:00Z,0,1
Consis,BAUFI5,2025-06-18T03:30:00Z,0,1
Consis,BAUFI5,2025-06-18T04:00:00Z,0,1
Consis,BAUFI5,2025-06-18T04:30:00Z,0,1
Consis,BAUFI5,2025-06-18T05:00:00Z,0,1
Consis,BAUFI5,2025-06-18T05:30:00Z,0,1
Consis,BAUFI5,2025-06-18T06:00:00Z,0.02,1
Consis,BAUFI5,2025-06-18T06:30:00Z,1.944,1
Consis,BAUFI5,2025-06-18T07:00:00Z,6.728,1
Consis,BAUFI5,2025-06-18T07:30:00Z,0,1
Consis,BAUFI5,2025-06-18T08:00:00Z,0.013,1
Consis,BAUFI5,2025-06-18T08:30:00Z,0.846,1
Consis,BAUFI5,2025-06-18T09:00:00Z,4.801,1
Consis,BAUFI5,2025-06-18T09:30:00Z,0,1
Consis,BAUFI5,2025-06-18T10:00:00Z,0.031,1
Consis,BAUFI5,2025-06-18T10:30:00Z,0.035,1
Consis,BAUFI5,2025-06-18T11:00:00Z,0,1
Consis,BAUFI5,2025-06-18T11:30:00Z,0,1
Consis,BAUFI5,2025-06-18T12:00:00Z,0,1
Consis,BAUFI5,2025-06-18T12:30:00Z,0,1
Consis,BAUFI5,2025-06-18T13:00:00Z,1.486,1
Consis,BAUFI5,2025-06-18T13:30:00Z,14.519,1
Consis,BAUFI5,2025-06-18T14:00:00Z,23.58,1
Consis,BAUFI5,2025-06-18T14:30:00Z,23.767,1
Consis,BAUFI5,2025-06-18T15:00:00Z,22.146,1
Consis,BAUFI5,2025-06-18T15:30:00Z,12.652,1
Consis,BAUFI5,2025-06-18T16:00:00Z,7.282,1
Consis,BAUFI5,2025-06-18T16:30:00Z,4.922,1
Consis,BAUFI5,2025-06-18T17:00:00Z,0.176,1
Consis,BAUFI5,2025-06-18T17:30:00Z,0,1
Consis,BAUFI5,2025-06-18T18:00:00Z,0,1
Consis,BAUFI5,2025-06-18T18:30:00Z,0,1
Consis,BAUFI5,2025-06-18T19:00:00Z,0,1
Consis,BAUFI5,2025-06-18T19:30:00Z,0,1
Consis,BAUFI5,2025-06-18T20:00:00Z,0,1
Consis,BAUFI5,2025-06-18T20:30:00Z,0,1
Consis,BAUFI5,2025-06-18T21:00:00Z,0,1
Consis,BAUFI5,2025-06-18T21:30:00Z,0,1
Consis,BAUFI5,2025-06-18T22:00:00Z,0,1
Consis,BAUFI5,2025-06-18T22:30:00Z,0,1
Consis,BAUFI5,2025-06-18T23:00:00Z,0,1
Consis,BAUFI5,2025-06-18T23:30:00Z,0,1
Consis,BAUFI5,2025-06-19T00:00:00Z,0,1
Consis,BAUFI5,2025-06-19T00:30:00Z,0,1
Consis,BAUFI5,2025-06-19T01:00:00Z,0,1
Consis,BAUFI5,2025-06-19T01:30:00Z,0,1
Consis,BAUFI5,2025-06-19T02:00:00Z,0,1
Consis,BAUFI5,2025-06-19T02:30:00Z,0,1
Consis,BAUFI5,2025-06-19T03:00:00Z,0,1
Consis,BAUFI5,2025-06-19T03:30:00Z,0,1
Consis,BAUFI5,2025-06-19T04:00:00Z,0,1
Consis,BAUFI5,2025-06-19T04:30:00Z,0,1
Consis,BAUFI5,2025-06-19T05:00:00Z,0,1
Consis,BAUFI5,2025-06-19T05:30:00Z,0,1
Consis,BAUFI5,2025-06-19T06:00:00Z,0,1
Consis,BAUFI5,2025-06-19T06:30:00Z,1.869,1
Consis,BAUFI5,2025-06-19T07:00:00Z,0.031,1
Consis,BAUFI5,2025-06-19T07:30:00Z,0,1
Consis,BAUFI5,2025-06-19T08:00:00Z,0,1
Consis,BAUFI5,2025-06-19T08:30:00Z,0,1
Consis,BAUFI5,2025-06-19T09:00:00Z,0,1
Consis,BAUFI5,2025-06-19T09:30:00Z,0,1
Consis,BAUFI5,2025-06-19T10:00:00Z,0,1
Consis,BAUFI5,2025-06-19T10:30:00Z,0,1
Consis,BAUFI5,2025-06-19T11:00:00Z,0,1
Consis,BAUFI5,2025-06-19T11:30:00Z,0,1
Consis,BAUFI5,2025-06-19T12:00:00Z,2.426,1
Consis,BAUFI5,2025-06-19T12:30:00Z,6.147,1
Consis,BAUFI5,2025-06-19T13:00:00Z,10.051,1
Consis,BAUFI5,2025-06-19T13:30:00Z,10.191,1
Consis,BAUFI5,2025-06-19T14:00:00Z,23.193,1
Consis,BAUFI5,2025-06-19T14:30:00Z,23.749,1
Consis,BAUFI5,2025-06-19T15:00:00Z,23.213,1
Consis,BAUFI5,2025-06-19T15:30:00Z,21.644,1
Consis,BAUFI5,2025-06-19T16:00:00Z,15.369,1
Consis,BAUFI5,2025-06-19T16:30:00Z,7.545,1
Consis,BAUFI5,2025-06-19T17:00:00Z,2.502,1
Consis,BAUFI5,2025-06-19T17:30:00Z,0.001,1
Consis,BAUFI5,2025-06-19T18:00:00Z,0,1
Consis,BAUFI5,2025-06-19T18:30:00Z,0,1
Consis,BAUFI5,2025-06-19T19:00:00Z,0,1
Consis,BAUFI5,2025-06-19T19:30:00Z,0,1
Consis,BAUFI5,2025-06-19T20:00:00Z,0,1
Consis,BAUFI5,2025-06-19T20:30:00Z,0,1
Consis,BAUFI5,2025-06-19T21:00:00Z,0,1
Consis,BAUFI5,2025-06-19T21:30:00Z,0,1
Consis,BAUFI5,2025-06-19T22:00:00Z,0,1
Consis,BAUFI5,2025-06-19T22:30:00Z,0,1
Consis,BAUFI5,2025-06-19T23:00:00Z,0,1
Consis,BAUFI5,2025-06-19T23:30:00Z,0,1
Consis,BAUFI5,2025-06-20T00:00:00Z,0,1
Consis,BAUFI5,2025-06-20T00:30:00Z,0,1
Consis,BAUFI5,2025-06-20T01:00:00Z,0,1
Consis,BAUFI5,2025-06-20T01:30:00Z,0,1
Consis,BAUFI5,2025-06-20T02:00:00Z,0,1
Consis,BAUFI5,2025-06-20T02:30:00Z,0,1
Consis,BAUFI5,2025-06-20T03:00:00Z,0,1
Consis,BAUFI5,2025-06-20T03:30:00Z,0,1
Consis,BAUFI5,2025-06-20T04:00:00Z,0,1
Consis,BAUFI5,2025-06-20T04:30:00Z,0,1
Consis,BAUFI5,2025-06-20T05:00:00Z,0,1
Consis,BAUFI5,2025-06-20T05:30:00Z,0,1
Consis,BAUFI5,2025-06-20T06:00:00Z,0,1
Consis,BAUFI5,2025-06-20T06:30:00Z,0,1
Consis,BAUFI5,2025-06-20T07:00:00Z,0,1
Consis,BAUFI5,2025-06-20T07:30:00Z,0,1
Consis,BAUFI5,2025-06-20T08:00:00Z,0,1
Consis,BAUFI5,2025-06-20T08:30:00Z,0,1
Consis,BAUFI5,2025-06-20T09:00:00Z,0,1
Consis,BAUFI5,2025-06-20T09:30:00Z,0,1
Consis,BAUFI5,2025-06-20T10:00:00Z,0,1
Consis,BAUFI5,2025-06-20T10:30:00Z,0,1
Consis,BAUFI5,2025-06-20T11:00:00Z,0,1
Consis,BAUFI5,2025-06-20T11:30:00Z,0,1
Consis,BAUFI5,2025-06-20T12:00:00Z,0,1
Consis,BAUFI5,2025-06-20T12:30:00Z,0,1
Consis,BAUFI5,2025-06-20T13:00:00Z,0,1
Consis,BAUFI5,2025-06-20T13:30:00Z,0,1
Consis,BAUFI5,2025-06-20T14:00:00Z,5.398,1
Consis,BAUFI5,2025-06-20T14:30:00Z,23.226,1
Consis,BAUFI5,2025-06-20T15:00:00Z,22.643,1
Consis,BAUFI5,2025-06-20T15:30:00Z,21.162,1
Consis,BAUFI5,2025-06-20T16:00:00Z,15.589,1
Consis,BAUFI5,2025-06-20T16:30:00Z,9.548,1
Consis,BAUFI5,2025-06-20T17:00:00Z,2.458,1
Consis,BAUFI5,2025-06-20T17:30:00Z,0.069,1
Consis,BAUFI5,2025-06-20T18:00:00Z,0,1
Consis,BAUFI5,2025-06-20T18:30:00Z,0,1
Consis,BAUFI5,2025-06-20T19:00:00Z,0,1
Consis,BAUFI5,2025-06-20T19:30:00Z,0,1
Consis,BAUFI5,2025-06-20T20:00:00Z,0,1
Consis,BAUFI5,2025-06-20T20:30:00Z,0,1
Consis,BAUFI5,2025-06-20T21:00:00Z,0,1
Consis,BAUFI5,2025-06-20T21:30:00Z,0,1
Consis,BAUFI5,2025-06-20T22:00:00Z,0,1
Consis,BAUFI5,2025-06-20T22:30:00Z,0,1
Consis,BAUFI5,2025-06-20T23:00:00Z,0,1
Consis,BAUFI5,2025-06-20T23:30:00Z,0,1
Consis,BAUFI5,2025-06-21T00:00:00Z,0,1
Consis,BAUFI5,2025-06-21T00:30:00Z,0,1
Consis,BAUFI5,2025-06-21T01:00:00Z,0,1
Consis,BAUFI5,2025-06-21T01:30:00Z,0,1
Consis,BAUFI5,2025-06-21T02:00:00Z,0,1
Consis,BAUFI5,2025-06-21T02:30:00Z,0,1
Consis,BAUFI5,2025-06-21T03:00:00Z,0,1
Consis,BAUFI5,2025-06-21T03:30:00Z,0,1
Consis,BAUFI5,2025-06-21T04:00:00Z,0,1
Consis,BAUFI5,2025-06-21T04:30:00Z,0,1
Consis,BAUFI5,2025-06-21T05:00:00Z,0,1
Consis,BAUFI5,2025-06-21T05:30:00Z,0,1
Consis,BAUFI5,2025-06-21T06:00:00Z,0.01,1
Consis,BAUFI5,2025-06-21T06:30:00Z,1.998,1
Consis,BAUFI5,2025-06-21T07:00:00Z,4.473,1
Consis,BAUFI5,2025-06-21T07:30:00Z,3.767,1
Consis,BAUFI5,2025-06-21T08:00:00Z,4.827,1
Consis,BAUFI5,2025-06-21T08:30:00Z,0.9,1
Consis,BAUFI5,2025-06-21T09:00:00Z,0,1
Consis,BAUFI5,2025-06-21T09:30:00Z,0,1
Consis,BAUFI5,2025-06-21T10:00:00Z,0,1
Consis,BAUFI5,2025-06-21T10:30:00Z,0.003,1
Consis,BAUFI5,2025-06-21T11:00:00Z,0.045,1
Consis,BAUFI5,2025-06-21T11:30:00Z,0.042,1
Consis,BAUFI5,2025-06-21T12:00:00Z,0.037,1
Consis,BAUFI5,2025-06-21T12:30:00Z,0.041,1
Consis,BAUFI5,2025-06-21T13:00:00Z,1.446,1
Consis,BAUFI5,2025-06-21T13:30:00Z,13.235,1
Consis,BAUFI5,2025-06-21T14:00:00Z,19.233,1
Consis,BAUFI5,2025-06-21T14:30:00Z,9.775,1
Consis,BAUFI5,2025-06-21T15:00:00Z,16.445,1
Consis,BAUFI5,2025-06-21T15:30:00Z,12.807,1
Consis,BAUFI5,2025-06-21T16:00:00Z,11.134,1
Consis,BAUFI5,2025-06-21T16:30:00Z,4.367,1
Consis,BAUFI5,2025-06-21T17:00:00Z,1.283,1
Consis,BAUFI5,2025-06-21T17:30:00Z,0.137,1
Consis,BAUFI5,2025-06-21T18:00:00Z,0,1
Consis,BAUFI5,2025-06-21T18:30:00Z,0,1
Consis,BAUFI5,2025-06-21T19:00:00Z,0,1
Consis,BAUFI5,2025-06-21T19:30:00Z,0,1
Consis,BAUFI5,2025-06-21T20:00:00Z,0,1
Consis,BAUFI5,2025-06-21T20:30:00Z,0,1
Consis,BAUFI5,2025-06-21T21:00:00Z,0,1
Consis,BAUFI5,2025-06-21T21:30:00Z,0,1
Consis,BAUFI5,2025-06-21T22:00:00Z,0,1
Consis,BAUFI5,2025-06-21T22:30:00Z,0,1
Consis,BAUFI5,2025-06-21T23:00:00Z,0,1
Consis,BAUFI5,2025-06-21T23:30:00Z,0,1
Consis,BAUFI5,2025-06-22T00:00:00Z,0,1
Consis,BAUFI5,2025-06-22T00:30:00Z,0,1
Consis,BAUFI5,2025-06-22T01:00:00Z,0,1
Consis,BAUFI5,2025-06-22T01:30:00Z,0,1
Consis,BAUFI5,2025-06-22T02:00:00Z,0,1
Consis,BAUFI5,2025-06-22T02:30:00Z,0,1
Consis,BAUFI5,2025-06-22T03:00:00Z,0,1
Consis,BAUFI5,2025-06-22T03:30:00Z,0,1
Consis,BAUFI5,2025-06-22T04:00:00Z,0,1
Consis,BAUFI5,2025-06-22T04:30:00Z,0,1
Consis,BAUFI5,2025-06-22T05:00:00Z,0,1
Consis,BAUFI5,2025-06-22T05:30:00Z,0,1
Consis,BAUFI5,2025-06-22T06:00:00Z,0,1
Consis,BAUFI5,2025-06-22T06:30:00Z,1.427,1
Consis,BAUFI5,2025-06-22T07:00:00Z,7.453,1
Consis,BAUFI5,2025-06-22T07:30:00Z,8.915,1
Consis,BAUFI5,2025-06-22T08:00:00Z,8.627,1
Consis,BAUFI5,2025-06-22T08:30:00Z,8.279,1
Consis,BAUFI5,2025-06-22T09:00:00Z,8.042,1
Consis,BAUFI5,2025-06-22T09:30:00Z,7.866,1
Consis,BAUFI5,2025-06-22T10:00:00Z,6.131,1
Consis,BAUFI5,2025-06-22T10:30:00Z,5.355,1
Consis,BAUFI5,2025-06-22T11:00:00Z,5.304,1
Consis,BAUFI5,2025-06-22T11:30:00Z,6.123,1
Consis,BAUFI5,2025-06-22T12:00:00Z,7.026,1
Consis,BAUFI5,2025-06-22T12:30:00Z,8.338,1
Consis,BAUFI5,2025-06-22T13:00:00Z,9.907,1
Consis,BAUFI5,2025-06-22T13:30:00Z,13.264,1
Consis,BAUFI5,2025-06-22T14:00:00Z,12.808,1
Consis,BAUFI5,2025-06-22T14:30:00Z,13.799,1
Consis,BAUFI5,2025-06-22T15:00:00Z,16.419,1
Consis,BAUFI5,2025-06-22T15:30:00Z,17.165,1
Consis,BAUFI5,2025-06-22T16:00:00Z,4.635,1
Consis,BAUFI5,2025-06-22T16:30:00Z,1.558,1
Consis,BAUFI5,2025-06-22T17:00:00Z,0.715,1
Consis,BAUFI5,2025-06-22T17:30:00Z,0.12,1
Consis,BAUFI5,2025-06-22T18:00:00Z,0,1
Consis,BAUFI5,2025-06-22T18:30:00Z,0,1
Consis,BAUFI5,2025-06-22T19:00:00Z,0,1
Consis,BAUFI5,2025-06-22T19:30:00Z,0,1
Consis,BAUFI5,2025-06-22T20:00:00Z,0,1
Consis,BAUFI5,2025-06-22T20:30:00Z,0,1
Consis,BAUFI5,2025-06-22T21:00:00Z,0,1
Consis,BAUFI5,2025-06-22T21:30:00Z,0,1
Consis,BAUFI5,2025-06-22T22:00:00Z,0,1
Consis,BAUFI5,2025-06-22T22:30:00Z,0,1
Consis,BAUFI5,2025-06-22T23:00:00Z,0,1
Consis,BAUFI5,2025-06-22T23:30:00Z,0,1
Consis,BAUFI5,2025-06-23T00:00:00Z,0,1
Consis,BAUFI5,2025-06-23T00:30:00Z,0,1
Consis,BAUFI5,2025-06-23T01:00:00Z,0,1
Consis,BAUFI5,2025-06-23T01:30:00Z,0,1
Consis,BAUFI5,2025-06-23T02:00:00Z,0,1
Consis,BAUFI5,2025-06-23T02:30:00Z,0,1
Consis,BAUFI5,2025-06-23T03:00:00Z,0,1
Consis,BAUFI5,2025-06-23T03:30:00Z,0,1
Consis,BAUFI5,2025-06-23T04:00:00Z,0,1
Consis,BAUFI5,2025-06-23T04:30:00Z,0,1
Consis,BAUFI5,2025-06-23T05:00:00Z,0,1
Consis,BAUFI5,2025-06-23T05:30:00Z,0,1
Consis,BAUFI5,2025-06-23T06:00:00Z,0.005,1
Consis,BAUFI5,2025-06-23T06:30:00Z,1.857,1
Consis,BAUFI5,2025-06-23T07:00:00Z,2.637,1
Consis,BAUFI5,2025-06-23T07:30:00Z,0.012,1
Consis,BAUFI5,2025-06-23T08:00:00Z,0.029,1
Consis,BAUFI5,2025-06-23T08:30:00Z,21.634,1
Consis,BAUFI5,2025-06-23T09:00:00Z,0,4
Consis,BAUFI5,2025-06-23T09:30:00Z,23.3975,1
Consis,BAUFI5,2025-06-23T10:00:00Z,10.9228582117377,4
Consis,BAUFI5,2025-06-23T10:30:00Z,24.9043,1
Consis,BAUFI5,2025-06-23T11:00:00Z,12.3705595943732,4
Consis,BAUFI5,2025-06-23T11:30:00Z,23.2528,1
Consis,BAUFI5,2025-06-23T12:00:00Z,10.867570106989,4
Consis,BAUFI5,2025-06-23T12:30:00Z,23.5821,1
Consis,BAUFI5,2025-06-23T13:00:00Z,2.005,1
Consis,BAUFI5,2025-06-23T13:30:00Z,22.655,1
Consis,BAUFI5,2025-06-23T14:00:00Z,23.457,1
Consis,BAUFI5,2025-06-23T14:30:00Z,23.138,1
Consis,BAUFI5,2025-06-23T15:00:00Z,22.592,1
Consis,BAUFI5,2025-06-23T15:30:00Z,21.198,1
Consis,BAUFI5,2025-06-23T16:00:00Z,15.69,1
Consis,BAUFI5,2025-06-23T16:30:00Z,9.426,1
Consis,BAUFI5,2025-06-23T17:00:00Z,2.482,1
Consis,BAUFI5,2025-06-23T17:30:00Z,0.156,1
Consis,BAUFI5,2025-06-23T18:00:00Z,0,1
Consis,BAUFI5,2025-06-23T18:30:00Z,0,1
Consis,BAUFI5,2025-06-23T19:00:00Z,0,1
Consis,BAUFI5,2025-06-23T19:30:00Z,0,1
Consis,BAUFI5,2025-06-23T20:00:00Z,0,1
Consis,BAUFI5,2025-06-23T20:30:00Z,0,1
Consis,BAUFI5,2025-06-23T21:00:00Z,0,1
Consis,BAUFI5,2025-06-23T21:30:00Z,0,1
Consis,BAUFI5,2025-06-23T22:00:00Z,0,1
Consis,BAUFI5,2025-06-23T22:30:00Z,0,1
Consis,BAUFI5,2025-06-23T23:00:00Z,0,1
Consis,BAUFI5,2025-06-23T23:30:00Z,0,1
Consis,BAUFI5,2025-06-24T00:00:00Z,0,1
Consis,BAUFI5,2025-06-24T00:30:00Z,0,1
Consis,BAUFI5,2025-06-24T01:00:00Z,0,1
Consis,BAUFI5,2025-06-24T01:30:00Z,0,1
Consis,BAUFI5,2025-06-24T02:00:00Z,0,1
Consis,BAUFI5,2025-06-24T02:30:00Z,0,1
Consis,BAUFI5,2025-06-24T03:00:00Z,0,1
Consis,BAUFI5,2025-06-24T03:30:00Z,0,1
Consis,BAUFI5,2025-06-24T04:00:00Z,0,1
Consis,BAUFI5,2025-06-24T04:30:00Z,0,1
Consis,BAUFI5,2025-06-24T05:00:00Z,0,1
Consis,BAUFI5,2025-06-24T05:30:00Z,0,1
Consis,BAUFI5,2025-06-24T06:00:00Z,0.015,1
Consis,BAUFI5,2025-06-24T06:30:00Z,1.665,1
Consis,BAUFI5,2025-06-24T07:00:00Z,8.612,1
Consis,BAUFI5,2025-06-24T07:30:00Z,16.882,1
Consis,BAUFI5,2025-06-24T08:00:00Z,19.774,1
Consis,BAUFI5,2025-06-24T08:30:00Z,20.224,1
Consis,BAUFI5,2025-06-24T09:00:00Z,22.02,1
Consis,BAUFI5,2025-06-24T09:30:00Z,21.985,1
Consis,BAUFI5,2025-06-24T10:00:00Z,20.234,1
Consis,BAUFI5,2025-06-24T10:30:00Z,21.896,1
Consis,BAUFI5,2025-06-24T11:00:00Z,23.623,1
Consis,BAUFI5,2025-06-24T11:30:00Z,23.335,1
Consis,BAUFI5,2025-06-24T12:00:00Z,23.231,1
Consis,BAUFI5,2025-06-24T12:30:00Z,21.947,1
Consis,BAUFI5,2025-06-24T13:00:00Z,22.809,1
Consis,BAUFI5,2025-06-24T13:30:00Z,23.574,1
Consis,BAUFI5,2025-06-24T14:00:00Z,23.361,1
Consis,BAUFI5,2025-06-24T14:30:00Z,18.581,1
Consis,BAUFI5,2025-06-24T15:00:00Z,22.726,1
Consis,BAUFI5,2025-06-24T15:30:00Z,20.324,1
Consis,BAUFI5,2025-06-24T16:00:00Z,14.417,1
Consis,BAUFI5,2025-06-24T16:30:00Z,6.999,1
Consis,BAUFI5,2025-06-24T17:00:00Z,2.374,1
Consis,BAUFI5,2025-06-24T17:30:00Z,0.198,1
Consis,BAUFI5,2025-06-24T18:00:00Z,0,1
Consis,BAUFI5,2025-06-24T18:30:00Z,0,1
Consis,BAUFI5,2025-06-24T19:00:00Z,0,1
Consis,BAUFI5,2025-06-24T19:30:00Z,0,1
Consis,BAUFI5,2025-06-24T20:00:00Z,0,1
Consis,BAUFI5,2025-06-24T20:30:00Z,0,1
Consis,BAUFI5,2025-06-24T21:00:00Z,0,1
Consis,BAUFI5,2025-06-24T21:30:00Z,0,1
Consis,BAUFI5,2025-06-24T22:00:00Z,0,1
Consis,BAUFI5,2025-06-24T22:30:00Z,0,1
Consis,BAUFI5,2025-06-24T23:00:00Z,0,1
Consis,BAUFI5,2025-06-24T23:30:00Z,0,1
Consis,BAUFI5,2025-06-25T00:00:00Z,0,1
Consis,BAUFI5,2025-06-25T00:30:00Z,0,1
Consis,BAUFI5,2025-06-25T01:00:00Z,0,1
Consis,BAUFI5,2025-06-25T01:30:00Z,0,1
Consis,BAUFI5,2025-06-25T02:00:00Z,0,1
Consis,BAUFI5,2025-06-25T02:30:00Z,0,1
Consis,BAUFI5,2025-06-25T03:00:00Z,0,1
Consis,BAUFI5,2025-06-25T03:30:00Z,0,1
Consis,BAUFI5,2025-06-25T04:00:00Z,0,1
Consis,BAUFI5,2025-06-25T04:30:00Z,0,1
Consis,BAUFI5,2025-06-25T05:00:00Z,0,1
Consis,BAUFI5,2025-06-25T05:30:00Z,0,1
Consis,BAUFI5,2025-06-25T06:00:00Z,0,1
Consis,BAUFI5,2025-06-25T06:30:00Z,1.763,1
Consis,BAUFI5,2025-06-25T07:00:00Z,7.834,1
Consis,BAUFI5,2025-06-25T07:30:00Z,0.93,1
Consis,BAUFI5,2025-06-25T08:00:00Z,0.034,1
Consis,BAUFI5,2025-06-25T08:30:00Z,21.722,1
Consis,BAUFI5,2025-06-25T09:00:00Z,0,4
Consis,BAUFI5,2025-06-25T09:30:00Z,23.3234,1
Consis,BAUFI5,2025-06-25T10:00:00Z,10.7383504716746,4
Consis,BAUFI5,2025-06-25T10:30:00Z,25.1755,1
Consis,BAUFI5,2025-06-25T11:00:00Z,12.3375420865591,4
Consis,BAUFI5,2025-06-25T11:30:00Z,23.2975,1
Consis,BAUFI5,2025-06-25T12:00:00Z,10.8218482806227,4
Consis,BAUFI5,2025-06-25T12:30:00Z,0.029,1
Consis,BAUFI5,2025-06-25T13:00:00Z,1.772,1
Consis,BAUFI5,2025-06-25T13:30:00Z,2.577,1
Consis,BAUFI5,2025-06-25T14:00:00Z,6.007,1
Consis,BAUFI5,2025-06-25T14:30:00Z,8.284,1
Consis,BAUFI5,2025-06-25T15:00:00Z,8.276,1
Consis,BAUFI5,2025-06-25T15:30:00Z,10.121,1
Consis,BAUFI5,2025-06-25T16:00:00Z,15.031,1
Consis,BAUFI5,2025-06-25T16:30:00Z,9.466,1
Consis,BAUFI5,2025-06-25T17:00:00Z,2.641,1
Consis,BAUFI5,2025-06-25T17:30:00Z,0.003,1
Consis,BAUFI5,2025-06-25T18:00:00Z,0,1
Consis,BAUFI5,2025-06-25T18:30:00Z,0,1
Consis,BAUFI5,2025-06-25T19:00:00Z,0,1
Consis,BAUFI5,2025-06-25T19:30:00Z,0,1
Consis,BAUFI5,2025-06-25T20:00:00Z,0,1
Consis,BAUFI5,2025-06-25T20:30:00Z,0,1
Consis,BAUFI5,2025-06-25T21:00:00Z,0,1
Consis,BAUFI5,2025-06-25T21:30:00Z,0,1
Consis,BAUFI5,2025-06-25T22:00:00Z,0,1
Consis,BAUFI5,2025-06-25T22:30:00Z,0,1
Consis,BAUFI5,2025-06-25T23:00:00Z,0,1
Consis,BAUFI5,2025-06-25T23:30:00Z,0,1
Consis,BAUFI5,2025-06-26T00:00:00Z,0,1
Consis,BAUFI5,2025-06-26T00:30:00Z,0,1
Consis,BAUFI5,2025-06-26T01:00:00Z,0,1
Consis,BAUFI5,2025-06-26T01:30:00Z,0,1
Consis,BAUFI5,2025-06-26T02:00:00Z,0,1
Consis,BAUFI5,2025-06-26T02:30:00Z,0,1
Consis,BAUFI5,2025-06-26T03:00:00Z,0,1
Consis,BAUFI5,2025-06-26T03:30:00Z,0,1
Consis,BAUFI5,2025-06-26T04:00:00Z,0,1
Consis,BAUFI5,2025-06-26T04:30:00Z,0,1
Consis,BAUFI5,2025-06-26T05:00:00Z,0,1
Consis,BAUFI5,2025-06-26T05:30:00Z,0,1
Consis,BAUFI5,2025-06-26T06:00:00Z,0,1
Consis,BAUFI5,2025-06-26T06:30:00Z,0.176,1
Consis,BAUFI5,2025-06-26T07:00:00Z,0,1
Consis,BAUFI5,2025-06-26T07:30:00Z,0,1
Consis,BAUFI5,2025-06-26T08:00:00Z,0,1
Consis,BAUFI5,2025-06-26T08:30:00Z,0,1
Consis,BAUFI5,2025-06-26T09:00:00Z,0,1
Consis,BAUFI5,2025-06-26T09:30:00Z,0,1
Consis,BAUFI5,2025-06-26T10:00:00Z,0,1
Consis,BAUFI5,2025-06-26T10:30:00Z,0,1
Consis,BAUFI5,2025-06-26T11:00:00Z,0.757,1
Consis,BAUFI5,2025-06-26T11:30:00Z,2.961,1
Consis,BAUFI5,2025-06-26T12:00:00Z,2.636,1
Consis,BAUFI5,2025-06-26T12:30:00Z,2.413,1
Consis,BAUFI5,2025-06-26T13:00:00Z,2.814,1
Consis,BAUFI5,2025-06-26T13:30:00Z,3.089,1
Consis,BAUFI5,2025-06-26T14:00:00Z,3.13,1
Consis,BAUFI5,2025-06-26T14:30:00Z,3.191,1
Consis,BAUFI5,2025-06-26T15:00:00Z,3.894,1
Consis,BAUFI5,2025-06-26T15:30:00Z,4.683,1
Consis,BAUFI5,2025-06-26T16:00:00Z,3.307,1
Consis,BAUFI5,2025-06-26T16:30:00Z,1.736,1
Consis,BAUFI5,2025-06-26T17:00:00Z,0.518,1
Consis,BAUFI5,2025-06-26T17:30:00Z,0,1
Consis,BAUFI5,2025-06-26T18:00:00Z,0,1
Consis,BAUFI5,2025-06-26T18:30:00Z,0,1
Consis,BAUFI5,2025-06-26T19:00:00Z,0,1
Consis,BAUFI5,2025-06-26T19:30:00Z,0,1
Consis,BAUFI5,2025-06-26T20:00:00Z,0,1
Consis,BAUFI5,2025-06-26T20:30:00Z,0,1
Consis,BAUFI5,2025-06-26T21:00:00Z,0,1
Consis,BAUFI5,2025-06-26T21:30:00Z,0,1
Consis,BAUFI5,2025-06-26T22:00:00Z,0,1
Consis,BAUFI5,2025-06-26T22:30:00Z,0,1
Consis,BAUFI5,2025-06-26T23:00:00Z,0,1
Consis,BAUFI5,2025-06-26T23:30:00Z,0,1
Consis,BAUFI5,2025-06-27T00:00:00Z,0,1
Consis,BAUFI5,2025-06-27T00:30:00Z,0,1
Consis,BAUFI5,2025-06-27T01:00:00Z,0,1
Consis,BAUFI5,2025-06-27T01:30:00Z,0,1
Consis,BAUFI5,2025-06-27T02:00:00Z,0,1
Consis,BAUFI5,2025-06-27T02:30:00Z,0,1
Consis,BAUFI5,2025-06-27T03:00:00Z,0,1
Consis,BAUFI5,2025-06-27T03:30:00Z,0,1
Consis,BAUFI5,2025-06-27T04:00:00Z,0,1
Consis,BAUFI5,2025-06-27T04:30:00Z,0,1
Consis,BAUFI5,2025-06-27T05:00:00Z,0,1
Consis,BAUFI5,2025-06-27T05:30:00Z,0,1
Consis,BAUFI5,2025-06-27T06:00:00Z,0,1
Consis,BAUFI5,2025-06-27T06:30:00Z,1.709,1
Consis,BAUFI5,2025-06-27T07:00:00Z,8.769,1
Consis,BAUFI5,2025-06-27T07:30:00Z,16.802,1
Consis,BAUFI5,2025-06-27T08:00:00Z,21.818,1
Consis,BAUFI5,2025-06-27T08:30:00Z,22.712,1
Consis,BAUFI5,2025-06-27T09:00:00Z,24.317,1
Consis,BAUFI5,2025-06-27T09:30:00Z,24.075,1
Consis,BAUFI5,2025-06-27T10:00:00Z,23.54,1
Consis,BAUFI5,2025-06-27T10:30:00Z,23.549,1
Consis,BAUFI5,2025-06-27T11:00:00Z,22.586,1
Consis,BAUFI5,2025-06-27T11:30:00Z,23.013,1
Consis,BAUFI5,2025-06-27T12:00:00Z,21.826,1
Consis,BAUFI5,2025-06-27T12:30:00Z,20.766,1
Consis,BAUFI5,2025-06-27T13:00:00Z,23.795,1
Consis,BAUFI5,2025-06-27T13:30:00Z,23.829,1
Consis,BAUFI5,2025-06-27T14:00:00Z,23.68,1
Consis,BAUFI5,2025-06-27T14:30:00Z,22.295,1
Consis,BAUFI5,2025-06-27T15:00:00Z,23.25,1
Consis,BAUFI5,2025-06-27T15:30:00Z,19.474,1
Consis,BAUFI5,2025-06-27T16:00:00Z,16.801,1
Consis,BAUFI5,2025-06-27T16:30:00Z,9.912,1
Consis,BAUFI5,2025-06-27T17:00:00Z,2.738,1
Consis,BAUFI5,2025-06-27T17:30:00Z,0.189,1
Consis,BAUFI5,2025-06-27T18:00:00Z,0,1
Consis,BAUFI5,2025-06-27T18:30:00Z,0,1
Consis,BAUFI5,2025-06-27T19:00:00Z,0,1
Consis,BAUFI5,2025-06-27T19:30:00Z,0,1
Consis,BAUFI5,2025-06-27T20:00:00Z,0,1
Consis,BAUFI5,2025-06-27T20:30:00Z,0,1
Consis,BAUFI5,2025-06-27T21:00:00Z,0,1
Consis,BAUFI5,2025-06-27T21:30:00Z,0,1
Consis,BAUFI5,2025-06-27T22:00:00Z,0,1
Consis,BAUFI5,2025-06-27T22:30:00Z,0,1
Consis,BAUFI5,2025-06-27T23:00:00Z,0,1
Consis,BAUFI5,2025-06-27T23:30:00Z,0,1
Consis,BAUFI5,2025-06-28T00:00:00Z,0,1
Consis,BAUFI5,2025-06-28T00:30:00Z,0,1
Consis,BAUFI5,2025-06-28T01:00:00Z,0,1
Consis,BAUFI5,2025-06-28T01:30:00Z,0,1
Consis,BAUFI5,2025-06-28T02:00:00Z,0,1
Consis,BAUFI5,2025-06-28T02:30:00Z,0,1
Consis,BAUFI5,2025-06-28T03:00:00Z,0,1
Consis,BAUFI5,2025-06-28T03:30:00Z,0,1
Consis,BAUFI5,2025-06-28T04:00:00Z,0,1
Consis,BAUFI5,2025-06-28T04:30:00Z,0,1
Consis,BAUFI5,2025-06-28T05:00:00Z,0,1
Consis,BAUFI5,2025-06-28T05:30:00Z,0,1
Consis,BAUFI5,2025-06-28T06:00:00Z,0,1
Consis,BAUFI5,2025-06-28T06:30:00Z,1.662,1
Consis,BAUFI5,2025-06-28T07:00:00Z,1.783,1
Consis,BAUFI5,2025-06-28T07:30:00Z,0.104,1
Consis,BAUFI5,2025-06-28T08:00:00Z,0.373,1
Consis,BAUFI5,2025-06-28T08:30:00Z,1.318,1
Consis,BAUFI5,2025-06-28T09:00:00Z,1.341,1
Consis,BAUFI5,2025-06-28T09:30:00Z,1.528,1
Consis,BAUFI5,2025-06-28T10:00:00Z,3.28,1
Consis,BAUFI5,2025-06-28T10:30:00Z,4.337,1
Consis,BAUFI5,2025-06-28T11:00:00Z,4.364,1
Consis,BAUFI5,2025-06-28T11:30:00Z,4.397,1
Consis,BAUFI5,2025-06-28T12:00:00Z,4.4,1
Consis,BAUFI5,2025-06-28T12:30:00Z,4.402,1
Consis,BAUFI5,2025-06-28T13:00:00Z,4.465,1
Consis,BAUFI5,2025-06-28T13:30:00Z,4.523,1
Consis,BAUFI5,2025-06-28T14:00:00Z,4.419,1
Consis,BAUFI5,2025-06-28T14:30:00Z,4.472,1
Consis,BAUFI5,2025-06-28T15:00:00Z,4.34,1
Consis,BAUFI5,2025-06-28T15:30:00Z,8.036,1
Consis,BAUFI5,2025-06-28T16:00:00Z,13.423,1
Consis,BAUFI5,2025-06-28T16:30:00Z,10.262,1
Consis,BAUFI5,2025-06-28T17:00:00Z,3.057,1
Consis,BAUFI5,2025-06-28T17:30:00Z,0,1
Consis,BAUFI5,2025-06-28T18:00:00Z,0,1
Consis,BAUFI5,2025-06-28T18:30:00Z,0,1
Consis,BAUFI5,2025-06-28T19:00:00Z,0,1
Consis,BAUFI5,2025-06-28T19:30:00Z,0,1
Consis,BAUFI5,2025-06-28T20:00:00Z,0,1
Consis,BAUFI5,2025-06-28T20:30:00Z,0,1
Consis,BAUFI5,2025-06-28T21:00:00Z,0,1
Consis,BAUFI5,2025-06-28T21:30:00Z,0,1
Consis,BAUFI5,2025-06-28T22:00:00Z,0,1
Consis,BAUFI5,2025-06-28T22:30:00Z,0,1
Consis,BAUFI5,2025-06-28T23:00:00Z,0,1
Consis,BAUFI5,2025-06-28T23:30:00Z,0,1
Consis,BAUFI5,2025-06-29T00:00:00Z,0,1
Consis,BAUFI5,2025-06-29T00:30:00Z,0,1
Consis,BAUFI5,2025-06-29T01:00:00Z,0,1
Consis,BAUFI5,2025-06-29T01:30:00Z,0,1
Consis,BAUFI5,2025-06-29T02:00:00Z,0,1
Consis,BAUFI5,2025-06-29T02:30:00Z,0,1
Consis,BAUFI5,2025-06-29T03:00:00Z,0,1
Consis,BAUFI5,2025-06-29T03:30:00Z,0,1
Consis,BAUFI5,2025-06-29T04:00:00Z,0,1
Consis,BAUFI5,2025-06-29T04:30:00Z,0,1
Consis,BAUFI5,2025-06-29T05:00:00Z,0,1
Consis,BAUFI5,2025-06-29T05:30:00Z,0,1
Consis,BAUFI5,2025-06-29T06:00:00Z,0,1
Consis,BAUFI5,2025-06-29T06:30:00Z,1.499,1
Consis,BAUFI5,2025-06-29T07:00:00Z,1.543,1
Consis,BAUFI5,2025-06-29T07:30:00Z,1.116,1
Consis,BAUFI5,2025-06-29T08:00:00Z,1.615,1
Consis,BAUFI5,2025-06-29T08:30:00Z,2.052,1
Consis,BAUFI5,2025-06-29T09:00:00Z,1.97,1
Consis,BAUFI5,2025-06-29T09:30:00Z,1.928,1
Consis,BAUFI5,2025-06-29T10:00:00Z,1.884,1
Consis,BAUFI5,2025-06-29T10:30:00Z,2.557,1
Consis,BAUFI5,2025-06-29T11:00:00Z,3.242,1
Consis,BAUFI5,2025-06-29T11:30:00Z,3.134,1
Consis,BAUFI5,2025-06-29T12:00:00Z,3.243,1
Consis,BAUFI5,2025-06-29T12:30:00Z,4.195,1
Consis,BAUFI5,2025-06-29T13:00:00Z,5.002,1
Consis,BAUFI5,2025-06-29T13:30:00Z,7.391,1
Consis,BAUFI5,2025-06-29T14:00:00Z,9.723,1
Consis,BAUFI5,2025-06-29T14:30:00Z,11.213,1
Consis,BAUFI5,2025-06-29T15:00:00Z,13.959,1
Consis,BAUFI5,2025-06-29T15:30:00Z,13.704,1
Consis,BAUFI5,2025-06-29T16:00:00Z,2.871,1
Consis,BAUFI5,2025-06-29T16:30:00Z,8.273,1
Consis,BAUFI5,2025-06-29T17:00:00Z,2.891,1
Consis,BAUFI5,2025-06-29T17:30:00Z,0,1
Consis,BAUFI5,2025-06-29T18:00:00Z,0,1
Consis,BAUFI5,2025-06-29T18:30:00Z,0,1
Consis,BAUFI5,2025-06-29T19:00:00Z,0,1
Consis,BAUFI5,2025-06-29T19:30:00Z,0,1
Consis,BAUFI5,2025-06-29T20:00:00Z,0,1
Consis,BAUFI5,2025-06-29T20:30:00Z,0,1
Consis,BAUFI5,2025-06-29T21:00:00Z,0,1
Consis,BAUFI5,2025-06-29T21:30:00Z,0,1
Consis,BAUFI5,2025-06-29T22:00:00Z,0,1
Consis,BAUFI5,2025-06-29T22:30:00Z,0,1
Consis,BAUFI5,2025-06-29T23:00:00Z,0,1
Consis,BAUFI5,2025-06-29T23:30:00Z,0,1
Consis,BAUFI5,2025-06-30T00:00:00Z,0,1
Consis,BAUFI5,2025-06-30T00:30:00Z,0,1
Consis,BAUFI5,2025-06-30T01:00:00Z,0,1
Consis,BAUFI5,2025-06-30T01:30:00Z,0,1
Consis,BAUFI5,2025-06-30T02:00:00Z,0,1
Consis,BAUFI5,2025-06-30T02:30:00Z,0,1
Consis,BAUFI5,2025-06-30T03:00:00Z,0,1
Consis,BAUFI5,2025-06-30T03:30:00Z,0,1
Consis,BAUFI5,2025-06-30T04:00:00Z,0,1
Consis,BAUFI5,2025-06-30T04:30:00Z,0,1
Consis,BAUFI5,2025-06-30T05:00:00Z,0,1
Consis,BAUFI5,2025-06-30T05:30:00Z,0,1
Consis,BAUFI5,2025-06-30T06:00:00Z,0,1
Consis,BAUFI5,2025-06-30T06:30:00Z,1.547,1
Consis,BAUFI5,2025-06-30T07:00:00Z,8.954,1
Consis,BAUFI5,2025-06-30T07:30:00Z,17.546,1
Consis,BAUFI5,2025-06-30T08:00:00Z,22.078,1
Consis,BAUFI5,2025-06-30T08:30:00Z,19.972,1
Consis,BAUFI5,2025-06-30T09:00:00Z,24.755,1
Consis,BAUFI5,2025-06-30T09:30:00Z,24.972,1
Consis,BAUFI5,2025-06-30T10:00:00Z,24.769,1
Consis,BAUFI5,2025-06-30T10:30:00Z,24.626,1
Consis,BAUFI5,2025-06-30T11:00:00Z,24.332,1
Consis,BAUFI5,2025-06-30T11:30:00Z,24.326,1
Consis,BAUFI5,2025-06-30T12:00:00Z,24.419,1
Consis,BAUFI5,2025-06-30T12:30:00Z,24.395,1
Consis,BAUFI5,2025-06-30T13:00:00Z,24.309,1
Consis,BAUFI5,2025-06-30T13:30:00Z,24.066,1
Consis,BAUFI5,2025-06-30T14:00:00Z,23.913,1
Consis,BAUFI5,2025-06-30T14:30:00Z,23.887,1
Consis,BAUFI5,2025-06-30T15:00:00Z,23.213,1
Consis,BAUFI5,2025-06-30T15:30:00Z,21.832,1
Consis,BAUFI5,2025-06-30T16:00:00Z,17.608,1
Consis,BAUFI5,2025-06-30T16:30:00Z,10.141,1
Consis,BAUFI5,2025-06-30T17:00:00Z,2.92,1
Consis,BAUFI5,2025-06-30T17:30:00Z,0.168,1
Consis,BAUFI5,2025-06-30T18:00:00Z,0,1
Consis,BAUFI5,2025-06-30T18:30:00Z,0,1
Consis,BAUFI5,2025-06-30T19:00:00Z,0,1
Consis,BAUFI5,2025-06-30T19:30:00Z,0,1
Consis,BAUFI5,2025-06-30T20:00:00Z,0,1
Consis,BAUFI5,2025-06-30T20:30:00Z,0,1
Consis,BAUFI5,2025-06-30T21:00:00Z,0,1
Consis,BAUFI5,2025-06-30T21:30:00Z,0,1
Consis,BAUFI5,2025-06-30T22:00:00Z,0,1
Consis,BAUFI5,2025-06-30T22:30:00Z,0,1
Consis,BAUFI5,2025-06-30T23:00:00Z,0,1
Consis,BAUFI5,2025-06-30T23:30:00Z,0,1
Consis,BAUFI5,2025-07-01T00:00:00Z,0,1
Consis,BAUFI5,2025-07-01T00:30:00Z,0,1
Consis,BAUFI5,2025-07-01T01:00:00Z,0,1
Consis,BAUFI5,2025-07-01T01:30:00Z,0,1
Consis,BAUFI5,2025-07-01T02:00:00Z,0,1
Consis,BAUFI5,2025-07-01T02:30:00Z,0,1
Consis,BAUFI5,2025-07-01T03:00:00Z,0,1
Consis,BAUFI5,2025-07-01T03:30:00Z,0,1
Consis,BAUFI5,2025-07-01T04:00:00Z,0,1
Consis,BAUFI5,2025-07-01T04:30:00Z,0,1
Consis,BAUFI5,2025-07-01T05:00:00Z,0,1
Consis,BAUFI5,2025-07-01T05:30:00Z,0,1
Consis,BAUFI5,2025-07-01T06:00:00Z,0,1
Consis,BAUFI5,2025-07-01T06:30:00Z,1.364,1
Consis,BAUFI5,2025-07-01T07:00:00Z,7.941,1
Consis,BAUFI5,2025-07-01T07:30:00Z,16.863,1
Consis,BAUFI5,2025-07-01T08:00:00Z,17.626,1
Consis,BAUFI5,2025-07-01T08:30:00Z,20.066,1
Consis,BAUFI5,2025-07-01T09:00:00Z,19.444,1
Consis,BAUFI5,2025-07-01T09:30:00Z,22.022,1
Consis,BAUFI5,2025-07-01T10:00:00Z,22.553,1
Consis,BAUFI5,2025-07-01T10:30:00Z,23.578,1
Consis,BAUFI5,2025-07-01T11:00:00Z,23.383,1
Consis,BAUFI5,2025-07-01T11:30:00Z,23.307,1
Consis,BAUFI5,2025-07-01T12:00:00Z,23.486,1
Consis,BAUFI5,2025-07-01T12:30:00Z,23.479,1
Consis,BAUFI5,2025-07-01T13:00:00Z,23.762,1
Consis,BAUFI5,2025-07-01T13:30:00Z,22.037,1
Consis,BAUFI5,2025-07-01T14:00:00Z,14.986,1
Consis,BAUFI5,2025-07-01T14:30:00Z,20.204,1
Consis,BAUFI5,2025-07-01T15:00:00Z,6.519,1
Consis,BAUFI5,2025-07-01T15:30:00Z,6.715,1
Consis,BAUFI5,2025-07-01T16:00:00Z,4.69,1
Consis,BAUFI5,2025-07-01T16:30:00Z,1.954,1
Consis,BAUFI5,2025-07-01T17:00:00Z,1.197,1
Consis,BAUFI5,2025-07-01T17:30:00Z,0.135,1
Consis,BAUFI5,2025-07-01T18:00:00Z,0,1
Consis,BAUFI5,2025-07-01T18:30:00Z,0,1
Consis,BAUFI5,2025-07-01T19:00:00Z,0,1
Consis,BAUFI5,2025-07-01T19:30:00Z,0,1
Consis,BAUFI5,2025-07-01T20:00:00Z,0,1
Consis,BAUFI5,2025-07-01T20:30:00Z,0,1
Consis,BAUFI5,2025-07-01T21:00:00Z,0,1
Consis,BAUFI5,2025-07-01T21:30:00Z,0,1
Consis,BAUFI5,2025-07-01T22:00:00Z,0,1
Consis,BAUFI5,2025-07-01T22:30:00Z,0,1
Consis,BAUFI5,2025-07-01T23:00:00Z,0,1
Consis,BAUFI5,2025-07-01T23:30:00Z,0,1
Consis,BAUFI5,2025-07-02T00:00:00Z,0,1
Consis,BAUFI5,2025-07-02T00:30:00Z,0,1
Consis,BAUFI5,2025-07-02T01:00:00Z,0,1
Consis,BAUFI5,2025-07-02T01:30:00Z,0,1
Consis,BAUFI5,2025-07-02T02:00:00Z,0,1
Consis,BAUFI5,2025-07-02T02:30:00Z,0,1
Consis,BAUFI5,2025-07-02T03:00:00Z,0,1
Consis,BAUFI5,2025-07-02T03:30:00Z,0,1
Consis,BAUFI5,2025-07-02T04:00:00Z,0,1
Consis,BAUFI5,2025-07-02T04:30:00Z,0,1
Consis,BAUFI5,2025-07-02T05:00:00Z,0,1
Consis,BAUFI5,2025-07-02T05:30:00Z,0,1
Consis,BAUFI5,2025-07-02T06:00:00Z,0,1
Consis,BAUFI5,2025-07-02T06:30:00Z,1.561387,1
Consis,BAUFI5,2025-07-02T07:00:00Z,8.366977,1
Consis,BAUFI5,2025-07-02T07:30:00Z,0.5936828,1
Consis,BAUFI5,2025-07-02T08:00:00Z,0.03696728,1
Consis,BAUFI5,2025-07-02T08:30:00Z,0.03838858,1
Consis,BAUFI5,2025-07-02T09:00:00Z,0.03845733,1
Consis,BAUFI5,2025-07-02T09:30:00Z,0.03729248,1
Consis,BAUFI5,2025-07-02T10:00:00Z,0.7756463,1
Consis,BAUFI5,2025-07-02T10:30:00Z,0.03363428,1
Consis,BAUFI5,2025-07-02T11:00:00Z,11.8918057310679,4
Consis,BAUFI5,2025-07-02T11:30:00Z,23.718,1
Consis,BAUFI5,2025-07-02T12:00:00Z,10.5881589458613,4
Consis,BAUFI5,2025-07-02T12:30:00Z,24.6953,1
Consis,BAUFI5,2025-07-02T13:00:00Z,2.202199,1
Consis,BAUFI5,2025-07-02T13:30:00Z,6.92132,1
Consis,BAUFI5,2025-07-02T14:00:00Z,19.8798,1
Consis,BAUFI5,2025-07-02T14:30:00Z,23.40798,1
Consis,BAUFI5,2025-07-02T15:00:00Z,22.84869,1
Consis,BAUFI5,2025-07-02T15:30:00Z,21.63404,1
Consis,BAUFI5,2025-07-02T16:00:00Z,17.42817,1
Consis,BAUFI5,2025-07-02T16:30:00Z,10.00126,1
Consis,BAUFI5,2025-07-02T17:00:00Z,2.836771,1
Consis,BAUFI5,2025-07-02T17:30:00Z,0.2134709,1
Consis,BAUFI5,2025-07-02T18:00:00Z,0,1
Consis,BAUFI5,2025-07-02T18:30:00Z,0,1
Consis,BAUFI5,2025-07-02T19:00:00Z,0,1
Consis,BAUFI5,2025-07-02T19:30:00Z,0,1
Consis,BAUFI5,2025-07-02T20:00:00Z,0,1
Consis,BAUFI5,2025-07-02T20:30:00Z,0,1
Consis,BAUFI5,2025-07-02T21:00:00Z,0,1
Consis,BAUFI5,2025-07-02T21:30:00Z,0,1
Consis,BAUFI5,2025-07-02T22:00:00Z,0,1
Consis,BAUFI5,2025-07-02T22:30:00Z,0,1
Consis,BAUFI5,2025-07-02T23:00:00Z,0,1
Consis,BAUFI5,2025-07-02T23:30:00Z,0,1
Consis,BAUFI6,2025-05-19T00:00:00Z,0,1
Consis,BAUFI6,2025-05-19T00:30:00Z,0,1
Consis,BAUFI6,2025-05-19T01:00:00Z,0,1
Consis,BAUFI6,2025-05-19T01:30:00Z,0,1
Consis,BAUFI6,2025-05-19T02:00:00Z,0,1
Consis,BAUFI6,2025-05-19T02:30:00Z,0,1
Consis,BAUFI6,2025-05-19T03:00:00Z,0,1
Consis,BAUFI6,2025-05-19T03:30:00Z,0,1
Consis,BAUFI6,2025-05-19T04:00:00Z,0,1
Consis,BAUFI6,2025-05-19T04:30:00Z,0,1
Consis,BAUFI6,2025-05-19T05:00:00Z,0,1
Consis,BAUFI6,2025-05-19T05:30:00Z,0,1
Consis,BAUFI6,2025-05-19T06:00:00Z,0.249,1
Consis,BAUFI6,2025-05-19T06:30:00Z,3.6622,1
Consis,BAUFI6,2025-05-19T07:00:00Z,9.2199,1
Consis,BAUFI6,2025-05-19T07:30:00Z,15.9925,1
Consis,BAUFI6,2025-05-19T08:00:00Z,18.8056,1
Consis,BAUFI6,2025-05-19T08:30:00Z,20.5631,1
Consis,BAUFI6,2025-05-19T09:00:00Z,22.6374,1
Consis,BAUFI6,2025-05-19T09:30:00Z,22.4404,1
Consis,BAUFI6,2025-05-19T10:00:00Z,23.4298,1
Consis,BAUFI6,2025-05-19T10:30:00Z,24.5305,1
Consis,BAUFI6,2025-05-19T11:00:00Z,23.8765,1
Consis,BAUFI6,2025-05-19T11:30:00Z,23.3471,1
Consis,BAUFI6,2025-05-19T12:00:00Z,23.2338,1
Consis,BAUFI6,2025-05-19T12:30:00Z,23.6401,1
Consis,BAUFI6,2025-05-19T13:00:00Z,23.6502,1
Consis,BAUFI6,2025-05-19T13:30:00Z,23.403,1
Consis,BAUFI6,2025-05-19T14:00:00Z,23.4619,1
Consis,BAUFI6,2025-05-19T14:30:00Z,24.1383,1
Consis,BAUFI6,2025-05-19T15:00:00Z,23.926,1
Consis,BAUFI6,2025-05-19T15:30:00Z,20.869,1
Consis,BAUFI6,2025-05-19T16:00:00Z,16.706,1
Consis,BAUFI6,2025-05-19T16:30:00Z,9.087,1
Consis,BAUFI6,2025-05-19T17:00:00Z,2.415,1
Consis,BAUFI6,2025-05-19T17:30:00Z,0.068,1
Consis,BAUFI6,2025-05-19T18:00:00Z,0,1
Consis,BAUFI6,2025-05-19T18:30:00Z,0,1
Consis,BAUFI6,2025-05-19T19:00:00Z,0,1
Consis,BAUFI6,2025-05-19T19:30:00Z,0,1
Consis,BAUFI6,2025-05-19T20:00:00Z,0,1
Consis,BAUFI6,2025-05-19T20:30:00Z,0,1
Consis,BAUFI6,2025-05-19T21:00:00Z,0,1
Consis,BAUFI6,2025-05-19T21:30:00Z,0,1
Consis,BAUFI6,2025-05-19T22:00:00Z,0,1
Consis,BAUFI6,2025-05-19T22:30:00Z,0,1
Consis,BAUFI6,2025-05-19T23:00:00Z,0,1
Consis,BAUFI6,2025-05-19T23:30:00Z,0,1
Consis,BAUFI6,2025-05-20T00:00:00Z,0,1
Consis,BAUFI6,2025-05-20T00:30:00Z,0,1
Consis,BAUFI6,2025-05-20T01:00:00Z,0,1
Consis,BAUFI6,2025-05-20T01:30:00Z,0,1
Consis,BAUFI6,2025-05-20T02:00:00Z,0,1
Consis,BAUFI6,2025-05-20T02:30:00Z,0,1
Consis,BAUFI6,2025-05-20T03:00:00Z,0,1
Consis,BAUFI6,2025-05-20T03:30:00Z,0,1
Consis,BAUFI6,2025-05-20T04:00:00Z,0,1
Consis,BAUFI6,2025-05-20T04:30:00Z,0,1
Consis,BAUFI6,2025-05-20T05:00:00Z,0,1
Consis,BAUFI6,2025-05-20T05:30:00Z,0,1
Consis,BAUFI6,2025-05-20T06:00:00Z,0.198,1
Consis,BAUFI6,2025-05-20T06:30:00Z,1.549,1
Consis,BAUFI6,2025-05-20T07:00:00Z,4.806,1
Consis,BAUFI6,2025-05-20T07:30:00Z,7.606,1
Consis,BAUFI6,2025-05-20T08:00:00Z,10.483,1
Consis,BAUFI6,2025-05-20T08:30:00Z,20.484,1
Consis,BAUFI6,2025-05-20T09:00:00Z,22.553,1
Consis,BAUFI6,2025-05-20T09:30:00Z,22.6584,1
Consis,BAUFI6,2025-05-20T10:00:00Z,23.5722,1
Consis,BAUFI6,2025-05-20T10:30:00Z,24.7495,1
Consis,BAUFI6,2025-05-20T11:00:00Z,24.1316,1
Consis,BAUFI6,2025-05-20T11:30:00Z,23.4803,1
Consis,BAUFI6,2025-05-20T12:00:00Z,23.1969,1
Consis,BAUFI6,2025-05-20T12:30:00Z,23.6888,1
Consis,BAUFI6,2025-05-20T13:00:00Z,23.6424,1
Consis,BAUFI6,2025-05-20T13:30:00Z,23.3563,1
Consis,BAUFI6,2025-05-20T14:00:00Z,23.3841,1
Consis,BAUFI6,2025-05-20T14:30:00Z,16.27,1
Consis,BAUFI6,2025-05-20T15:00:00Z,20.445,1
Consis,BAUFI6,2025-05-20T15:30:00Z,16.873,1
Consis,BAUFI6,2025-05-20T16:00:00Z,6.306,1
Consis,BAUFI6,2025-05-20T16:30:00Z,6.138,1
Consis,BAUFI6,2025-05-20T17:00:00Z,2.129,1
Consis,BAUFI6,2025-05-20T17:30:00Z,0.033,1
Consis,BAUFI6,2025-05-20T18:00:00Z,0,1
Consis,BAUFI6,2025-05-20T18:30:00Z,0,1
Consis,BAUFI6,2025-05-20T19:00:00Z,0,1
Consis,BAUFI6,2025-05-20T19:30:00Z,0,1
Consis,BAUFI6,2025-05-20T20:00:00Z,0,1
Consis,BAUFI6,2025-05-20T20:30:00Z,0,1
Consis,BAUFI6,2025-05-20T21:00:00Z,0,1
Consis,BAUFI6,2025-05-20T21:30:00Z,0,1
Consis,BAUFI6,2025-05-20T22:00:00Z,0,1
Consis,BAUFI6,2025-05-20T22:30:00Z,0,1
Consis,BAUFI6,2025-05-20T23:00:00Z,0,1
Consis,BAUFI6,2025-05-20T23:30:00Z,0,1
Consis,BAUFI6,2025-05-21T00:00:00Z,0,1
Consis,BAUFI6,2025-05-21T00:30:00Z,0,1
Consis,BAUFI6,2025-05-21T01:00:00Z,0,1
Consis,BAUFI6,2025-05-21T01:30:00Z,0,1
Consis,BAUFI6,2025-05-21T02:00:00Z,0,1
Consis,BAUFI6,2025-05-21T02:30:00Z,0,1
Consis,BAUFI6,2025-05-21T03:00:00Z,0,1
Consis,BAUFI6,2025-05-21T03:30:00Z,0,1
Consis,BAUFI6,2025-05-21T04:00:00Z,0,1
Consis,BAUFI6,2025-05-21T04:30:00Z,0,1
Consis,BAUFI6,2025-05-21T05:00:00Z,0,1
Consis,BAUFI6,2025-05-21T05:30:00Z,0.001,1
Consis,BAUFI6,2025-05-21T06:00:00Z,0.369,1
Consis,BAUFI6,2025-05-21T06:30:00Z,3.512,1
Consis,BAUFI6,2025-05-21T07:00:00Z,10.57,1
Consis,BAUFI6,2025-05-21T07:30:00Z,16.779,1
Consis,BAUFI6,2025-05-21T08:00:00Z,20.95,1
Consis,BAUFI6,2025-05-21T08:30:00Z,21.902,1
Consis,BAUFI6,2025-05-21T09:00:00Z,22.999,1
Consis,BAUFI6,2025-05-21T09:30:00Z,,1
Consis,BAUFI6,2025-05-21T10:00:00Z,,1
Consis,BAUFI6,2025-05-21T10:30:00Z,,1
Consis,BAUFI6,2025-05-21T11:00:00Z,,1
Consis,BAUFI6,2025-05-21T11:30:00Z,,1
Consis,BAUFI6,2025-05-21T12:00:00Z,,1
Consis,BAUFI6,2025-05-21T12:30:00Z,,1
Consis,BAUFI6,2025-05-21T13:00:00Z,,1
Consis,BAUFI6,2025-05-21T13:30:00Z,,1
Consis,BAUFI6,2025-05-21T14:00:00Z,23.067,1
Consis,BAUFI6,2025-05-21T14:30:00Z,23.613,1
Consis,BAUFI6,2025-05-21T15:00:00Z,21.365,1
Consis,BAUFI6,2025-05-21T15:30:00Z,20.572,1
Consis,BAUFI6,2025-05-21T16:00:00Z,14.12,1
Consis,BAUFI6,2025-05-21T16:30:00Z,5.888,1
Consis,BAUFI6,2025-05-21T17:00:00Z,1.907,1
Consis,BAUFI6,2025-05-21T17:30:00Z,0.031,1
Consis,BAUFI6,2025-05-21T18:00:00Z,0,1
Consis,BAUFI6,2025-05-21T18:30:00Z,0,1
Consis,BAUFI6,2025-05-21T19:00:00Z,0,1
Consis,BAUFI6,2025-05-21T19:30:00Z,0,1
Consis,BAUFI6,2025-05-21T20:00:00Z,0,1
Consis,BAUFI6,2025-05-21T20:30:00Z,0,1
Consis,BAUFI6,2025-05-21T21:00:00Z,0,1
Consis,BAUFI6,2025-05-21T21:30:00Z,0,1
Consis,BAUFI6,2025-05-21T22:00:00Z,0,1
Consis,BAUFI6,2025-05-21T22:30:00Z,0,1
Consis,BAUFI6,2025-05-21T23:00:00Z,0,1
Consis,BAUFI6,2025-05-21T23:30:00Z,0,1
Consis,BAUFI6,2025-05-22T00:00:00Z,0,1
Consis,BAUFI6,2025-05-22T00:30:00Z,0,1
Consis,BAUFI6,2025-05-22T01:00:00Z,0,1
Consis,BAUFI6,2025-05-22T01:30:00Z,0,1
Consis,BAUFI6,2025-05-22T02:00:00Z,0,1
Consis,BAUFI6,2025-05-22T02:30:00Z,0,1
Consis,BAUFI6,2025-05-22T03:00:00Z,0,1
Consis,BAUFI6,2025-05-22T03:30:00Z,0,1
Consis,BAUFI6,2025-05-22T04:00:00Z,0,1
Consis,BAUFI6,2025-05-22T04:30:00Z,0,1
Consis,BAUFI6,2025-05-22T05:00:00Z,0,1
Consis,BAUFI6,2025-05-22T05:30:00Z,0,1
Consis,BAUFI6,2025-05-22T06:00:00Z,0.29,1
Consis,BAUFI6,2025-05-22T06:30:00Z,3.283,1
Consis,BAUFI6,2025-05-22T07:00:00Z,8.093,1
Consis,BAUFI6,2025-05-22T07:30:00Z,,1
Consis,BAUFI6,2025-05-22T08:00:00Z,,1
Consis,BAUFI6,2025-05-22T08:30:00Z,,1
Consis,BAUFI6,2025-05-22T09:00:00Z,,1
Consis,BAUFI6,2025-05-22T09:30:00Z,,1
Consis,BAUFI6,2025-05-22T10:00:00Z,,1
Consis,BAUFI6,2025-05-22T10:30:00Z,,1
Consis,BAUFI6,2025-05-22T11:00:00Z,,1
Consis,BAUFI6,2025-05-22T11:30:00Z,24.047,1
Consis,BAUFI6,2025-05-22T12:00:00Z,23.062,1
Consis,BAUFI6,2025-05-22T12:30:00Z,23.385,1
Consis,BAUFI6,2025-05-22T13:00:00Z,23.719,1
Consis,BAUFI6,2025-05-22T13:30:00Z,22.699,1
Consis,BAUFI6,2025-05-22T14:00:00Z,22.959,1
Consis,BAUFI6,2025-05-22T14:30:00Z,22.944,1
Consis,BAUFI6,2025-05-22T15:00:00Z,21.711,1
Consis,BAUFI6,2025-05-22T15:30:00Z,20.737,1
Consis,BAUFI6,2025-05-22T16:00:00Z,16.357,1
Consis,BAUFI6,2025-05-22T16:30:00Z,8.544,1
Consis,BAUFI6,2025-05-22T17:00:00Z,1.936,1
Consis,BAUFI6,2025-05-22T17:30:00Z,0.038,1
Consis,BAUFI6,2025-05-22T18:00:00Z,0,1
Consis,BAUFI6,2025-05-22T18:30:00Z,0,1
Consis,BAUFI6,2025-05-22T19:00:00Z,0,1
Consis,BAUFI6,2025-05-22T19:30:00Z,0,1
Consis,BAUFI6,2025-05-22T20:00:00Z,0,1
Consis,BAUFI6,2025-05-22T20:30:00Z,0,1
Consis,BAUFI6,2025-05-22T21:00:00Z,0,1
Consis,BAUFI6,2025-05-22T21:30:00Z,0,1
Consis,BAUFI6,2025-05-22T22:00:00Z,0,1
Consis,BAUFI6,2025-05-22T22:30:00Z,0,1
Consis,BAUFI6,2025-05-22T23:00:00Z,0,1
Consis,BAUFI6,2025-05-22T23:30:00Z,0,1
Consis,BAUFI6,2025-05-23T00:00:00Z,0,1
Consis,BAUFI6,2025-05-23T00:30:00Z,0,1
Consis,BAUFI6,2025-05-23T01:00:00Z,0,1
Consis,BAUFI6,2025-05-23T01:30:00Z,0,1
Consis,BAUFI6,2025-05-23T02:00:00Z,0,1
Consis,BAUFI6,2025-05-23T02:30:00Z,0,1
Consis,BAUFI6,2025-05-23T03:00:00Z,0,1
Consis,BAUFI6,2025-05-23T03:30:00Z,0,1
Consis,BAUFI6,2025-05-23T04:00:00Z,0,1
Consis,BAUFI6,2025-05-23T04:30:00Z,0,1
Consis,BAUFI6,2025-05-23T05:00:00Z,0,1
Consis,BAUFI6,2025-05-23T05:30:00Z,0,1
Consis,BAUFI6,2025-05-23T06:00:00Z,0.213,1
Consis,BAUFI6,2025-05-23T06:30:00Z,3.5269,1
Consis,BAUFI6,2025-05-23T07:00:00Z,9.1113,1
Consis,BAUFI6,2025-05-23T07:30:00Z,18.0243,1
Consis,BAUFI6,2025-05-23T08:00:00Z,20.2988,1
Consis,BAUFI6,2025-05-23T08:30:00Z,21.2185,1
Consis,BAUFI6,2025-05-23T09:00:00Z,22.5495,1
Consis,BAUFI6,2025-05-23T09:30:00Z,23.3138,1
Consis,BAUFI6,2025-05-23T10:00:00Z,23.7271,1
Consis,BAUFI6,2025-05-23T10:30:00Z,24.512,1
Consis,BAUFI6,2025-05-23T11:00:00Z,23.4478,1
Consis,BAUFI6,2025-05-23T11:30:00Z,22.9392,1
Consis,BAUFI6,2025-05-23T12:00:00Z,22.1663,1
Consis,BAUFI6,2025-05-23T12:30:00Z,22.6882,1
Consis,BAUFI6,2025-05-23T13:00:00Z,22.1021,1
Consis,BAUFI6,2025-05-23T13:30:00Z,24.008,1
Consis,BAUFI6,2025-05-23T14:00:00Z,23.919,1
Consis,BAUFI6,2025-05-23T14:30:00Z,19.784,1
Consis,BAUFI6,2025-05-23T15:00:00Z,8.79,1
Consis,BAUFI6,2025-05-23T15:30:00Z,6.886,1
Consis,BAUFI6,2025-05-23T16:00:00Z,7.583,1
Consis,BAUFI6,2025-05-23T16:30:00Z,9.866,1
Consis,BAUFI6,2025-05-23T17:00:00Z,1.647,1
Consis,BAUFI6,2025-05-23T17:30:00Z,0.014,1
Consis,BAUFI6,2025-05-23T18:00:00Z,0,1
Consis,BAUFI6,2025-05-23T18:30:00Z,0,1
Consis,BAUFI6,2025-05-23T19:00:00Z,0,1
Consis,BAUFI6,2025-05-23T19:30:00Z,0,1
Consis,BAUFI6,2025-05-23T20:00:00Z,0,1
Consis,BAUFI6,2025-05-23T20:30:00Z,0,1
Consis,BAUFI6,2025-05-23T21:00:00Z,0,1
Consis,BAUFI6,2025-05-23T21:30:00Z,0,1
Consis,BAUFI6,2025-05-23T22:00:00Z,0,1
Consis,BAUFI6,2025-05-23T22:30:00Z,0,1
Consis,BAUFI6,2025-05-23T23:00:00Z,0,1
Consis,BAUFI6,2025-05-23T23:30:00Z,0,1
Consis,BAUFI6,2025-05-24T00:00:00Z,0,1
Consis,BAUFI6,2025-05-24T00:30:00Z,0,1
Consis,BAUFI6,2025-05-24T01:00:00Z,0,1
Consis,BAUFI6,2025-05-24T01:30:00Z,0,1
Consis,BAUFI6,2025-05-24T02:00:00Z,0,1
Consis,BAUFI6,2025-05-24T02:30:00Z,0,1
Consis,BAUFI6,2025-05-24T03:00:00Z,0,1
Consis,BAUFI6,2025-05-24T03:30:00Z,0,1
Consis,BAUFI6,2025-05-24T04:00:00Z,0,1
Consis,BAUFI6,2025-05-24T04:30:00Z,0,1
Consis,BAUFI6,2025-05-24T05:00:00Z,0,1
Consis,BAUFI6,2025-05-24T05:30:00Z,0,1
Consis,BAUFI6,2025-05-24T06:00:00Z,0.223,1
Consis,BAUFI6,2025-05-24T06:30:00Z,2.949,1
Consis,BAUFI6,2025-05-24T07:00:00Z,8.2256,1
Consis,BAUFI6,2025-05-24T07:30:00Z,15.8762,1
Consis,BAUFI6,2025-05-24T08:00:00Z,17.8817,1
Consis,BAUFI6,2025-05-24T08:30:00Z,19.7383,1
Consis,BAUFI6,2025-05-24T09:00:00Z,21.3841,1
Consis,BAUFI6,2025-05-24T09:30:00Z,22.5423,1
Consis,BAUFI6,2025-05-24T10:00:00Z,22.5848,1
Consis,BAUFI6,2025-05-24T10:30:00Z,23.4513,1
Consis,BAUFI6,2025-05-24T11:00:00Z,22.7109,1
Consis,BAUFI6,2025-05-24T11:30:00Z,22.4382,1
Consis,BAUFI6,2025-05-24T12:00:00Z,21.7533,1
Consis,BAUFI6,2025-05-24T12:30:00Z,22.2889,1
Consis,BAUFI6,2025-05-24T13:00:00Z,21.5905,1
Consis,BAUFI6,2025-05-24T13:30:00Z,21.8751,1
Consis,BAUFI6,2025-05-24T14:00:00Z,21.7672,1
Consis,BAUFI6,2025-05-24T14:30:00Z,21.4754,1
Consis,BAUFI6,2025-05-24T15:00:00Z,20.0855,1
Consis,BAUFI6,2025-05-24T15:30:00Z,17.4327,1
Consis,BAUFI6,2025-05-24T16:00:00Z,15.586,1
Consis,BAUFI6,2025-05-24T16:30:00Z,4.083,1
Consis,BAUFI6,2025-05-24T17:00:00Z,2.034,1
Consis,BAUFI6,2025-05-24T17:30:00Z,0.046,1
Consis,BAUFI6,2025-05-24T18:00:00Z,0,1
Consis,BAUFI6,2025-05-24T18:30:00Z,0,1
Consis,BAUFI6,2025-05-24T19:00:00Z,0,1
Consis,BAUFI6,2025-05-24T19:30:00Z,0,1
Consis,BAUFI6,2025-05-24T20:00:00Z,0,1
Consis,BAUFI6,2025-05-24T20:30:00Z,0,1
Consis,BAUFI6,2025-05-24T21:00:00Z,0,1
Consis,BAUFI6,2025-05-24T21:30:00Z,0,1
Consis,BAUFI6,2025-05-24T22:00:00Z,0,1
Consis,BAUFI6,2025-05-24T22:30:00Z,0,1
Consis,BAUFI6,2025-05-24T23:00:00Z,0,1
Consis,BAUFI6,2025-05-24T23:30:00Z,0,1
Consis,BAUFI6,2025-05-25T00:00:00Z,0,1
Consis,BAUFI6,2025-05-25T00:30:00Z,0,1
Consis,BAUFI6,2025-05-25T01:00:00Z,0,1
Consis,BAUFI6,2025-05-25T01:30:00Z,0,1
Consis,BAUFI6,2025-05-25T02:00:00Z,0,1
Consis,BAUFI6,2025-05-25T02:30:00Z,0,1
Consis,BAUFI6,2025-05-25T03:00:00Z,0,1
Consis,BAUFI6,2025-05-25T03:30:00Z,0,1
Consis,BAUFI6,2025-05-25T04:00:00Z,0,1
Consis,BAUFI6,2025-05-25T04:30:00Z,0,1
Consis,BAUFI6,2025-05-25T05:00:00Z,0,1
Consis,BAUFI6,2025-05-25T05:30:00Z,0,1
Consis,BAUFI6,2025-05-25T06:00:00Z,0.179,1
Consis,BAUFI6,2025-05-25T06:30:00Z,1.811,1
Consis,BAUFI6,2025-05-25T07:00:00Z,8.3779,1
Consis,BAUFI6,2025-05-25T07:30:00Z,16.426,1
Consis,BAUFI6,2025-05-25T08:00:00Z,18.4339,1
Consis,BAUFI6,2025-05-25T08:30:00Z,20.1647,1
Consis,BAUFI6,2025-05-25T09:00:00Z,21.8396,1
Consis,BAUFI6,2025-05-25T09:30:00Z,22.4623,1
Consis,BAUFI6,2025-05-25T10:00:00Z,23.0118,1
Consis,BAUFI6,2025-05-25T10:30:00Z,24.1117,1
Consis,BAUFI6,2025-05-25T11:00:00Z,23.5751,1
Consis,BAUFI6,2025-05-25T11:30:00Z,23.2187,1
Consis,BAUFI6,2025-05-25T12:00:00Z,22.85,1
Consis,BAUFI6,2025-05-25T12:30:00Z,23.4892,1
Consis,BAUFI6,2025-05-25T13:00:00Z,23.2178,1
Consis,BAUFI6,2025-05-25T13:30:00Z,23.231,1
Consis,BAUFI6,2025-05-25T14:00:00Z,23.4226,1
Consis,BAUFI6,2025-05-25T14:30:00Z,23.4661,1
Consis,BAUFI6,2025-05-25T15:00:00Z,20.9819,1
Consis,BAUFI6,2025-05-25T15:30:00Z,20.962,1
Consis,BAUFI6,2025-05-25T16:00:00Z,15.96,1
Consis,BAUFI6,2025-05-25T16:30:00Z,5.842,1
Consis,BAUFI6,2025-05-25T17:00:00Z,1.549,1
Consis,BAUFI6,2025-05-25T17:30:00Z,0.039,1
Consis,BAUFI6,2025-05-25T18:00:00Z,0,1
Consis,BAUFI6,2025-05-25T18:30:00Z,0,1
Consis,BAUFI6,2025-05-25T19:00:00Z,0,1
Consis,BAUFI6,2025-05-25T19:30:00Z,0,1
Consis,BAUFI6,2025-05-25T20:00:00Z,0,1
Consis,BAUFI6,2025-05-25T20:30:00Z,0,1
Consis,BAUFI6,2025-05-25T21:00:00Z,0,1
Consis,BAUFI6,2025-05-25T21:30:00Z,0,1
Consis,BAUFI6,2025-05-25T22:00:00Z,0,1
Consis,BAUFI6,2025-05-25T22:30:00Z,0,1
Consis,BAUFI6,2025-05-25T23:00:00Z,0,1
Consis,BAUFI6,2025-05-25T23:30:00Z,0,1
Consis,BAUFI6,2025-05-26T00:00:00Z,0,1
Consis,BAUFI6,2025-05-26T00:30:00Z,0,1
Consis,BAUFI6,2025-05-26T01:00:00Z,0,1
Consis,BAUFI6,2025-05-26T01:30:00Z,0,1
Consis,BAUFI6,2025-05-26T02:00:00Z,0,1
Consis,BAUFI6,2025-05-26T02:30:00Z,0,1
Consis,BAUFI6,2025-05-26T03:00:00Z,0,1
Consis,BAUFI6,2025-05-26T03:30:00Z,0,1
Consis,BAUFI6,2025-05-26T04:00:00Z,0,1
Consis,BAUFI6,2025-05-26T04:30:00Z,0,1
Consis,BAUFI6,2025-05-26T05:00:00Z,0,1
Consis,BAUFI6,2025-05-26T05:30:00Z,0,1
Consis,BAUFI6,2025-05-26T06:00:00Z,0.3906,1
Consis,BAUFI6,2025-05-26T06:30:00Z,2.8278,1
Consis,BAUFI6,2025-05-26T07:00:00Z,7.849,1
Consis,BAUFI6,2025-05-26T07:30:00Z,16.6584,1
Consis,BAUFI6,2025-05-26T08:00:00Z,18.5183,1
Consis,BAUFI6,2025-05-26T08:30:00Z,19.9698,1
Consis,BAUFI6,2025-05-26T09:00:00Z,21.9782,1
Consis,BAUFI6,2025-05-26T09:30:00Z,22.1998,1
Consis,BAUFI6,2025-05-26T10:00:00Z,23.1066,1
Consis,BAUFI6,2025-05-26T10:30:00Z,24.3545,1
Consis,BAUFI6,2025-05-26T11:00:00Z,23.6286,1
Consis,BAUFI6,2025-05-26T11:30:00Z,23.2949,1
Consis,BAUFI6,2025-05-26T12:00:00Z,23.0044,1
Consis,BAUFI6,2025-05-26T12:30:00Z,23.5694,1
Consis,BAUFI6,2025-05-26T13:00:00Z,23.249,1
Consis,BAUFI6,2025-05-26T13:30:00Z,23.3888,1
Consis,BAUFI6,2025-05-26T14:00:00Z,23.5343,1
Consis,BAUFI6,2025-05-26T14:30:00Z,23.4324,1
Consis,BAUFI6,2025-05-26T15:00:00Z,20.8447,1
Consis,BAUFI6,2025-05-26T15:30:00Z,17.5076,1
Consis,BAUFI6,2025-05-26T16:00:00Z,13.2703,1
Consis,BAUFI6,2025-05-26T16:30:00Z,7.3585,1
Consis,BAUFI6,2025-05-26T17:00:00Z,1.766,1
Consis,BAUFI6,2025-05-26T17:30:00Z,0.032,1
Consis,BAUFI6,2025-05-26T18:00:00Z,0,1
Consis,BAUFI6,2025-05-26T18:30:00Z,0,1
Consis,BAUFI6,2025-05-26T19:00:00Z,0,1
Consis,BAUFI6,2025-05-26T19:30:00Z,0,1
Consis,BAUFI6,2025-05-26T20:00:00Z,0,1
Consis,BAUFI6,2025-05-26T20:30:00Z,0,1
Consis,BAUFI6,2025-05-26T21:00:00Z,0,1
Consis,BAUFI6,2025-05-26T21:30:00Z,0,1
Consis,BAUFI6,2025-05-26T22:00:00Z,0,1
Consis,BAUFI6,2025-05-26T22:30:00Z,0,1
Consis,BAUFI6,2025-05-26T23:00:00Z,0,1
Consis,BAUFI6,2025-05-26T23:30:00Z,0,1
Consis,BAUFI6,2025-05-27T00:00:00Z,0,1
Consis,BAUFI6,2025-05-27T00:30:00Z,0,1
Consis,BAUFI6,2025-05-27T01:00:00Z,0,1
Consis,BAUFI6,2025-05-27T01:30:00Z,0,1
Consis,BAUFI6,2025-05-27T02:00:00Z,0,1
Consis,BAUFI6,2025-05-27T02:30:00Z,0,1
Consis,BAUFI6,2025-05-27T03:00:00Z,0,1
Consis,BAUFI6,2025-05-27T03:30:00Z,0,1
Consis,BAUFI6,2025-05-27T04:00:00Z,0,1
Consis,BAUFI6,2025-05-27T04:30:00Z,0,1
Consis,BAUFI6,2025-05-27T05:00:00Z,0,1
Consis,BAUFI6,2025-05-27T05:30:00Z,0,1
Consis,BAUFI6,2025-05-27T06:00:00Z,0.241,1
Consis,BAUFI6,2025-05-27T06:30:00Z,3.2181,1
Consis,BAUFI6,2025-05-27T07:00:00Z,8.6046,1
Consis,BAUFI6,2025-05-27T07:30:00Z,15.4317,1
Consis,BAUFI6,2025-05-27T08:00:00Z,17.8752,1
Consis,BAUFI6,2025-05-27T08:30:00Z,19.8737,1
Consis,BAUFI6,2025-05-27T09:00:00Z,21.8016,1
Consis,BAUFI6,2025-05-27T09:30:00Z,22.302,1
Consis,BAUFI6,2025-05-27T10:00:00Z,22.9158,1
Consis,BAUFI6,2025-05-27T10:30:00Z,23.8679,1
Consis,BAUFI6,2025-05-27T11:00:00Z,23.2473,1
Consis,BAUFI6,2025-05-27T11:30:00Z,22.8651,1
Consis,BAUFI6,2025-05-27T12:00:00Z,22.497,1
Consis,BAUFI6,2025-05-27T12:30:00Z,22.9053,1
Consis,BAUFI6,2025-05-27T13:00:00Z,22.6954,1
Consis,BAUFI6,2025-05-27T13:30:00Z,22.5505,1
Consis,BAUFI6,2025-05-27T14:00:00Z,22.6022,1
Consis,BAUFI6,2025-05-27T14:30:00Z,22.4864,1
Consis,BAUFI6,2025-05-27T15:00:00Z,20.1662,1
Consis,BAUFI6,2025-05-27T15:30:00Z,16.848,1
Consis,BAUFI6,2025-05-27T16:00:00Z,7.401,1
Consis,BAUFI6,2025-05-27T16:30:00Z,1.901,1
Consis,BAUFI6,2025-05-27T17:00:00Z,1.646,1
Consis,BAUFI6,2025-05-27T17:30:00Z,0.039,1
Consis,BAUFI6,2025-05-27T18:00:00Z,0,1
Consis,BAUFI6,2025-05-27T18:30:00Z,0,1
Consis,BAUFI6,2025-05-27T19:00:00Z,0,1
Consis,BAUFI6,2025-05-27T19:30:00Z,0,1
Consis,BAUFI6,2025-05-27T20:00:00Z,0,1
Consis,BAUFI6,2025-05-27T20:30:00Z,0,1
Consis,BAUFI6,2025-05-27T21:00:00Z,0,1
Consis,BAUFI6,2025-05-27T21:30:00Z,0,1
Consis,BAUFI6,2025-05-27T22:00:00Z,0,1
Consis,BAUFI6,2025-05-27T22:30:00Z,0,1
Consis,BAUFI6,2025-05-27T23:00:00Z,0,1
Consis,BAUFI6,2025-05-27T23:30:00Z,0,1
Consis,BAUFI6,2025-05-28T00:00:00Z,0,1
Consis,BAUFI6,2025-05-28T00:30:00Z,0,1
Consis,BAUFI6,2025-05-28T01:00:00Z,0,1
Consis,BAUFI6,2025-05-28T01:30:00Z,0,1
Consis,BAUFI6,2025-05-28T02:00:00Z,0,1
Consis,BAUFI6,2025-05-28T02:30:00Z,0,1
Consis,BAUFI6,2025-05-28T03:00:00Z,0,1
Consis,BAUFI6,2025-05-28T03:30:00Z,0,1
Consis,BAUFI6,2025-05-28T04:00:00Z,0,1
Consis,BAUFI6,2025-05-28T04:30:00Z,0,1
Consis,BAUFI6,2025-05-28T05:00:00Z,0,1
Consis,BAUFI6,2025-05-28T05:30:00Z,0,1
Consis,BAUFI6,2025-05-28T06:00:00Z,0.173,1
Consis,BAUFI6,2025-05-28T06:30:00Z,3.4294,1
Consis,BAUFI6,2025-05-28T07:00:00Z,8.9927,1
Consis,BAUFI6,2025-05-28T07:30:00Z,18.3761,1
Consis,BAUFI6,2025-05-28T08:00:00Z,20.7746,1
Consis,BAUFI6,2025-05-28T08:30:00Z,21.9399,1
Consis,BAUFI6,2025-05-28T09:00:00Z,23.486,1
Consis,BAUFI6,2025-05-28T09:30:00Z,23.4412,1
Consis,BAUFI6,2025-05-28T10:00:00Z,24.2207,1
Consis,BAUFI6,2025-05-28T10:30:00Z,25.1127,1
Consis,BAUFI6,2025-05-28T11:00:00Z,24.1907,1
Consis,BAUFI6,2025-05-28T11:30:00Z,23.7978,1
Consis,BAUFI6,2025-05-28T12:00:00Z,23.6167,1
Consis,BAUFI6,2025-05-28T12:30:00Z,24.052,1
Consis,BAUFI6,2025-05-28T13:00:00Z,23.895,1
Consis,BAUFI6,2025-05-28T13:30:00Z,23.801,1
Consis,BAUFI6,2025-05-28T14:00:00Z,23.663,1
Consis,BAUFI6,2025-05-28T14:30:00Z,23.371,1
Consis,BAUFI6,2025-05-28T15:00:00Z,22.506,1
Consis,BAUFI6,2025-05-28T15:30:00Z,21.006,1
Consis,BAUFI6,2025-05-28T16:00:00Z,15.336,1
Consis,BAUFI6,2025-05-28T16:30:00Z,8.697,1
Consis,BAUFI6,2025-05-28T17:00:00Z,1.93,1
Consis,BAUFI6,2025-05-28T17:30:00Z,0.035,1
Consis,BAUFI6,2025-05-28T18:00:00Z,0,1
Consis,BAUFI6,2025-05-28T18:30:00Z,0,1
Consis,BAUFI6,2025-05-28T19:00:00Z,0,1
Consis,BAUFI6,2025-05-28T19:30:00Z,0,1
Consis,BAUFI6,2025-05-28T20:00:00Z,0,1
Consis,BAUFI6,2025-05-28T20:30:00Z,0,1
Consis,BAUFI6,2025-05-28T21:00:00Z,0,1
Consis,BAUFI6,2025-05-28T21:30:00Z,0,1
Consis,BAUFI6,2025-05-28T22:00:00Z,0,1
Consis,BAUFI6,2025-05-28T22:30:00Z,0,1
Consis,BAUFI6,2025-05-28T23:00:00Z,0,1
Consis,BAUFI6,2025-05-28T23:30:00Z,0,1
Consis,BAUFI6,2025-05-29T00:00:00Z,0,1
Consis,BAUFI6,2025-05-29T00:30:00Z,0,1
Consis,BAUFI6,2025-05-29T01:00:00Z,0,1
Consis,BAUFI6,2025-05-29T01:30:00Z,0,1
Consis,BAUFI6,2025-05-29T02:00:00Z,0,1
Consis,BAUFI6,2025-05-29T02:30:00Z,0,1
Consis,BAUFI6,2025-05-29T03:00:00Z,0,1
Consis,BAUFI6,2025-05-29T03:30:00Z,0,1
Consis,BAUFI6,2025-05-29T04:00:00Z,0,1
Consis,BAUFI6,2025-05-29T04:30:00Z,0,1
Consis,BAUFI6,2025-05-29T05:00:00Z,0,1
Consis,BAUFI6,2025-05-29T05:30:00Z,0,1
Consis,BAUFI6,2025-05-29T06:00:00Z,0.173,1
Consis,BAUFI6,2025-05-29T06:30:00Z,2.766,1
Consis,BAUFI6,2025-05-29T07:00:00Z,10.662,1
Consis,BAUFI6,2025-05-29T07:30:00Z,18.256,1
Consis,BAUFI6,2025-05-29T08:00:00Z,21.896,1
Consis,BAUFI6,2025-05-29T08:30:00Z,23.183,1
Consis,BAUFI6,2025-05-29T09:00:00Z,23.684,1
Consis,BAUFI6,2025-05-29T09:30:00Z,23.803,1
Consis,BAUFI6,2025-05-29T10:00:00Z,23.752,1
Consis,BAUFI6,2025-05-29T10:30:00Z,23.662,1
Consis,BAUFI6,2025-05-29T11:00:00Z,23.569,1
Consis,BAUFI6,2025-05-29T11:30:00Z,23.647,1
Consis,BAUFI6,2025-05-29T12:00:00Z,23.864,1
Consis,BAUFI6,2025-05-29T12:30:00Z,23.741,1
Consis,BAUFI6,2025-05-29T13:00:00Z,23.766,1
Consis,BAUFI6,2025-05-29T13:30:00Z,23.63,1
Consis,BAUFI6,2025-05-29T14:00:00Z,23.297,1
Consis,BAUFI6,2025-05-29T14:30:00Z,22.95,1
Consis,BAUFI6,2025-05-29T15:00:00Z,21.139,1
Consis,BAUFI6,2025-05-29T15:30:00Z,20.041,1
Consis,BAUFI6,2025-05-29T16:00:00Z,15.796,1
Consis,BAUFI6,2025-05-29T16:30:00Z,7.793,1
Consis,BAUFI6,2025-05-29T17:00:00Z,1.217,1
Consis,BAUFI6,2025-05-29T17:30:00Z,0.033,1
Consis,BAUFI6,2025-05-29T18:00:00Z,0,1
Consis,BAUFI6,2025-05-29T18:30:00Z,0,1
Consis,BAUFI6,2025-05-29T19:00:00Z,0,1
Consis,BAUFI6,2025-05-29T19:30:00Z,0,1
Consis,BAUFI6,2025-05-29T20:00:00Z,0,1
Consis,BAUFI6,2025-05-29T20:30:00Z,0,1
Consis,BAUFI6,2025-05-29T21:00:00Z,0,1
Consis,BAUFI6,2025-05-29T21:30:00Z,0,1
Consis,BAUFI6,2025-05-29T22:00:00Z,0,1
Consis,BAUFI6,2025-05-29T22:30:00Z,0,1
Consis,BAUFI6,2025-05-29T23:00:00Z,0,1
Consis,BAUFI6,2025-05-29T23:30:00Z,0,1
Consis,BAUFI6,2025-05-30T00:00:00Z,0,1
Consis,BAUFI6,2025-05-30T00:30:00Z,0,1
Consis,BAUFI6,2025-05-30T01:00:00Z,0,1
Consis,BAUFI6,2025-05-30T01:30:00Z,0,1
Consis,BAUFI6,2025-05-30T02:00:00Z,0,1
Consis,BAUFI6,2025-05-30T02:30:00Z,0,1
Consis,BAUFI6,2025-05-30T03:00:00Z,0,1
Consis,BAUFI6,2025-05-30T03:30:00Z,0,1
Consis,BAUFI6,2025-05-30T04:00:00Z,0,1
Consis,BAUFI6,2025-05-30T04:30:00Z,0,1
Consis,BAUFI6,2025-05-30T05:00:00Z,0,1
Consis,BAUFI6,2025-05-30T05:30:00Z,0,1
Consis,BAUFI6,2025-05-30T06:00:00Z,0.167,1
Consis,BAUFI6,2025-05-30T06:30:00Z,2.644,1
Consis,BAUFI6,2025-05-30T07:00:00Z,10.31,1
Consis,BAUFI6,2025-05-30T07:30:00Z,17.89,1
Consis,BAUFI6,2025-05-30T08:00:00Z,21.63,1
Consis,BAUFI6,2025-05-30T08:30:00Z,22.704,1
Consis,BAUFI6,2025-05-30T09:00:00Z,23.093,1
Consis,BAUFI6,2025-05-30T09:30:00Z,22.214,1
Consis,BAUFI6,2025-05-30T10:00:00Z,23.502,1
Consis,BAUFI6,2025-05-30T10:30:00Z,24.1066,1
Consis,BAUFI6,2025-05-30T11:00:00Z,23.1354,1
Consis,BAUFI6,2025-05-30T11:30:00Z,22.8157,1
Consis,BAUFI6,2025-05-30T12:00:00Z,21.9303,1
Consis,BAUFI6,2025-05-30T12:30:00Z,22.4529,1
Consis,BAUFI6,2025-05-30T13:00:00Z,21.8284,1
Consis,BAUFI6,2025-05-30T13:30:00Z,21.9938,1
Consis,BAUFI6,2025-05-30T14:00:00Z,21.9895,1
Consis,BAUFI6,2025-05-30T14:30:00Z,21.6118,1
Consis,BAUFI6,2025-05-30T15:00:00Z,13.437,1
Consis,BAUFI6,2025-05-30T15:30:00Z,11.46,1
Consis,BAUFI6,2025-05-30T16:00:00Z,12.874,1
Consis,BAUFI6,2025-05-30T16:30:00Z,8.158,1
Consis,BAUFI6,2025-05-30T17:00:00Z,1.623,1
Consis,BAUFI6,2025-05-30T17:30:00Z,0.047,1
Consis,BAUFI6,2025-05-30T18:00:00Z,0,1
Consis,BAUFI6,2025-05-30T18:30:00Z,0,1
Consis,BAUFI6,2025-05-30T19:00:00Z,0,1
Consis,BAUFI6,2025-05-30T19:30:00Z,0,1
Consis,BAUFI6,2025-05-30T20:00:00Z,0,1
Consis,BAUFI6,2025-05-30T20:30:00Z,0,1
Consis,BAUFI6,2025-05-30T21:00:00Z,0,1
Consis,BAUFI6,2025-05-30T21:30:00Z,0,1
Consis,BAUFI6,2025-05-30T22:00:00Z,0,1
Consis,BAUFI6,2025-05-30T22:30:00Z,0,1
Consis,BAUFI6,2025-05-30T23:00:00Z,0,1
Consis,BAUFI6,2025-05-30T23:30:00Z,0,1
Consis,BAUFI6,2025-05-31T00:00:00Z,0,1
Consis,BAUFI6,2025-05-31T00:30:00Z,0,1
Consis,BAUFI6,2025-05-31T01:00:00Z,0,1
Consis,BAUFI6,2025-05-31T01:30:00Z,0,1
Consis,BAUFI6,2025-05-31T02:00:00Z,0,1
Consis,BAUFI6,2025-05-31T02:30:00Z,0,1
Consis,BAUFI6,2025-05-31T03:00:00Z,0,1
Consis,BAUFI6,2025-05-31T03:30:00Z,0,1
Consis,BAUFI6,2025-05-31T04:00:00Z,0,1
Consis,BAUFI6,2025-05-31T04:30:00Z,0,1
Consis,BAUFI6,2025-05-31T05:00:00Z,0,1
Consis,BAUFI6,2025-05-31T05:30:00Z,0,1
Consis,BAUFI6,2025-05-31T06:00:00Z,0.142,1
Consis,BAUFI6,2025-05-31T06:30:00Z,2.795,1
Consis,BAUFI6,2025-05-31T07:00:00Z,8.6226,1
Consis,BAUFI6,2025-05-31T07:30:00Z,15.2079,1
Consis,BAUFI6,2025-05-31T08:00:00Z,17.7875,1
Consis,BAUFI6,2025-05-31T08:30:00Z,19.0293,1
Consis,BAUFI6,2025-05-31T09:00:00Z,20.2172,1
Consis,BAUFI6,2025-05-31T09:30:00Z,22.5229,1
Consis,BAUFI6,2025-05-31T10:00:00Z,21.8043,1
Consis,BAUFI6,2025-05-31T10:30:00Z,22.3737,1
Consis,BAUFI6,2025-05-31T11:00:00Z,21.4656,1
Consis,BAUFI6,2025-05-31T11:30:00Z,21.3047,1
Consis,BAUFI6,2025-05-31T12:00:00Z,20.0745,1
Consis,BAUFI6,2025-05-31T12:30:00Z,20.4609,1
Consis,BAUFI6,2025-05-31T13:00:00Z,19.5447,1
Consis,BAUFI6,2025-05-31T13:30:00Z,20.5469,1
Consis,BAUFI6,2025-05-31T14:00:00Z,19.1021,1
Consis,BAUFI6,2025-05-31T14:30:00Z,18.0927,1
Consis,BAUFI6,2025-05-31T15:00:00Z,18.3611,1
Consis,BAUFI6,2025-05-31T15:30:00Z,14.26,1
Consis,BAUFI6,2025-05-31T16:00:00Z,15.208,1
Consis,BAUFI6,2025-05-31T16:30:00Z,9.917,1
Consis,BAUFI6,2025-05-31T17:00:00Z,1.778,1
Consis,BAUFI6,2025-05-31T17:30:00Z,0.014,1
Consis,BAUFI6,2025-05-31T18:00:00Z,0,1
Consis,BAUFI6,2025-05-31T18:30:00Z,0,1
Consis,BAUFI6,2025-05-31T19:00:00Z,0,1
Consis,BAUFI6,2025-05-31T19:30:00Z,0,1
Consis,BAUFI6,2025-05-31T20:00:00Z,0,1
Consis,BAUFI6,2025-05-31T20:30:00Z,0,1
Consis,BAUFI6,2025-05-31T21:00:00Z,0,1
Consis,BAUFI6,2025-05-31T21:30:00Z,0,1
Consis,BAUFI6,2025-05-31T22:00:00Z,0,1
Consis,BAUFI6,2025-05-31T22:30:00Z,0,1
Consis,BAUFI6,2025-05-31T23:00:00Z,0,1
Consis,BAUFI6,2025-05-31T23:30:00Z,0,1
Consis,BAUFI6,2025-06-01T00:00:00Z,0,1
Consis,BAUFI6,2025-06-01T00:30:00Z,0,1
Consis,BAUFI6,2025-06-01T01:00:00Z,0,1
Consis,BAUFI6,2025-06-01T01:30:00Z,0,1
Consis,BAUFI6,2025-06-01T02:00:00Z,0,1
Consis,BAUFI6,2025-06-01T02:30:00Z,0,1
Consis,BAUFI6,2025-06-01T03:00:00Z,0,1
Consis,BAUFI6,2025-06-01T03:30:00Z,0,1
Consis,BAUFI6,2025-06-01T04:00:00Z,0,1
Consis,BAUFI6,2025-06-01T04:30:00Z,0,1
Consis,BAUFI6,2025-06-01T05:00:00Z,0,1
Consis,BAUFI6,2025-06-01T05:30:00Z,0,1
Consis,BAUFI6,2025-06-01T06:00:00Z,0.325,1
Consis,BAUFI6,2025-06-01T06:30:00Z,3.0443,1
Consis,BAUFI6,2025-06-01T07:00:00Z,8.5107,1
Consis,BAUFI6,2025-06-01T07:30:00Z,14.6174,1
Consis,BAUFI6,2025-06-01T08:00:00Z,18.0344,1
Consis,BAUFI6,2025-06-01T08:30:00Z,19.7034,1
Consis,BAUFI6,2025-06-01T09:00:00Z,21.4764,1
Consis,BAUFI6,2025-06-01T09:30:00Z,22.9094,1
Consis,BAUFI6,2025-06-01T10:00:00Z,22.9967,1
Consis,BAUFI6,2025-06-01T10:30:00Z,23.6956,1
Consis,BAUFI6,2025-06-01T11:00:00Z,22.6404,1
Consis,BAUFI6,2025-06-01T11:30:00Z,22.1176,1
Consis,BAUFI6,2025-06-01T12:00:00Z,21.0762,1
Consis,BAUFI6,2025-06-01T12:30:00Z,21.4645,1
Consis,BAUFI6,2025-06-01T13:00:00Z,20.9466,1
Consis,BAUFI6,2025-06-01T13:30:00Z,21.4042,1
Consis,BAUFI6,2025-06-01T14:00:00Z,21.3822,1
Consis,BAUFI6,2025-06-01T14:30:00Z,21.0742,1
Consis,BAUFI6,2025-06-01T15:00:00Z,19.8238,1
Consis,BAUFI6,2025-06-01T15:30:00Z,17.9429,1
Consis,BAUFI6,2025-06-01T16:00:00Z,14.4622,1
Consis,BAUFI6,2025-06-01T16:30:00Z,7.808,1
Consis,BAUFI6,2025-06-01T17:00:00Z,1.312,1
Consis,BAUFI6,2025-06-01T17:30:00Z,0.027,1
Consis,BAUFI6,2025-06-01T18:00:00Z,0,1
Consis,BAUFI6,2025-06-01T18:30:00Z,0,1
Consis,BAUFI6,2025-06-01T19:00:00Z,0,1
Consis,BAUFI6,2025-06-01T19:30:00Z,0,1
Consis,BAUFI6,2025-06-01T20:00:00Z,0,1
Consis,BAUFI6,2025-06-01T20:30:00Z,0,1
Consis,BAUFI6,2025-06-01T21:00:00Z,0,1
Consis,BAUFI6,2025-06-01T21:30:00Z,0,1
Consis,BAUFI6,2025-06-01T22:00:00Z,0,1
Consis,BAUFI6,2025-06-01T22:30:00Z,0,1
Consis,BAUFI6,2025-06-01T23:00:00Z,0,1
Consis,BAUFI6,2025-06-01T23:30:00Z,0,1
Consis,BAUFI6,2025-06-02T00:00:00Z,0,1
Consis,BAUFI6,2025-06-02T00:30:00Z,0,1
Consis,BAUFI6,2025-06-02T01:00:00Z,0,1
Consis,BAUFI6,2025-06-02T01:30:00Z,0,1
Consis,BAUFI6,2025-06-02T02:00:00Z,0,1
Consis,BAUFI6,2025-06-02T02:30:00Z,0,1
Consis,BAUFI6,2025-06-02T03:00:00Z,0,1
Consis,BAUFI6,2025-06-02T03:30:00Z,0,1
Consis,BAUFI6,2025-06-02T04:00:00Z,0,1
Consis,BAUFI6,2025-06-02T04:30:00Z,0,1
Consis,BAUFI6,2025-06-02T05:00:00Z,0,1
Consis,BAUFI6,2025-06-02T05:30:00Z,0,1
Consis,BAUFI6,2025-06-02T06:00:00Z,0.346,1
Consis,BAUFI6,2025-06-02T06:30:00Z,1.688,1
Consis,BAUFI6,2025-06-02T07:00:00Z,8.2953,1
Consis,BAUFI6,2025-06-02T07:30:00Z,12.9302,1
Consis,BAUFI6,2025-06-02T08:00:00Z,14.6652,1
Consis,BAUFI6,2025-06-02T08:30:00Z,11.3832,1
Consis,BAUFI6,2025-06-02T09:00:00Z,13.6216,1
Consis,BAUFI6,2025-06-02T09:30:00Z,17.3319,1
Consis,BAUFI6,2025-06-02T10:00:00Z,19.311,1
Consis,BAUFI6,2025-06-02T10:30:00Z,21.3983,1
Consis,BAUFI6,2025-06-02T11:00:00Z,20.9415,1
Consis,BAUFI6,2025-06-02T11:30:00Z,20.7015,1
Consis,BAUFI6,2025-06-02T12:00:00Z,20.7158,1
Consis,BAUFI6,2025-06-02T12:30:00Z,21.1452,1
Consis,BAUFI6,2025-06-02T13:00:00Z,20.9071,1
Consis,BAUFI6,2025-06-02T13:30:00Z,21.6966,1
Consis,BAUFI6,2025-06-02T14:00:00Z,20.7064,1
Consis,BAUFI6,2025-06-02T14:30:00Z,21.2377,1
Consis,BAUFI6,2025-06-02T15:00:00Z,19.6179,1
Consis,BAUFI6,2025-06-02T15:30:00Z,16.8589,1
Consis,BAUFI6,2025-06-02T16:00:00Z,13.941,1
Consis,BAUFI6,2025-06-02T16:30:00Z,5.546,1
Consis,BAUFI6,2025-06-02T17:00:00Z,1.909,1
Consis,BAUFI6,2025-06-02T17:30:00Z,0.03,1
Consis,BAUFI6,2025-06-02T18:00:00Z,0,1
Consis,BAUFI6,2025-06-02T18:30:00Z,0,1
Consis,BAUFI6,2025-06-02T19:00:00Z,0,1
Consis,BAUFI6,2025-06-02T19:30:00Z,0,1
Consis,BAUFI6,2025-06-02T20:00:00Z,0,1
Consis,BAUFI6,2025-06-02T20:30:00Z,0,1
Consis,BAUFI6,2025-06-02T21:00:00Z,0,1
Consis,BAUFI6,2025-06-02T21:30:00Z,0,1
Consis,BAUFI6,2025-06-02T22:00:00Z,0,1
Consis,BAUFI6,2025-06-02T22:30:00Z,0,1
Consis,BAUFI6,2025-06-02T23:00:00Z,0,1
Consis,BAUFI6,2025-06-02T23:30:00Z,0,1
Consis,BAUFI6,2025-06-03T00:00:00Z,0,1
Consis,BAUFI6,2025-06-03T00:30:00Z,0,1
Consis,BAUFI6,2025-06-03T01:00:00Z,0,1
Consis,BAUFI6,2025-06-03T01:30:00Z,0,1
Consis,BAUFI6,2025-06-03T02:00:00Z,0,1
Consis,BAUFI6,2025-06-03T02:30:00Z,0,1
Consis,BAUFI6,2025-06-03T03:00:00Z,0,1
Consis,BAUFI6,2025-06-03T03:30:00Z,0,1
Consis,BAUFI6,2025-06-03T04:00:00Z,0,1
Consis,BAUFI6,2025-06-03T04:30:00Z,0,1
Consis,BAUFI6,2025-06-03T05:00:00Z,0,1
Consis,BAUFI6,2025-06-03T05:30:00Z,0,1
Consis,BAUFI6,2025-06-03T06:00:00Z,0.007,1
Consis,BAUFI6,2025-06-03T06:30:00Z,1.515,1
Consis,BAUFI6,2025-06-03T07:00:00Z,0,1
Consis,BAUFI6,2025-06-03T07:30:00Z,0,1
Consis,BAUFI6,2025-06-03T08:00:00Z,0,1
Consis,BAUFI6,2025-06-03T08:30:00Z,0,1
Consis,BAUFI6,2025-06-03T09:00:00Z,0,1
Consis,BAUFI6,2025-06-03T09:30:00Z,0,1
Consis,BAUFI6,2025-06-03T10:00:00Z,0,1
Consis,BAUFI6,2025-06-03T10:30:00Z,0,1
Consis,BAUFI6,2025-06-03T11:00:00Z,0,1
Consis,BAUFI6,2025-06-03T11:30:00Z,0,1
Consis,BAUFI6,2025-06-03T12:00:00Z,0,1
Consis,BAUFI6,2025-06-03T12:30:00Z,1.657,1
Consis,BAUFI6,2025-06-03T13:00:00Z,5.315,1
Consis,BAUFI6,2025-06-03T13:30:00Z,8.171,1
Consis,BAUFI6,2025-06-03T14:00:00Z,9.509,1
Consis,BAUFI6,2025-06-03T14:30:00Z,13.266,1
Consis,BAUFI6,2025-06-03T15:00:00Z,0.002,1
Consis,BAUFI6,2025-06-03T15:30:00Z,3.685,1
Consis,BAUFI6,2025-06-03T16:00:00Z,9.267,1
Consis,BAUFI6,2025-06-03T16:30:00Z,6.625,1
Consis,BAUFI6,2025-06-03T17:00:00Z,1.218,1
Consis,BAUFI6,2025-06-03T17:30:00Z,0,1
Consis,BAUFI6,2025-06-03T18:00:00Z,0,2
Consis,BAUFI6,2025-06-03T18:30:00Z,0,1
Consis,BAUFI6,2025-06-03T19:00:00Z,0,2
Consis,BAUFI6,2025-06-03T19:30:00Z,0,2
Consis,BAUFI6,2025-06-03T20:00:00Z,0,2
Consis,BAUFI6,2025-06-03T20:30:00Z,0,2
Consis,BAUFI6,2025-06-03T21:00:00Z,0,2
Consis,BAUFI6,2025-06-03T21:30:00Z,0,2
Consis,BAUFI6,2025-06-03T22:00:00Z,0,1
Consis,BAUFI6,2025-06-03T22:30:00Z,0,1
Consis,BAUFI6,2025-06-03T23:00:00Z,0,1
Consis,BAUFI6,2025-06-03T23:30:00Z,0,1
Consis,BAUFI6,2025-06-04T00:00:00Z,0,1
Consis,BAUFI6,2025-06-04T00:30:00Z,0,1
Consis,BAUFI6,2025-06-04T01:00:00Z,0,1
Consis,BAUFI6,2025-06-04T01:30:00Z,0,1
Consis,BAUFI6,2025-06-04T02:00:00Z,0,1
Consis,BAUFI6,2025-06-04T02:30:00Z,0,1
Consis,BAUFI6,2025-06-04T03:00:00Z,0,1
Consis,BAUFI6,2025-06-04T03:30:00Z,0,1
Consis,BAUFI6,2025-06-04T04:00:00Z,0,1
Consis,BAUFI6,2025-06-04T04:30:00Z,0,1
Consis,BAUFI6,2025-06-04T05:00:00Z,0,1
Consis,BAUFI6,2025-06-04T05:30:00Z,0,1
Consis,BAUFI6,2025-06-04T06:00:00Z,0.016,1
Consis,BAUFI6,2025-06-04T06:30:00Z,2.331,1
Consis,BAUFI6,2025-06-04T07:00:00Z,7.113,1
Consis,BAUFI6,2025-06-04T07:30:00Z,3.482,1
Consis,BAUFI6,2025-06-04T08:00:00Z,0.294,1
Consis,BAUFI6,2025-06-04T08:30:00Z,0,1
Consis,BAUFI6,2025-06-04T09:00:00Z,0,1
Consis,BAUFI6,2025-06-04T09:30:00Z,0,1
Consis,BAUFI6,2025-06-04T10:00:00Z,0,1
Consis,BAUFI6,2025-06-04T10:30:00Z,0,1
Consis,BAUFI6,2025-06-04T11:00:00Z,0,1
Consis,BAUFI6,2025-06-04T11:30:00Z,0,1
Consis,BAUFI6,2025-06-04T12:00:00Z,1.265,1
Consis,BAUFI6,2025-06-04T12:30:00Z,3.709,1
Consis,BAUFI6,2025-06-04T13:00:00Z,9.009,1
Consis,BAUFI6,2025-06-04T13:30:00Z,13.793,1
Consis,BAUFI6,2025-06-04T14:00:00Z,18.867,1
Consis,BAUFI6,2025-06-04T14:30:00Z,17.696,1
Consis,BAUFI6,2025-06-04T15:00:00Z,15.467,1
Consis,BAUFI6,2025-06-04T15:30:00Z,11.229,1
Consis,BAUFI6,2025-06-04T16:00:00Z,11.514,1
Consis,BAUFI6,2025-06-04T16:30:00Z,7.259,1
Consis,BAUFI6,2025-06-04T17:00:00Z,2.071,1
Consis,BAUFI6,2025-06-04T17:30:00Z,0.012,1
Consis,BAUFI6,2025-06-04T18:00:00Z,0,1
Consis,BAUFI6,2025-06-04T18:30:00Z,0,1
Consis,BAUFI6,2025-06-04T19:00:00Z,0,1
Consis,BAUFI6,2025-06-04T19:30:00Z,0,1
Consis,BAUFI6,2025-06-04T20:00:00Z,0,1
Consis,BAUFI6,2025-06-04T20:30:00Z,0,1
Consis,BAUFI6,2025-06-04T21:00:00Z,0,1
Consis,BAUFI6,2025-06-04T21:30:00Z,0,1
Consis,BAUFI6,2025-06-04T22:00:00Z,0,1
Consis,BAUFI6,2025-06-04T22:30:00Z,0,1
Consis,BAUFI6,2025-06-04T23:00:00Z,0,1
Consis,BAUFI6,2025-06-04T23:30:00Z,0,1
Consis,BAUFI6,2025-06-05T00:00:00Z,0,1
Consis,BAUFI6,2025-06-05T00:30:00Z,0,1
Consis,BAUFI6,2025-06-05T01:00:00Z,0,1
Consis,BAUFI6,2025-06-05T01:30:00Z,0,1
Consis,BAUFI6,2025-06-05T02:00:00Z,0,1
Consis,BAUFI6,2025-06-05T02:30:00Z,0,1
Consis,BAUFI6,2025-06-05T03:00:00Z,0,1
Consis,BAUFI6,2025-06-05T03:30:00Z,0,1
Consis,BAUFI6,2025-06-05T04:00:00Z,0,1
Consis,BAUFI6,2025-06-05T04:30:00Z,0,1
Consis,BAUFI6,2025-06-05T05:00:00Z,0,1
Consis,BAUFI6,2025-06-05T05:30:00Z,0,1
Consis,BAUFI6,2025-06-05T06:00:00Z,0.064,1
Consis,BAUFI6,2025-06-05T06:30:00Z,2.241,1
Consis,BAUFI6,2025-06-05T07:00:00Z,9.832,1
Consis,BAUFI6,2025-06-05T07:30:00Z,15.49,1
Consis,BAUFI6,2025-06-05T08:00:00Z,15.739,1
Consis,BAUFI6,2025-06-05T08:30:00Z,12.267,1
Consis,BAUFI6,2025-06-05T09:00:00Z,12.026,1
Consis,BAUFI6,2025-06-05T09:30:00Z,11.792,1
Consis,BAUFI6,2025-06-05T10:00:00Z,12.126,1
Consis,BAUFI6,2025-06-05T10:30:00Z,13.209,1
Consis,BAUFI6,2025-06-05T11:00:00Z,14.221,1
Consis,BAUFI6,2025-06-05T11:30:00Z,16.873,1
Consis,BAUFI6,2025-06-05T12:00:00Z,17.354,1
Consis,BAUFI6,2025-06-05T12:30:00Z,17.931,1
Consis,BAUFI6,2025-06-05T13:00:00Z,19.958,1
Consis,BAUFI6,2025-06-05T13:30:00Z,21.448,1
Consis,BAUFI6,2025-06-05T14:00:00Z,19.429,1
Consis,BAUFI6,2025-06-05T14:30:00Z,16.826,1
Consis,BAUFI6,2025-06-05T15:00:00Z,15.907,1
Consis,BAUFI6,2025-06-05T15:30:00Z,12.35,1
Consis,BAUFI6,2025-06-05T16:00:00Z,8.792,1
Consis,BAUFI6,2025-06-05T16:30:00Z,4.439,1
Consis,BAUFI6,2025-06-05T17:00:00Z,1.087,1
Consis,BAUFI6,2025-06-05T17:30:00Z,0,1
Consis,BAUFI6,2025-06-05T18:00:00Z,0,1
Consis,BAUFI6,2025-06-05T18:30:00Z,0,1
Consis,BAUFI6,2025-06-05T19:00:00Z,0,1
Consis,BAUFI6,2025-06-05T19:30:00Z,0,1
Consis,BAUFI6,2025-06-05T20:00:00Z,0,1
Consis,BAUFI6,2025-06-05T20:30:00Z,0,1
Consis,BAUFI6,2025-06-05T21:00:00Z,0,1
Consis,BAUFI6,2025-06-05T21:30:00Z,0,1
Consis,BAUFI6,2025-06-05T22:00:00Z,0,1
Consis,BAUFI6,2025-06-05T22:30:00Z,0,1
Consis,BAUFI6,2025-06-05T23:00:00Z,0,1
Consis,BAUFI6,2025-06-05T23:30:00Z,0,1
Consis,BAUFI6,2025-06-06T00:00:00Z,0,1
Consis,BAUFI6,2025-06-06T00:30:00Z,0,1
Consis,BAUFI6,2025-06-06T01:00:00Z,0,1
Consis,BAUFI6,2025-06-06T01:30:00Z,0,1
Consis,BAUFI6,2025-06-06T02:00:00Z,0,1
Consis,BAUFI6,2025-06-06T02:30:00Z,0,1
Consis,BAUFI6,2025-06-06T03:00:00Z,0,1
Consis,BAUFI6,2025-06-06T03:30:00Z,0,1
Consis,BAUFI6,2025-06-06T04:00:00Z,0,1
Consis,BAUFI6,2025-06-06T04:30:00Z,0,1
Consis,BAUFI6,2025-06-06T05:00:00Z,0,1
Consis,BAUFI6,2025-06-06T05:30:00Z,0,1
Consis,BAUFI6,2025-06-06T06:00:00Z,0.096,1
Consis,BAUFI6,2025-06-06T06:30:00Z,0.327,1
Consis,BAUFI6,2025-06-06T07:00:00Z,0,1
Consis,BAUFI6,2025-06-06T07:30:00Z,0,1
Consis,BAUFI6,2025-06-06T08:00:00Z,0,1
Consis,BAUFI6,2025-06-06T08:30:00Z,0,1
Consis,BAUFI6,2025-06-06T09:00:00Z,0,1
Consis,BAUFI6,2025-06-06T09:30:00Z,3.268,1
Consis,BAUFI6,2025-06-06T10:00:00Z,23.81,1
Consis,BAUFI6,2025-06-06T10:30:00Z,23.516,1
Consis,BAUFI6,2025-06-06T11:00:00Z,23.79,1
Consis,BAUFI6,2025-06-06T11:30:00Z,23.828,1
Consis,BAUFI6,2025-06-06T12:00:00Z,23.981,1
Consis,BAUFI6,2025-06-06T12:30:00Z,23.834,1
Consis,BAUFI6,2025-06-06T13:00:00Z,23.97,1
Consis,BAUFI6,2025-06-06T13:30:00Z,24.155,1
Consis,BAUFI6,2025-06-06T14:00:00Z,23.121,1
Consis,BAUFI6,2025-06-06T14:30:00Z,22.427,1
Consis,BAUFI6,2025-06-06T15:00:00Z,21.361,1
Consis,BAUFI6,2025-06-06T15:30:00Z,21.005,1
Consis,BAUFI6,2025-06-06T16:00:00Z,12.037,1
Consis,BAUFI6,2025-06-06T16:30:00Z,4.682,1
Consis,BAUFI6,2025-06-06T17:00:00Z,0.963,1
Consis,BAUFI6,2025-06-06T17:30:00Z,0.037,2
Consis,BAUFI6,2025-06-06T18:00:00Z,0,1
Consis,BAUFI6,2025-06-06T18:30:00Z,0,1
Consis,BAUFI6,2025-06-06T19:00:00Z,0,1
Consis,BAUFI6,2025-06-06T19:30:00Z,0,1
Consis,BAUFI6,2025-06-06T20:00:00Z,0,1
Consis,BAUFI6,2025-06-06T20:30:00Z,0,1
Consis,BAUFI6,2025-06-06T21:00:00Z,0,1
Consis,BAUFI6,2025-06-06T21:30:00Z,0,1
Consis,BAUFI6,2025-06-06T22:00:00Z,0,1
Consis,BAUFI6,2025-06-06T22:30:00Z,0,1
Consis,BAUFI6,2025-06-06T23:00:00Z,0,1
Consis,BAUFI6,2025-06-06T23:30:00Z,0,1
Consis,BAUFI6,2025-06-07T00:00:00Z,0,1
Consis,BAUFI6,2025-06-07T00:30:00Z,0,1
Consis,BAUFI6,2025-06-07T01:00:00Z,0,1
Consis,BAUFI6,2025-06-07T01:30:00Z,0,1
Consis,BAUFI6,2025-06-07T02:00:00Z,0,1
Consis,BAUFI6,2025-06-07T02:30:00Z,0,1
Consis,BAUFI6,2025-06-07T03:00:00Z,0,1
Consis,BAUFI6,2025-06-07T03:30:00Z,0,1
Consis,BAUFI6,2025-06-07T04:00:00Z,0,1
Consis,BAUFI6,2025-06-07T04:30:00Z,0,1
Consis,BAUFI6,2025-06-07T05:00:00Z,0,1
Consis,BAUFI6,2025-06-07T05:30:00Z,0,1
Consis,BAUFI6,2025-06-07T06:00:00Z,0,1
Consis,BAUFI6,2025-06-07T06:30:00Z,1.824,1
Consis,BAUFI6,2025-06-07T07:00:00Z,9.928,1
Consis,BAUFI6,2025-06-07T07:30:00Z,5.063,1
Consis,BAUFI6,2025-06-07T08:00:00Z,0,1
Consis,BAUFI6,2025-06-07T08:30:00Z,0,1
Consis,BAUFI6,2025-06-07T09:00:00Z,0,1
Consis,BAUFI6,2025-06-07T09:30:00Z,0,1
Consis,BAUFI6,2025-06-07T10:00:00Z,0,1
Consis,BAUFI6,2025-06-07T10:30:00Z,0,1
Consis,BAUFI6,2025-06-07T11:00:00Z,0,1
Consis,BAUFI6,2025-06-07T11:30:00Z,0,1
Consis,BAUFI6,2025-06-07T12:00:00Z,0,1
Consis,BAUFI6,2025-06-07T12:30:00Z,7.141,1
Consis,BAUFI6,2025-06-07T13:00:00Z,23.967,1
Consis,BAUFI6,2025-06-07T13:30:00Z,23.896,1
Consis,BAUFI6,2025-06-07T14:00:00Z,23.828,1
Consis,BAUFI6,2025-06-07T14:30:00Z,23.52,1
Consis,BAUFI6,2025-06-07T15:00:00Z,22.81,1
Consis,BAUFI6,2025-06-07T15:30:00Z,21.513,1
Consis,BAUFI6,2025-06-07T16:00:00Z,16.013,1
Consis,BAUFI6,2025-06-07T16:30:00Z,8.546,1
Consis,BAUFI6,2025-06-07T17:00:00Z,2.124,1
Consis,BAUFI6,2025-06-07T17:30:00Z,0,1
Consis,BAUFI6,2025-06-07T18:00:00Z,0,1
Consis,BAUFI6,2025-06-07T18:30:00Z,0,1
Consis,BAUFI6,2025-06-07T19:00:00Z,0,1
Consis,BAUFI6,2025-06-07T19:30:00Z,0,1
Consis,BAUFI6,2025-06-07T20:00:00Z,0,1
Consis,BAUFI6,2025-06-07T20:30:00Z,0,1
Consis,BAUFI6,2025-06-07T21:00:00Z,0,1
Consis,BAUFI6,2025-06-07T21:30:00Z,0,1
Consis,BAUFI6,2025-06-07T22:00:00Z,0,1
Consis,BAUFI6,2025-06-07T22:30:00Z,0,1
Consis,BAUFI6,2025-06-07T23:00:00Z,0,1
Consis,BAUFI6,2025-06-07T23:30:00Z,0,1
Consis,BAUFI6,2025-06-08T00:00:00Z,0,1
Consis,BAUFI6,2025-06-08T00:30:00Z,0,1
Consis,BAUFI6,2025-06-08T01:00:00Z,0,1
Consis,BAUFI6,2025-06-08T01:30:00Z,0,1
Consis,BAUFI6,2025-06-08T02:00:00Z,0,1
Consis,BAUFI6,2025-06-08T02:30:00Z,0,1
Consis,BAUFI6,2025-06-08T03:00:00Z,0,1
Consis,BAUFI6,2025-06-08T03:30:00Z,0,1
Consis,BAUFI6,2025-06-08T04:00:00Z,0,1
Consis,BAUFI6,2025-06-08T04:30:00Z,0,1
Consis,BAUFI6,2025-06-08T05:00:00Z,0,1
Consis,BAUFI6,2025-06-08T05:30:00Z,0,1
Consis,BAUFI6,2025-06-08T06:00:00Z,0,1
Consis,BAUFI6,2025-06-08T06:30:00Z,0.185,1
Consis,BAUFI6,2025-06-08T07:00:00Z,0,1
Consis,BAUFI6,2025-06-08T07:30:00Z,0,1
Consis,BAUFI6,2025-06-08T08:00:00Z,0,1
Consis,BAUFI6,2025-06-08T08:30:00Z,0,1
Consis,BAUFI6,2025-06-08T09:00:00Z,0,1
Consis,BAUFI6,2025-06-08T09:30:00Z,0.734,1
Consis,BAUFI6,2025-06-08T10:00:00Z,5.113,1
Consis,BAUFI6,2025-06-08T10:30:00Z,7.583,1
Consis,BAUFI6,2025-06-08T11:00:00Z,10.985,1
Consis,BAUFI6,2025-06-08T11:30:00Z,12.627,1
Consis,BAUFI6,2025-06-08T12:00:00Z,13.099,1
Consis,BAUFI6,2025-06-08T12:30:00Z,13.203,1
Consis,BAUFI6,2025-06-08T13:00:00Z,13.222,1
Consis,BAUFI6,2025-06-08T13:30:00Z,13.223,1
Consis,BAUFI6,2025-06-08T14:00:00Z,13.244,1
Consis,BAUFI6,2025-06-08T14:30:00Z,15.83,1
Consis,BAUFI6,2025-06-08T15:00:00Z,21.04,1
Consis,BAUFI6,2025-06-08T15:30:00Z,20.633,1
Consis,BAUFI6,2025-06-08T16:00:00Z,15.704,1
Consis,BAUFI6,2025-06-08T16:30:00Z,7.619,1
Consis,BAUFI6,2025-06-08T17:00:00Z,2.097,1
Consis,BAUFI6,2025-06-08T17:30:00Z,0,1
Consis,BAUFI6,2025-06-08T18:00:00Z,0,1
Consis,BAUFI6,2025-06-08T18:30:00Z,0,1
Consis,BAUFI6,2025-06-08T19:00:00Z,0,1
Consis,BAUFI6,2025-06-08T19:30:00Z,0,1
Consis,BAUFI6,2025-06-08T20:00:00Z,0,1
Consis,BAUFI6,2025-06-08T20:30:00Z,0,1
Consis,BAUFI6,2025-06-08T21:00:00Z,0,1
Consis,BAUFI6,2025-06-08T21:30:00Z,0,1
Consis,BAUFI6,2025-06-08T22:00:00Z,0,1
Consis,BAUFI6,2025-06-08T22:30:00Z,0,1
Consis,BAUFI6,2025-06-08T23:00:00Z,0,1
Consis,BAUFI6,2025-06-08T23:30:00Z,0,1
Consis,BAUFI6,2025-06-09T00:00:00Z,0,1
Consis,BAUFI6,2025-06-09T00:30:00Z,0,1
Consis,BAUFI6,2025-06-09T01:00:00Z,0,1
Consis,BAUFI6,2025-06-09T01:30:00Z,0,1
Consis,BAUFI6,2025-06-09T02:00:00Z,0,1
Consis,BAUFI6,2025-06-09T02:30:00Z,0,1
Consis,BAUFI6,2025-06-09T03:00:00Z,0,1
Consis,BAUFI6,2025-06-09T03:30:00Z,0,1
Consis,BAUFI6,2025-06-09T04:00:00Z,0,1
Consis,BAUFI6,2025-06-09T04:30:00Z,0,1
Consis,BAUFI6,2025-06-09T05:00:00Z,0,1
Consis,BAUFI6,2025-06-09T05:30:00Z,0,1
Consis,BAUFI6,2025-06-09T06:00:00Z,0.03,1
Consis,BAUFI6,2025-06-09T06:30:00Z,2.367,1
Consis,BAUFI6,2025-06-09T07:00:00Z,10.431,1
Consis,BAUFI6,2025-06-09T07:30:00Z,18.667,1
Consis,BAUFI6,2025-06-09T08:00:00Z,19.494,1
Consis,BAUFI6,2025-06-09T08:30:00Z,21.546,1
Consis,BAUFI6,2025-06-09T09:00:00Z,24.006,1
Consis,BAUFI6,2025-06-09T09:30:00Z,23.183,1
Consis,BAUFI6,2025-06-09T10:00:00Z,23.314,1
Consis,BAUFI6,2025-06-09T10:30:00Z,23.15,1
Consis,BAUFI6,2025-06-09T11:00:00Z,23.134,1
Consis,BAUFI6,2025-06-09T11:30:00Z,23.077,1
Consis,BAUFI6,2025-06-09T12:00:00Z,20.144,1
Consis,BAUFI6,2025-06-09T12:30:00Z,20.805,1
Consis,BAUFI6,2025-06-09T13:00:00Z,19.248,1
Consis,BAUFI6,2025-06-09T13:30:00Z,16.511,1
Consis,BAUFI6,2025-06-09T14:00:00Z,14.079,1
Consis,BAUFI6,2025-06-09T14:30:00Z,12.665,1
Consis,BAUFI6,2025-06-09T15:00:00Z,21.611,1
Consis,BAUFI6,2025-06-09T15:30:00Z,20.718,1
Consis,BAUFI6,2025-06-09T16:00:00Z,15.874,1
Consis,BAUFI6,2025-06-09T16:30:00Z,8.571,1
Consis,BAUFI6,2025-06-09T17:00:00Z,1.979,1
Consis,BAUFI6,2025-06-09T17:30:00Z,0,1
Consis,BAUFI6,2025-06-09T18:00:00Z,0,1
Consis,BAUFI6,2025-06-09T18:30:00Z,0,1
Consis,BAUFI6,2025-06-09T19:00:00Z,0,1
Consis,BAUFI6,2025-06-09T19:30:00Z,0,1
Consis,BAUFI6,2025-06-09T20:00:00Z,0,1
Consis,BAUFI6,2025-06-09T20:30:00Z,0,1
Consis,BAUFI6,2025-06-09T21:00:00Z,0,1
Consis,BAUFI6,2025-06-09T21:30:00Z,0,1
Consis,BAUFI6,2025-06-09T22:00:00Z,0,1
Consis,BAUFI6,2025-06-09T22:30:00Z,0,1
Consis,BAUFI6,2025-06-09T23:00:00Z,0,1
Consis,BAUFI6,2025-06-09T23:30:00Z,0,1
Consis,BAUFI6,2025-06-10T00:00:00Z,0,1
Consis,BAUFI6,2025-06-10T00:30:00Z,0,1
Consis,BAUFI6,2025-06-10T01:00:00Z,0,1
Consis,BAUFI6,2025-06-10T01:30:00Z,0,1
Consis,BAUFI6,2025-06-10T02:00:00Z,0,1
Consis,BAUFI6,2025-06-10T02:30:00Z,0,1
Consis,BAUFI6,2025-06-10T03:00:00Z,0,1
Consis,BAUFI6,2025-06-10T03:30:00Z,0,1
Consis,BAUFI6,2025-06-10T04:00:00Z,0,1
Consis,BAUFI6,2025-06-10T04:30:00Z,0,1
Consis,BAUFI6,2025-06-10T05:00:00Z,0,1
Consis,BAUFI6,2025-06-10T05:30:00Z,0,1
Consis,BAUFI6,2025-06-10T06:00:00Z,0,1
Consis,BAUFI6,2025-06-10T06:30:00Z,1.811,1
Consis,BAUFI6,2025-06-10T07:00:00Z,9.314,1
Consis,BAUFI6,2025-06-10T07:30:00Z,17.516,1
Consis,BAUFI6,2025-06-10T08:00:00Z,21.473,1
Consis,BAUFI6,2025-06-10T08:30:00Z,22.523,1
Consis,BAUFI6,2025-06-10T09:00:00Z,23.004,1
Consis,BAUFI6,2025-06-10T09:30:00Z,23.013,1
Consis,BAUFI6,2025-06-10T10:00:00Z,22.681,1
Consis,BAUFI6,2025-06-10T10:30:00Z,22.497,1
Consis,BAUFI6,2025-06-10T11:00:00Z,21.923,1
Consis,BAUFI6,2025-06-10T11:30:00Z,18.156,1
Consis,BAUFI6,2025-06-10T12:00:00Z,22.831,1
Consis,BAUFI6,2025-06-10T12:30:00Z,21.456,1
Consis,BAUFI6,2025-06-10T13:00:00Z,23.407,1
Consis,BAUFI6,2025-06-10T13:30:00Z,23.184,1
Consis,BAUFI6,2025-06-10T14:00:00Z,22.793,1
Consis,BAUFI6,2025-06-10T14:30:00Z,22.708,1
Consis,BAUFI6,2025-06-10T15:00:00Z,22.136,1
Consis,BAUFI6,2025-06-10T15:30:00Z,20.711,1
Consis,BAUFI6,2025-06-10T16:00:00Z,15.947,1
Consis,BAUFI6,2025-06-10T16:30:00Z,7.29,1
Consis,BAUFI6,2025-06-10T17:00:00Z,1.983,1
Consis,BAUFI6,2025-06-10T17:30:00Z,0,1
Consis,BAUFI6,2025-06-10T18:00:00Z,0,1
Consis,BAUFI6,2025-06-10T18:30:00Z,0,1
Consis,BAUFI6,2025-06-10T19:00:00Z,0,1
Consis,BAUFI6,2025-06-10T19:30:00Z,0,1
Consis,BAUFI6,2025-06-10T20:00:00Z,0,1
Consis,BAUFI6,2025-06-10T20:30:00Z,0,1
Consis,BAUFI6,2025-06-10T21:00:00Z,0,2
Consis,BAUFI6,2025-06-10T21:30:00Z,0,2
Consis,BAUFI6,2025-06-10T22:00:00Z,0,2
Consis,BAUFI6,2025-06-10T22:30:00Z,0,2
Consis,BAUFI6,2025-06-10T23:00:00Z,0,1
Consis,BAUFI6,2025-06-10T23:30:00Z,0,1
Consis,BAUFI6,2025-06-11T00:00:00Z,0,1
Consis,BAUFI6,2025-06-11T00:30:00Z,0,1
Consis,BAUFI6,2025-06-11T01:00:00Z,0,1
Consis,BAUFI6,2025-06-11T01:30:00Z,0,1
Consis,BAUFI6,2025-06-11T02:00:00Z,0,1
Consis,BAUFI6,2025-06-11T02:30:00Z,0,1
Consis,BAUFI6,2025-06-11T03:00:00Z,0,1
Consis,BAUFI6,2025-06-11T03:30:00Z,0,1
Consis,BAUFI6,2025-06-11T04:00:00Z,0,1
Consis,BAUFI6,2025-06-11T04:30:00Z,0,1
Consis,BAUFI6,2025-06-11T05:00:00Z,0,1
Consis,BAUFI6,2025-06-11T05:30:00Z,0,1
Consis,BAUFI6,2025-06-11T06:00:00Z,0.066,1
Consis,BAUFI6,2025-06-11T06:30:00Z,2.363,1
Consis,BAUFI6,2025-06-11T07:00:00Z,8.257,1
Consis,BAUFI6,2025-06-11T07:30:00Z,13.848,1
Consis,BAUFI6,2025-06-11T08:00:00Z,18.326,1
Consis,BAUFI6,2025-06-11T08:30:00Z,20.284,1
Consis,BAUFI6,2025-06-11T09:00:00Z,20.216,1
Consis,BAUFI6,2025-06-11T09:30:00Z,20.205,1
Consis,BAUFI6,2025-06-11T10:00:00Z,21.176,1
Consis,BAUFI6,2025-06-11T10:30:00Z,21.044,1
Consis,BAUFI6,2025-06-11T11:00:00Z,20.159,1
Consis,BAUFI6,2025-06-11T11:30:00Z,21.167,1
Consis,BAUFI6,2025-06-11T12:00:00Z,19.403,1
Consis,BAUFI6,2025-06-11T12:30:00Z,21.082,1
Consis,BAUFI6,2025-06-11T13:00:00Z,21.813,1
Consis,BAUFI6,2025-06-11T13:30:00Z,21.896,1
Consis,BAUFI6,2025-06-11T14:00:00Z,16.564,1
Consis,BAUFI6,2025-06-11T14:30:00Z,14.701,1
Consis,BAUFI6,2025-06-11T15:00:00Z,10.242,1
Consis,BAUFI6,2025-06-11T15:30:00Z,2.774,1
Consis,BAUFI6,2025-06-11T16:00:00Z,2.759,1
Consis,BAUFI6,2025-06-11T16:30:00Z,2.746,1
Consis,BAUFI6,2025-06-11T17:00:00Z,1.665,1
Consis,BAUFI6,2025-06-11T17:30:00Z,0,1
Consis,BAUFI6,2025-06-11T18:00:00Z,0,1
Consis,BAUFI6,2025-06-11T18:30:00Z,0,1
Consis,BAUFI6,2025-06-11T19:00:00Z,0,1
Consis,BAUFI6,2025-06-11T19:30:00Z,0,1
Consis,BAUFI6,2025-06-11T20:00:00Z,0,1
Consis,BAUFI6,2025-06-11T20:30:00Z,0,1
Consis,BAUFI6,2025-06-11T21:00:00Z,0,1
Consis,BAUFI6,2025-06-11T21:30:00Z,0,1
Consis,BAUFI6,2025-06-11T22:00:00Z,0,1
Consis,BAUFI6,2025-06-11T22:30:00Z,0,1
Consis,BAUFI6,2025-06-11T23:00:00Z,0,1
Consis,BAUFI6,2025-06-11T23:30:00Z,0,1
Consis,BAUFI6,2025-06-12T00:00:00Z,0,1
Consis,BAUFI6,2025-06-12T00:30:00Z,0,1
Consis,BAUFI6,2025-06-12T01:00:00Z,0,1
Consis,BAUFI6,2025-06-12T01:30:00Z,0,1
Consis,BAUFI6,2025-06-12T02:00:00Z,0,1
Consis,BAUFI6,2025-06-12T02:30:00Z,0,1
Consis,BAUFI6,2025-06-12T03:00:00Z,0,1
Consis,BAUFI6,2025-06-12T03:30:00Z,0,1
Consis,BAUFI6,2025-06-12T04:00:00Z,0,1
Consis,BAUFI6,2025-06-12T04:30:00Z,0,1
Consis,BAUFI6,2025-06-12T05:00:00Z,0,1
Consis,BAUFI6,2025-06-12T05:30:00Z,0,1
Consis,BAUFI6,2025-06-12T06:00:00Z,0,1
Consis,BAUFI6,2025-06-12T06:30:00Z,1.597,1
Consis,BAUFI6,2025-06-12T07:00:00Z,3.766,1
Consis,BAUFI6,2025-06-12T07:30:00Z,5.36,1
Consis,BAUFI6,2025-06-12T08:00:00Z,20.414,1
Consis,BAUFI6,2025-06-12T08:30:00Z,20.496,1
Consis,BAUFI6,2025-06-12T09:00:00Z,19.519,1
Consis,BAUFI6,2025-06-12T09:30:00Z,20.199,1
Consis,BAUFI6,2025-06-12T10:00:00Z,8.653,1
Consis,BAUFI6,2025-06-12T10:30:00Z,2.741,1
Consis,BAUFI6,2025-06-12T11:00:00Z,3.12,1
Consis,BAUFI6,2025-06-12T11:30:00Z,2.949,1
Consis,BAUFI6,2025-06-12T12:00:00Z,3.104,1
Consis,BAUFI6,2025-06-12T12:30:00Z,13.546,1
Consis,BAUFI6,2025-06-12T13:00:00Z,19.376,1
Consis,BAUFI6,2025-06-12T13:30:00Z,14.479,1
Consis,BAUFI6,2025-06-12T14:00:00Z,12.653,1
Consis,BAUFI6,2025-06-12T14:30:00Z,11.028,1
Consis,BAUFI6,2025-06-12T15:00:00Z,13.693,1
Consis,BAUFI6,2025-06-12T15:30:00Z,9.953,1
Consis,BAUFI6,2025-06-12T16:00:00Z,4.712,1
Consis,BAUFI6,2025-06-12T16:30:00Z,4.724,1
Consis,BAUFI6,2025-06-12T17:00:00Z,1.4,1
Consis,BAUFI6,2025-06-12T17:30:00Z,0,1
Consis,BAUFI6,2025-06-12T18:00:00Z,0,1
Consis,BAUFI6,2025-06-12T18:30:00Z,0,1
Consis,BAUFI6,2025-06-12T19:00:00Z,0,1
Consis,BAUFI6,2025-06-12T19:30:00Z,0,1
Consis,BAUFI6,2025-06-12T20:00:00Z,0,1
Consis,BAUFI6,2025-06-12T20:30:00Z,0,1
Consis,BAUFI6,2025-06-12T21:00:00Z,0,1
Consis,BAUFI6,2025-06-12T21:30:00Z,0,1
Consis,BAUFI6,2025-06-12T22:00:00Z,0,1
Consis,BAUFI6,2025-06-12T22:30:00Z,0,1
Consis,BAUFI6,2025-06-12T23:00:00Z,0,1
Consis,BAUFI6,2025-06-12T23:30:00Z,0,1
Consis,BAUFI6,2025-06-13T00:00:00Z,0,1
Consis,BAUFI6,2025-06-13T00:30:00Z,0,1
Consis,BAUFI6,2025-06-13T01:00:00Z,0,1
Consis,BAUFI6,2025-06-13T01:30:00Z,0,1
Consis,BAUFI6,2025-06-13T02:00:00Z,0,1
Consis,BAUFI6,2025-06-13T02:30:00Z,0,1
Consis,BAUFI6,2025-06-13T03:00:00Z,0,1
Consis,BAUFI6,2025-06-13T03:30:00Z,0,1
Consis,BAUFI6,2025-06-13T04:00:00Z,0,1
Consis,BAUFI6,2025-06-13T04:30:00Z,0,1
Consis,BAUFI6,2025-06-13T05:00:00Z,0,1
Consis,BAUFI6,2025-06-13T05:30:00Z,0,1
Consis,BAUFI6,2025-06-13T06:00:00Z,0.004,1
Consis,BAUFI6,2025-06-13T06:30:00Z,1.486,1
Consis,BAUFI6,2025-06-13T07:00:00Z,1.424,1
Consis,BAUFI6,2025-06-13T07:30:00Z,0.997,1
Consis,BAUFI6,2025-06-13T08:00:00Z,0.997,1
Consis,BAUFI6,2025-06-13T08:30:00Z,0.997,1
Consis,BAUFI6,2025-06-13T09:00:00Z,2.253,1
Consis,BAUFI6,2025-06-13T09:30:00Z,6.766,1
Consis,BAUFI6,2025-06-13T10:00:00Z,3.888,1
Consis,BAUFI6,2025-06-13T10:30:00Z,0.874,1
Consis,BAUFI6,2025-06-13T11:00:00Z,0.943,1
Consis,BAUFI6,2025-06-13T11:30:00Z,0.995,1
Consis,BAUFI6,2025-06-13T12:00:00Z,0.949,1
Consis,BAUFI6,2025-06-13T12:30:00Z,0.948,1
Consis,BAUFI6,2025-06-13T13:00:00Z,3.932,1
Consis,BAUFI6,2025-06-13T13:30:00Z,7.693,1
Consis,BAUFI6,2025-06-13T14:00:00Z,15.092,1
Consis,BAUFI6,2025-06-13T14:30:00Z,20.21,1
Consis,BAUFI6,2025-06-13T15:00:00Z,22.039,1
Consis,BAUFI6,2025-06-13T15:30:00Z,17.59,1
Consis,BAUFI6,2025-06-13T16:00:00Z,15.866,1
Consis,BAUFI6,2025-06-13T16:30:00Z,7.803,1
Consis,BAUFI6,2025-06-13T17:00:00Z,1.945,1
Consis,BAUFI6,2025-06-13T17:30:00Z,0.003,1
Consis,BAUFI6,2025-06-13T18:00:00Z,0,1
Consis,BAUFI6,2025-06-13T18:30:00Z,0,1
Consis,BAUFI6,2025-06-13T19:00:00Z,0,1
Consis,BAUFI6,2025-06-13T19:30:00Z,0,1
Consis,BAUFI6,2025-06-13T20:00:00Z,0,1
Consis,BAUFI6,2025-06-13T20:30:00Z,0,1
Consis,BAUFI6,2025-06-13T21:00:00Z,0,1
Consis,BAUFI6,2025-06-13T21:30:00Z,0,1
Consis,BAUFI6,2025-06-13T22:00:00Z,0,1
Consis,BAUFI6,2025-06-13T22:30:00Z,0,1
Consis,BAUFI6,2025-06-13T23:00:00Z,0,1
Consis,BAUFI6,2025-06-13T23:30:00Z,0,1
Consis,BAUFI6,2025-06-14T00:00:00Z,0,1
Consis,BAUFI6,2025-06-14T00:30:00Z,0,1
Consis,BAUFI6,2025-06-14T01:00:00Z,0,1
Consis,BAUFI6,2025-06-14T01:30:00Z,0,1
Consis,BAUFI6,2025-06-14T02:00:00Z,0,1
Consis,BAUFI6,2025-06-14T02:30:00Z,0,1
Consis,BAUFI6,2025-06-14T03:00:00Z,0,1
Consis,BAUFI6,2025-06-14T03:30:00Z,0,1
Consis,BAUFI6,2025-06-14T04:00:00Z,0,1
Consis,BAUFI6,2025-06-14T04:30:00Z,0,1
Consis,BAUFI6,2025-06-14T05:00:00Z,0,1
Consis,BAUFI6,2025-06-14T05:30:00Z,0,1
Consis,BAUFI6,2025-06-14T06:00:00Z,0.005,1
Consis,BAUFI6,2025-06-14T06:30:00Z,0,1
Consis,BAUFI6,2025-06-14T07:00:00Z,0,1
Consis,BAUFI6,2025-06-14T07:30:00Z,0,1
Consis,BAUFI6,2025-06-14T08:00:00Z,0.01,1
Consis,BAUFI6,2025-06-14T08:30:00Z,0.023,1
Consis,BAUFI6,2025-06-14T09:00:00Z,0,1
Consis,BAUFI6,2025-06-14T09:30:00Z,0,1
Consis,BAUFI6,2025-06-14T10:00:00Z,0,1
Consis,BAUFI6,2025-06-14T10:30:00Z,0.002,1
Consis,BAUFI6,2025-06-14T11:00:00Z,0,1
Consis,BAUFI6,2025-06-14T11:30:00Z,2.403,1
Consis,BAUFI6,2025-06-14T12:00:00Z,3.191,1
Consis,BAUFI6,2025-06-14T12:30:00Z,3.255,1
Consis,BAUFI6,2025-06-14T13:00:00Z,4.662,1
Consis,BAUFI6,2025-06-14T13:30:00Z,7.03,1
Consis,BAUFI6,2025-06-14T14:00:00Z,7.044,1
Consis,BAUFI6,2025-06-14T14:30:00Z,13.958,1
Consis,BAUFI6,2025-06-14T15:00:00Z,17.759,1
Consis,BAUFI6,2025-06-14T15:30:00Z,18.97,1
Consis,BAUFI6,2025-06-14T16:00:00Z,16.095,1
Consis,BAUFI6,2025-06-14T16:30:00Z,8.839,1
Consis,BAUFI6,2025-06-14T17:00:00Z,2.082,1
Consis,BAUFI6,2025-06-14T17:30:00Z,0,1
Consis,BAUFI6,2025-06-14T18:00:00Z,0,1
Consis,BAUFI6,2025-06-14T18:30:00Z,0,1
Consis,BAUFI6,2025-06-14T19:00:00Z,0,1
Consis,BAUFI6,2025-06-14T19:30:00Z,0,1
Consis,BAUFI6,2025-06-14T20:00:00Z,0,1
Consis,BAUFI6,2025-06-14T20:30:00Z,0,1
Consis,BAUFI6,2025-06-14T21:00:00Z,0,1
Consis,BAUFI6,2025-06-14T21:30:00Z,0,1
Consis,BAUFI6,2025-06-14T22:00:00Z,0,1
Consis,BAUFI6,2025-06-14T22:30:00Z,0,1
Consis,BAUFI6,2025-06-14T23:00:00Z,0,1
Consis,BAUFI6,2025-06-14T23:30:00Z,0,1
Consis,BAUFI6,2025-06-15T00:00:00Z,0,1
Consis,BAUFI6,2025-06-15T00:30:00Z,0,1
Consis,BAUFI6,2025-06-15T01:00:00Z,0,1
Consis,BAUFI6,2025-06-15T01:30:00Z,0,1
Consis,BAUFI6,2025-06-15T02:00:00Z,0,1
Consis,BAUFI6,2025-06-15T02:30:00Z,0,1
Consis,BAUFI6,2025-06-15T03:00:00Z,0,1
Consis,BAUFI6,2025-06-15T03:30:00Z,0,1
Consis,BAUFI6,2025-06-15T04:00:00Z,0,1
Consis,BAUFI6,2025-06-15T04:30:00Z,0,1
Consis,BAUFI6,2025-06-15T05:00:00Z,0,1
Consis,BAUFI6,2025-06-15T05:30:00Z,0,1
Consis,BAUFI6,2025-06-15T06:00:00Z,0,1
Consis,BAUFI6,2025-06-15T06:30:00Z,1.622,1
Consis,BAUFI6,2025-06-15T07:00:00Z,3.395,1
Consis,BAUFI6,2025-06-15T07:30:00Z,3.375,1
Consis,BAUFI6,2025-06-15T08:00:00Z,3.785,1
Consis,BAUFI6,2025-06-15T08:30:00Z,5.443,1
Consis,BAUFI6,2025-06-15T09:00:00Z,5.467,1
Consis,BAUFI6,2025-06-15T09:30:00Z,5.525,1
Consis,BAUFI6,2025-06-15T10:00:00Z,5.526,1
Consis,BAUFI6,2025-06-15T10:30:00Z,5.529,1
Consis,BAUFI6,2025-06-15T11:00:00Z,6.127,1
Consis,BAUFI6,2025-06-15T11:30:00Z,7.702,1
Consis,BAUFI6,2025-06-15T12:00:00Z,7.707,1
Consis,BAUFI6,2025-06-15T12:30:00Z,8.403,1
Consis,BAUFI6,2025-06-15T13:00:00Z,10.298,1
Consis,BAUFI6,2025-06-15T13:30:00Z,11.428,1
Consis,BAUFI6,2025-06-15T14:00:00Z,13.505,1
Consis,BAUFI6,2025-06-15T14:30:00Z,21.309,1
Consis,BAUFI6,2025-06-15T15:00:00Z,23.012,1
Consis,BAUFI6,2025-06-15T15:30:00Z,18.571,1
Consis,BAUFI6,2025-06-15T16:00:00Z,5.442,1
Consis,BAUFI6,2025-06-15T16:30:00Z,2.437,1
Consis,BAUFI6,2025-06-15T17:00:00Z,1.595,1
Consis,BAUFI6,2025-06-15T17:30:00Z,0.143,1
Consis,BAUFI6,2025-06-15T18:00:00Z,0,1
Consis,BAUFI6,2025-06-15T18:30:00Z,0,1
Consis,BAUFI6,2025-06-15T19:00:00Z,0,1
Consis,BAUFI6,2025-06-15T19:30:00Z,0,1
Consis,BAUFI6,2025-06-15T20:00:00Z,0,1
Consis,BAUFI6,2025-06-15T20:30:00Z,0,1
Consis,BAUFI6,2025-06-15T21:00:00Z,0,1
Consis,BAUFI6,2025-06-15T21:30:00Z,0,1
Consis,BAUFI6,2025-06-15T22:00:00Z,0,1
Consis,BAUFI6,2025-06-15T22:30:00Z,0,1
Consis,BAUFI6,2025-06-15T23:00:00Z,0,1
Consis,BAUFI6,2025-06-15T23:30:00Z,0,1
Consis,BAUFI6,2025-06-16T00:00:00Z,0,1
Consis,BAUFI6,2025-06-16T00:30:00Z,0,1
Consis,BAUFI6,2025-06-16T01:00:00Z,0,1
Consis,BAUFI6,2025-06-16T01:30:00Z,0,1
Consis,BAUFI6,2025-06-16T02:00:00Z,0,1
Consis,BAUFI6,2025-06-16T02:30:00Z,0,1
Consis,BAUFI6,2025-06-16T03:00:00Z,0,1
Consis,BAUFI6,2025-06-16T03:30:00Z,0,1
Consis,BAUFI6,2025-06-16T04:00:00Z,0,1
Consis,BAUFI6,2025-06-16T04:30:00Z,0,1
Consis,BAUFI6,2025-06-16T05:00:00Z,0,1
Consis,BAUFI6,2025-06-16T05:30:00Z,0,1
Consis,BAUFI6,2025-06-16T06:00:00Z,0,1
Consis,BAUFI6,2025-06-16T06:30:00Z,1.553,1
Consis,BAUFI6,2025-06-16T07:00:00Z,8.34,1
Consis,BAUFI6,2025-06-16T07:30:00Z,16.263,1
Consis,BAUFI6,2025-06-16T08:00:00Z,21.054,1
Consis,BAUFI6,2025-06-16T08:30:00Z,6.208,1
Consis,BAUFI6,2025-06-16T09:00:00Z,0,1
Consis,BAUFI6,2025-06-16T09:30:00Z,0,1
Consis,BAUFI6,2025-06-16T10:00:00Z,0,1
Consis,BAUFI6,2025-06-16T10:30:00Z,13.579,1
Consis,BAUFI6,2025-06-16T11:00:00Z,23.631,1
Consis,BAUFI6,2025-06-16T11:30:00Z,23.707,1
Consis,BAUFI6,2025-06-16T12:00:00Z,23.503,1
Consis,BAUFI6,2025-06-16T12:30:00Z,22.009,1
Consis,BAUFI6,2025-06-16T13:00:00Z,22.21,1
Consis,BAUFI6,2025-06-16T13:30:00Z,12.681,1
Consis,BAUFI6,2025-06-16T14:00:00Z,10.603,1
Consis,BAUFI6,2025-06-16T14:30:00Z,5.768,1
Consis,BAUFI6,2025-06-16T15:00:00Z,7.336,1
Consis,BAUFI6,2025-06-16T15:30:00Z,7.773,1
Consis,BAUFI6,2025-06-16T16:00:00Z,13.348,1
Consis,BAUFI6,2025-06-16T16:30:00Z,9.791,1
Consis,BAUFI6,2025-06-16T17:00:00Z,1.077,1
Consis,BAUFI6,2025-06-16T17:30:00Z,0,1
Consis,BAUFI6,2025-06-16T18:00:00Z,0,1
Consis,BAUFI6,2025-06-16T18:30:00Z,0,1
Consis,BAUFI6,2025-06-16T19:00:00Z,0,1
Consis,BAUFI6,2025-06-16T19:30:00Z,0,1
Consis,BAUFI6,2025-06-16T20:00:00Z,0,1
Consis,BAUFI6,2025-06-16T20:30:00Z,0,1
Consis,BAUFI6,2025-06-16T21:00:00Z,0,1
Consis,BAUFI6,2025-06-16T21:30:00Z,0,1
Consis,BAUFI6,2025-06-16T22:00:00Z,0,1
Consis,BAUFI6,2025-06-16T22:30:00Z,0,1
Consis,BAUFI6,2025-06-16T23:00:00Z,0,1
Consis,BAUFI6,2025-06-16T23:30:00Z,0,1
Consis,BAUFI6,2025-06-17T00:00:00Z,0,1
Consis,BAUFI6,2025-06-17T00:30:00Z,0,1
Consis,BAUFI6,2025-06-17T01:00:00Z,0,1
Consis,BAUFI6,2025-06-17T01:30:00Z,0,1
Consis,BAUFI6,2025-06-17T02:00:00Z,0,1
Consis,BAUFI6,2025-06-17T02:30:00Z,0,1
Consis,BAUFI6,2025-06-17T03:00:00Z,0,1
Consis,BAUFI6,2025-06-17T03:30:00Z,0,1
Consis,BAUFI6,2025-06-17T04:00:00Z,0,1
Consis,BAUFI6,2025-06-17T04:30:00Z,0,1
Consis,BAUFI6,2025-06-17T05:00:00Z,0,1
Consis,BAUFI6,2025-06-17T05:30:00Z,0,1
Consis,BAUFI6,2025-06-17T06:00:00Z,0,1
Consis,BAUFI6,2025-06-17T06:30:00Z,0.552,1
Consis,BAUFI6,2025-06-17T07:00:00Z,0,1
Consis,BAUFI6,2025-06-17T07:30:00Z,0,1
Consis,BAUFI6,2025-06-17T08:00:00Z,0,1
Consis,BAUFI6,2025-06-17T08:30:00Z,0,1
Consis,BAUFI6,2025-06-17T09:00:00Z,0,1
Consis,BAUFI6,2025-06-17T09:30:00Z,0,1
Consis,BAUFI6,2025-06-17T10:00:00Z,0,1
Consis,BAUFI6,2025-06-17T10:30:00Z,0,1
Consis,BAUFI6,2025-06-17T11:00:00Z,0,1
Consis,BAUFI6,2025-06-17T11:30:00Z,0,1
Consis,BAUFI6,2025-06-17T12:00:00Z,0,1
Consis,BAUFI6,2025-06-17T12:30:00Z,1.161,1
Consis,BAUFI6,2025-06-17T13:00:00Z,5.357,1
Consis,BAUFI6,2025-06-17T13:30:00Z,11.569,1
Consis,BAUFI6,2025-06-17T14:00:00Z,13.877,1
Consis,BAUFI6,2025-06-17T14:30:00Z,16.676,1
Consis,BAUFI6,2025-06-17T15:00:00Z,4.132,1
Consis,BAUFI6,2025-06-17T15:30:00Z,3.122,1
Consis,BAUFI6,2025-06-17T16:00:00Z,0.057,1
Consis,BAUFI6,2025-06-17T16:30:00Z,0.077,1
Consis,BAUFI6,2025-06-17T17:00:00Z,0.329,1
Consis,BAUFI6,2025-06-17T17:30:00Z,0,1
Consis,BAUFI6,2025-06-17T18:00:00Z,0,1
Consis,BAUFI6,2025-06-17T18:30:00Z,0,1
Consis,BAUFI6,2025-06-17T19:00:00Z,0,1
Consis,BAUFI6,2025-06-17T19:30:00Z,0,1
Consis,BAUFI6,2025-06-17T20:00:00Z,0,2
Consis,BAUFI6,2025-06-17T20:30:00Z,0,2
Consis,BAUFI6,2025-06-17T21:00:00Z,0,2
Consis,BAUFI6,2025-06-17T21:30:00Z,0,1
Consis,BAUFI6,2025-06-17T22:00:00Z,0,1
Consis,BAUFI6,2025-06-17T22:30:00Z,0,1
Consis,BAUFI6,2025-06-17T23:00:00Z,0,1
Consis,BAUFI6,2025-06-17T23:30:00Z,0,1
Consis,BAUFI6,2025-06-18T00:00:00Z,0,1
Consis,BAUFI6,2025-06-18T00:30:00Z,0,1
Consis,BAUFI6,2025-06-18T01:00:00Z,0,1
Consis,BAUFI6,2025-06-18T01:30:00Z,0,1
Consis,BAUFI6,2025-06-18T02:00:00Z,0,1
Consis,BAUFI6,2025-06-18T02:30:00Z,0,1
Consis,BAUFI6,2025-06-18T03:00:00Z,0,1
Consis,BAUFI6,2025-06-18T03:30:00Z,0,1
Consis,BAUFI6,2025-06-18T04:00:00Z,0,1
Consis,BAUFI6,2025-06-18T04:30:00Z,0,1
Consis,BAUFI6,2025-06-18T05:00:00Z,0,1
Consis,BAUFI6,2025-06-18T05:30:00Z,0,1
Consis,BAUFI6,2025-06-18T06:00:00Z,0,1
Consis,BAUFI6,2025-06-18T06:30:00Z,1.433,1
Consis,BAUFI6,2025-06-18T07:00:00Z,6.049,1
Consis,BAUFI6,2025-06-18T07:30:00Z,0.002,1
Consis,BAUFI6,2025-06-18T08:00:00Z,0,1
Consis,BAUFI6,2025-06-18T08:30:00Z,0.82,1
Consis,BAUFI6,2025-06-18T09:00:00Z,4.767,1
Consis,BAUFI6,2025-06-18T09:30:00Z,0,1
Consis,BAUFI6,2025-06-18T10:00:00Z,0,1
Consis,BAUFI6,2025-06-18T10:30:00Z,0,1
Consis,BAUFI6,2025-06-18T11:00:00Z,0,1
Consis,BAUFI6,2025-06-18T11:30:00Z,0,1
Consis,BAUFI6,2025-06-18T12:00:00Z,0,1
Consis,BAUFI6,2025-06-18T12:30:00Z,0,1
Consis,BAUFI6,2025-06-18T13:00:00Z,1.473,1
Consis,BAUFI6,2025-06-18T13:30:00Z,14.464,1
Consis,BAUFI6,2025-06-18T14:00:00Z,23.33,1
Consis,BAUFI6,2025-06-18T14:30:00Z,23.653,1
Consis,BAUFI6,2025-06-18T15:00:00Z,22.581,1
Consis,BAUFI6,2025-06-18T15:30:00Z,12.841,1
Consis,BAUFI6,2025-06-18T16:00:00Z,7.242,1
Consis,BAUFI6,2025-06-18T16:30:00Z,5.408,1
Consis,BAUFI6,2025-06-18T17:00:00Z,0.122,1
Consis,BAUFI6,2025-06-18T17:30:00Z,0,1
Consis,BAUFI6,2025-06-18T18:00:00Z,0,1
Consis,BAUFI6,2025-06-18T18:30:00Z,0,1
Consis,BAUFI6,2025-06-18T19:00:00Z,0,1
Consis,BAUFI6,2025-06-18T19:30:00Z,0,1
Consis,BAUFI6,2025-06-18T20:00:00Z,0,1
Consis,BAUFI6,2025-06-18T20:30:00Z,0,1
Consis,BAUFI6,2025-06-18T21:00:00Z,0,1
Consis,BAUFI6,2025-06-18T21:30:00Z,0,1
Consis,BAUFI6,2025-06-18T22:00:00Z,0,1
Consis,BAUFI6,2025-06-18T22:30:00Z,0,1
Consis,BAUFI6,2025-06-18T23:00:00Z,0,1
Consis,BAUFI6,2025-06-18T23:30:00Z,0,1
Consis,BAUFI6,2025-06-19T00:00:00Z,0,1
Consis,BAUFI6,2025-06-19T00:30:00Z,0,1
Consis,BAUFI6,2025-06-19T01:00:00Z,0,1
Consis,BAUFI6,2025-06-19T01:30:00Z,0,1
Consis,BAUFI6,2025-06-19T02:00:00Z,0,1
Consis,BAUFI6,2025-06-19T02:30:00Z,0,1
Consis,BAUFI6,2025-06-19T03:00:00Z,0,1
Consis,BAUFI6,2025-06-19T03:30:00Z,0,1
Consis,BAUFI6,2025-06-19T04:00:00Z,0,1
Consis,BAUFI6,2025-06-19T04:30:00Z,0,1
Consis,BAUFI6,2025-06-19T05:00:00Z,0,1
Consis,BAUFI6,2025-06-19T05:30:00Z,0,1
Consis,BAUFI6,2025-06-19T06:00:00Z,0,1
Consis,BAUFI6,2025-06-19T06:30:00Z,1.455,1
Consis,BAUFI6,2025-06-19T07:00:00Z,0.032,1
Consis,BAUFI6,2025-06-19T07:30:00Z,0,1
Consis,BAUFI6,2025-06-19T08:00:00Z,0,1
Consis,BAUFI6,2025-06-19T08:30:00Z,0,1
Consis,BAUFI6,2025-06-19T09:00:00Z,0,1
Consis,BAUFI6,2025-06-19T09:30:00Z,0,1
Consis,BAUFI6,2025-06-19T10:00:00Z,0,1
Consis,BAUFI6,2025-06-19T10:30:00Z,0,1
Consis,BAUFI6,2025-06-19T11:00:00Z,0,1
Consis,BAUFI6,2025-06-19T11:30:00Z,0,1
Consis,BAUFI6,2025-06-19T12:00:00Z,2.424,1
Consis,BAUFI6,2025-06-19T12:30:00Z,6.161,1
Consis,BAUFI6,2025-06-19T13:00:00Z,9.969,1
Consis,BAUFI6,2025-06-19T13:30:00Z,10.142,1
Consis,BAUFI6,2025-06-19T14:00:00Z,23.051,1
Consis,BAUFI6,2025-06-19T14:30:00Z,23.651,1
Consis,BAUFI6,2025-06-19T15:00:00Z,23.1,1
Consis,BAUFI6,2025-06-19T15:30:00Z,21.58,1
Consis,BAUFI6,2025-06-19T16:00:00Z,15.209,1
Consis,BAUFI6,2025-06-19T16:30:00Z,9.389,1
Consis,BAUFI6,2025-06-19T17:00:00Z,2.333,1
Consis,BAUFI6,2025-06-19T17:30:00Z,0,1
Consis,BAUFI6,2025-06-19T18:00:00Z,0,1
Consis,BAUFI6,2025-06-19T18:30:00Z,0,1
Consis,BAUFI6,2025-06-19T19:00:00Z,0,1
Consis,BAUFI6,2025-06-19T19:30:00Z,0,1
Consis,BAUFI6,2025-06-19T20:00:00Z,0,1
Consis,BAUFI6,2025-06-19T20:30:00Z,0,1
Consis,BAUFI6,2025-06-19T21:00:00Z,0,1
Consis,BAUFI6,2025-06-19T21:30:00Z,0,1
Consis,BAUFI6,2025-06-19T22:00:00Z,0,1
Consis,BAUFI6,2025-06-19T22:30:00Z,0,1
Consis,BAUFI6,2025-06-19T23:00:00Z,0,1
Consis,BAUFI6,2025-06-19T23:30:00Z,0,1
Consis,BAUFI6,2025-06-20T00:00:00Z,0,1
Consis,BAUFI6,2025-06-20T00:30:00Z,0,1
Consis,BAUFI6,2025-06-20T01:00:00Z,0,1
Consis,BAUFI6,2025-06-20T01:30:00Z,0,1
Consis,BAUFI6,2025-06-20T02:00:00Z,0,1
Consis,BAUFI6,2025-06-20T02:30:00Z,0,1
Consis,BAUFI6,2025-06-20T03:00:00Z,0,1
Consis,BAUFI6,2025-06-20T03:30:00Z,0,1
Consis,BAUFI6,2025-06-20T04:00:00Z,0,1
Consis,BAUFI6,2025-06-20T04:30:00Z,0,1
Consis,BAUFI6,2025-06-20T05:00:00Z,0,1
Consis,BAUFI6,2025-06-20T05:30:00Z,0,1
Consis,BAUFI6,2025-06-20T06:00:00Z,0,1
Consis,BAUFI6,2025-06-20T06:30:00Z,0,1
Consis,BAUFI6,2025-06-20T07:00:00Z,0,1
Consis,BAUFI6,2025-06-20T07:30:00Z,0,1
Consis,BAUFI6,2025-06-20T08:00:00Z,0,1
Consis,BAUFI6,2025-06-20T08:30:00Z,0,1
Consis,BAUFI6,2025-06-20T09:00:00Z,0,1
Consis,BAUFI6,2025-06-20T09:30:00Z,0,1
Consis,BAUFI6,2025-06-20T10:00:00Z,0,1
Consis,BAUFI6,2025-06-20T10:30:00Z,0,1
Consis,BAUFI6,2025-06-20T11:00:00Z,0,1
Consis,BAUFI6,2025-06-20T11:30:00Z,0,1
Consis,BAUFI6,2025-06-20T12:00:00Z,0,1
Consis,BAUFI6,2025-06-20T12:30:00Z,0,1
Consis,BAUFI6,2025-06-20T13:00:00Z,0,1
Consis,BAUFI6,2025-06-20T13:30:00Z,0,1
Consis,BAUFI6,2025-06-20T14:00:00Z,5.375,1
Consis,BAUFI6,2025-06-20T14:30:00Z,23.032,1
Consis,BAUFI6,2025-06-20T15:00:00Z,22.525,1
Consis,BAUFI6,2025-06-20T15:30:00Z,21.193,1
Consis,BAUFI6,2025-06-20T16:00:00Z,15.58,1
Consis,BAUFI6,2025-06-20T16:30:00Z,9.299,1
Consis,BAUFI6,2025-06-20T17:00:00Z,2.343,1
Consis,BAUFI6,2025-06-20T17:30:00Z,0.128,1
Consis,BAUFI6,2025-06-20T18:00:00Z,0,1
Consis,BAUFI6,2025-06-20T18:30:00Z,0,1
Consis,BAUFI6,2025-06-20T19:00:00Z,0,1
Consis,BAUFI6,2025-06-20T19:30:00Z,0,1
Consis,BAUFI6,2025-06-20T20:00:00Z,0,1
Consis,BAUFI6,2025-06-20T20:30:00Z,0,1
Consis,BAUFI6,2025-06-20T21:00:00Z,0,1
Consis,BAUFI6,2025-06-20T21:30:00Z,0,1
Consis,BAUFI6,2025-06-20T22:00:00Z,0,1
Consis,BAUFI6,2025-06-20T22:30:00Z,0,1
Consis,BAUFI6,2025-06-20T23:00:00Z,0,1
Consis,BAUFI6,2025-06-20T23:30:00Z,0,1
Consis,BAUFI6,2025-06-21T00:00:00Z,0,1
Consis,BAUFI6,2025-06-21T00:30:00Z,0,1
Consis,BAUFI6,2025-06-21T01:00:00Z,0,1
Consis,BAUFI6,2025-06-21T01:30:00Z,0,1
Consis,BAUFI6,2025-06-21T02:00:00Z,0,1
Consis,BAUFI6,2025-06-21T02:30:00Z,0,1
Consis,BAUFI6,2025-06-21T03:00:00Z,0,1
Consis,BAUFI6,2025-06-21T03:30:00Z,0,1
Consis,BAUFI6,2025-06-21T04:00:00Z,0,1
Consis,BAUFI6,2025-06-21T04:30:00Z,0,1
Consis,BAUFI6,2025-06-21T05:00:00Z,0,1
Consis,BAUFI6,2025-06-21T05:30:00Z,0,1
Consis,BAUFI6,2025-06-21T06:00:00Z,0,1
Consis,BAUFI6,2025-06-21T06:30:00Z,1.483,1
Consis,BAUFI6,2025-06-21T07:00:00Z,4.256,1
Consis,BAUFI6,2025-06-21T07:30:00Z,3.726,1
Consis,BAUFI6,2025-06-21T08:00:00Z,4.789,1
Consis,BAUFI6,2025-06-21T08:30:00Z,0.855,1
Consis,BAUFI6,2025-06-21T09:00:00Z,0,1
Consis,BAUFI6,2025-06-21T09:30:00Z,0,1
Consis,BAUFI6,2025-06-21T10:00:00Z,0,1
Consis,BAUFI6,2025-06-21T10:30:00Z,0,1
Consis,BAUFI6,2025-06-21T11:00:00Z,0,1
Consis,BAUFI6,2025-06-21T11:30:00Z,0,1
Consis,BAUFI6,2025-06-21T12:00:00Z,0,1
Consis,BAUFI6,2025-06-21T12:30:00Z,0,1
Consis,BAUFI6,2025-06-21T13:00:00Z,1.425,1
Consis,BAUFI6,2025-06-21T13:30:00Z,14.088,1
Consis,BAUFI6,2025-06-21T14:00:00Z,22.302,1
Consis,BAUFI6,2025-06-21T14:30:00Z,16.209,1
Consis,BAUFI6,2025-06-21T15:00:00Z,17.683,1
Consis,BAUFI6,2025-06-21T15:30:00Z,9.766,1
Consis,BAUFI6,2025-06-21T16:00:00Z,11.063,1
Consis,BAUFI6,2025-06-21T16:30:00Z,2.951,1
Consis,BAUFI6,2025-06-21T17:00:00Z,0.873,1
Consis,BAUFI6,2025-06-21T17:30:00Z,0,1
Consis,BAUFI6,2025-06-21T18:00:00Z,0,1
Consis,BAUFI6,2025-06-21T18:30:00Z,0,1
Consis,BAUFI6,2025-06-21T19:00:00Z,0,1
Consis,BAUFI6,2025-06-21T19:30:00Z,0,1
Consis,BAUFI6,2025-06-21T20:00:00Z,0,1
Consis,BAUFI6,2025-06-21T20:30:00Z,0,1
Consis,BAUFI6,2025-06-21T21:00:00Z,0,1
Consis,BAUFI6,2025-06-21T21:30:00Z,0,1
Consis,BAUFI6,2025-06-21T22:00:00Z,0,1
Consis,BAUFI6,2025-06-21T22:30:00Z,0,1
Consis,BAUFI6,2025-06-21T23:00:00Z,0,1
Consis,BAUFI6,2025-06-21T23:30:00Z,0,1
Consis,BAUFI6,2025-06-22T00:00:00Z,0,1
Consis,BAUFI6,2025-06-22T00:30:00Z,0,1
Consis,BAUFI6,2025-06-22T01:00:00Z,0,1
Consis,BAUFI6,2025-06-22T01:30:00Z,0,1
Consis,BAUFI6,2025-06-22T02:00:00Z,0,1
Consis,BAUFI6,2025-06-22T02:30:00Z,0,1
Consis,BAUFI6,2025-06-22T03:00:00Z,0,1
Consis,BAUFI6,2025-06-22T03:30:00Z,0,1
Consis,BAUFI6,2025-06-22T04:00:00Z,0,1
Consis,BAUFI6,2025-06-22T04:30:00Z,0,1
Consis,BAUFI6,2025-06-22T05:00:00Z,0,1
Consis,BAUFI6,2025-06-22T05:30:00Z,0,1
Consis,BAUFI6,2025-06-22T06:00:00Z,0,1
Consis,BAUFI6,2025-06-22T06:30:00Z,0.776,1
Consis,BAUFI6,2025-06-22T07:00:00Z,7.141,1
Consis,BAUFI6,2025-06-22T07:30:00Z,8.82,1
Consis,BAUFI6,2025-06-22T08:00:00Z,8.605,1
Consis,BAUFI6,2025-06-22T08:30:00Z,8.263,1
Consis,BAUFI6,2025-06-22T09:00:00Z,8.016,1
Consis,BAUFI6,2025-06-22T09:30:00Z,7.8,1
Consis,BAUFI6,2025-06-22T10:00:00Z,6.088,1
Consis,BAUFI6,2025-06-22T10:30:00Z,5.252,1
Consis,BAUFI6,2025-06-22T11:00:00Z,5.209,1
Consis,BAUFI6,2025-06-22T11:30:00Z,6.039,1
Consis,BAUFI6,2025-06-22T12:00:00Z,6.583,1
Consis,BAUFI6,2025-06-22T12:30:00Z,7.71,1
Consis,BAUFI6,2025-06-22T13:00:00Z,7.72,1
Consis,BAUFI6,2025-06-22T13:30:00Z,9.119,1
Consis,BAUFI6,2025-06-22T14:00:00Z,11.001,1
Consis,BAUFI6,2025-06-22T14:30:00Z,13.218,1
Consis,BAUFI6,2025-06-22T15:00:00Z,13.435,1
Consis,BAUFI6,2025-06-22T15:30:00Z,17.517,1
Consis,BAUFI6,2025-06-22T16:00:00Z,16.696,1
Consis,BAUFI6,2025-06-22T16:30:00Z,9.332,1
Consis,BAUFI6,2025-06-22T17:00:00Z,2.52,1
Consis,BAUFI6,2025-06-22T17:30:00Z,0.007,1
Consis,BAUFI6,2025-06-22T18:00:00Z,0,1
Consis,BAUFI6,2025-06-22T18:30:00Z,0,1
Consis,BAUFI6,2025-06-22T19:00:00Z,0,1
Consis,BAUFI6,2025-06-22T19:30:00Z,0,1
Consis,BAUFI6,2025-06-22T20:00:00Z,0,1
Consis,BAUFI6,2025-06-22T20:30:00Z,0,1
Consis,BAUFI6,2025-06-22T21:00:00Z,0,1
Consis,BAUFI6,2025-06-22T21:30:00Z,0,1
Consis,BAUFI6,2025-06-22T22:00:00Z,0,1
Consis,BAUFI6,2025-06-22T22:30:00Z,0,1
Consis,BAUFI6,2025-06-22T23:00:00Z,0,1
Consis,BAUFI6,2025-06-22T23:30:00Z,0,1
Consis,BAUFI6,2025-06-23T00:00:00Z,0,1
Consis,BAUFI6,2025-06-23T00:30:00Z,0,1
Consis,BAUFI6,2025-06-23T01:00:00Z,0,1
Consis,BAUFI6,2025-06-23T01:30:00Z,0,1
Consis,BAUFI6,2025-06-23T02:00:00Z,0,1
Consis,BAUFI6,2025-06-23T02:30:00Z,0,1
Consis,BAUFI6,2025-06-23T03:00:00Z,0,1
Consis,BAUFI6,2025-06-23T03:30:00Z,0,1
Consis,BAUFI6,2025-06-23T04:00:00Z,0,1
Consis,BAUFI6,2025-06-23T04:30:00Z,0,1
Consis,BAUFI6,2025-06-23T05:00:00Z,0,1
Consis,BAUFI6,2025-06-23T05:30:00Z,0,1
Consis,BAUFI6,2025-06-23T06:00:00Z,0,1
Consis,BAUFI6,2025-06-23T06:30:00Z,1.394,1
Consis,BAUFI6,2025-06-23T07:00:00Z,2.316,1
Consis,BAUFI6,2025-06-23T07:30:00Z,0,1
Consis,BAUFI6,2025-06-23T08:00:00Z,0,1
Consis,BAUFI6,2025-06-23T08:30:00Z,0,1
Consis,BAUFI6,2025-06-23T09:00:00Z,0,1
Consis,BAUFI6,2025-06-23T09:30:00Z,0,1
Consis,BAUFI6,2025-06-23T10:00:00Z,0,1
Consis,BAUFI6,2025-06-23T10:30:00Z,0,1
Consis,BAUFI6,2025-06-23T11:00:00Z,0,1
Consis,BAUFI6,2025-06-23T11:30:00Z,0,1
Consis,BAUFI6,2025-06-23T12:00:00Z,0,1
Consis,BAUFI6,2025-06-23T12:30:00Z,0,1
Consis,BAUFI6,2025-06-23T13:00:00Z,1.986,1
Consis,BAUFI6,2025-06-23T13:30:00Z,22.16,1
Consis,BAUFI6,2025-06-23T14:00:00Z,23.381,1
Consis,BAUFI6,2025-06-23T14:30:00Z,23.084,1
Consis,BAUFI6,2025-06-23T15:00:00Z,22.462,1
Consis,BAUFI6,2025-06-23T15:30:00Z,21.134,1
Consis,BAUFI6,2025-06-23T16:00:00Z,15.666,1
Consis,BAUFI6,2025-06-23T16:30:00Z,9.298,1
Consis,BAUFI6,2025-06-23T17:00:00Z,2.141,1
Consis,BAUFI6,2025-06-23T17:30:00Z,0,1
Consis,BAUFI6,2025-06-23T18:00:00Z,0,1
Consis,BAUFI6,2025-06-23T18:30:00Z,0,1
Consis,BAUFI6,2025-06-23T19:00:00Z,0,1
Consis,BAUFI6,2025-06-23T19:30:00Z,0,1
Consis,BAUFI6,2025-06-23T20:00:00Z,0,1
Consis,BAUFI6,2025-06-23T20:30:00Z,0,1
Consis,BAUFI6,2025-06-23T21:00:00Z,0,1
Consis,BAUFI6,2025-06-23T21:30:00Z,0,1
Consis,BAUFI6,2025-06-23T22:00:00Z,0,1
Consis,BAUFI6,2025-06-23T22:30:00Z,0,1
Consis,BAUFI6,2025-06-23T23:00:00Z,0,1
Consis,BAUFI6,2025-06-23T23:30:00Z,0,1
Consis,BAUFI6,2025-06-24T00:00:00Z,0,1
Consis,BAUFI6,2025-06-24T00:30:00Z,0,1
Consis,BAUFI6,2025-06-24T01:00:00Z,0,1
Consis,BAUFI6,2025-06-24T01:30:00Z,0,1
Consis,BAUFI6,2025-06-24T02:00:00Z,0,1
Consis,BAUFI6,2025-06-24T02:30:00Z,0,1
Consis,BAUFI6,2025-06-24T03:00:00Z,0,1
Consis,BAUFI6,2025-06-24T03:30:00Z,0,1
Consis,BAUFI6,2025-06-24T04:00:00Z,0,1
Consis,BAUFI6,2025-06-24T04:30:00Z,0,1
Consis,BAUFI6,2025-06-24T05:00:00Z,0,1
Consis,BAUFI6,2025-06-24T05:30:00Z,0,1
Consis,BAUFI6,2025-06-24T06:00:00Z,0,1
Consis,BAUFI6,2025-06-24T06:30:00Z,1.33,1
Consis,BAUFI6,2025-06-24T07:00:00Z,7.954,1
Consis,BAUFI6,2025-06-24T07:30:00Z,16.714,1
Consis,BAUFI6,2025-06-24T08:00:00Z,19.743,1
Consis,BAUFI6,2025-06-24T08:30:00Z,20.566,1
Consis,BAUFI6,2025-06-24T09:00:00Z,21.468,1
Consis,BAUFI6,2025-06-24T09:30:00Z,21.63,1
Consis,BAUFI6,2025-06-24T10:00:00Z,20.55,1
Consis,BAUFI6,2025-06-24T10:30:00Z,21.661,1
Consis,BAUFI6,2025-06-24T11:00:00Z,23.275,1
Consis,BAUFI6,2025-06-24T11:30:00Z,23.23,1
Consis,BAUFI6,2025-06-24T12:00:00Z,22.773,1
Consis,BAUFI6,2025-06-24T12:30:00Z,21.538,1
Consis,BAUFI6,2025-06-24T13:00:00Z,22.877,1
Consis,BAUFI6,2025-06-24T13:30:00Z,23.502,1
Consis,BAUFI6,2025-06-24T14:00:00Z,23.481,1
Consis,BAUFI6,2025-06-24T14:30:00Z,20.198,1
Consis,BAUFI6,2025-06-24T15:00:00Z,21.538,1
Consis,BAUFI6,2025-06-24T15:30:00Z,21.036,1
Consis,BAUFI6,2025-06-24T16:00:00Z,14.838,1
Consis,BAUFI6,2025-06-24T16:30:00Z,8.893,1
Consis,BAUFI6,2025-06-24T17:00:00Z,2.346,1
Consis,BAUFI6,2025-06-24T17:30:00Z,0,1
Consis,BAUFI6,2025-06-24T18:00:00Z,0,1
Consis,BAUFI6,2025-06-24T18:30:00Z,0,1
Consis,BAUFI6,2025-06-24T19:00:00Z,0,1
Consis,BAUFI6,2025-06-24T19:30:00Z,0,1
Consis,BAUFI6,2025-06-24T20:00:00Z,0,1
Consis,BAUFI6,2025-06-24T20:30:00Z,0,1
Consis,BAUFI6,2025-06-24T21:00:00Z,0,1
Consis,BAUFI6,2025-06-24T21:30:00Z,0,1
Consis,BAUFI6,2025-06-24T22:00:00Z,0,1
Consis,BAUFI6,2025-06-24T22:30:00Z,0,1
Consis,BAUFI6,2025-06-24T23:00:00Z,0,1
Consis,BAUFI6,2025-06-24T23:30:00Z,0,1
Consis,BAUFI6,2025-06-25T00:00:00Z,0,1
Consis,BAUFI6,2025-06-25T00:30:00Z,0,1
Consis,BAUFI6,2025-06-25T01:00:00Z,0,1
Consis,BAUFI6,2025-06-25T01:30:00Z,0,1
Consis,BAUFI6,2025-06-25T02:00:00Z,0,1
Consis,BAUFI6,2025-06-25T02:30:00Z,0,1
Consis,BAUFI6,2025-06-25T03:00:00Z,0,1
Consis,BAUFI6,2025-06-25T03:30:00Z,0,1
Consis,BAUFI6,2025-06-25T04:00:00Z,0,1
Consis,BAUFI6,2025-06-25T04:30:00Z,0,1
Consis,BAUFI6,2025-06-25T05:00:00Z,0,1
Consis,BAUFI6,2025-06-25T05:30:00Z,0,1
Consis,BAUFI6,2025-06-25T06:00:00Z,0,1
Consis,BAUFI6,2025-06-25T06:30:00Z,1.311,1
Consis,BAUFI6,2025-06-25T07:00:00Z,6.815,1
Consis,BAUFI6,2025-06-25T07:30:00Z,0.904,1
Consis,BAUFI6,2025-06-25T08:00:00Z,0,1
Consis,BAUFI6,2025-06-25T08:30:00Z,0,1
Consis,BAUFI6,2025-06-25T09:00:00Z,0,1
Consis,BAUFI6,2025-06-25T09:30:00Z,0,1
Consis,BAUFI6,2025-06-25T10:00:00Z,0,1
Consis,BAUFI6,2025-06-25T10:30:00Z,0,1
Consis,BAUFI6,2025-06-25T11:00:00Z,0,1
Consis,BAUFI6,2025-06-25T11:30:00Z,0,1
Consis,BAUFI6,2025-06-25T12:00:00Z,0,1
Consis,BAUFI6,2025-06-25T12:30:00Z,0,1
Consis,BAUFI6,2025-06-25T13:00:00Z,1.747,1
Consis,BAUFI6,2025-06-25T13:30:00Z,2.566,1
Consis,BAUFI6,2025-06-25T14:00:00Z,5.983,1
Consis,BAUFI6,2025-06-25T14:30:00Z,8.235,1
Consis,BAUFI6,2025-06-25T15:00:00Z,8.269,1
Consis,BAUFI6,2025-06-25T15:30:00Z,10.314,1
Consis,BAUFI6,2025-06-25T16:00:00Z,15.616,1
Consis,BAUFI6,2025-06-25T16:30:00Z,9.273,1
Consis,BAUFI6,2025-06-25T17:00:00Z,2.531,1
Consis,BAUFI6,2025-06-25T17:30:00Z,0.002,1
Consis,BAUFI6,2025-06-25T18:00:00Z,0,1
Consis,BAUFI6,2025-06-25T18:30:00Z,0,1
Consis,BAUFI6,2025-06-25T19:00:00Z,0,1
Consis,BAUFI6,2025-06-25T19:30:00Z,0,1
Consis,BAUFI6,2025-06-25T20:00:00Z,0,1
Consis,BAUFI6,2025-06-25T20:30:00Z,0,1
Consis,BAUFI6,2025-06-25T21:00:00Z,0,1
Consis,BAUFI6,2025-06-25T21:30:00Z,0,1
Consis,BAUFI6,2025-06-25T22:00:00Z,0,1
Consis,BAUFI6,2025-06-25T22:30:00Z,0,1
Consis,BAUFI6,2025-06-25T23:00:00Z,0,1
Consis,BAUFI6,2025-06-25T23:30:00Z,0,1
Consis,BAUFI6,2025-06-26T00:00:00Z,0,1
Consis,BAUFI6,2025-06-26T00:30:00Z,0,1
Consis,BAUFI6,2025-06-26T01:00:00Z,0,1
Consis,BAUFI6,2025-06-26T01:30:00Z,0,1
Consis,BAUFI6,2025-06-26T02:00:00Z,0,1
Consis,BAUFI6,2025-06-26T02:30:00Z,0,1
Consis,BAUFI6,2025-06-26T03:00:00Z,0,1
Consis,BAUFI6,2025-06-26T03:30:00Z,0,1
Consis,BAUFI6,2025-06-26T04:00:00Z,0,1
Consis,BAUFI6,2025-06-26T04:30:00Z,0,1
Consis,BAUFI6,2025-06-26T05:00:00Z,0,1
Consis,BAUFI6,2025-06-26T05:30:00Z,0,1
Consis,BAUFI6,2025-06-26T06:00:00Z,0,1
Consis,BAUFI6,2025-06-26T06:30:00Z,0.321,1
Consis,BAUFI6,2025-06-26T07:00:00Z,0,1
Consis,BAUFI6,2025-06-26T07:30:00Z,0,1
Consis,BAUFI6,2025-06-26T08:00:00Z,0,1
Consis,BAUFI6,2025-06-26T08:30:00Z,0,1
Consis,BAUFI6,2025-06-26T09:00:00Z,0,1
Consis,BAUFI6,2025-06-26T09:30:00Z,0,1
Consis,BAUFI6,2025-06-26T10:00:00Z,0,1
Consis,BAUFI6,2025-06-26T10:30:00Z,0,1
Consis,BAUFI6,2025-06-26T11:00:00Z,0.77,1
Consis,BAUFI6,2025-06-26T11:30:00Z,2.885,1
Consis,BAUFI6,2025-06-26T12:00:00Z,2.599,1
Consis,BAUFI6,2025-06-26T12:30:00Z,2.402,1
Consis,BAUFI6,2025-06-26T13:00:00Z,2.812,1
Consis,BAUFI6,2025-06-26T13:30:00Z,3.101,1
Consis,BAUFI6,2025-06-26T14:00:00Z,2.986,1
Consis,BAUFI6,2025-06-26T14:30:00Z,3.005,1
Consis,BAUFI6,2025-06-26T15:00:00Z,3.721,1
Consis,BAUFI6,2025-06-26T15:30:00Z,4.812,1
Consis,BAUFI6,2025-06-26T16:00:00Z,3.368,1
Consis,BAUFI6,2025-06-26T16:30:00Z,1.714,1
Consis,BAUFI6,2025-06-26T17:00:00Z,0.512,1
Consis,BAUFI6,2025-06-26T17:30:00Z,0,1
Consis,BAUFI6,2025-06-26T18:00:00Z,0,1
Consis,BAUFI6,2025-06-26T18:30:00Z,0,1
Consis,BAUFI6,2025-06-26T19:00:00Z,0,1
Consis,BAUFI6,2025-06-26T19:30:00Z,0,1
Consis,BAUFI6,2025-06-26T20:00:00Z,0,1
Consis,BAUFI6,2025-06-26T20:30:00Z,0,1
Consis,BAUFI6,2025-06-26T21:00:00Z,0,1
Consis,BAUFI6,2025-06-26T21:30:00Z,0,1
Consis,BAUFI6,2025-06-26T22:00:00Z,0,1
Consis,BAUFI6,2025-06-26T22:30:00Z,0,1
Consis,BAUFI6,2025-06-26T23:00:00Z,0,1
Consis,BAUFI6,2025-06-26T23:30:00Z,0,1
Consis,BAUFI6,2025-06-27T00:00:00Z,0,1
Consis,BAUFI6,2025-06-27T00:30:00Z,0,1
Consis,BAUFI6,2025-06-27T01:00:00Z,0,1
Consis,BAUFI6,2025-06-27T01:30:00Z,0,1
Consis,BAUFI6,2025-06-27T02:00:00Z,0,1
Consis,BAUFI6,2025-06-27T02:30:00Z,0,1
Consis,BAUFI6,2025-06-27T03:00:00Z,0,1
Consis,BAUFI6,2025-06-27T03:30:00Z,0,1
Consis,BAUFI6,2025-06-27T04:00:00Z,0,1
Consis,BAUFI6,2025-06-27T04:30:00Z,0,1
Consis,BAUFI6,2025-06-27T05:00:00Z,0,1
Consis,BAUFI6,2025-06-27T05:30:00Z,0,1
Consis,BAUFI6,2025-06-27T06:00:00Z,0,1
Consis,BAUFI6,2025-06-27T06:30:00Z,1.204,1
Consis,BAUFI6,2025-06-27T07:00:00Z,8.061,1
Consis,BAUFI6,2025-06-27T07:30:00Z,16.536,1
Consis,BAUFI6,2025-06-27T08:00:00Z,21.668,1
Consis,BAUFI6,2025-06-27T08:30:00Z,22.983,1
Consis,BAUFI6,2025-06-27T09:00:00Z,22.669,1
Consis,BAUFI6,2025-06-27T09:30:00Z,23.407,1
Consis,BAUFI6,2025-06-27T10:00:00Z,24.003,1
Consis,BAUFI6,2025-06-27T10:30:00Z,23.374,1
Consis,BAUFI6,2025-06-27T11:00:00Z,23.353,1
Consis,BAUFI6,2025-06-27T11:30:00Z,22.28,1
Consis,BAUFI6,2025-06-27T12:00:00Z,22.218,1
Consis,BAUFI6,2025-06-27T12:30:00Z,20.078,1
Consis,BAUFI6,2025-06-27T13:00:00Z,23.601,1
Consis,BAUFI6,2025-06-27T13:30:00Z,23.793,1
Consis,BAUFI6,2025-06-27T14:00:00Z,23.259,1
Consis,BAUFI6,2025-06-27T14:30:00Z,22.987,1
Consis,BAUFI6,2025-06-27T15:00:00Z,22.774,1
Consis,BAUFI6,2025-06-27T15:30:00Z,20.631,1
Consis,BAUFI6,2025-06-27T16:00:00Z,16.44,1
Consis,BAUFI6,2025-06-27T16:30:00Z,9.83,1
Consis,BAUFI6,2025-06-27T17:00:00Z,2.642,1
Consis,BAUFI6,2025-06-27T17:30:00Z,0.114,1
Consis,BAUFI6,2025-06-27T18:00:00Z,0,1
Consis,BAUFI6,2025-06-27T18:30:00Z,0,1
Consis,BAUFI6,2025-06-27T19:00:00Z,0,1
Consis,BAUFI6,2025-06-27T19:30:00Z,0,1
Consis,BAUFI6,2025-06-27T20:00:00Z,0,1
Consis,BAUFI6,2025-06-27T20:30:00Z,0,1
Consis,BAUFI6,2025-06-27T21:00:00Z,0,1
Consis,BAUFI6,2025-06-27T21:30:00Z,0,1
Consis,BAUFI6,2025-06-27T22:00:00Z,0,1
Consis,BAUFI6,2025-06-27T22:30:00Z,0,1
Consis,BAUFI6,2025-06-27T23:00:00Z,0,1
Consis,BAUFI6,2025-06-27T23:30:00Z,0,1
Consis,BAUFI6,2025-06-28T00:00:00Z,0,1
Consis,BAUFI6,2025-06-28T00:30:00Z,0,1
Consis,BAUFI6,2025-06-28T01:00:00Z,0,1
Consis,BAUFI6,2025-06-28T01:30:00Z,0,1
Consis,BAUFI6,2025-06-28T02:00:00Z,0,1
Consis,BAUFI6,2025-06-28T02:30:00Z,0,1
Consis,BAUFI6,2025-06-28T03:00:00Z,0,1
Consis,BAUFI6,2025-06-28T03:30:00Z,0,1
Consis,BAUFI6,2025-06-28T04:00:00Z,0,1
Consis,BAUFI6,2025-06-28T04:30:00Z,0,1
Consis,BAUFI6,2025-06-28T05:00:00Z,0,1
Consis,BAUFI6,2025-06-28T05:30:00Z,0,1
Consis,BAUFI6,2025-06-28T06:00:00Z,0,1
Consis,BAUFI6,2025-06-28T06:30:00Z,1.269,1
Consis,BAUFI6,2025-06-28T07:00:00Z,1.536,1
Consis,BAUFI6,2025-06-28T07:30:00Z,0.078,1
Consis,BAUFI6,2025-06-28T08:00:00Z,0.339,1
Consis,BAUFI6,2025-06-28T08:30:00Z,1.27,1
Consis,BAUFI6,2025-06-28T09:00:00Z,1.299,1
Consis,BAUFI6,2025-06-28T09:30:00Z,1.504,1
Consis,BAUFI6,2025-06-28T10:00:00Z,3.284,1
Consis,BAUFI6,2025-06-28T10:30:00Z,4.369,1
Consis,BAUFI6,2025-06-28T11:00:00Z,4.375,1
Consis,BAUFI6,2025-06-28T11:30:00Z,4.382,1
Consis,BAUFI6,2025-06-28T12:00:00Z,4.375,1
Consis,BAUFI6,2025-06-28T12:30:00Z,4.368,1
Consis,BAUFI6,2025-06-28T13:00:00Z,4.401,1
Consis,BAUFI6,2025-06-28T13:30:00Z,4.388,1
Consis,BAUFI6,2025-06-28T14:00:00Z,4.488,1
Consis,BAUFI6,2025-06-28T14:30:00Z,4.81,1
Consis,BAUFI6,2025-06-28T15:00:00Z,4.337,1
Consis,BAUFI6,2025-06-28T15:30:00Z,8.016,1
Consis,BAUFI6,2025-06-28T16:00:00Z,12.921,1
Consis,BAUFI6,2025-06-28T16:30:00Z,9.985,1
Consis,BAUFI6,2025-06-28T17:00:00Z,3.107,1
Consis,BAUFI6,2025-06-28T17:30:00Z,0,1
Consis,BAUFI6,2025-06-28T18:00:00Z,0,1
Consis,BAUFI6,2025-06-28T18:30:00Z,0,1
Consis,BAUFI6,2025-06-28T19:00:00Z,0,1
Consis,BAUFI6,2025-06-28T19:30:00Z,0,1
Consis,BAUFI6,2025-06-28T20:00:00Z,0,1
Consis,BAUFI6,2025-06-28T20:30:00Z,0,1
Consis,BAUFI6,2025-06-28T21:00:00Z,0,1
Consis,BAUFI6,2025-06-28T21:30:00Z,0,1
Consis,BAUFI6,2025-06-28T22:00:00Z,0,1
Consis,BAUFI6,2025-06-28T22:30:00Z,0,1
Consis,BAUFI6,2025-06-28T23:00:00Z,0,1
Consis,BAUFI6,2025-06-28T23:30:00Z,0,1
Consis,BAUFI6,2025-06-29T00:00:00Z,0,1
Consis,BAUFI6,2025-06-29T00:30:00Z,0,1
Consis,BAUFI6,2025-06-29T01:00:00Z,0,1
Consis,BAUFI6,2025-06-29T01:30:00Z,0,1
Consis,BAUFI6,2025-06-29T02:00:00Z,0,1
Consis,BAUFI6,2025-06-29T02:30:00Z,0,1
Consis,BAUFI6,2025-06-29T03:00:00Z,0,1
Consis,BAUFI6,2025-06-29T03:30:00Z,0,1
Consis,BAUFI6,2025-06-29T04:00:00Z,0,1
Consis,BAUFI6,2025-06-29T04:30:00Z,0,1
Consis,BAUFI6,2025-06-29T05:00:00Z,0,1
Consis,BAUFI6,2025-06-29T05:30:00Z,0,1
Consis,BAUFI6,2025-06-29T06:00:00Z,0,1
Consis,BAUFI6,2025-06-29T06:30:00Z,1.137,1
Consis,BAUFI6,2025-06-29T07:00:00Z,1.554,1
Consis,BAUFI6,2025-06-29T07:30:00Z,1.117,1
Consis,BAUFI6,2025-06-29T08:00:00Z,1.592,1
Consis,BAUFI6,2025-06-29T08:30:00Z,2.043,1
Consis,BAUFI6,2025-06-29T09:00:00Z,2.002,1
Consis,BAUFI6,2025-06-29T09:30:00Z,1.989,1
Consis,BAUFI6,2025-06-29T10:00:00Z,1.884,1
Consis,BAUFI6,2025-06-29T10:30:00Z,2.53,1
Consis,BAUFI6,2025-06-29T11:00:00Z,3.186,1
Consis,BAUFI6,2025-06-29T11:30:00Z,3.151,1
Consis,BAUFI6,2025-06-29T12:00:00Z,3.16,1
Consis,BAUFI6,2025-06-29T12:30:00Z,4.16,1
Consis,BAUFI6,2025-06-29T13:00:00Z,5.013,1
Consis,BAUFI6,2025-06-29T13:30:00Z,7.336,1
Consis,BAUFI6,2025-06-29T14:00:00Z,9.299,1
Consis,BAUFI6,2025-06-29T14:30:00Z,13.627,1
Consis,BAUFI6,2025-06-29T15:00:00Z,12.823,1
Consis,BAUFI6,2025-06-29T15:30:00Z,12.202,1
Consis,BAUFI6,2025-06-29T16:00:00Z,6.204,1
Consis,BAUFI6,2025-06-29T16:30:00Z,8.103,1
Consis,BAUFI6,2025-06-29T17:00:00Z,2.77,1
Consis,BAUFI6,2025-06-29T17:30:00Z,0,1
Consis,BAUFI6,2025-06-29T18:00:00Z,0,1
Consis,BAUFI6,2025-06-29T18:30:00Z,0,1
Consis,BAUFI6,2025-06-29T19:00:00Z,0,1
Consis,BAUFI6,2025-06-29T19:30:00Z,0,1
Consis,BAUFI6,2025-06-29T20:00:00Z,0,1
Consis,BAUFI6,2025-06-29T20:30:00Z,0,1
Consis,BAUFI6,2025-06-29T21:00:00Z,0,1
Consis,BAUFI6,2025-06-29T21:30:00Z,0,1
Consis,BAUFI6,2025-06-29T22:00:00Z,0,1
Consis,BAUFI6,2025-06-29T22:30:00Z,0,1
Consis,BAUFI6,2025-06-29T23:00:00Z,0,1
Consis,BAUFI6,2025-06-29T23:30:00Z,0,1
Consis,BAUFI6,2025-06-30T00:00:00Z,0,1
Consis,BAUFI6,2025-06-30T00:30:00Z,0,1
Consis,BAUFI6,2025-06-30T01:00:00Z,0,1
Consis,BAUFI6,2025-06-30T01:30:00Z,0,1
Consis,BAUFI6,2025-06-30T02:00:00Z,0,1
Consis,BAUFI6,2025-06-30T02:30:00Z,0,1
Consis,BAUFI6,2025-06-30T03:00:00Z,0,1
Consis,BAUFI6,2025-06-30T03:30:00Z,0,1
Consis,BAUFI6,2025-06-30T04:00:00Z,0,1
Consis,BAUFI6,2025-06-30T04:30:00Z,0,1
Consis,BAUFI6,2025-06-30T05:00:00Z,0,1
Consis,BAUFI6,2025-06-30T05:30:00Z,0,1
Consis,BAUFI6,2025-06-30T06:00:00Z,0,1
Consis,BAUFI6,2025-06-30T06:30:00Z,1.172,1
Consis,BAUFI6,2025-06-30T07:00:00Z,7.969,1
Consis,BAUFI6,2025-06-30T07:30:00Z,17.313,1
Consis,BAUFI6,2025-06-30T08:00:00Z,22.459,1
Consis,BAUFI6,2025-06-30T08:30:00Z,19.726,1
Consis,BAUFI6,2025-06-30T09:00:00Z,24.528,1
Consis,BAUFI6,2025-06-30T09:30:00Z,24.693,1
Consis,BAUFI6,2025-06-30T10:00:00Z,24.652,1
Consis,BAUFI6,2025-06-30T10:30:00Z,24.475,1
Consis,BAUFI6,2025-06-30T11:00:00Z,24.244,1
Consis,BAUFI6,2025-06-30T11:30:00Z,24.123,1
Consis,BAUFI6,2025-06-30T12:00:00Z,24.289,1
Consis,BAUFI6,2025-06-30T12:30:00Z,24.303,1
Consis,BAUFI6,2025-06-30T13:00:00Z,24.114,1
Consis,BAUFI6,2025-06-30T13:30:00Z,23.985,1
Consis,BAUFI6,2025-06-30T14:00:00Z,23.797,1
Consis,BAUFI6,2025-06-30T14:30:00Z,23.676,1
Consis,BAUFI6,2025-06-30T15:00:00Z,23.114,1
Consis,BAUFI6,2025-06-30T15:30:00Z,21.759,1
Consis,BAUFI6,2025-06-30T16:00:00Z,17.54,1
Consis,BAUFI6,2025-06-30T16:30:00Z,9.949,1
Consis,BAUFI6,2025-06-30T17:00:00Z,2.787,1
Consis,BAUFI6,2025-06-30T17:30:00Z,0.151,1
Consis,BAUFI6,2025-06-30T18:00:00Z,0,1
Consis,BAUFI6,2025-06-30T18:30:00Z,0,1
Consis,BAUFI6,2025-06-30T19:00:00Z,0,1
Consis,BAUFI6,2025-06-30T19:30:00Z,0,1
Consis,BAUFI6,2025-06-30T20:00:00Z,0,1
Consis,BAUFI6,2025-06-30T20:30:00Z,0,1
Consis,BAUFI6,2025-06-30T21:00:00Z,0,1
Consis,BAUFI6,2025-06-30T21:30:00Z,0,1
Consis,BAUFI6,2025-06-30T22:00:00Z,0,1
Consis,BAUFI6,2025-06-30T22:30:00Z,0,1
Consis,BAUFI6,2025-06-30T23:00:00Z,0,1
Consis,BAUFI6,2025-06-30T23:30:00Z,0,1
Consis,BAUFI6,2025-07-01T00:00:00Z,0,1
Consis,BAUFI6,2025-07-01T00:30:00Z,0,1
Consis,BAUFI6,2025-07-01T01:00:00Z,0,1
Consis,BAUFI6,2025-07-01T01:30:00Z,0,1
Consis,BAUFI6,2025-07-01T02:00:00Z,0,1
Consis,BAUFI6,2025-07-01T02:30:00Z,0,1
Consis,BAUFI6,2025-07-01T03:00:00Z,0,1
Consis,BAUFI6,2025-07-01T03:30:00Z,0,1
Consis,BAUFI6,2025-07-01T04:00:00Z,0,1
Consis,BAUFI6,2025-07-01T04:30:00Z,0,1
Consis,BAUFI6,2025-07-01T05:00:00Z,0,1
Consis,BAUFI6,2025-07-01T05:30:00Z,0,1
Consis,BAUFI6,2025-07-01T06:00:00Z,0,1
Consis,BAUFI6,2025-07-01T06:30:00Z,0.96,1
Consis,BAUFI6,2025-07-01T07:00:00Z,7.465,1
Consis,BAUFI6,2025-07-01T07:30:00Z,16.408,1
Consis,BAUFI6,2025-07-01T08:00:00Z,17.587,1
Consis,BAUFI6,2025-07-01T08:30:00Z,21.26,1
Consis,BAUFI6,2025-07-01T09:00:00Z,20.475,1
Consis,BAUFI6,2025-07-01T09:30:00Z,23.185,1
Consis,BAUFI6,2025-07-01T10:00:00Z,23.053,1
Consis,BAUFI6,2025-07-01T10:30:00Z,23.396,1
Consis,BAUFI6,2025-07-01T11:00:00Z,23.173,1
Consis,BAUFI6,2025-07-01T11:30:00Z,23.183,1
Consis,BAUFI6,2025-07-01T12:00:00Z,23.373,1
Consis,BAUFI6,2025-07-01T12:30:00Z,23.238,1
Consis,BAUFI6,2025-07-01T13:00:00Z,23.48,1
Consis,BAUFI6,2025-07-01T13:30:00Z,21.687,1
Consis,BAUFI6,2025-07-01T14:00:00Z,14.029,1
Consis,BAUFI6,2025-07-01T14:30:00Z,19.265,1
Consis,BAUFI6,2025-07-01T15:00:00Z,10.465,1
Consis,BAUFI6,2025-07-01T15:30:00Z,6.64,1
Consis,BAUFI6,2025-07-01T16:00:00Z,4.575,1
Consis,BAUFI6,2025-07-01T16:30:00Z,1.89,1
Consis,BAUFI6,2025-07-01T17:00:00Z,1.116,1
Consis,BAUFI6,2025-07-01T17:30:00Z,0.031,1
Consis,BAUFI6,2025-07-01T18:00:00Z,0,1
Consis,BAUFI6,2025-07-01T18:30:00Z,0,1
Consis,BAUFI6,2025-07-01T19:00:00Z,0,1
Consis,BAUFI6,2025-07-01T19:30:00Z,0,1
Consis,BAUFI6,2025-07-01T20:00:00Z,0,1
Consis,BAUFI6,2025-07-01T20:30:00Z,0,1
Consis,BAUFI6,2025-07-01T21:00:00Z,0,1
Consis,BAUFI6,2025-07-01T21:30:00Z,0,1
Consis,BAUFI6,2025-07-01T22:00:00Z,0,1
Consis,BAUFI6,2025-07-01T22:30:00Z,0,1
Consis,BAUFI6,2025-07-01T23:00:00Z,0,1
Consis,BAUFI6,2025-07-01T23:30:00Z,0,1
Consis,BAUFI6,2025-07-02T00:00:00Z,0,1
Consis,BAUFI6,2025-07-02T00:30:00Z,0,1
Consis,BAUFI6,2025-07-02T01:00:00Z,0,1
Consis,BAUFI6,2025-07-02T01:30:00Z,0,1
Consis,BAUFI6,2025-07-02T02:00:00Z,0,1
Consis,BAUFI6,2025-07-02T02:30:00Z,0,1
Consis,BAUFI6,2025-07-02T03:00:00Z,0,1
Consis,BAUFI6,2025-07-02T03:30:00Z,0,1
Consis,BAUFI6,2025-07-02T04:00:00Z,0,1
Consis,BAUFI6,2025-07-02T04:30:00Z,0,1
Consis,BAUFI6,2025-07-02T05:00:00Z,0,1
Consis,BAUFI6,2025-07-02T05:30:00Z,0,1
Consis,BAUFI6,2025-07-02T06:00:00Z,0,1
Consis,BAUFI6,2025-07-02T06:30:00Z,1.099174,1
Consis,BAUFI6,2025-07-02T07:00:00Z,7.577404,1
Consis,BAUFI6,2025-07-02T07:30:00Z,0.5556811,1
Consis,BAUFI6,2025-07-02T08:00:00Z,0,1
Consis,BAUFI6,2025-07-02T08:30:00Z,0,1
Consis,BAUFI6,2025-07-02T09:00:00Z,0,1
Consis,BAUFI6,2025-07-02T09:30:00Z,0,1
Consis,BAUFI6,2025-07-02T10:00:00Z,0.7658627,1
Consis,BAUFI6,2025-07-02T10:30:00Z,0,1
Consis,BAUFI6,2025-07-02T11:00:00Z,0,1
Consis,BAUFI6,2025-07-02T11:30:00Z,0,1
Consis,BAUFI6,2025-07-02T12:00:00Z,0,1
Consis,BAUFI6,2025-07-02T12:30:00Z,0,1
Consis,BAUFI6,2025-07-02T13:00:00Z,2.153291,1
Consis,BAUFI6,2025-07-02T13:30:00Z,6.787053,1
Consis,BAUFI6,2025-07-02T14:00:00Z,19.83088,1
Consis,BAUFI6,2025-07-02T14:30:00Z,23.21874,1
Consis,BAUFI6,2025-07-02T15:00:00Z,22.70632,1
Consis,BAUFI6,2025-07-02T15:30:00Z,21.53377,1
Consis,BAUFI6,2025-07-02T16:00:00Z,17.36216,1
Consis,BAUFI6,2025-07-02T16:30:00Z,9.75369,1
Consis,BAUFI6,2025-07-02T17:00:00Z,2.701894,1
Consis,BAUFI6,2025-07-02T17:30:00Z,0.01492844,1
Consis,BAUFI6,2025-07-02T18:00:00Z,0,1
Consis,BAUFI6,2025-07-02T18:30:00Z,0,1
Consis,BAUFI6,2025-07-02T19:00:00Z,0,1
Consis,BAUFI6,2025-07-02T19:30:00Z,0,1
Consis,BAUFI6,2025-07-02T20:00:00Z,0,1
Consis,BAUFI6,2025-07-02T20:30:00Z,0,1
Consis,BAUFI6,2025-07-02T21:00:00Z,0,1
Consis,BAUFI6,2025-07-02T21:30:00Z,0,1
Consis,BAUFI6,2025-07-02T22:00:00Z,0,1
Consis,BAUFI6,2025-07-02T22:30:00Z,0,1
Consis,BAUFI6,2025-07-02T23:00:00Z,0,1
Consis,BAUFI6,2025-07-02T23:30:00Z,0,1
Consis,BAUFI7,2025-05-19T00:00:00Z,0,1
Consis,BAUFI7,2025-05-19T00:30:00Z,0,1
Consis,BAUFI7,2025-05-19T01:00:00Z,0,1
Consis,BAUFI7,2025-05-19T01:30:00Z,0,1
Consis,BAUFI7,2025-05-19T02:00:00Z,0,1
Consis,BAUFI7,2025-05-19T02:30:00Z,0,1
Consis,BAUFI7,2025-05-19T03:00:00Z,0,1
Consis,BAUFI7,2025-05-19T03:30:00Z,0,1
Consis,BAUFI7,2025-05-19T04:00:00Z,0,1
Consis,BAUFI7,2025-05-19T04:30:00Z,0,1
Consis,BAUFI7,2025-05-19T05:00:00Z,0,1
Consis,BAUFI7,2025-05-19T05:30:00Z,0,1
Consis,BAUFI7,2025-05-19T06:00:00Z,0.32,1
Consis,BAUFI7,2025-05-19T06:30:00Z,4.3188,1
Consis,BAUFI7,2025-05-19T07:00:00Z,9.7321,1
Consis,BAUFI7,2025-05-19T07:30:00Z,16.5395,1
Consis,BAUFI7,2025-05-19T08:00:00Z,19.0288,1
Consis,BAUFI7,2025-05-19T08:30:00Z,20.6402,1
Consis,BAUFI7,2025-05-19T09:00:00Z,22.9993,1
Consis,BAUFI7,2025-05-19T09:30:00Z,22.9379,1
Consis,BAUFI7,2025-05-19T10:00:00Z,23.8037,1
Consis,BAUFI7,2025-05-19T10:30:00Z,24.8786,1
Consis,BAUFI7,2025-05-19T11:00:00Z,23.9174,1
Consis,BAUFI7,2025-05-19T11:30:00Z,23.4031,1
Consis,BAUFI7,2025-05-19T12:00:00Z,23.4666,1
Consis,BAUFI7,2025-05-19T12:30:00Z,23.6362,1
Consis,BAUFI7,2025-05-19T13:00:00Z,24.5281,1
Consis,BAUFI7,2025-05-19T13:30:00Z,23.3812,1
Consis,BAUFI7,2025-05-19T14:00:00Z,23.6787,1
Consis,BAUFI7,2025-05-19T14:30:00Z,23.901,1
Consis,BAUFI7,2025-05-19T15:00:00Z,23.928,1
Consis,BAUFI7,2025-05-19T15:30:00Z,21.8,1
Consis,BAUFI7,2025-05-19T16:00:00Z,16.784,1
Consis,BAUFI7,2025-05-19T16:30:00Z,8.761,1
Consis,BAUFI7,2025-05-19T17:00:00Z,2,1
Consis,BAUFI7,2025-05-19T17:30:00Z,0.061,1
Consis,BAUFI7,2025-05-19T18:00:00Z,0,1
Consis,BAUFI7,2025-05-19T18:30:00Z,0,1
Consis,BAUFI7,2025-05-19T19:00:00Z,0,1
Consis,BAUFI7,2025-05-19T19:30:00Z,0,1
Consis,BAUFI7,2025-05-19T20:00:00Z,0,1
Consis,BAUFI7,2025-05-19T20:30:00Z,0,1
Consis,BAUFI7,2025-05-19T21:00:00Z,0,1
Consis,BAUFI7,2025-05-19T21:30:00Z,0,1
Consis,BAUFI7,2025-05-19T22:00:00Z,0,1
Consis,BAUFI7,2025-05-19T22:30:00Z,0,1
Consis,BAUFI7,2025-05-19T23:00:00Z,0,1
Consis,BAUFI7,2025-05-19T23:30:00Z,0,1
Consis,BAUFI7,2025-05-20T00:00:00Z,0,1
Consis,BAUFI7,2025-05-20T00:30:00Z,0,1
Consis,BAUFI7,2025-05-20T01:00:00Z,0,1
Consis,BAUFI7,2025-05-20T01:30:00Z,0,1
Consis,BAUFI7,2025-05-20T02:00:00Z,0,1
Consis,BAUFI7,2025-05-20T02:30:00Z,0,1
Consis,BAUFI7,2025-05-20T03:00:00Z,0,1
Consis,BAUFI7,2025-05-20T03:30:00Z,0,1
Consis,BAUFI7,2025-05-20T04:00:00Z,0,1
Consis,BAUFI7,2025-05-20T04:30:00Z,0,1
Consis,BAUFI7,2025-05-20T05:00:00Z,0,1
Consis,BAUFI7,2025-05-20T05:30:00Z,0,1
Consis,BAUFI7,2025-05-20T06:00:00Z,0.196,1
Consis,BAUFI7,2025-05-20T06:30:00Z,1.534,1
Consis,BAUFI7,2025-05-20T07:00:00Z,5.164,1
Consis,BAUFI7,2025-05-20T07:30:00Z,6.914,1
Consis,BAUFI7,2025-05-20T08:00:00Z,9.992,1
Consis,BAUFI7,2025-05-20T08:30:00Z,19.857,1
Consis,BAUFI7,2025-05-20T09:00:00Z,22.9228,1
Consis,BAUFI7,2025-05-20T09:30:00Z,23.1529,1
Consis,BAUFI7,2025-05-20T10:00:00Z,23.928,1
Consis,BAUFI7,2025-05-20T10:30:00Z,25.0422,1
Consis,BAUFI7,2025-05-20T11:00:00Z,24.2501,1
Consis,BAUFI7,2025-05-20T11:30:00Z,23.5476,1
Consis,BAUFI7,2025-05-20T12:00:00Z,23.4358,1
Consis,BAUFI7,2025-05-20T12:30:00Z,23.6837,1
Consis,BAUFI7,2025-05-20T13:00:00Z,24.5184,1
Consis,BAUFI7,2025-05-20T13:30:00Z,23.3975,1
Consis,BAUFI7,2025-05-20T14:00:00Z,23.6047,1
Consis,BAUFI7,2025-05-20T14:30:00Z,19.696,1
Consis,BAUFI7,2025-05-20T15:00:00Z,21.745,1
Consis,BAUFI7,2025-05-20T15:30:00Z,15.216,1
Consis,BAUFI7,2025-05-20T16:00:00Z,3.807,1
Consis,BAUFI7,2025-05-20T16:30:00Z,6.698,1
Consis,BAUFI7,2025-05-20T17:00:00Z,1.844,1
Consis,BAUFI7,2025-05-20T17:30:00Z,0.033,1
Consis,BAUFI7,2025-05-20T18:00:00Z,0,1
Consis,BAUFI7,2025-05-20T18:30:00Z,0,1
Consis,BAUFI7,2025-05-20T19:00:00Z,0,1
Consis,BAUFI7,2025-05-20T19:30:00Z,0,1
Consis,BAUFI7,2025-05-20T20:00:00Z,0,1
Consis,BAUFI7,2025-05-20T20:30:00Z,0,1
Consis,BAUFI7,2025-05-20T21:00:00Z,0,1
Consis,BAUFI7,2025-05-20T21:30:00Z,0,1
Consis,BAUFI7,2025-05-20T22:00:00Z,0,1
Consis,BAUFI7,2025-05-20T22:30:00Z,0,1
Consis,BAUFI7,2025-05-20T23:00:00Z,0,1
Consis,BAUFI7,2025-05-20T23:30:00Z,0,1
Consis,BAUFI7,2025-05-21T00:00:00Z,0,1
Consis,BAUFI7,2025-05-21T00:30:00Z,0,1
Consis,BAUFI7,2025-05-21T01:00:00Z,0,1
Consis,BAUFI7,2025-05-21T01:30:00Z,0,1
Consis,BAUFI7,2025-05-21T02:00:00Z,0,1
Consis,BAUFI7,2025-05-21T02:30:00Z,0,1
Consis,BAUFI7,2025-05-21T03:00:00Z,0,1
Consis,BAUFI7,2025-05-21T03:30:00Z,0,1
Consis,BAUFI7,2025-05-21T04:00:00Z,0,1
Consis,BAUFI7,2025-05-21T04:30:00Z,0,1
Consis,BAUFI7,2025-05-21T05:00:00Z,0,1
Consis,BAUFI7,2025-05-21T05:30:00Z,0.001,1
Consis,BAUFI7,2025-05-21T06:00:00Z,0.408,1
Consis,BAUFI7,2025-05-21T06:30:00Z,4.084,1
Consis,BAUFI7,2025-05-21T07:00:00Z,11.087,1
Consis,BAUFI7,2025-05-21T07:30:00Z,17.072,1
Consis,BAUFI7,2025-05-21T08:00:00Z,21.156,1
Consis,BAUFI7,2025-05-21T08:30:00Z,22.071,1
Consis,BAUFI7,2025-05-21T09:00:00Z,23.283,1
Consis,BAUFI7,2025-05-21T09:30:00Z,,1
Consis,BAUFI7,2025-05-21T10:00:00Z,,1
Consis,BAUFI7,2025-05-21T10:30:00Z,,1
Consis,BAUFI7,2025-05-21T11:00:00Z,,1
Consis,BAUFI7,2025-05-21T11:30:00Z,,1
Consis,BAUFI7,2025-05-21T12:00:00Z,,1
Consis,BAUFI7,2025-05-21T12:30:00Z,,1
Consis,BAUFI7,2025-05-21T13:00:00Z,,1
Consis,BAUFI7,2025-05-21T13:30:00Z,,1
Consis,BAUFI7,2025-05-21T14:00:00Z,23.255,1
Consis,BAUFI7,2025-05-21T14:30:00Z,23.776,1
Consis,BAUFI7,2025-05-21T15:00:00Z,21.314,1
Consis,BAUFI7,2025-05-21T15:30:00Z,20.607,1
Consis,BAUFI7,2025-05-21T16:00:00Z,13.929,1
Consis,BAUFI7,2025-05-21T16:30:00Z,5.746,1
Consis,BAUFI7,2025-05-21T17:00:00Z,1.722,1
Consis,BAUFI7,2025-05-21T17:30:00Z,0.026,1
Consis,BAUFI7,2025-05-21T18:00:00Z,0,1
Consis,BAUFI7,2025-05-21T18:30:00Z,0,1
Consis,BAUFI7,2025-05-21T19:00:00Z,0,1
Consis,BAUFI7,2025-05-21T19:30:00Z,0,1
Consis,BAUFI7,2025-05-21T20:00:00Z,0,1
Consis,BAUFI7,2025-05-21T20:30:00Z,0,1
Consis,BAUFI7,2025-05-21T21:00:00Z,0,1
Consis,BAUFI7,2025-05-21T21:30:00Z,0,1
Consis,BAUFI7,2025-05-21T22:00:00Z,0,1
Consis,BAUFI7,2025-05-21T22:30:00Z,0,1
Consis,BAUFI7,2025-05-21T23:00:00Z,0,1
Consis,BAUFI7,2025-05-21T23:30:00Z,0,1
Consis,BAUFI7,2025-05-22T00:00:00Z,0,1
Consis,BAUFI7,2025-05-22T00:30:00Z,0,1
Consis,BAUFI7,2025-05-22T01:00:00Z,0,1
Consis,BAUFI7,2025-05-22T01:30:00Z,0,1
Consis,BAUFI7,2025-05-22T02:00:00Z,0,1
Consis,BAUFI7,2025-05-22T02:30:00Z,0,1
Consis,BAUFI7,2025-05-22T03:00:00Z,0,1
Consis,BAUFI7,2025-05-22T03:30:00Z,0,1
Consis,BAUFI7,2025-05-22T04:00:00Z,0,1
Consis,BAUFI7,2025-05-22T04:30:00Z,0,1
Consis,BAUFI7,2025-05-22T05:00:00Z,0,1
Consis,BAUFI7,2025-05-22T05:30:00Z,0,1
Consis,BAUFI7,2025-05-22T06:00:00Z,0.305,1
Consis,BAUFI7,2025-05-22T06:30:00Z,3.935,1
Consis,BAUFI7,2025-05-22T07:00:00Z,8.409,1
Consis,BAUFI7,2025-05-22T07:30:00Z,,1
Consis,BAUFI7,2025-05-22T08:00:00Z,,1
Consis,BAUFI7,2025-05-22T08:30:00Z,,1
Consis,BAUFI7,2025-05-22T09:00:00Z,,1
Consis,BAUFI7,2025-05-22T09:30:00Z,,1
Consis,BAUFI7,2025-05-22T10:00:00Z,,1
Consis,BAUFI7,2025-05-22T10:30:00Z,,1
Consis,BAUFI7,2025-05-22T11:00:00Z,,1
Consis,BAUFI7,2025-05-22T11:30:00Z,23.603,1
Consis,BAUFI7,2025-05-22T12:00:00Z,23.221,1
Consis,BAUFI7,2025-05-22T12:30:00Z,23.604,1
Consis,BAUFI7,2025-05-22T13:00:00Z,23.971,1
Consis,BAUFI7,2025-05-22T13:30:00Z,22.723,1
Consis,BAUFI7,2025-05-22T14:00:00Z,22.887,1
Consis,BAUFI7,2025-05-22T14:30:00Z,22.968,1
Consis,BAUFI7,2025-05-22T15:00:00Z,21.738,1
Consis,BAUFI7,2025-05-22T15:30:00Z,20.981,1
Consis,BAUFI7,2025-05-22T16:00:00Z,16.001,1
Consis,BAUFI7,2025-05-22T16:30:00Z,8.316,1
Consis,BAUFI7,2025-05-22T17:00:00Z,1.668,1
Consis,BAUFI7,2025-05-22T17:30:00Z,0.031,1
Consis,BAUFI7,2025-05-22T18:00:00Z,0,1
Consis,BAUFI7,2025-05-22T18:30:00Z,0,1
Consis,BAUFI7,2025-05-22T19:00:00Z,0,1
Consis,BAUFI7,2025-05-22T19:30:00Z,0,1
Consis,BAUFI7,2025-05-22T20:00:00Z,0,1
Consis,BAUFI7,2025-05-22T20:30:00Z,0,1
Consis,BAUFI7,2025-05-22T21:00:00Z,0,1
Consis,BAUFI7,2025-05-22T21:30:00Z,0,1
Consis,BAUFI7,2025-05-22T22:00:00Z,0,1
Consis,BAUFI7,2025-05-22T22:30:00Z,0,1
Consis,BAUFI7,2025-05-22T23:00:00Z,0,1
Consis,BAUFI7,2025-05-22T23:30:00Z,0,1
Consis,BAUFI7,2025-05-23T00:00:00Z,0,1
Consis,BAUFI7,2025-05-23T00:30:00Z,0,1
Consis,BAUFI7,2025-05-23T01:00:00Z,0,1
Consis,BAUFI7,2025-05-23T01:30:00Z,0,1
Consis,BAUFI7,2025-05-23T02:00:00Z,0,1
Consis,BAUFI7,2025-05-23T02:30:00Z,0,1
Consis,BAUFI7,2025-05-23T03:00:00Z,0,1
Consis,BAUFI7,2025-05-23T03:30:00Z,0,1
Consis,BAUFI7,2025-05-23T04:00:00Z,0,1
Consis,BAUFI7,2025-05-23T04:30:00Z,0,1
Consis,BAUFI7,2025-05-23T05:00:00Z,0,1
Consis,BAUFI7,2025-05-23T05:30:00Z,0,1
Consis,BAUFI7,2025-05-23T06:00:00Z,0.291,1
Consis,BAUFI7,2025-05-23T06:30:00Z,4.168,1
Consis,BAUFI7,2025-05-23T07:00:00Z,9.6187,1
Consis,BAUFI7,2025-05-23T07:30:00Z,18.6391,1
Consis,BAUFI7,2025-05-23T08:00:00Z,20.7791,1
Consis,BAUFI7,2025-05-23T08:30:00Z,21.5436,1
Consis,BAUFI7,2025-05-23T09:00:00Z,23.0073,1
Consis,BAUFI7,2025-05-23T09:30:00Z,23.8058,1
Consis,BAUFI7,2025-05-23T10:00:00Z,24.041,1
Consis,BAUFI7,2025-05-23T10:30:00Z,24.6022,1
Consis,BAUFI7,2025-05-23T11:00:00Z,23.7537,1
Consis,BAUFI7,2025-05-23T11:30:00Z,23.0516,1
Consis,BAUFI7,2025-05-23T12:00:00Z,22.3827,1
Consis,BAUFI7,2025-05-23T12:30:00Z,22.5999,1
Consis,BAUFI7,2025-05-23T13:00:00Z,22.6686,1
Consis,BAUFI7,2025-05-23T13:30:00Z,23.581,1
Consis,BAUFI7,2025-05-23T14:00:00Z,22.419,1
Consis,BAUFI7,2025-05-23T14:30:00Z,18.469,1
Consis,BAUFI7,2025-05-23T15:00:00Z,8.736,1
Consis,BAUFI7,2025-05-23T15:30:00Z,6.668,1
Consis,BAUFI7,2025-05-23T16:00:00Z,8.001,1
Consis,BAUFI7,2025-05-23T16:30:00Z,9.582,1
Consis,BAUFI7,2025-05-23T17:00:00Z,1.398,1
Consis,BAUFI7,2025-05-23T17:30:00Z,0.013,1
Consis,BAUFI7,2025-05-23T18:00:00Z,0,1
Consis,BAUFI7,2025-05-23T18:30:00Z,0,1
Consis,BAUFI7,2025-05-23T19:00:00Z,0,1
Consis,BAUFI7,2025-05-23T19:30:00Z,0,1
Consis,BAUFI7,2025-05-23T20:00:00Z,0,1
Consis,BAUFI7,2025-05-23T20:30:00Z,0,1
Consis,BAUFI7,2025-05-23T21:00:00Z,0,1
Consis,BAUFI7,2025-05-23T21:30:00Z,0,1
Consis,BAUFI7,2025-05-23T22:00:00Z,0,1
Consis,BAUFI7,2025-05-23T22:30:00Z,0,1
Consis,BAUFI7,2025-05-23T23:00:00Z,0,1
Consis,BAUFI7,2025-05-23T23:30:00Z,0,1
Consis,BAUFI7,2025-05-24T00:00:00Z,0,1
Consis,BAUFI7,2025-05-24T00:30:00Z,0,1
Consis,BAUFI7,2025-05-24T01:00:00Z,0,1
Consis,BAUFI7,2025-05-24T01:30:00Z,0,1
Consis,BAUFI7,2025-05-24T02:00:00Z,0,1
Consis,BAUFI7,2025-05-24T02:30:00Z,0,1
Consis,BAUFI7,2025-05-24T03:00:00Z,0,1
Consis,BAUFI7,2025-05-24T03:30:00Z,0,1
Consis,BAUFI7,2025-05-24T04:00:00Z,0,1
Consis,BAUFI7,2025-05-24T04:30:00Z,0,1
Consis,BAUFI7,2025-05-24T05:00:00Z,0,1
Consis,BAUFI7,2025-05-24T05:30:00Z,0,1
Consis,BAUFI7,2025-05-24T06:00:00Z,0.278,1
Consis,BAUFI7,2025-05-24T06:30:00Z,3.879,1
Consis,BAUFI7,2025-05-24T07:00:00Z,8.688,1
Consis,BAUFI7,2025-05-24T07:30:00Z,16.3695,1
Consis,BAUFI7,2025-05-24T08:00:00Z,18.2079,1
Consis,BAUFI7,2025-05-24T08:30:00Z,20.0234,1
Consis,BAUFI7,2025-05-24T09:00:00Z,21.7217,1
Consis,BAUFI7,2025-05-24T09:30:00Z,22.822,1
Consis,BAUFI7,2025-05-24T10:00:00Z,22.7886,1
Consis,BAUFI7,2025-05-24T10:30:00Z,23.4535,1
Consis,BAUFI7,2025-05-24T11:00:00Z,23.0198,1
Consis,BAUFI7,2025-05-24T11:30:00Z,22.5518,1
Consis,BAUFI7,2025-05-24T12:00:00Z,21.979,1
Consis,BAUFI7,2025-05-24T12:30:00Z,22.1577,1
Consis,BAUFI7,2025-05-24T13:00:00Z,22.1236,1
Consis,BAUFI7,2025-05-24T13:30:00Z,21.9971,1
Consis,BAUFI7,2025-05-24T14:00:00Z,21.6567,1
Consis,BAUFI7,2025-05-24T14:30:00Z,21.156,1
Consis,BAUFI7,2025-05-24T15:00:00Z,20.0054,1
Consis,BAUFI7,2025-05-24T15:30:00Z,17.6039,1
Consis,BAUFI7,2025-05-24T16:00:00Z,15.465,1
Consis,BAUFI7,2025-05-24T16:30:00Z,4.104,1
Consis,BAUFI7,2025-05-24T17:00:00Z,1.877,1
Consis,BAUFI7,2025-05-24T17:30:00Z,0.042,1
Consis,BAUFI7,2025-05-24T18:00:00Z,0,1
Consis,BAUFI7,2025-05-24T18:30:00Z,0,1
Consis,BAUFI7,2025-05-24T19:00:00Z,0,1
Consis,BAUFI7,2025-05-24T19:30:00Z,0,1
Consis,BAUFI7,2025-05-24T20:00:00Z,0,1
Consis,BAUFI7,2025-05-24T20:30:00Z,0,1
Consis,BAUFI7,2025-05-24T21:00:00Z,0,1
Consis,BAUFI7,2025-05-24T21:30:00Z,0,1
Consis,BAUFI7,2025-05-24T22:00:00Z,0,1
Consis,BAUFI7,2025-05-24T22:30:00Z,0,1
Consis,BAUFI7,2025-05-24T23:00:00Z,0,1
Consis,BAUFI7,2025-05-24T23:30:00Z,0,1
Consis,BAUFI7,2025-05-25T00:00:00Z,0,1
Consis,BAUFI7,2025-05-25T00:30:00Z,0,1
Consis,BAUFI7,2025-05-25T01:00:00Z,0,1
Consis,BAUFI7,2025-05-25T01:30:00Z,0,1
Consis,BAUFI7,2025-05-25T02:00:00Z,0,1
Consis,BAUFI7,2025-05-25T02:30:00Z,0,1
Consis,BAUFI7,2025-05-25T03:00:00Z,0,1
Consis,BAUFI7,2025-05-25T03:30:00Z,0,1
Consis,BAUFI7,2025-05-25T04:00:00Z,0,1
Consis,BAUFI7,2025-05-25T04:30:00Z,0,1
Consis,BAUFI7,2025-05-25T05:00:00Z,0,1
Consis,BAUFI7,2025-05-25T05:30:00Z,0,1
Consis,BAUFI7,2025-05-25T06:00:00Z,0.199,1
Consis,BAUFI7,2025-05-25T06:30:00Z,2.392,1
Consis,BAUFI7,2025-05-25T07:00:00Z,8.8585,1
Consis,BAUFI7,2025-05-25T07:30:00Z,17.0095,1
Consis,BAUFI7,2025-05-25T08:00:00Z,18.7156,1
Consis,BAUFI7,2025-05-25T08:30:00Z,20.3289,1
Consis,BAUFI7,2025-05-25T09:00:00Z,22.166,1
Consis,BAUFI7,2025-05-25T09:30:00Z,22.8428,1
Consis,BAUFI7,2025-05-25T10:00:00Z,23.3128,1
Consis,BAUFI7,2025-05-25T10:30:00Z,24.2783,1
Consis,BAUFI7,2025-05-25T11:00:00Z,23.8019,1
Consis,BAUFI7,2025-05-25T11:30:00Z,23.3183,1
Consis,BAUFI7,2025-05-25T12:00:00Z,23.1082,1
Consis,BAUFI7,2025-05-25T12:30:00Z,23.492,1
Consis,BAUFI7,2025-05-25T13:00:00Z,24.06,1
Consis,BAUFI7,2025-05-25T13:30:00Z,23.2013,1
Consis,BAUFI7,2025-05-25T14:00:00Z,23.2126,1
Consis,BAUFI7,2025-05-25T14:30:00Z,23.0918,1
Consis,BAUFI7,2025-05-25T15:00:00Z,20.6873,1
Consis,BAUFI7,2025-05-25T15:30:00Z,21.56,1
Consis,BAUFI7,2025-05-25T16:00:00Z,16.406,1
Consis,BAUFI7,2025-05-25T16:30:00Z,5.587,1
Consis,BAUFI7,2025-05-25T17:00:00Z,1.16,1
Consis,BAUFI7,2025-05-25T17:30:00Z,0.037,1
Consis,BAUFI7,2025-05-25T18:00:00Z,0,1
Consis,BAUFI7,2025-05-25T18:30:00Z,0,1
Consis,BAUFI7,2025-05-25T19:00:00Z,0,1
Consis,BAUFI7,2025-05-25T19:30:00Z,0,1
Consis,BAUFI7,2025-05-25T20:00:00Z,0,1
Consis,BAUFI7,2025-05-25T20:30:00Z,0,1
Consis,BAUFI7,2025-05-25T21:00:00Z,0,1
Consis,BAUFI7,2025-05-25T21:30:00Z,0,1
Consis,BAUFI7,2025-05-25T22:00:00Z,0,1
Consis,BAUFI7,2025-05-25T22:30:00Z,0,1
Consis,BAUFI7,2025-05-25T23:00:00Z,0,1
Consis,BAUFI7,2025-05-25T23:30:00Z,0,1
Consis,BAUFI7,2025-05-26T00:00:00Z,0,1
Consis,BAUFI7,2025-05-26T00:30:00Z,0,1
Consis,BAUFI7,2025-05-26T01:00:00Z,0,1
Consis,BAUFI7,2025-05-26T01:30:00Z,0,1
Consis,BAUFI7,2025-05-26T02:00:00Z,0,1
Consis,BAUFI7,2025-05-26T02:30:00Z,0,1
Consis,BAUFI7,2025-05-26T03:00:00Z,0,1
Consis,BAUFI7,2025-05-26T03:30:00Z,0,1
Consis,BAUFI7,2025-05-26T04:00:00Z,0,1
Consis,BAUFI7,2025-05-26T04:30:00Z,0,1
Consis,BAUFI7,2025-05-26T05:00:00Z,0,1
Consis,BAUFI7,2025-05-26T05:30:00Z,0,1
Consis,BAUFI7,2025-05-26T06:00:00Z,0.4518,1
Consis,BAUFI7,2025-05-26T06:30:00Z,3.3743,1
Consis,BAUFI7,2025-05-26T07:00:00Z,8.3122,1
Consis,BAUFI7,2025-05-26T07:30:00Z,17.3205,1
Consis,BAUFI7,2025-05-26T08:00:00Z,18.8297,1
Consis,BAUFI7,2025-05-26T08:30:00Z,20.08,1
Consis,BAUFI7,2025-05-26T09:00:00Z,22.3866,1
Consis,BAUFI7,2025-05-26T09:30:00Z,22.753,1
Consis,BAUFI7,2025-05-26T10:00:00Z,23.4764,1
Consis,BAUFI7,2025-05-26T10:30:00Z,24.5136,1
Consis,BAUFI7,2025-05-26T11:00:00Z,23.8789,1
Consis,BAUFI7,2025-05-26T11:30:00Z,23.4286,1
Consis,BAUFI7,2025-05-26T12:00:00Z,23.3036,1
Consis,BAUFI7,2025-05-26T12:30:00Z,23.5842,1
Consis,BAUFI7,2025-05-26T13:00:00Z,24.176,1
Consis,BAUFI7,2025-05-26T13:30:00Z,23.2327,1
Consis,BAUFI7,2025-05-26T14:00:00Z,23.2874,1
Consis,BAUFI7,2025-05-26T14:30:00Z,22.991,1
Consis,BAUFI7,2025-05-26T15:00:00Z,20.4512,1
Consis,BAUFI7,2025-05-26T15:30:00Z,17.5021,1
Consis,BAUFI7,2025-05-26T16:00:00Z,12.8607,1
Consis,BAUFI7,2025-05-26T16:30:00Z,7.0065,1
Consis,BAUFI7,2025-05-26T17:00:00Z,1.533,1
Consis,BAUFI7,2025-05-26T17:30:00Z,0.03,1
Consis,BAUFI7,2025-05-26T18:00:00Z,0,1
Consis,BAUFI7,2025-05-26T18:30:00Z,0,1
Consis,BAUFI7,2025-05-26T19:00:00Z,0,1
Consis,BAUFI7,2025-05-26T19:30:00Z,0,1
Consis,BAUFI7,2025-05-26T20:00:00Z,0,1
Consis,BAUFI7,2025-05-26T20:30:00Z,0,1
Consis,BAUFI7,2025-05-26T21:00:00Z,0,1
Consis,BAUFI7,2025-05-26T21:30:00Z,0,1
Consis,BAUFI7,2025-05-26T22:00:00Z,0,1
Consis,BAUFI7,2025-05-26T22:30:00Z,0,1
Consis,BAUFI7,2025-05-26T23:00:00Z,0,1
Consis,BAUFI7,2025-05-26T23:30:00Z,0,1
Consis,BAUFI7,2025-05-27T00:00:00Z,0,1
Consis,BAUFI7,2025-05-27T00:30:00Z,0,1
Consis,BAUFI7,2025-05-27T01:00:00Z,0,1
Consis,BAUFI7,2025-05-27T01:30:00Z,0,1
Consis,BAUFI7,2025-05-27T02:00:00Z,0,1
Consis,BAUFI7,2025-05-27T02:30:00Z,0,1
Consis,BAUFI7,2025-05-27T03:00:00Z,0,1
Consis,BAUFI7,2025-05-27T03:30:00Z,0,1
Consis,BAUFI7,2025-05-27T04:00:00Z,0,1
Consis,BAUFI7,2025-05-27T04:30:00Z,0,1
Consis,BAUFI7,2025-05-27T05:00:00Z,0,1
Consis,BAUFI7,2025-05-27T05:30:00Z,0,1
Consis,BAUFI7,2025-05-27T06:00:00Z,0.295,1
Consis,BAUFI7,2025-05-27T06:30:00Z,3.8232,1
Consis,BAUFI7,2025-05-27T07:00:00Z,9.095,1
Consis,BAUFI7,2025-05-27T07:30:00Z,15.9507,1
Consis,BAUFI7,2025-05-27T08:00:00Z,18.1039,1
Consis,BAUFI7,2025-05-27T08:30:00Z,20.0139,1
Consis,BAUFI7,2025-05-27T09:00:00Z,22.1247,1
Consis,BAUFI7,2025-05-27T09:30:00Z,22.6923,1
Consis,BAUFI7,2025-05-27T10:00:00Z,23.212,1
Consis,BAUFI7,2025-05-27T10:30:00Z,24.0389,1
Consis,BAUFI7,2025-05-27T11:00:00Z,23.4223,1
Consis,BAUFI7,2025-05-27T11:30:00Z,22.98,1
Consis,BAUFI7,2025-05-27T12:00:00Z,22.7115,1
Consis,BAUFI7,2025-05-27T12:30:00Z,22.8592,1
Consis,BAUFI7,2025-05-27T13:00:00Z,23.4306,1
Consis,BAUFI7,2025-05-27T13:30:00Z,22.5065,1
Consis,BAUFI7,2025-05-27T14:00:00Z,22.4477,1
Consis,BAUFI7,2025-05-27T14:30:00Z,22.1601,1
Consis,BAUFI7,2025-05-27T15:00:00Z,19.9573,1
Consis,BAUFI7,2025-05-27T15:30:00Z,20.836,1
Consis,BAUFI7,2025-05-27T16:00:00Z,11.317,1
Consis,BAUFI7,2025-05-27T16:30:00Z,1.475,1
Consis,BAUFI7,2025-05-27T17:00:00Z,1.579,1
Consis,BAUFI7,2025-05-27T17:30:00Z,0.039,1
Consis,BAUFI7,2025-05-27T18:00:00Z,0,1
Consis,BAUFI7,2025-05-27T18:30:00Z,0,1
Consis,BAUFI7,2025-05-27T19:00:00Z,0,1
Consis,BAUFI7,2025-05-27T19:30:00Z,0,1
Consis,BAUFI7,2025-05-27T20:00:00Z,0,1
Consis,BAUFI7,2025-05-27T20:30:00Z,0,1
Consis,BAUFI7,2025-05-27T21:00:00Z,0,1
Consis,BAUFI7,2025-05-27T21:30:00Z,0,1
Consis,BAUFI7,2025-05-27T22:00:00Z,0,1
Consis,BAUFI7,2025-05-27T22:30:00Z,0,1
Consis,BAUFI7,2025-05-27T23:00:00Z,0,1
Consis,BAUFI7,2025-05-27T23:30:00Z,0,1
Consis,BAUFI7,2025-05-28T00:00:00Z,0,1
Consis,BAUFI7,2025-05-28T00:30:00Z,0,1
Consis,BAUFI7,2025-05-28T01:00:00Z,0,1
Consis,BAUFI7,2025-05-28T01:30:00Z,0,1
Consis,BAUFI7,2025-05-28T02:00:00Z,0,1
Consis,BAUFI7,2025-05-28T02:30:00Z,0,1
Consis,BAUFI7,2025-05-28T03:00:00Z,0,1
Consis,BAUFI7,2025-05-28T03:30:00Z,0,1
Consis,BAUFI7,2025-05-28T04:00:00Z,0,1
Consis,BAUFI7,2025-05-28T04:30:00Z,0,1
Consis,BAUFI7,2025-05-28T05:00:00Z,0,1
Consis,BAUFI7,2025-05-28T05:30:00Z,0,1
Consis,BAUFI7,2025-05-28T06:00:00Z,0.232,1
Consis,BAUFI7,2025-05-28T06:30:00Z,4.0697,1
Consis,BAUFI7,2025-05-28T07:00:00Z,9.4909,1
Consis,BAUFI7,2025-05-28T07:30:00Z,19.1294,1
Consis,BAUFI7,2025-05-28T08:00:00Z,21.2502,1
Consis,BAUFI7,2025-05-28T08:30:00Z,22.1909,1
Consis,BAUFI7,2025-05-28T09:00:00Z,24.001,1
Consis,BAUFI7,2025-05-28T09:30:00Z,24.125,1
Consis,BAUFI7,2025-05-28T10:00:00Z,24.627,1
Consis,BAUFI7,2025-05-28T10:30:00Z,25.2962,1
Consis,BAUFI7,2025-05-28T11:00:00Z,24.443,1
Consis,BAUFI7,2025-05-28T11:30:00Z,23.9806,1
Consis,BAUFI7,2025-05-28T12:00:00Z,23.9396,1
Consis,BAUFI7,2025-05-28T12:30:00Z,24.222,1
Consis,BAUFI7,2025-05-28T13:00:00Z,24.004,1
Consis,BAUFI7,2025-05-28T13:30:00Z,23.87,1
Consis,BAUFI7,2025-05-28T14:00:00Z,23.677,1
Consis,BAUFI7,2025-05-28T14:30:00Z,23.523,1
Consis,BAUFI7,2025-05-28T15:00:00Z,22.548,1
Consis,BAUFI7,2025-05-28T15:30:00Z,21.172,1
Consis,BAUFI7,2025-05-28T16:00:00Z,14.436,1
Consis,BAUFI7,2025-05-28T16:30:00Z,8.239,1
Consis,BAUFI7,2025-05-28T17:00:00Z,1.627,1
Consis,BAUFI7,2025-05-28T17:30:00Z,0.033,1
Consis,BAUFI7,2025-05-28T18:00:00Z,0,1
Consis,BAUFI7,2025-05-28T18:30:00Z,0,1
Consis,BAUFI7,2025-05-28T19:00:00Z,0,1
Consis,BAUFI7,2025-05-28T19:30:00Z,0,1
Consis,BAUFI7,2025-05-28T20:00:00Z,0,1
Consis,BAUFI7,2025-05-28T20:30:00Z,0,1
Consis,BAUFI7,2025-05-28T21:00:00Z,0,1
Consis,BAUFI7,2025-05-28T21:30:00Z,0,1
Consis,BAUFI7,2025-05-28T22:00:00Z,0,1
Consis,BAUFI7,2025-05-28T22:30:00Z,0,1
Consis,BAUFI7,2025-05-28T23:00:00Z,0,1
Consis,BAUFI7,2025-05-28T23:30:00Z,0,1
Consis,BAUFI7,2025-05-29T00:00:00Z,0,1
Consis,BAUFI7,2025-05-29T00:30:00Z,0,1
Consis,BAUFI7,2025-05-29T01:00:00Z,0,1
Consis,BAUFI7,2025-05-29T01:30:00Z,0,1
Consis,BAUFI7,2025-05-29T02:00:00Z,0,1
Consis,BAUFI7,2025-05-29T02:30:00Z,0,1
Consis,BAUFI7,2025-05-29T03:00:00Z,0,1
Consis,BAUFI7,2025-05-29T03:30:00Z,0,1
Consis,BAUFI7,2025-05-29T04:00:00Z,0,1
Consis,BAUFI7,2025-05-29T04:30:00Z,0,1
Consis,BAUFI7,2025-05-29T05:00:00Z,0,1
Consis,BAUFI7,2025-05-29T05:30:00Z,0,1
Consis,BAUFI7,2025-05-29T06:00:00Z,0.226,1
Consis,BAUFI7,2025-05-29T06:30:00Z,3.74,1
Consis,BAUFI7,2025-05-29T07:00:00Z,11.638,1
Consis,BAUFI7,2025-05-29T07:30:00Z,19.022,1
Consis,BAUFI7,2025-05-29T08:00:00Z,22.35,1
Consis,BAUFI7,2025-05-29T08:30:00Z,23.458,1
Consis,BAUFI7,2025-05-29T09:00:00Z,23.928,1
Consis,BAUFI7,2025-05-29T09:30:00Z,24.007,1
Consis,BAUFI7,2025-05-29T10:00:00Z,23.959,1
Consis,BAUFI7,2025-05-29T10:30:00Z,23.806,1
Consis,BAUFI7,2025-05-29T11:00:00Z,23.615,1
Consis,BAUFI7,2025-05-29T11:30:00Z,23.638,1
Consis,BAUFI7,2025-05-29T12:00:00Z,23.954,1
Consis,BAUFI7,2025-05-29T12:30:00Z,23.897,1
Consis,BAUFI7,2025-05-29T13:00:00Z,23.751,1
Consis,BAUFI7,2025-05-29T13:30:00Z,23.373,1
Consis,BAUFI7,2025-05-29T14:00:00Z,22.783,1
Consis,BAUFI7,2025-05-29T14:30:00Z,23.115,1
Consis,BAUFI7,2025-05-29T15:00:00Z,19.255,1
Consis,BAUFI7,2025-05-29T15:30:00Z,20.857,1
Consis,BAUFI7,2025-05-29T16:00:00Z,15.673,1
Consis,BAUFI7,2025-05-29T16:30:00Z,6.905,1
Consis,BAUFI7,2025-05-29T17:00:00Z,0.874,1
Consis,BAUFI7,2025-05-29T17:30:00Z,0.031,1
Consis,BAUFI7,2025-05-29T18:00:00Z,0,1
Consis,BAUFI7,2025-05-29T18:30:00Z,0,1
Consis,BAUFI7,2025-05-29T19:00:00Z,0,1
Consis,BAUFI7,2025-05-29T19:30:00Z,0,1
Consis,BAUFI7,2025-05-29T20:00:00Z,0,1
Consis,BAUFI7,2025-05-29T20:30:00Z,0,1
Consis,BAUFI7,2025-05-29T21:00:00Z,0,1
Consis,BAUFI7,2025-05-29T21:30:00Z,0,1
Consis,BAUFI7,2025-05-29T22:00:00Z,0,1
Consis,BAUFI7,2025-05-29T22:30:00Z,0,1
Consis,BAUFI7,2025-05-29T23:00:00Z,0,1
Consis,BAUFI7,2025-05-29T23:30:00Z,0,1
Consis,BAUFI7,2025-05-30T00:00:00Z,0,1
Consis,BAUFI7,2025-05-30T00:30:00Z,0,1
Consis,BAUFI7,2025-05-30T01:00:00Z,0,1
Consis,BAUFI7,2025-05-30T01:30:00Z,0,1
Consis,BAUFI7,2025-05-30T02:00:00Z,0,1
Consis,BAUFI7,2025-05-30T02:30:00Z,0,1
Consis,BAUFI7,2025-05-30T03:00:00Z,0,1
Consis,BAUFI7,2025-05-30T03:30:00Z,0,1
Consis,BAUFI7,2025-05-30T04:00:00Z,0,1
Consis,BAUFI7,2025-05-30T04:30:00Z,0,1
Consis,BAUFI7,2025-05-30T05:00:00Z,0,1
Consis,BAUFI7,2025-05-30T05:30:00Z,0,1
Consis,BAUFI7,2025-05-30T06:00:00Z,0.22,1
Consis,BAUFI7,2025-05-30T06:30:00Z,3.531,1
Consis,BAUFI7,2025-05-30T07:00:00Z,11.25,1
Consis,BAUFI7,2025-05-30T07:30:00Z,18.555,1
Consis,BAUFI7,2025-05-30T08:00:00Z,21.969,1
Consis,BAUFI7,2025-05-30T08:30:00Z,22.976,1
Consis,BAUFI7,2025-05-30T09:00:00Z,23.322,1
Consis,BAUFI7,2025-05-30T09:30:00Z,22.363,1
Consis,BAUFI7,2025-05-30T10:00:00Z,23.688,1
Consis,BAUFI7,2025-05-30T10:30:00Z,24.081,1
Consis,BAUFI7,2025-05-30T11:00:00Z,23.5451,1
Consis,BAUFI7,2025-05-30T11:30:00Z,23.002,1
Consis,BAUFI7,2025-05-30T12:00:00Z,22.1567,1
Consis,BAUFI7,2025-05-30T12:30:00Z,22.4002,1
Consis,BAUFI7,2025-05-30T13:00:00Z,22.361,1
Consis,BAUFI7,2025-05-30T13:30:00Z,22.2477,1
Consis,BAUFI7,2025-05-30T14:00:00Z,21.9472,1
Consis,BAUFI7,2025-05-30T14:30:00Z,21.4066,1
Consis,BAUFI7,2025-05-30T15:00:00Z,20.577,1
Consis,BAUFI7,2025-05-30T15:30:00Z,12.2,1
Consis,BAUFI7,2025-05-30T16:00:00Z,4.918,1
Consis,BAUFI7,2025-05-30T16:30:00Z,7.229,1
Consis,BAUFI7,2025-05-30T17:00:00Z,1.293,1
Consis,BAUFI7,2025-05-30T17:30:00Z,0.043,1
Consis,BAUFI7,2025-05-30T18:00:00Z,0,1
Consis,BAUFI7,2025-05-30T18:30:00Z,0,1
Consis,BAUFI7,2025-05-30T19:00:00Z,0,1
Consis,BAUFI7,2025-05-30T19:30:00Z,0,1
Consis,BAUFI7,2025-05-30T20:00:00Z,0,1
Consis,BAUFI7,2025-05-30T20:30:00Z,0,1
Consis,BAUFI7,2025-05-30T21:00:00Z,0,1
Consis,BAUFI7,2025-05-30T21:30:00Z,0,1
Consis,BAUFI7,2025-05-30T22:00:00Z,0,1
Consis,BAUFI7,2025-05-30T22:30:00Z,0,1
Consis,BAUFI7,2025-05-30T23:00:00Z,0,1
Consis,BAUFI7,2025-05-30T23:30:00Z,0,1
Consis,BAUFI7,2025-05-31T00:00:00Z,0,1
Consis,BAUFI7,2025-05-31T00:30:00Z,0,1
Consis,BAUFI7,2025-05-31T01:00:00Z,0,1
Consis,BAUFI7,2025-05-31T01:30:00Z,0,1
Consis,BAUFI7,2025-05-31T02:00:00Z,0,1
Consis,BAUFI7,2025-05-31T02:30:00Z,0,1
Consis,BAUFI7,2025-05-31T03:00:00Z,0,1
Consis,BAUFI7,2025-05-31T03:30:00Z,0,1
Consis,BAUFI7,2025-05-31T04:00:00Z,0,1
Consis,BAUFI7,2025-05-31T04:30:00Z,0,1
Consis,BAUFI7,2025-05-31T05:00:00Z,0,1
Consis,BAUFI7,2025-05-31T05:30:00Z,0,1
Consis,BAUFI7,2025-05-31T06:00:00Z,0.139,1
Consis,BAUFI7,2025-05-31T06:30:00Z,3.555,1
Consis,BAUFI7,2025-05-31T07:00:00Z,9.116,1
Consis,BAUFI7,2025-05-31T07:30:00Z,15.5983,1
Consis,BAUFI7,2025-05-31T08:00:00Z,18.1753,1
Consis,BAUFI7,2025-05-31T08:30:00Z,19.5218,1
Consis,BAUFI7,2025-05-31T09:00:00Z,20.5751,1
Consis,BAUFI7,2025-05-31T09:30:00Z,22.6463,1
Consis,BAUFI7,2025-05-31T10:00:00Z,21.9081,1
Consis,BAUFI7,2025-05-31T10:30:00Z,22.1675,1
Consis,BAUFI7,2025-05-31T11:00:00Z,21.9076,1
Consis,BAUFI7,2025-05-31T11:30:00Z,21.4722,1
Consis,BAUFI7,2025-05-31T12:00:00Z,20.2124,1
Consis,BAUFI7,2025-05-31T12:30:00Z,20.2096,1
Consis,BAUFI7,2025-05-31T13:00:00Z,19.8282,1
Consis,BAUFI7,2025-05-31T13:30:00Z,20.4556,1
Consis,BAUFI7,2025-05-31T14:00:00Z,18.9936,1
Consis,BAUFI7,2025-05-31T14:30:00Z,17.7299,1
Consis,BAUFI7,2025-05-31T15:00:00Z,18.2541,1
Consis,BAUFI7,2025-05-31T15:30:00Z,14.6935,1
Consis,BAUFI7,2025-05-31T16:00:00Z,12.039,1
Consis,BAUFI7,2025-05-31T16:30:00Z,9.411,1
Consis,BAUFI7,2025-05-31T17:00:00Z,1.732,1
Consis,BAUFI7,2025-05-31T17:30:00Z,0.014,1
Consis,BAUFI7,2025-05-31T18:00:00Z,0,1
Consis,BAUFI7,2025-05-31T18:30:00Z,0,1
Consis,BAUFI7,2025-05-31T19:00:00Z,0,1
Consis,BAUFI7,2025-05-31T19:30:00Z,0,1
Consis,BAUFI7,2025-05-31T20:00:00Z,0,1
Consis,BAUFI7,2025-05-31T20:30:00Z,0,1
Consis,BAUFI7,2025-05-31T21:00:00Z,0,1
Consis,BAUFI7,2025-05-31T21:30:00Z,0,1
Consis,BAUFI7,2025-05-31T22:00:00Z,0,1
Consis,BAUFI7,2025-05-31T22:30:00Z,0,1
Consis,BAUFI7,2025-05-31T23:00:00Z,0,1
Consis,BAUFI7,2025-05-31T23:30:00Z,0,1
Consis,BAUFI7,2025-06-01T00:00:00Z,0,1
Consis,BAUFI7,2025-06-01T00:30:00Z,0,1
Consis,BAUFI7,2025-06-01T01:00:00Z,0,1
Consis,BAUFI7,2025-06-01T01:30:00Z,0,1
Consis,BAUFI7,2025-06-01T02:00:00Z,0,1
Consis,BAUFI7,2025-06-01T02:30:00Z,0,1
Consis,BAUFI7,2025-06-01T03:00:00Z,0,1
Consis,BAUFI7,2025-06-01T03:30:00Z,0,1
Consis,BAUFI7,2025-06-01T04:00:00Z,0,1
Consis,BAUFI7,2025-06-01T04:30:00Z,0,1
Consis,BAUFI7,2025-06-01T05:00:00Z,0,1
Consis,BAUFI7,2025-06-01T05:30:00Z,0,1
Consis,BAUFI7,2025-06-01T06:00:00Z,0.367,1
Consis,BAUFI7,2025-06-01T06:30:00Z,3.6328,1
Consis,BAUFI7,2025-06-01T07:00:00Z,9.0044,1
Consis,BAUFI7,2025-06-01T07:30:00Z,15.0051,1
Consis,BAUFI7,2025-06-01T08:00:00Z,18.3708,1
Consis,BAUFI7,2025-06-01T08:30:00Z,20.101,1
Consis,BAUFI7,2025-06-01T09:00:00Z,21.9156,1
Consis,BAUFI7,2025-06-01T09:30:00Z,23.3275,1
Consis,BAUFI7,2025-06-01T10:00:00Z,23.2817,1
Consis,BAUFI7,2025-06-01T10:30:00Z,23.6808,1
Consis,BAUFI7,2025-06-01T11:00:00Z,23.0032,1
Consis,BAUFI7,2025-06-01T11:30:00Z,22.3004,1
Consis,BAUFI7,2025-06-01T12:00:00Z,21.2294,1
Consis,BAUFI7,2025-06-01T12:30:00Z,21.3215,1
Consis,BAUFI7,2025-06-01T13:00:00Z,21.2414,1
Consis,BAUFI7,2025-06-01T13:30:00Z,21.6547,1
Consis,BAUFI7,2025-06-01T14:00:00Z,21.3564,1
Consis,BAUFI7,2025-06-01T14:30:00Z,20.8817,1
Consis,BAUFI7,2025-06-01T15:00:00Z,19.9324,1
Consis,BAUFI7,2025-06-01T15:30:00Z,18.1803,1
Consis,BAUFI7,2025-06-01T16:00:00Z,14.289,1
Consis,BAUFI7,2025-06-01T16:30:00Z,6.725,1
Consis,BAUFI7,2025-06-01T17:00:00Z,1.078,1
Consis,BAUFI7,2025-06-01T17:30:00Z,0.025,1
Consis,BAUFI7,2025-06-01T18:00:00Z,0,1
Consis,BAUFI7,2025-06-01T18:30:00Z,0,1
Consis,BAUFI7,2025-06-01T19:00:00Z,0,1
Consis,BAUFI7,2025-06-01T19:30:00Z,0,1
Consis,BAUFI7,2025-06-01T20:00:00Z,0,1
Consis,BAUFI7,2025-06-01T20:30:00Z,0,1
Consis,BAUFI7,2025-06-01T21:00:00Z,0,1
Consis,BAUFI7,2025-06-01T21:30:00Z,0,1
Consis,BAUFI7,2025-06-01T22:00:00Z,0,1
Consis,BAUFI7,2025-06-01T22:30:00Z,0,1
Consis,BAUFI7,2025-06-01T23:00:00Z,0,1
Consis,BAUFI7,2025-06-01T23:30:00Z,0,1
Consis,BAUFI7,2025-06-02T00:00:00Z,0,1
Consis,BAUFI7,2025-06-02T00:30:00Z,0,1
Consis,BAUFI7,2025-06-02T01:00:00Z,0,1
Consis,BAUFI7,2025-06-02T01:30:00Z,0,1
Consis,BAUFI7,2025-06-02T02:00:00Z,0,1
Consis,BAUFI7,2025-06-02T02:30:00Z,0,1
Consis,BAUFI7,2025-06-02T03:00:00Z,0,1
Consis,BAUFI7,2025-06-02T03:30:00Z,0,1
Consis,BAUFI7,2025-06-02T04:00:00Z,0,1
Consis,BAUFI7,2025-06-02T04:30:00Z,0,1
Consis,BAUFI7,2025-06-02T05:00:00Z,0,1
Consis,BAUFI7,2025-06-02T05:30:00Z,0,1
Consis,BAUFI7,2025-06-02T06:00:00Z,0.33,1
Consis,BAUFI7,2025-06-02T06:30:00Z,1.622,1
Consis,BAUFI7,2025-06-02T07:00:00Z,8.7797,1
Consis,BAUFI7,2025-06-02T07:30:00Z,13.2968,1
Consis,BAUFI7,2025-06-02T08:00:00Z,14.7925,1
Consis,BAUFI7,2025-06-02T08:30:00Z,11.5209,1
Consis,BAUFI7,2025-06-02T09:00:00Z,13.6131,1
Consis,BAUFI7,2025-06-02T09:30:00Z,17.4432,1
Consis,BAUFI7,2025-06-02T10:00:00Z,19.527,1
Consis,BAUFI7,2025-06-02T10:30:00Z,21.1556,1
Consis,BAUFI7,2025-06-02T11:00:00Z,21.3472,1
Consis,BAUFI7,2025-06-02T11:30:00Z,20.9103,1
Consis,BAUFI7,2025-06-02T12:00:00Z,21.0646,1
Consis,BAUFI7,2025-06-02T12:30:00Z,20.9713,1
Consis,BAUFI7,2025-06-02T13:00:00Z,21.5166,1
Consis,BAUFI7,2025-06-02T13:30:00Z,21.2671,1
Consis,BAUFI7,2025-06-02T14:00:00Z,20.5165,1
Consis,BAUFI7,2025-06-02T14:30:00Z,20.8306,1
Consis,BAUFI7,2025-06-02T15:00:00Z,19.4407,1
Consis,BAUFI7,2025-06-02T15:30:00Z,16.8675,1
Consis,BAUFI7,2025-06-02T16:00:00Z,14.119,1
Consis,BAUFI7,2025-06-02T16:30:00Z,5.495,1
Consis,BAUFI7,2025-06-02T17:00:00Z,1.746,1
Consis,BAUFI7,2025-06-02T17:30:00Z,0.023,1
Consis,BAUFI7,2025-06-02T18:00:00Z,0,1
Consis,BAUFI7,2025-06-02T18:30:00Z,0,1
Consis,BAUFI7,2025-06-02T19:00:00Z,0,1
Consis,BAUFI7,2025-06-02T19:30:00Z,0,1
Consis,BAUFI7,2025-06-02T20:00:00Z,0,1
Consis,BAUFI7,2025-06-02T20:30:00Z,0,1
Consis,BAUFI7,2025-06-02T21:00:00Z,0,1
Consis,BAUFI7,2025-06-02T21:30:00Z,0,1
Consis,BAUFI7,2025-06-02T22:00:00Z,0,1
Consis,BAUFI7,2025-06-02T22:30:00Z,0,1
Consis,BAUFI7,2025-06-02T23:00:00Z,0,1
Consis,BAUFI7,2025-06-02T23:30:00Z,0,1
Consis,BAUFI7,2025-06-03T00:00:00Z,0,1
Consis,BAUFI7,2025-06-03T00:30:00Z,0,1
Consis,BAUFI7,2025-06-03T01:00:00Z,0,1
Consis,BAUFI7,2025-06-03T01:30:00Z,0,1
Consis,BAUFI7,2025-06-03T02:00:00Z,0,1
Consis,BAUFI7,2025-06-03T02:30:00Z,0,1
Consis,BAUFI7,2025-06-03T03:00:00Z,0,1
Consis,BAUFI7,2025-06-03T03:30:00Z,0,1
Consis,BAUFI7,2025-06-03T04:00:00Z,0,1
Consis,BAUFI7,2025-06-03T04:30:00Z,0,1
Consis,BAUFI7,2025-06-03T05:00:00Z,0,1
Consis,BAUFI7,2025-06-03T05:30:00Z,0,1
Consis,BAUFI7,2025-06-03T06:00:00Z,0.019,1
Consis,BAUFI7,2025-06-03T06:30:00Z,1.985,1
Consis,BAUFI7,2025-06-03T07:00:00Z,0,1
Consis,BAUFI7,2025-06-03T07:30:00Z,0,1
Consis,BAUFI7,2025-06-03T08:00:00Z,0,1
Consis,BAUFI7,2025-06-03T08:30:00Z,0,1
Consis,BAUFI7,2025-06-03T09:00:00Z,0,1
Consis,BAUFI7,2025-06-03T09:30:00Z,0,1
Consis,BAUFI7,2025-06-03T10:00:00Z,0,1
Consis,BAUFI7,2025-06-03T10:30:00Z,0,1
Consis,BAUFI7,2025-06-03T11:00:00Z,0,1
Consis,BAUFI7,2025-06-03T11:30:00Z,0,1
Consis,BAUFI7,2025-06-03T12:00:00Z,0,1
Consis,BAUFI7,2025-06-03T12:30:00Z,1.716,1
Consis,BAUFI7,2025-06-03T13:00:00Z,5.362,1
Consis,BAUFI7,2025-06-03T13:30:00Z,8.171,1
Consis,BAUFI7,2025-06-03T14:00:00Z,9.474,1
Consis,BAUFI7,2025-06-03T14:30:00Z,13.175,1
Consis,BAUFI7,2025-06-03T15:00:00Z,0.199,1
Consis,BAUFI7,2025-06-03T15:30:00Z,4.087,1
Consis,BAUFI7,2025-06-03T16:00:00Z,9.611,1
Consis,BAUFI7,2025-06-03T16:30:00Z,6.489,1
Consis,BAUFI7,2025-06-03T17:00:00Z,1.146,1
Consis,BAUFI7,2025-06-03T17:30:00Z,0,1
Consis,BAUFI7,2025-06-03T18:00:00Z,0,2
Consis,BAUFI7,2025-06-03T18:30:00Z,0,1
Consis,BAUFI7,2025-06-03T19:00:00Z,0,2
Consis,BAUFI7,2025-06-03T19:30:00Z,0,2
Consis,BAUFI7,2025-06-03T20:00:00Z,0,2
Consis,BAUFI7,2025-06-03T20:30:00Z,0,2
Consis,BAUFI7,2025-06-03T21:00:00Z,0,2
Consis,BAUFI7,2025-06-03T21:30:00Z,0,2
Consis,BAUFI7,2025-06-03T22:00:00Z,0,1
Consis,BAUFI7,2025-06-03T22:30:00Z,0,1
Consis,BAUFI7,2025-06-03T23:00:00Z,0,1
Consis,BAUFI7,2025-06-03T23:30:00Z,0,1
Consis,BAUFI7,2025-06-04T00:00:00Z,0,1
Consis,BAUFI7,2025-06-04T00:30:00Z,0,1
Consis,BAUFI7,2025-06-04T01:00:00Z,0,1
Consis,BAUFI7,2025-06-04T01:30:00Z,0,1
Consis,BAUFI7,2025-06-04T02:00:00Z,0,1
Consis,BAUFI7,2025-06-04T02:30:00Z,0,1
Consis,BAUFI7,2025-06-04T03:00:00Z,0,1
Consis,BAUFI7,2025-06-04T03:30:00Z,0,1
Consis,BAUFI7,2025-06-04T04:00:00Z,0,1
Consis,BAUFI7,2025-06-04T04:30:00Z,0,1
Consis,BAUFI7,2025-06-04T05:00:00Z,0,1
Consis,BAUFI7,2025-06-04T05:30:00Z,0,1
Consis,BAUFI7,2025-06-04T06:00:00Z,0.039,1
Consis,BAUFI7,2025-06-04T06:30:00Z,3.099,1
Consis,BAUFI7,2025-06-04T07:00:00Z,7.548,1
Consis,BAUFI7,2025-06-04T07:30:00Z,3.454,1
Consis,BAUFI7,2025-06-04T08:00:00Z,0.298,1
Consis,BAUFI7,2025-06-04T08:30:00Z,0,1
Consis,BAUFI7,2025-06-04T09:00:00Z,0,1
Consis,BAUFI7,2025-06-04T09:30:00Z,0,1
Consis,BAUFI7,2025-06-04T10:00:00Z,0,1
Consis,BAUFI7,2025-06-04T10:30:00Z,0,1
Consis,BAUFI7,2025-06-04T11:00:00Z,0,1
Consis,BAUFI7,2025-06-04T11:30:00Z,0,1
Consis,BAUFI7,2025-06-04T12:00:00Z,1.2,1
Consis,BAUFI7,2025-06-04T12:30:00Z,3.656,1
Consis,BAUFI7,2025-06-04T13:00:00Z,8.429,1
Consis,BAUFI7,2025-06-04T13:30:00Z,14.038,1
Consis,BAUFI7,2025-06-04T14:00:00Z,17.358,1
Consis,BAUFI7,2025-06-04T14:30:00Z,20.389,1
Consis,BAUFI7,2025-06-04T15:00:00Z,15.831,1
Consis,BAUFI7,2025-06-04T15:30:00Z,10.356,1
Consis,BAUFI7,2025-06-04T16:00:00Z,10.896,1
Consis,BAUFI7,2025-06-04T16:30:00Z,6.966,1
Consis,BAUFI7,2025-06-04T17:00:00Z,1.208,1
Consis,BAUFI7,2025-06-04T17:30:00Z,0,1
Consis,BAUFI7,2025-06-04T18:00:00Z,0,1
Consis,BAUFI7,2025-06-04T18:30:00Z,0,1
Consis,BAUFI7,2025-06-04T19:00:00Z,0,1
Consis,BAUFI7,2025-06-04T19:30:00Z,0,1
Consis,BAUFI7,2025-06-04T20:00:00Z,0,1
Consis,BAUFI7,2025-06-04T20:30:00Z,0,1
Consis,BAUFI7,2025-06-04T21:00:00Z,0,1
Consis,BAUFI7,2025-06-04T21:30:00Z,0,1
Consis,BAUFI7,2025-06-04T22:00:00Z,0,1
Consis,BAUFI7,2025-06-04T22:30:00Z,0,1
Consis,BAUFI7,2025-06-04T23:00:00Z,0,1
Consis,BAUFI7,2025-06-04T23:30:00Z,0,1
Consis,BAUFI7,2025-06-05T00:00:00Z,0,1
Consis,BAUFI7,2025-06-05T00:30:00Z,0,1
Consis,BAUFI7,2025-06-05T01:00:00Z,0,1
Consis,BAUFI7,2025-06-05T01:30:00Z,0,1
Consis,BAUFI7,2025-06-05T02:00:00Z,0,1
Consis,BAUFI7,2025-06-05T02:30:00Z,0,1
Consis,BAUFI7,2025-06-05T03:00:00Z,0,1
Consis,BAUFI7,2025-06-05T03:30:00Z,0,1
Consis,BAUFI7,2025-06-05T04:00:00Z,0,1
Consis,BAUFI7,2025-06-05T04:30:00Z,0,1
Consis,BAUFI7,2025-06-05T05:00:00Z,0,1
Consis,BAUFI7,2025-06-05T05:30:00Z,0,1
Consis,BAUFI7,2025-06-05T06:00:00Z,0.073,1
Consis,BAUFI7,2025-06-05T06:30:00Z,2.827,1
Consis,BAUFI7,2025-06-05T07:00:00Z,10.661,1
Consis,BAUFI7,2025-06-05T07:30:00Z,15.861,1
Consis,BAUFI7,2025-06-05T08:00:00Z,15.927,1
Consis,BAUFI7,2025-06-05T08:30:00Z,12.305,1
Consis,BAUFI7,2025-06-05T09:00:00Z,12.064,1
Consis,BAUFI7,2025-06-05T09:30:00Z,11.886,1
Consis,BAUFI7,2025-06-05T10:00:00Z,12.186,1
Consis,BAUFI7,2025-06-05T10:30:00Z,13.319,1
Consis,BAUFI7,2025-06-05T11:00:00Z,14.322,1
Consis,BAUFI7,2025-06-05T11:30:00Z,16.968,1
Consis,BAUFI7,2025-06-05T12:00:00Z,17.443,1
Consis,BAUFI7,2025-06-05T12:30:00Z,17.951,1
Consis,BAUFI7,2025-06-05T13:00:00Z,19.995,1
Consis,BAUFI7,2025-06-05T13:30:00Z,21.66,1
Consis,BAUFI7,2025-06-05T14:00:00Z,19.587,1
Consis,BAUFI7,2025-06-05T14:30:00Z,17.072,1
Consis,BAUFI7,2025-06-05T15:00:00Z,16.046,1
Consis,BAUFI7,2025-06-05T15:30:00Z,12.598,1
Consis,BAUFI7,2025-06-05T16:00:00Z,8.836,1
Consis,BAUFI7,2025-06-05T16:30:00Z,4.431,1
Consis,BAUFI7,2025-06-05T17:00:00Z,1.007,1
Consis,BAUFI7,2025-06-05T17:30:00Z,0,1
Consis,BAUFI7,2025-06-05T18:00:00Z,0,1
Consis,BAUFI7,2025-06-05T18:30:00Z,0,1
Consis,BAUFI7,2025-06-05T19:00:00Z,0,1
Consis,BAUFI7,2025-06-05T19:30:00Z,0,1
Consis,BAUFI7,2025-06-05T20:00:00Z,0,1
Consis,BAUFI7,2025-06-05T20:30:00Z,0,1
Consis,BAUFI7,2025-06-05T21:00:00Z,0,1
Consis,BAUFI7,2025-06-05T21:30:00Z,0,1
Consis,BAUFI7,2025-06-05T22:00:00Z,0,1
Consis,BAUFI7,2025-06-05T22:30:00Z,0,1
Consis,BAUFI7,2025-06-05T23:00:00Z,0,1
Consis,BAUFI7,2025-06-05T23:30:00Z,0,1
Consis,BAUFI7,2025-06-06T00:00:00Z,0,1
Consis,BAUFI7,2025-06-06T00:30:00Z,0,1
Consis,BAUFI7,2025-06-06T01:00:00Z,0,1
Consis,BAUFI7,2025-06-06T01:30:00Z,0,1
Consis,BAUFI7,2025-06-06T02:00:00Z,0,1
Consis,BAUFI7,2025-06-06T02:30:00Z,0,1
Consis,BAUFI7,2025-06-06T03:00:00Z,0,1
Consis,BAUFI7,2025-06-06T03:30:00Z,0,1
Consis,BAUFI7,2025-06-06T04:00:00Z,0,1
Consis,BAUFI7,2025-06-06T04:30:00Z,0,1
Consis,BAUFI7,2025-06-06T05:00:00Z,0,1
Consis,BAUFI7,2025-06-06T05:30:00Z,0,1
Consis,BAUFI7,2025-06-06T06:00:00Z,0.113,1
Consis,BAUFI7,2025-06-06T06:30:00Z,0.372,1
Consis,BAUFI7,2025-06-06T07:00:00Z,0,1
Consis,BAUFI7,2025-06-06T07:30:00Z,0,1
Consis,BAUFI7,2025-06-06T08:00:00Z,0,1
Consis,BAUFI7,2025-06-06T08:30:00Z,0,1
Consis,BAUFI7,2025-06-06T09:00:00Z,0,1
Consis,BAUFI7,2025-06-06T09:30:00Z,3.281,1
Consis,BAUFI7,2025-06-06T10:00:00Z,24.073,1
Consis,BAUFI7,2025-06-06T10:30:00Z,23.909,1
Consis,BAUFI7,2025-06-06T11:00:00Z,24.057,1
Consis,BAUFI7,2025-06-06T11:30:00Z,24.146,1
Consis,BAUFI7,2025-06-06T12:00:00Z,24.298,1
Consis,BAUFI7,2025-06-06T12:30:00Z,24.067,1
Consis,BAUFI7,2025-06-06T13:00:00Z,24.228,1
Consis,BAUFI7,2025-06-06T13:30:00Z,24.386,1
Consis,BAUFI7,2025-06-06T14:00:00Z,23.293,1
Consis,BAUFI7,2025-06-06T14:30:00Z,18.265,1
Consis,BAUFI7,2025-06-06T15:00:00Z,11.395,1
Consis,BAUFI7,2025-06-06T15:30:00Z,20.187,1
Consis,BAUFI7,2025-06-06T16:00:00Z,9.082,1
Consis,BAUFI7,2025-06-06T16:30:00Z,3.84,1
Consis,BAUFI7,2025-06-06T17:00:00Z,1.175,1
Consis,BAUFI7,2025-06-06T17:30:00Z,0.035,2
Consis,BAUFI7,2025-06-06T18:00:00Z,0,1
Consis,BAUFI7,2025-06-06T18:30:00Z,0,1
Consis,BAUFI7,2025-06-06T19:00:00Z,0,1
Consis,BAUFI7,2025-06-06T19:30:00Z,0,1
Consis,BAUFI7,2025-06-06T20:00:00Z,0,1
Consis,BAUFI7,2025-06-06T20:30:00Z,0,1
Consis,BAUFI7,2025-06-06T21:00:00Z,0,1
Consis,BAUFI7,2025-06-06T21:30:00Z,0,1
Consis,BAUFI7,2025-06-06T22:00:00Z,0,1
Consis,BAUFI7,2025-06-06T22:30:00Z,0,1
Consis,BAUFI7,2025-06-06T23:00:00Z,0,1
Consis,BAUFI7,2025-06-06T23:30:00Z,0,1
Consis,BAUFI7,2025-06-07T00:00:00Z,0,1
Consis,BAUFI7,2025-06-07T00:30:00Z,0,1
Consis,BAUFI7,2025-06-07T01:00:00Z,0,1
Consis,BAUFI7,2025-06-07T01:30:00Z,0,1
Consis,BAUFI7,2025-06-07T02:00:00Z,0,1
Consis,BAUFI7,2025-06-07T02:30:00Z,0,1
Consis,BAUFI7,2025-06-07T03:00:00Z,0,1
Consis,BAUFI7,2025-06-07T03:30:00Z,0,1
Consis,BAUFI7,2025-06-07T04:00:00Z,0,1
Consis,BAUFI7,2025-06-07T04:30:00Z,0,1
Consis,BAUFI7,2025-06-07T05:00:00Z,0,1
Consis,BAUFI7,2025-06-07T05:30:00Z,0,1
Consis,BAUFI7,2025-06-07T06:00:00Z,0,1
Consis,BAUFI7,2025-06-07T06:30:00Z,2.568,1
Consis,BAUFI7,2025-06-07T07:00:00Z,10.973,1
Consis,BAUFI7,2025-06-07T07:30:00Z,5.254,1
Consis,BAUFI7,2025-06-07T08:00:00Z,0,1
Consis,BAUFI7,2025-06-07T08:30:00Z,0,1
Consis,BAUFI7,2025-06-07T09:00:00Z,0,1
Consis,BAUFI7,2025-06-07T09:30:00Z,0,1
Consis,BAUFI7,2025-06-07T10:00:00Z,0,1
Consis,BAUFI7,2025-06-07T10:30:00Z,0,1
Consis,BAUFI7,2025-06-07T11:00:00Z,0,1
Consis,BAUFI7,2025-06-07T11:30:00Z,0,1
Consis,BAUFI7,2025-06-07T12:00:00Z,0,1
Consis,BAUFI7,2025-06-07T12:30:00Z,7.196,1
Consis,BAUFI7,2025-06-07T13:00:00Z,24.165,1
Consis,BAUFI7,2025-06-07T13:30:00Z,24.117,1
Consis,BAUFI7,2025-06-07T14:00:00Z,24.187,1
Consis,BAUFI7,2025-06-07T14:30:00Z,23.825,1
Consis,BAUFI7,2025-06-07T15:00:00Z,23.047,1
Consis,BAUFI7,2025-06-07T15:30:00Z,21.777,1
Consis,BAUFI7,2025-06-07T16:00:00Z,15.436,1
Consis,BAUFI7,2025-06-07T16:30:00Z,7.808,1
Consis,BAUFI7,2025-06-07T17:00:00Z,1.793,1
Consis,BAUFI7,2025-06-07T17:30:00Z,0,1
Consis,BAUFI7,2025-06-07T18:00:00Z,0,1
Consis,BAUFI7,2025-06-07T18:30:00Z,0,1
Consis,BAUFI7,2025-06-07T19:00:00Z,0,1
Consis,BAUFI7,2025-06-07T19:30:00Z,0,1
Consis,BAUFI7,2025-06-07T20:00:00Z,0,1
Consis,BAUFI7,2025-06-07T20:30:00Z,0,1
Consis,BAUFI7,2025-06-07T21:00:00Z,0,1
Consis,BAUFI7,2025-06-07T21:30:00Z,0,1
Consis,BAUFI7,2025-06-07T22:00:00Z,0,1
Consis,BAUFI7,2025-06-07T22:30:00Z,0,1
Consis,BAUFI7,2025-06-07T23:00:00Z,0,1
Consis,BAUFI7,2025-06-07T23:30:00Z,0,1
Consis,BAUFI7,2025-06-08T00:00:00Z,0,1
Consis,BAUFI7,2025-06-08T00:30:00Z,0,1
Consis,BAUFI7,2025-06-08T01:00:00Z,0,1
Consis,BAUFI7,2025-06-08T01:30:00Z,0,1
Consis,BAUFI7,2025-06-08T02:00:00Z,0,1
Consis,BAUFI7,2025-06-08T02:30:00Z,0,1
Consis,BAUFI7,2025-06-08T03:00:00Z,0,1
Consis,BAUFI7,2025-06-08T03:30:00Z,0,1
Consis,BAUFI7,2025-06-08T04:00:00Z,0,1
Consis,BAUFI7,2025-06-08T04:30:00Z,0,1
Consis,BAUFI7,2025-06-08T05:00:00Z,0,1
Consis,BAUFI7,2025-06-08T05:30:00Z,0,1
Consis,BAUFI7,2025-06-08T06:00:00Z,0,1
Consis,BAUFI7,2025-06-08T06:30:00Z,0.345,1
Consis,BAUFI7,2025-06-08T07:00:00Z,0,1
Consis,BAUFI7,2025-06-08T07:30:00Z,0,1
Consis,BAUFI7,2025-06-08T08:00:00Z,0,1
Consis,BAUFI7,2025-06-08T08:30:00Z,0,1
Consis,BAUFI7,2025-06-08T09:00:00Z,0,1
Consis,BAUFI7,2025-06-08T09:30:00Z,0.68,1
Consis,BAUFI7,2025-06-08T10:00:00Z,4.76,1
Consis,BAUFI7,2025-06-08T10:30:00Z,7.337,1
Consis,BAUFI7,2025-06-08T11:00:00Z,11.095,1
Consis,BAUFI7,2025-06-08T11:30:00Z,12.835,1
Consis,BAUFI7,2025-06-08T12:00:00Z,13.28,1
Consis,BAUFI7,2025-06-08T12:30:00Z,13.268,1
Consis,BAUFI7,2025-06-08T13:00:00Z,13.287,1
Consis,BAUFI7,2025-06-08T13:30:00Z,13.286,1
Consis,BAUFI7,2025-06-08T14:00:00Z,13.302,1
Consis,BAUFI7,2025-06-08T14:30:00Z,15.883,1
Consis,BAUFI7,2025-06-08T15:00:00Z,20.892,1
Consis,BAUFI7,2025-06-08T15:30:00Z,21.383,1
Consis,BAUFI7,2025-06-08T16:00:00Z,16.217,1
Consis,BAUFI7,2025-06-08T16:30:00Z,8.213,1
Consis,BAUFI7,2025-06-08T17:00:00Z,0.765,1
Consis,BAUFI7,2025-06-08T17:30:00Z,0,1
Consis,BAUFI7,2025-06-08T18:00:00Z,0,1
Consis,BAUFI7,2025-06-08T18:30:00Z,0,1
Consis,BAUFI7,2025-06-08T19:00:00Z,0,1
Consis,BAUFI7,2025-06-08T19:30:00Z,0,1
Consis,BAUFI7,2025-06-08T20:00:00Z,0,1
Consis,BAUFI7,2025-06-08T20:30:00Z,0,1
Consis,BAUFI7,2025-06-08T21:00:00Z,0,1
Consis,BAUFI7,2025-06-08T21:30:00Z,0,1
Consis,BAUFI7,2025-06-08T22:00:00Z,0,1
Consis,BAUFI7,2025-06-08T22:30:00Z,0,1
Consis,BAUFI7,2025-06-08T23:00:00Z,0,1
Consis,BAUFI7,2025-06-08T23:30:00Z,0,1
Consis,BAUFI7,2025-06-09T00:00:00Z,0,1
Consis,BAUFI7,2025-06-09T00:30:00Z,0,1
Consis,BAUFI7,2025-06-09T01:00:00Z,0,1
Consis,BAUFI7,2025-06-09T01:30:00Z,0,1
Consis,BAUFI7,2025-06-09T02:00:00Z,0,1
Consis,BAUFI7,2025-06-09T02:30:00Z,0,1
Consis,BAUFI7,2025-06-09T03:00:00Z,0,1
Consis,BAUFI7,2025-06-09T03:30:00Z,0,1
Consis,BAUFI7,2025-06-09T04:00:00Z,0,1
Consis,BAUFI7,2025-06-09T04:30:00Z,0,1
Consis,BAUFI7,2025-06-09T05:00:00Z,0,1
Consis,BAUFI7,2025-06-09T05:30:00Z,0,1
Consis,BAUFI7,2025-06-09T06:00:00Z,0.043,1
Consis,BAUFI7,2025-06-09T06:30:00Z,3.132,1
Consis,BAUFI7,2025-06-09T07:00:00Z,11.315,1
Consis,BAUFI7,2025-06-09T07:30:00Z,19.383,1
Consis,BAUFI7,2025-06-09T08:00:00Z,19.709,1
Consis,BAUFI7,2025-06-09T08:30:00Z,21.922,1
Consis,BAUFI7,2025-06-09T09:00:00Z,24.234,1
Consis,BAUFI7,2025-06-09T09:30:00Z,23.543,1
Consis,BAUFI7,2025-06-09T10:00:00Z,23.573,1
Consis,BAUFI7,2025-06-09T10:30:00Z,23.209,1
Consis,BAUFI7,2025-06-09T11:00:00Z,23.411,1
Consis,BAUFI7,2025-06-09T11:30:00Z,23.251,1
Consis,BAUFI7,2025-06-09T12:00:00Z,19.495,1
Consis,BAUFI7,2025-06-09T12:30:00Z,21.16,1
Consis,BAUFI7,2025-06-09T13:00:00Z,19.285,1
Consis,BAUFI7,2025-06-09T13:30:00Z,17.998,1
Consis,BAUFI7,2025-06-09T14:00:00Z,16.207,1
Consis,BAUFI7,2025-06-09T14:30:00Z,12.139,1
Consis,BAUFI7,2025-06-09T15:00:00Z,8.539,1
Consis,BAUFI7,2025-06-09T15:30:00Z,13.856,1
Consis,BAUFI7,2025-06-09T16:00:00Z,16.139,1
Consis,BAUFI7,2025-06-09T16:30:00Z,8.444,1
Consis,BAUFI7,2025-06-09T17:00:00Z,1.695,1
Consis,BAUFI7,2025-06-09T17:30:00Z,0,1
Consis,BAUFI7,2025-06-09T18:00:00Z,0,1
Consis,BAUFI7,2025-06-09T18:30:00Z,0,1
Consis,BAUFI7,2025-06-09T19:00:00Z,0,1
Consis,BAUFI7,2025-06-09T19:30:00Z,0,1
Consis,BAUFI7,2025-06-09T20:00:00Z,0,1
Consis,BAUFI7,2025-06-09T20:30:00Z,0,1
Consis,BAUFI7,2025-06-09T21:00:00Z,0,1
Consis,BAUFI7,2025-06-09T21:30:00Z,0,1
Consis,BAUFI7,2025-06-09T22:00:00Z,0,1
Consis,BAUFI7,2025-06-09T22:30:00Z,0,1
Consis,BAUFI7,2025-06-09T23:00:00Z,0,1
Consis,BAUFI7,2025-06-09T23:30:00Z,0,1
Consis,BAUFI7,2025-06-10T00:00:00Z,0,1
Consis,BAUFI7,2025-06-10T00:30:00Z,0,1
Consis,BAUFI7,2025-06-10T01:00:00Z,0,1
Consis,BAUFI7,2025-06-10T01:30:00Z,0,1
Consis,BAUFI7,2025-06-10T02:00:00Z,0,1
Consis,BAUFI7,2025-06-10T02:30:00Z,0,1
Consis,BAUFI7,2025-06-10T03:00:00Z,0,1
Consis,BAUFI7,2025-06-10T03:30:00Z,0,1
Consis,BAUFI7,2025-06-10T04:00:00Z,0,1
Consis,BAUFI7,2025-06-10T04:30:00Z,0,1
Consis,BAUFI7,2025-06-10T05:00:00Z,0,1
Consis,BAUFI7,2025-06-10T05:30:00Z,0,1
Consis,BAUFI7,2025-06-10T06:00:00Z,0,1
Consis,BAUFI7,2025-06-10T06:30:00Z,2.69,1
Consis,BAUFI7,2025-06-10T07:00:00Z,10.371,1
Consis,BAUFI7,2025-06-10T07:30:00Z,18.059,1
Consis,BAUFI7,2025-06-10T08:00:00Z,21.859,1
Consis,BAUFI7,2025-06-10T08:30:00Z,22.751,1
Consis,BAUFI7,2025-06-10T09:00:00Z,23.242,1
Consis,BAUFI7,2025-06-10T09:30:00Z,23.303,1
Consis,BAUFI7,2025-06-10T10:00:00Z,22.886,1
Consis,BAUFI7,2025-06-10T10:30:00Z,22.651,1
Consis,BAUFI7,2025-06-10T11:00:00Z,19.231,1
Consis,BAUFI7,2025-06-10T11:30:00Z,19.096,1
Consis,BAUFI7,2025-06-10T12:00:00Z,23.04,1
Consis,BAUFI7,2025-06-10T12:30:00Z,20.591,1
Consis,BAUFI7,2025-06-10T13:00:00Z,23.149,1
Consis,BAUFI7,2025-06-10T13:30:00Z,22.447,1
Consis,BAUFI7,2025-06-10T14:00:00Z,21.736,1
Consis,BAUFI7,2025-06-10T14:30:00Z,21.505,1
Consis,BAUFI7,2025-06-10T15:00:00Z,20.815,1
Consis,BAUFI7,2025-06-10T15:30:00Z,20.446,1
Consis,BAUFI7,2025-06-10T16:00:00Z,16.03,1
Consis,BAUFI7,2025-06-10T16:30:00Z,5.897,1
Consis,BAUFI7,2025-06-10T17:00:00Z,1.69,1
Consis,BAUFI7,2025-06-10T17:30:00Z,0,1
Consis,BAUFI7,2025-06-10T18:00:00Z,0,1
Consis,BAUFI7,2025-06-10T18:30:00Z,0,1
Consis,BAUFI7,2025-06-10T19:00:00Z,0,1
Consis,BAUFI7,2025-06-10T19:30:00Z,0,1
Consis,BAUFI7,2025-06-10T20:00:00Z,0,1
Consis,BAUFI7,2025-06-10T20:30:00Z,0,1
Consis,BAUFI7,2025-06-10T21:00:00Z,0,2
Consis,BAUFI7,2025-06-10T21:30:00Z,0,2
Consis,BAUFI7,2025-06-10T22:00:00Z,0,2
Consis,BAUFI7,2025-06-10T22:30:00Z,0,2
Consis,BAUFI7,2025-06-10T23:00:00Z,0,1
Consis,BAUFI7,2025-06-10T23:30:00Z,0,1
Consis,BAUFI7,2025-06-11T00:00:00Z,0,1
Consis,BAUFI7,2025-06-11T00:30:00Z,0,1
Consis,BAUFI7,2025-06-11T01:00:00Z,0,1
Consis,BAUFI7,2025-06-11T01:30:00Z,0,1
Consis,BAUFI7,2025-06-11T02:00:00Z,0,1
Consis,BAUFI7,2025-06-11T02:30:00Z,0,1
Consis,BAUFI7,2025-06-11T03:00:00Z,0,1
Consis,BAUFI7,2025-06-11T03:30:00Z,0,1
Consis,BAUFI7,2025-06-11T04:00:00Z,0,1
Consis,BAUFI7,2025-06-11T04:30:00Z,0,1
Consis,BAUFI7,2025-06-11T05:00:00Z,0,1
Consis,BAUFI7,2025-06-11T05:30:00Z,0,1
Consis,BAUFI7,2025-06-11T06:00:00Z,0.082,1
Consis,BAUFI7,2025-06-11T06:30:00Z,2.797,1
Consis,BAUFI7,2025-06-11T07:00:00Z,8.849,1
Consis,BAUFI7,2025-06-11T07:30:00Z,14.709,1
Consis,BAUFI7,2025-06-11T08:00:00Z,20.037,1
Consis,BAUFI7,2025-06-11T08:30:00Z,22.015,1
Consis,BAUFI7,2025-06-11T09:00:00Z,21.993,1
Consis,BAUFI7,2025-06-11T09:30:00Z,21.842,1
Consis,BAUFI7,2025-06-11T10:00:00Z,23.055,1
Consis,BAUFI7,2025-06-11T10:30:00Z,22.835,1
Consis,BAUFI7,2025-06-11T11:00:00Z,21.899,1
Consis,BAUFI7,2025-06-11T11:30:00Z,23.441,1
Consis,BAUFI7,2025-06-11T12:00:00Z,21.683,1
Consis,BAUFI7,2025-06-11T12:30:00Z,23.103,1
Consis,BAUFI7,2025-06-11T13:00:00Z,23.635,1
Consis,BAUFI7,2025-06-11T13:30:00Z,23.987,1
Consis,BAUFI7,2025-06-11T14:00:00Z,18.194,1
Consis,BAUFI7,2025-06-11T14:30:00Z,15.377,1
Consis,BAUFI7,2025-06-11T15:00:00Z,8.278,1
Consis,BAUFI7,2025-06-11T15:30:00Z,2.952,1
Consis,BAUFI7,2025-06-11T16:00:00Z,2.966,1
Consis,BAUFI7,2025-06-11T16:30:00Z,2.977,1
Consis,BAUFI7,2025-06-11T17:00:00Z,1.559,1
Consis,BAUFI7,2025-06-11T17:30:00Z,0,1
Consis,BAUFI7,2025-06-11T18:00:00Z,0,1
Consis,BAUFI7,2025-06-11T18:30:00Z,0,1
Consis,BAUFI7,2025-06-11T19:00:00Z,0,1
Consis,BAUFI7,2025-06-11T19:30:00Z,0,1
Consis,BAUFI7,2025-06-11T20:00:00Z,0,1
Consis,BAUFI7,2025-06-11T20:30:00Z,0,1
Consis,BAUFI7,2025-06-11T21:00:00Z,0,1
Consis,BAUFI7,2025-06-11T21:30:00Z,0,1
Consis,BAUFI7,2025-06-11T22:00:00Z,0,1
Consis,BAUFI7,2025-06-11T22:30:00Z,0,1
Consis,BAUFI7,2025-06-11T23:00:00Z,0,1
Consis,BAUFI7,2025-06-11T23:30:00Z,0,1
Consis,BAUFI7,2025-06-12T00:00:00Z,0,1
Consis,BAUFI7,2025-06-12T00:30:00Z,0,1
Consis,BAUFI7,2025-06-12T01:00:00Z,0,1
Consis,BAUFI7,2025-06-12T01:30:00Z,0,1
Consis,BAUFI7,2025-06-12T02:00:00Z,0,1
Consis,BAUFI7,2025-06-12T02:30:00Z,0,1
Consis,BAUFI7,2025-06-12T03:00:00Z,0,1
Consis,BAUFI7,2025-06-12T03:30:00Z,0,1
Consis,BAUFI7,2025-06-12T04:00:00Z,0,1
Consis,BAUFI7,2025-06-12T04:30:00Z,0,1
Consis,BAUFI7,2025-06-12T05:00:00Z,0,1
Consis,BAUFI7,2025-06-12T05:30:00Z,0,1
Consis,BAUFI7,2025-06-12T06:00:00Z,0,1
Consis,BAUFI7,2025-06-12T06:30:00Z,2.364,1
Consis,BAUFI7,2025-06-12T07:00:00Z,4.267,1
Consis,BAUFI7,2025-06-12T07:30:00Z,5.432,1
Consis,BAUFI7,2025-06-12T08:00:00Z,20.625,1
Consis,BAUFI7,2025-06-12T08:30:00Z,20.642,1
Consis,BAUFI7,2025-06-12T09:00:00Z,19.675,1
Consis,BAUFI7,2025-06-12T09:30:00Z,20.175,1
Consis,BAUFI7,2025-06-12T10:00:00Z,8.619,1
Consis,BAUFI7,2025-06-12T10:30:00Z,2.703,1
Consis,BAUFI7,2025-06-12T11:00:00Z,3.029,1
Consis,BAUFI7,2025-06-12T11:30:00Z,2.991,1
Consis,BAUFI7,2025-06-12T12:00:00Z,3.032,1
Consis,BAUFI7,2025-06-12T12:30:00Z,14.439,1
Consis,BAUFI7,2025-06-12T13:00:00Z,20.958,1
Consis,BAUFI7,2025-06-12T13:30:00Z,22.779,1
Consis,BAUFI7,2025-06-12T14:00:00Z,13.42,1
Consis,BAUFI7,2025-06-12T14:30:00Z,16.94,1
Consis,BAUFI7,2025-06-12T15:00:00Z,9.994,1
Consis,BAUFI7,2025-06-12T15:30:00Z,5.472,1
Consis,BAUFI7,2025-06-12T16:00:00Z,6.858,1
Consis,BAUFI7,2025-06-12T16:30:00Z,4.853,1
Consis,BAUFI7,2025-06-12T17:00:00Z,1.253,1
Consis,BAUFI7,2025-06-12T17:30:00Z,0,1
Consis,BAUFI7,2025-06-12T18:00:00Z,0,1
Consis,BAUFI7,2025-06-12T18:30:00Z,0,1
Consis,BAUFI7,2025-06-12T19:00:00Z,0,1
Consis,BAUFI7,2025-06-12T19:30:00Z,0,1
Consis,BAUFI7,2025-06-12T20:00:00Z,0,1
Consis,BAUFI7,2025-06-12T20:30:00Z,0,1
Consis,BAUFI7,2025-06-12T21:00:00Z,0,1
Consis,BAUFI7,2025-06-12T21:30:00Z,0,1
Consis,BAUFI7,2025-06-12T22:00:00Z,0,1
Consis,BAUFI7,2025-06-12T22:30:00Z,0,1
Consis,BAUFI7,2025-06-12T23:00:00Z,0,1
Consis,BAUFI7,2025-06-12T23:30:00Z,0,1
Consis,BAUFI7,2025-06-13T00:00:00Z,0,1
Consis,BAUFI7,2025-06-13T00:30:00Z,0,1
Consis,BAUFI7,2025-06-13T01:00:00Z,0,1
Consis,BAUFI7,2025-06-13T01:30:00Z,0,1
Consis,BAUFI7,2025-06-13T02:00:00Z,0,1
Consis,BAUFI7,2025-06-13T02:30:00Z,0,1
Consis,BAUFI7,2025-06-13T03:00:00Z,0,1
Consis,BAUFI7,2025-06-13T03:30:00Z,0,1
Consis,BAUFI7,2025-06-13T04:00:00Z,0,1
Consis,BAUFI7,2025-06-13T04:30:00Z,0,1
Consis,BAUFI7,2025-06-13T05:00:00Z,0,1
Consis,BAUFI7,2025-06-13T05:30:00Z,0,1
Consis,BAUFI7,2025-06-13T06:00:00Z,0,1
Consis,BAUFI7,2025-06-13T06:30:00Z,2.109,1
Consis,BAUFI7,2025-06-13T07:00:00Z,1.499,1
Consis,BAUFI7,2025-06-13T07:30:00Z,1.097,1
Consis,BAUFI7,2025-06-13T08:00:00Z,1.084,1
Consis,BAUFI7,2025-06-13T08:30:00Z,1.073,1
Consis,BAUFI7,2025-06-13T09:00:00Z,0.839,1
Consis,BAUFI7,2025-06-13T09:30:00Z,0,1
Consis,BAUFI7,2025-06-13T10:00:00Z,0.473,1
Consis,BAUFI7,2025-06-13T10:30:00Z,1.019,1
Consis,BAUFI7,2025-06-13T11:00:00Z,1.045,1
Consis,BAUFI7,2025-06-13T11:30:00Z,1.075,1
Consis,BAUFI7,2025-06-13T12:00:00Z,1.089,1
Consis,BAUFI7,2025-06-13T12:30:00Z,1.102,1
Consis,BAUFI7,2025-06-13T13:00:00Z,4.277,1
Consis,BAUFI7,2025-06-13T13:30:00Z,7.935,1
Consis,BAUFI7,2025-06-13T14:00:00Z,15.169,1
Consis,BAUFI7,2025-06-13T14:30:00Z,20.952,1
Consis,BAUFI7,2025-06-13T15:00:00Z,22.137,1
Consis,BAUFI7,2025-06-13T15:30:00Z,16.073,1
Consis,BAUFI7,2025-06-13T16:00:00Z,15.945,1
Consis,BAUFI7,2025-06-13T16:30:00Z,7.642,1
Consis,BAUFI7,2025-06-13T17:00:00Z,1.717,1
Consis,BAUFI7,2025-06-13T17:30:00Z,0,1
Consis,BAUFI7,2025-06-13T18:00:00Z,0,1
Consis,BAUFI7,2025-06-13T18:30:00Z,0,1
Consis,BAUFI7,2025-06-13T19:00:00Z,0,1
Consis,BAUFI7,2025-06-13T19:30:00Z,0,1
Consis,BAUFI7,2025-06-13T20:00:00Z,0,1
Consis,BAUFI7,2025-06-13T20:30:00Z,0,1
Consis,BAUFI7,2025-06-13T21:00:00Z,0,1
Consis,BAUFI7,2025-06-13T21:30:00Z,0,1
Consis,BAUFI7,2025-06-13T22:00:00Z,0,1
Consis,BAUFI7,2025-06-13T22:30:00Z,0,1
Consis,BAUFI7,2025-06-13T23:00:00Z,0,1
Consis,BAUFI7,2025-06-13T23:30:00Z,0,1
Consis,BAUFI7,2025-06-14T00:00:00Z,0,1
Consis,BAUFI7,2025-06-14T00:30:00Z,0,1
Consis,BAUFI7,2025-06-14T01:00:00Z,0,1
Consis,BAUFI7,2025-06-14T01:30:00Z,0,1
Consis,BAUFI7,2025-06-14T02:00:00Z,0,1
Consis,BAUFI7,2025-06-14T02:30:00Z,0,1
Consis,BAUFI7,2025-06-14T03:00:00Z,0,1
Consis,BAUFI7,2025-06-14T03:30:00Z,0,1
Consis,BAUFI7,2025-06-14T04:00:00Z,0,1
Consis,BAUFI7,2025-06-14T04:30:00Z,0,1
Consis,BAUFI7,2025-06-14T05:00:00Z,0,1
Consis,BAUFI7,2025-06-14T05:30:00Z,0,1
Consis,BAUFI7,2025-06-14T06:00:00Z,0,1
Consis,BAUFI7,2025-06-14T06:30:00Z,0,1
Consis,BAUFI7,2025-06-14T07:00:00Z,0,1
Consis,BAUFI7,2025-06-14T07:30:00Z,0,1
Consis,BAUFI7,2025-06-14T08:00:00Z,0,1
Consis,BAUFI7,2025-06-14T08:30:00Z,0,1
Consis,BAUFI7,2025-06-14T09:00:00Z,0,1
Consis,BAUFI7,2025-06-14T09:30:00Z,0,1
Consis,BAUFI7,2025-06-14T10:00:00Z,0,1
Consis,BAUFI7,2025-06-14T10:30:00Z,0,1
Consis,BAUFI7,2025-06-14T11:00:00Z,0,1
Consis,BAUFI7,2025-06-14T11:30:00Z,2.445,1
Consis,BAUFI7,2025-06-14T12:00:00Z,3.346,1
Consis,BAUFI7,2025-06-14T12:30:00Z,3.326,1
Consis,BAUFI7,2025-06-14T13:00:00Z,4.684,1
Consis,BAUFI7,2025-06-14T13:30:00Z,7.088,1
Consis,BAUFI7,2025-06-14T14:00:00Z,7.088,1
Consis,BAUFI7,2025-06-14T14:30:00Z,13.994,1
Consis,BAUFI7,2025-06-14T15:00:00Z,18.101,1
Consis,BAUFI7,2025-06-14T15:30:00Z,19.598,1
Consis,BAUFI7,2025-06-14T16:00:00Z,15.4,1
Consis,BAUFI7,2025-06-14T16:30:00Z,8.677,1
Consis,BAUFI7,2025-06-14T17:00:00Z,1.741,1
Consis,BAUFI7,2025-06-14T17:30:00Z,0,1
Consis,BAUFI7,2025-06-14T18:00:00Z,0,1
Consis,BAUFI7,2025-06-14T18:30:00Z,0,1
Consis,BAUFI7,2025-06-14T19:00:00Z,0,1
Consis,BAUFI7,2025-06-14T19:30:00Z,0,1
Consis,BAUFI7,2025-06-14T20:00:00Z,0,1
Consis,BAUFI7,2025-06-14T20:30:00Z,0,1
Consis,BAUFI7,2025-06-14T21:00:00Z,0,1
Consis,BAUFI7,2025-06-14T21:30:00Z,0,1
Consis,BAUFI7,2025-06-14T22:00:00Z,0,1
Consis,BAUFI7,2025-06-14T22:30:00Z,0,1
Consis,BAUFI7,2025-06-14T23:00:00Z,0,1
Consis,BAUFI7,2025-06-14T23:30:00Z,0,1
Consis,BAUFI7,2025-06-15T00:00:00Z,0,1
Consis,BAUFI7,2025-06-15T00:30:00Z,0,1
Consis,BAUFI7,2025-06-15T01:00:00Z,0,1
Consis,BAUFI7,2025-06-15T01:30:00Z,0,1
Consis,BAUFI7,2025-06-15T02:00:00Z,0,1
Consis,BAUFI7,2025-06-15T02:30:00Z,0,1
Consis,BAUFI7,2025-06-15T03:00:00Z,0,1
Consis,BAUFI7,2025-06-15T03:30:00Z,0,1
Consis,BAUFI7,2025-06-15T04:00:00Z,0,1
Consis,BAUFI7,2025-06-15T04:30:00Z,0,1
Consis,BAUFI7,2025-06-15T05:00:00Z,0,1
Consis,BAUFI7,2025-06-15T05:30:00Z,0,1
Consis,BAUFI7,2025-06-15T06:00:00Z,0,1
Consis,BAUFI7,2025-06-15T06:30:00Z,2.27,1
Consis,BAUFI7,2025-06-15T07:00:00Z,3.282,1
Consis,BAUFI7,2025-06-15T07:30:00Z,3.068,1
Consis,BAUFI7,2025-06-15T08:00:00Z,3.41,1
Consis,BAUFI7,2025-06-15T08:30:00Z,5.228,1
Consis,BAUFI7,2025-06-15T09:00:00Z,5.546,1
Consis,BAUFI7,2025-06-15T09:30:00Z,5.546,1
Consis,BAUFI7,2025-06-15T10:00:00Z,5.547,1
Consis,BAUFI7,2025-06-15T10:30:00Z,5.551,1
Consis,BAUFI7,2025-06-15T11:00:00Z,6.114,1
Consis,BAUFI7,2025-06-15T11:30:00Z,7.561,1
Consis,BAUFI7,2025-06-15T12:00:00Z,7.614,1
Consis,BAUFI7,2025-06-15T12:30:00Z,8.435,1
Consis,BAUFI7,2025-06-15T13:00:00Z,10.353,1
Consis,BAUFI7,2025-06-15T13:30:00Z,11.358,1
Consis,BAUFI7,2025-06-15T14:00:00Z,13.503,1
Consis,BAUFI7,2025-06-15T14:30:00Z,21.417,1
Consis,BAUFI7,2025-06-15T15:00:00Z,24.08,1
Consis,BAUFI7,2025-06-15T15:30:00Z,16.954,1
Consis,BAUFI7,2025-06-15T16:00:00Z,5.552,1
Consis,BAUFI7,2025-06-15T16:30:00Z,2.5,1
Consis,BAUFI7,2025-06-15T17:00:00Z,1.397,1
Consis,BAUFI7,2025-06-15T17:30:00Z,0,1
Consis,BAUFI7,2025-06-15T18:00:00Z,0,1
Consis,BAUFI7,2025-06-15T18:30:00Z,0,1
Consis,BAUFI7,2025-06-15T19:00:00Z,0,1
Consis,BAUFI7,2025-06-15T19:30:00Z,0,1
Consis,BAUFI7,2025-06-15T20:00:00Z,0,1
Consis,BAUFI7,2025-06-15T20:30:00Z,0,1
Consis,BAUFI7,2025-06-15T21:00:00Z,0,1
Consis,BAUFI7,2025-06-15T21:30:00Z,0,1
Consis,BAUFI7,2025-06-15T22:00:00Z,0,1
Consis,BAUFI7,2025-06-15T22:30:00Z,0,1
Consis,BAUFI7,2025-06-15T23:00:00Z,0,1
Consis,BAUFI7,2025-06-15T23:30:00Z,0,1
Consis,BAUFI7,2025-06-16T00:00:00Z,0,1
Consis,BAUFI7,2025-06-16T00:30:00Z,0,1
Consis,BAUFI7,2025-06-16T01:00:00Z,0,1
Consis,BAUFI7,2025-06-16T01:30:00Z,0,1
Consis,BAUFI7,2025-06-16T02:00:00Z,0,1
Consis,BAUFI7,2025-06-16T02:30:00Z,0,1
Consis,BAUFI7,2025-06-16T03:00:00Z,0,1
Consis,BAUFI7,2025-06-16T03:30:00Z,0,1
Consis,BAUFI7,2025-06-16T04:00:00Z,0,1
Consis,BAUFI7,2025-06-16T04:30:00Z,0,1
Consis,BAUFI7,2025-06-16T05:00:00Z,0,1
Consis,BAUFI7,2025-06-16T05:30:00Z,0,1
Consis,BAUFI7,2025-06-16T06:00:00Z,0,1
Consis,BAUFI7,2025-06-16T06:30:00Z,2.345,1
Consis,BAUFI7,2025-06-16T07:00:00Z,9.397,1
Consis,BAUFI7,2025-06-16T07:30:00Z,17.395,1
Consis,BAUFI7,2025-06-16T08:00:00Z,22.17,1
Consis,BAUFI7,2025-06-16T08:30:00Z,6.23,1
Consis,BAUFI7,2025-06-16T09:00:00Z,0,1
Consis,BAUFI7,2025-06-16T09:30:00Z,0,1
Consis,BAUFI7,2025-06-16T10:00:00Z,0,1
Consis,BAUFI7,2025-06-16T10:30:00Z,13.669,1
Consis,BAUFI7,2025-06-16T11:00:00Z,23.813,1
Consis,BAUFI7,2025-06-16T11:30:00Z,23.914,1
Consis,BAUFI7,2025-06-16T12:00:00Z,24.089,1
Consis,BAUFI7,2025-06-16T12:30:00Z,21.481,1
Consis,BAUFI7,2025-06-16T13:00:00Z,23.4,1
Consis,BAUFI7,2025-06-16T13:30:00Z,12.832,1
Consis,BAUFI7,2025-06-16T14:00:00Z,9.953,1
Consis,BAUFI7,2025-06-16T14:30:00Z,5.362,1
Consis,BAUFI7,2025-06-16T15:00:00Z,8.651,1
Consis,BAUFI7,2025-06-16T15:30:00Z,8.766,1
Consis,BAUFI7,2025-06-16T16:00:00Z,12.946,1
Consis,BAUFI7,2025-06-16T16:30:00Z,9.747,1
Consis,BAUFI7,2025-06-16T17:00:00Z,0.546,1
Consis,BAUFI7,2025-06-16T17:30:00Z,0,1
Consis,BAUFI7,2025-06-16T18:00:00Z,0,1
Consis,BAUFI7,2025-06-16T18:30:00Z,0,1
Consis,BAUFI7,2025-06-16T19:00:00Z,0,1
Consis,BAUFI7,2025-06-16T19:30:00Z,0,1
Consis,BAUFI7,2025-06-16T20:00:00Z,0,1
Consis,BAUFI7,2025-06-16T20:30:00Z,0,1
Consis,BAUFI7,2025-06-16T21:00:00Z,0,1
Consis,BAUFI7,2025-06-16T21:30:00Z,0,1
Consis,BAUFI7,2025-06-16T22:00:00Z,0,1
Consis,BAUFI7,2025-06-16T22:30:00Z,0,1
Consis,BAUFI7,2025-06-16T23:00:00Z,0,1
Consis,BAUFI7,2025-06-16T23:30:00Z,0,1
Consis,BAUFI7,2025-06-17T00:00:00Z,0,1
Consis,BAUFI7,2025-06-17T00:30:00Z,0,1
Consis,BAUFI7,2025-06-17T01:00:00Z,0,1
Consis,BAUFI7,2025-06-17T01:30:00Z,0,1
Consis,BAUFI7,2025-06-17T02:00:00Z,0,1
Consis,BAUFI7,2025-06-17T02:30:00Z,0,1
Consis,BAUFI7,2025-06-17T03:00:00Z,0,1
Consis,BAUFI7,2025-06-17T03:30:00Z,0,1
Consis,BAUFI7,2025-06-17T04:00:00Z,0,1
Consis,BAUFI7,2025-06-17T04:30:00Z,0,1
Consis,BAUFI7,2025-06-17T05:00:00Z,0,1
Consis,BAUFI7,2025-06-17T05:30:00Z,0,1
Consis,BAUFI7,2025-06-17T06:00:00Z,0,1
Consis,BAUFI7,2025-06-17T06:30:00Z,0.835,1
Consis,BAUFI7,2025-06-17T07:00:00Z,0,1
Consis,BAUFI7,2025-06-17T07:30:00Z,0,1
Consis,BAUFI7,2025-06-17T08:00:00Z,0,1
Consis,BAUFI7,2025-06-17T08:30:00Z,0,1
Consis,BAUFI7,2025-06-17T09:00:00Z,0,1
Consis,BAUFI7,2025-06-17T09:30:00Z,0,1
Consis,BAUFI7,2025-06-17T10:00:00Z,0,1
Consis,BAUFI7,2025-06-17T10:30:00Z,0,1
Consis,BAUFI7,2025-06-17T11:00:00Z,0,1
Consis,BAUFI7,2025-06-17T11:30:00Z,0,1
Consis,BAUFI7,2025-06-17T12:00:00Z,0,1
Consis,BAUFI7,2025-06-17T12:30:00Z,1.164,1
Consis,BAUFI7,2025-06-17T13:00:00Z,5.381,1
Consis,BAUFI7,2025-06-17T13:30:00Z,12.305,1
Consis,BAUFI7,2025-06-17T14:00:00Z,14.097,1
Consis,BAUFI7,2025-06-17T14:30:00Z,19.06,1
Consis,BAUFI7,2025-06-17T15:00:00Z,4.251,1
Consis,BAUFI7,2025-06-17T15:30:00Z,3.019,1
Consis,BAUFI7,2025-06-17T16:00:00Z,0.066,1
Consis,BAUFI7,2025-06-17T16:30:00Z,0.059,1
Consis,BAUFI7,2025-06-17T17:00:00Z,0.328,1
Consis,BAUFI7,2025-06-17T17:30:00Z,0,1
Consis,BAUFI7,2025-06-17T18:00:00Z,0,1
Consis,BAUFI7,2025-06-17T18:30:00Z,0,1
Consis,BAUFI7,2025-06-17T19:00:00Z,0,1
Consis,BAUFI7,2025-06-17T19:30:00Z,0,1
Consis,BAUFI7,2025-06-17T20:00:00Z,0,2
Consis,BAUFI7,2025-06-17T20:30:00Z,0,2
Consis,BAUFI7,2025-06-17T21:00:00Z,0,2
Consis,BAUFI7,2025-06-17T21:30:00Z,0,1
Consis,BAUFI7,2025-06-17T22:00:00Z,0,1
Consis,BAUFI7,2025-06-17T22:30:00Z,0,1
Consis,BAUFI7,2025-06-17T23:00:00Z,0,1
Consis,BAUFI7,2025-06-17T23:30:00Z,0,1
Consis,BAUFI7,2025-06-18T00:00:00Z,0,1
Consis,BAUFI7,2025-06-18T00:30:00Z,0,1
Consis,BAUFI7,2025-06-18T01:00:00Z,0,1
Consis,BAUFI7,2025-06-18T01:30:00Z,0,1
Consis,BAUFI7,2025-06-18T02:00:00Z,0,1
Consis,BAUFI7,2025-06-18T02:30:00Z,0,1
Consis,BAUFI7,2025-06-18T03:00:00Z,0,1
Consis,BAUFI7,2025-06-18T03:30:00Z,0,1
Consis,BAUFI7,2025-06-18T04:00:00Z,0,1
Consis,BAUFI7,2025-06-18T04:30:00Z,0,1
Consis,BAUFI7,2025-06-18T05:00:00Z,0,1
Consis,BAUFI7,2025-06-18T05:30:00Z,0,1
Consis,BAUFI7,2025-06-18T06:00:00Z,0,1
Consis,BAUFI7,2025-06-18T06:30:00Z,2.116,1
Consis,BAUFI7,2025-06-18T07:00:00Z,6.756,1
Consis,BAUFI7,2025-06-18T07:30:00Z,0,1
Consis,BAUFI7,2025-06-18T08:00:00Z,0,1
Consis,BAUFI7,2025-06-18T08:30:00Z,0.822,1
Consis,BAUFI7,2025-06-18T09:00:00Z,4.85,1
Consis,BAUFI7,2025-06-18T09:30:00Z,0,1
Consis,BAUFI7,2025-06-18T10:00:00Z,0,1
Consis,BAUFI7,2025-06-18T10:30:00Z,0,1
Consis,BAUFI7,2025-06-18T11:00:00Z,0,1
Consis,BAUFI7,2025-06-18T11:30:00Z,0,1
Consis,BAUFI7,2025-06-18T12:00:00Z,0,1
Consis,BAUFI7,2025-06-18T12:30:00Z,0,1
Consis,BAUFI7,2025-06-18T13:00:00Z,1.485,1
Consis,BAUFI7,2025-06-18T13:30:00Z,14.535,1
Consis,BAUFI7,2025-06-18T14:00:00Z,23.616,1
Consis,BAUFI7,2025-06-18T14:30:00Z,23.864,1
Consis,BAUFI7,2025-06-18T15:00:00Z,22.936,1
Consis,BAUFI7,2025-06-18T15:30:00Z,13.025,1
Consis,BAUFI7,2025-06-18T16:00:00Z,7.217,1
Consis,BAUFI7,2025-06-18T16:30:00Z,3.139,1
Consis,BAUFI7,2025-06-18T17:00:00Z,0.151,1
Consis,BAUFI7,2025-06-18T17:30:00Z,0,1
Consis,BAUFI7,2025-06-18T18:00:00Z,0,1
Consis,BAUFI7,2025-06-18T18:30:00Z,0,1
Consis,BAUFI7,2025-06-18T19:00:00Z,0,1
Consis,BAUFI7,2025-06-18T19:30:00Z,0,1
Consis,BAUFI7,2025-06-18T20:00:00Z,0,1
Consis,BAUFI7,2025-06-18T20:30:00Z,0,1
Consis,BAUFI7,2025-06-18T21:00:00Z,0,1
Consis,BAUFI7,2025-06-18T21:30:00Z,0,1
Consis,BAUFI7,2025-06-18T22:00:00Z,0,1
Consis,BAUFI7,2025-06-18T22:30:00Z,0,1
Consis,BAUFI7,2025-06-18T23:00:00Z,0,1
Consis,BAUFI7,2025-06-18T23:30:00Z,0,1
Consis,BAUFI7,2025-06-19T00:00:00Z,0,1
Consis,BAUFI7,2025-06-19T00:30:00Z,0,1
Consis,BAUFI7,2025-06-19T01:00:00Z,0,1
Consis,BAUFI7,2025-06-19T01:30:00Z,0,1
Consis,BAUFI7,2025-06-19T02:00:00Z,0,1
Consis,BAUFI7,2025-06-19T02:30:00Z,0,1
Consis,BAUFI7,2025-06-19T03:00:00Z,0,1
Consis,BAUFI7,2025-06-19T03:30:00Z,0,1
Consis,BAUFI7,2025-06-19T04:00:00Z,0,1
Consis,BAUFI7,2025-06-19T04:30:00Z,0,1
Consis,BAUFI7,2025-06-19T05:00:00Z,0,1
Consis,BAUFI7,2025-06-19T05:30:00Z,0,1
Consis,BAUFI7,2025-06-19T06:00:00Z,0,1
Consis,BAUFI7,2025-06-19T06:30:00Z,2.17,1
Consis,BAUFI7,2025-06-19T07:00:00Z,0.029,1
Consis,BAUFI7,2025-06-19T07:30:00Z,0,1
Consis,BAUFI7,2025-06-19T08:00:00Z,0,1
Consis,BAUFI7,2025-06-19T08:30:00Z,0,1
Consis,BAUFI7,2025-06-19T09:00:00Z,0,1
Consis,BAUFI7,2025-06-19T09:30:00Z,0,1
Consis,BAUFI7,2025-06-19T10:00:00Z,0,1
Consis,BAUFI7,2025-06-19T10:30:00Z,0,1
Consis,BAUFI7,2025-06-19T11:00:00Z,0,1
Consis,BAUFI7,2025-06-19T11:30:00Z,0,1
Consis,BAUFI7,2025-06-19T12:00:00Z,2.429,1
Consis,BAUFI7,2025-06-19T12:30:00Z,6.239,1
Consis,BAUFI7,2025-06-19T13:00:00Z,10.037,1
Consis,BAUFI7,2025-06-19T13:30:00Z,10.206,1
Consis,BAUFI7,2025-06-19T14:00:00Z,23.323,1
Consis,BAUFI7,2025-06-19T14:30:00Z,23.934,1
Consis,BAUFI7,2025-06-19T15:00:00Z,23.298,1
Consis,BAUFI7,2025-06-19T15:30:00Z,21.775,1
Consis,BAUFI7,2025-06-19T16:00:00Z,15.41,1
Consis,BAUFI7,2025-06-19T16:30:00Z,9.225,1
Consis,BAUFI7,2025-06-19T17:00:00Z,2.062,1
Consis,BAUFI7,2025-06-19T17:30:00Z,0,1
Consis,BAUFI7,2025-06-19T18:00:00Z,0,1
Consis,BAUFI7,2025-06-19T18:30:00Z,0,1
Consis,BAUFI7,2025-06-19T19:00:00Z,0,1
Consis,BAUFI7,2025-06-19T19:30:00Z,0,1
Consis,BAUFI7,2025-06-19T20:00:00Z,0,1
Consis,BAUFI7,2025-06-19T20:30:00Z,0,1
Consis,BAUFI7,2025-06-19T21:00:00Z,0,1
Consis,BAUFI7,2025-06-19T21:30:00Z,0,1
Consis,BAUFI7,2025-06-19T22:00:00Z,0,1
Consis,BAUFI7,2025-06-19T22:30:00Z,0,1
Consis,BAUFI7,2025-06-19T23:00:00Z,0,1
Consis,BAUFI7,2025-06-19T23:30:00Z,0,1
Consis,BAUFI7,2025-06-20T00:00:00Z,0,1
Consis,BAUFI7,2025-06-20T00:30:00Z,0,1
Consis,BAUFI7,2025-06-20T01:00:00Z,0,1
Consis,BAUFI7,2025-06-20T01:30:00Z,0,1
Consis,BAUFI7,2025-06-20T02:00:00Z,0,1
Consis,BAUFI7,2025-06-20T02:30:00Z,0,1
Consis,BAUFI7,2025-06-20T03:00:00Z,0,1
Consis,BAUFI7,2025-06-20T03:30:00Z,0,1
Consis,BAUFI7,2025-06-20T04:00:00Z,0,1
Consis,BAUFI7,2025-06-20T04:30:00Z,0,1
Consis,BAUFI7,2025-06-20T05:00:00Z,0,1
Consis,BAUFI7,2025-06-20T05:30:00Z,0,1
Consis,BAUFI7,2025-06-20T06:00:00Z,0,1
Consis,BAUFI7,2025-06-20T06:30:00Z,0.012,1
Consis,BAUFI7,2025-06-20T07:00:00Z,0,1
Consis,BAUFI7,2025-06-20T07:30:00Z,0,1
Consis,BAUFI7,2025-06-20T08:00:00Z,0,1
Consis,BAUFI7,2025-06-20T08:30:00Z,0,1
Consis,BAUFI7,2025-06-20T09:00:00Z,0,1
Consis,BAUFI7,2025-06-20T09:30:00Z,0,1
Consis,BAUFI7,2025-06-20T10:00:00Z,0,1
Consis,BAUFI7,2025-06-20T10:30:00Z,0,1
Consis,BAUFI7,2025-06-20T11:00:00Z,0,1
Consis,BAUFI7,2025-06-20T11:30:00Z,0,1
Consis,BAUFI7,2025-06-20T12:00:00Z,0,1
Consis,BAUFI7,2025-06-20T12:30:00Z,0,1
Consis,BAUFI7,2025-06-20T13:00:00Z,0,1
Consis,BAUFI7,2025-06-20T13:30:00Z,0,1
Consis,BAUFI7,2025-06-20T14:00:00Z,5.384,1
Consis,BAUFI7,2025-06-20T14:30:00Z,23.326,1
Consis,BAUFI7,2025-06-20T15:00:00Z,22.802,1
Consis,BAUFI7,2025-06-20T15:30:00Z,21.413,1
Consis,BAUFI7,2025-06-20T16:00:00Z,15.571,1
Consis,BAUFI7,2025-06-20T16:30:00Z,9.08,1
Consis,BAUFI7,2025-06-20T17:00:00Z,2.017,1
Consis,BAUFI7,2025-06-20T17:30:00Z,0.151,1
Consis,BAUFI7,2025-06-20T18:00:00Z,0,1
Consis,BAUFI7,2025-06-20T18:30:00Z,0,1
Consis,BAUFI7,2025-06-20T19:00:00Z,0,1
Consis,BAUFI7,2025-06-20T19:30:00Z,0,1
Consis,BAUFI7,2025-06-20T20:00:00Z,0,1
Consis,BAUFI7,2025-06-20T20:30:00Z,0,1
Consis,BAUFI7,2025-06-20T21:00:00Z,0,1
Consis,BAUFI7,2025-06-20T21:30:00Z,0,1
Consis,BAUFI7,2025-06-20T22:00:00Z,0,1
Consis,BAUFI7,2025-06-20T22:30:00Z,0,1
Consis,BAUFI7,2025-06-20T23:00:00Z,0,1
Consis,BAUFI7,2025-06-20T23:30:00Z,0,1
Consis,BAUFI7,2025-06-21T00:00:00Z,0,1
Consis,BAUFI7,2025-06-21T00:30:00Z,0,1
Consis,BAUFI7,2025-06-21T01:00:00Z,0,1
Consis,BAUFI7,2025-06-21T01:30:00Z,0,1
Consis,BAUFI7,2025-06-21T02:00:00Z,0,1
Consis,BAUFI7,2025-06-21T02:30:00Z,0,1
Consis,BAUFI7,2025-06-21T03:00:00Z,0,1
Consis,BAUFI7,2025-06-21T03:30:00Z,0,1
Consis,BAUFI7,2025-06-21T04:00:00Z,0,1
Consis,BAUFI7,2025-06-21T04:30:00Z,0,1
Consis,BAUFI7,2025-06-21T05:00:00Z,0,1
Consis,BAUFI7,2025-06-21T05:30:00Z,0,1
Consis,BAUFI7,2025-06-21T06:00:00Z,0,1
Consis,BAUFI7,2025-06-21T06:30:00Z,2.171,1
Consis,BAUFI7,2025-06-21T07:00:00Z,4.609,1
Consis,BAUFI7,2025-06-21T07:30:00Z,3.103,1
Consis,BAUFI7,2025-06-21T08:00:00Z,2.38,1
Consis,BAUFI7,2025-06-21T08:30:00Z,7.233,1
Consis,BAUFI7,2025-06-21T09:00:00Z,8.584,1
Consis,BAUFI7,2025-06-21T09:30:00Z,10.813,1
Consis,BAUFI7,2025-06-21T10:00:00Z,7.587,1
Consis,BAUFI7,2025-06-21T10:30:00Z,0,1
Consis,BAUFI7,2025-06-21T11:00:00Z,0,1
Consis,BAUFI7,2025-06-21T11:30:00Z,0,1
Consis,BAUFI7,2025-06-21T12:00:00Z,0,1
Consis,BAUFI7,2025-06-21T12:30:00Z,0,1
Consis,BAUFI7,2025-06-21T13:00:00Z,3.027,1
Consis,BAUFI7,2025-06-21T13:30:00Z,9.504,1
Consis,BAUFI7,2025-06-21T14:00:00Z,8.629,1
Consis,BAUFI7,2025-06-21T14:30:00Z,4.56,1
Consis,BAUFI7,2025-06-21T15:00:00Z,3.834,1
Consis,BAUFI7,2025-06-21T15:30:00Z,2.346,1
Consis,BAUFI7,2025-06-21T16:00:00Z,1.271,1
Consis,BAUFI7,2025-06-21T16:30:00Z,0.681,1
Consis,BAUFI7,2025-06-21T17:00:00Z,0.073,1
Consis,BAUFI7,2025-06-21T17:30:00Z,0,1
Consis,BAUFI7,2025-06-21T18:00:00Z,0,1
Consis,BAUFI7,2025-06-21T18:30:00Z,0,1
Consis,BAUFI7,2025-06-21T19:00:00Z,0,1
Consis,BAUFI7,2025-06-21T19:30:00Z,0,1
Consis,BAUFI7,2025-06-21T20:00:00Z,0,1
Consis,BAUFI7,2025-06-21T20:30:00Z,0,1
Consis,BAUFI7,2025-06-21T21:00:00Z,0,1
Consis,BAUFI7,2025-06-21T21:30:00Z,0,1
Consis,BAUFI7,2025-06-21T22:00:00Z,0,1
Consis,BAUFI7,2025-06-21T22:30:00Z,0,1
Consis,BAUFI7,2025-06-21T23:00:00Z,0,1
Consis,BAUFI7,2025-06-21T23:30:00Z,0,1
Consis,BAUFI7,2025-06-22T00:00:00Z,0,1
Consis,BAUFI7,2025-06-22T00:30:00Z,0,1
Consis,BAUFI7,2025-06-22T01:00:00Z,0,1
Consis,BAUFI7,2025-06-22T01:30:00Z,0,1
Consis,BAUFI7,2025-06-22T02:00:00Z,0,1
Consis,BAUFI7,2025-06-22T02:30:00Z,0,1
Consis,BAUFI7,2025-06-22T03:00:00Z,0,1
Consis,BAUFI7,2025-06-22T03:30:00Z,0,1
Consis,BAUFI7,2025-06-22T04:00:00Z,0,1
Consis,BAUFI7,2025-06-22T04:30:00Z,0,1
Consis,BAUFI7,2025-06-22T05:00:00Z,0,1
Consis,BAUFI7,2025-06-22T05:30:00Z,0,1
Consis,BAUFI7,2025-06-22T06:00:00Z,0,1
Consis,BAUFI7,2025-06-22T06:30:00Z,0.676,1
Consis,BAUFI7,2025-06-22T07:00:00Z,3.984,1
Consis,BAUFI7,2025-06-22T07:30:00Z,5.906,1
Consis,BAUFI7,2025-06-22T08:00:00Z,7.489,1
Consis,BAUFI7,2025-06-22T08:30:00Z,8.807,1
Consis,BAUFI7,2025-06-22T09:00:00Z,9.933,1
Consis,BAUFI7,2025-06-22T09:30:00Z,10.727,1
Consis,BAUFI7,2025-06-22T10:00:00Z,10.331,1
Consis,BAUFI7,2025-06-22T10:30:00Z,4.569,1
Consis,BAUFI7,2025-06-22T11:00:00Z,5.084,1
Consis,BAUFI7,2025-06-22T11:30:00Z,6.149,1
Consis,BAUFI7,2025-06-22T12:00:00Z,7.07,1
Consis,BAUFI7,2025-06-22T12:30:00Z,8.298,1
Consis,BAUFI7,2025-06-22T13:00:00Z,8.387,1
Consis,BAUFI7,2025-06-22T13:30:00Z,8.404,1
Consis,BAUFI7,2025-06-22T14:00:00Z,11.47,1
Consis,BAUFI7,2025-06-22T14:30:00Z,14.553,1
Consis,BAUFI7,2025-06-22T15:00:00Z,14.35,1
Consis,BAUFI7,2025-06-22T15:30:00Z,19.025,1
Consis,BAUFI7,2025-06-22T16:00:00Z,17.558,1
Consis,BAUFI7,2025-06-22T16:30:00Z,10.009,1
Consis,BAUFI7,2025-06-22T17:00:00Z,2.379,1
Consis,BAUFI7,2025-06-22T17:30:00Z,0,1
Consis,BAUFI7,2025-06-22T18:00:00Z,0,1
Consis,BAUFI7,2025-06-22T18:30:00Z,0,1
Consis,BAUFI7,2025-06-22T19:00:00Z,0,1
Consis,BAUFI7,2025-06-22T19:30:00Z,0,1
Consis,BAUFI7,2025-06-22T20:00:00Z,0,1
Consis,BAUFI7,2025-06-22T20:30:00Z,0,1
Consis,BAUFI7,2025-06-22T21:00:00Z,0,1
Consis,BAUFI7,2025-06-22T21:30:00Z,0,1
Consis,BAUFI7,2025-06-22T22:00:00Z,0,1
Consis,BAUFI7,2025-06-22T22:30:00Z,0,1
Consis,BAUFI7,2025-06-22T23:00:00Z,0,1
Consis,BAUFI7,2025-06-22T23:30:00Z,0,1
Consis,BAUFI7,2025-06-23T00:00:00Z,0,1
Consis,BAUFI7,2025-06-23T00:30:00Z,0,1
Consis,BAUFI7,2025-06-23T01:00:00Z,0,1
Consis,BAUFI7,2025-06-23T01:30:00Z,0,1
Consis,BAUFI7,2025-06-23T02:00:00Z,0,1
Consis,BAUFI7,2025-06-23T02:30:00Z,0,1
Consis,BAUFI7,2025-06-23T03:00:00Z,0,1
Consis,BAUFI7,2025-06-23T03:30:00Z,0,1
Consis,BAUFI7,2025-06-23T04:00:00Z,0,1
Consis,BAUFI7,2025-06-23T04:30:00Z,0,1
Consis,BAUFI7,2025-06-23T05:00:00Z,0,1
Consis,BAUFI7,2025-06-23T05:30:00Z,0,1
Consis,BAUFI7,2025-06-23T06:00:00Z,0,1
Consis,BAUFI7,2025-06-23T06:30:00Z,2.063,1
Consis,BAUFI7,2025-06-23T07:00:00Z,2.743,1
Consis,BAUFI7,2025-06-23T07:30:00Z,0,1
Consis,BAUFI7,2025-06-23T08:00:00Z,0,1
Consis,BAUFI7,2025-06-23T08:30:00Z,0,1
Consis,BAUFI7,2025-06-23T09:00:00Z,0,1
Consis,BAUFI7,2025-06-23T09:30:00Z,0,1
Consis,BAUFI7,2025-06-23T10:00:00Z,0,1
Consis,BAUFI7,2025-06-23T10:30:00Z,0,1
Consis,BAUFI7,2025-06-23T11:00:00Z,0,1
Consis,BAUFI7,2025-06-23T11:30:00Z,0,1
Consis,BAUFI7,2025-06-23T12:00:00Z,0,1
Consis,BAUFI7,2025-06-23T12:30:00Z,0,1
Consis,BAUFI7,2025-06-23T13:00:00Z,1.991,1
Consis,BAUFI7,2025-06-23T13:30:00Z,23.068,1
Consis,BAUFI7,2025-06-23T14:00:00Z,23.353,1
Consis,BAUFI7,2025-06-23T14:30:00Z,23.222,1
Consis,BAUFI7,2025-06-23T15:00:00Z,22.569,1
Consis,BAUFI7,2025-06-23T15:30:00Z,21.278,1
Consis,BAUFI7,2025-06-23T16:00:00Z,15.824,1
Consis,BAUFI7,2025-06-23T16:30:00Z,9.106,1
Consis,BAUFI7,2025-06-23T17:00:00Z,1.873,1
Consis,BAUFI7,2025-06-23T17:30:00Z,0,1
Consis,BAUFI7,2025-06-23T18:00:00Z,0,1
Consis,BAUFI7,2025-06-23T18:30:00Z,0,1
Consis,BAUFI7,2025-06-23T19:00:00Z,0,1
Consis,BAUFI7,2025-06-23T19:30:00Z,0,1
Consis,BAUFI7,2025-06-23T20:00:00Z,0,1
Consis,BAUFI7,2025-06-23T20:30:00Z,0,1
Consis,BAUFI7,2025-06-23T21:00:00Z,0,1
Consis,BAUFI7,2025-06-23T21:30:00Z,0,1
Consis,BAUFI7,2025-06-23T22:00:00Z,0,1
Consis,BAUFI7,2025-06-23T22:30:00Z,0,1
Consis,BAUFI7,2025-06-23T23:00:00Z,0,1
Consis,BAUFI7,2025-06-23T23:30:00Z,0,1
Consis,BAUFI7,2025-06-24T00:00:00Z,0,1
Consis,BAUFI7,2025-06-24T00:30:00Z,0,1
Consis,BAUFI7,2025-06-24T01:00:00Z,0,1
Consis,BAUFI7,2025-06-24T01:30:00Z,0,1
Consis,BAUFI7,2025-06-24T02:00:00Z,0,1
Consis,BAUFI7,2025-06-24T02:30:00Z,0,1
Consis,BAUFI7,2025-06-24T03:00:00Z,0,1
Consis,BAUFI7,2025-06-24T03:30:00Z,0,1
Consis,BAUFI7,2025-06-24T04:00:00Z,0,1
Consis,BAUFI7,2025-06-24T04:30:00Z,0,1
Consis,BAUFI7,2025-06-24T05:00:00Z,0,1
Consis,BAUFI7,2025-06-24T05:30:00Z,0,1
Consis,BAUFI7,2025-06-24T06:00:00Z,0,1
Consis,BAUFI7,2025-06-24T06:30:00Z,1.943,1
Consis,BAUFI7,2025-06-24T07:00:00Z,9.02,1
Consis,BAUFI7,2025-06-24T07:30:00Z,17.16,1
Consis,BAUFI7,2025-06-24T08:00:00Z,19.929,1
Consis,BAUFI7,2025-06-24T08:30:00Z,20.881,1
Consis,BAUFI7,2025-06-24T09:00:00Z,21.74,1
Consis,BAUFI7,2025-06-24T09:30:00Z,21.77,1
Consis,BAUFI7,2025-06-24T10:00:00Z,20.753,1
Consis,BAUFI7,2025-06-24T10:30:00Z,21.748,1
Consis,BAUFI7,2025-06-24T11:00:00Z,23.477,1
Consis,BAUFI7,2025-06-24T11:30:00Z,23.315,1
Consis,BAUFI7,2025-06-24T12:00:00Z,22.877,1
Consis,BAUFI7,2025-06-24T12:30:00Z,21.783,1
Consis,BAUFI7,2025-06-24T13:00:00Z,23.3,1
Consis,BAUFI7,2025-06-24T13:30:00Z,23.578,1
Consis,BAUFI7,2025-06-24T14:00:00Z,23.428,1
Consis,BAUFI7,2025-06-24T14:30:00Z,20.515,1
Consis,BAUFI7,2025-06-24T15:00:00Z,21.431,1
Consis,BAUFI7,2025-06-24T15:30:00Z,21.243,1
Consis,BAUFI7,2025-06-24T16:00:00Z,14.792,1
Consis,BAUFI7,2025-06-24T16:30:00Z,8.158,1
Consis,BAUFI7,2025-06-24T17:00:00Z,2.069,1
Consis,BAUFI7,2025-06-24T17:30:00Z,0,1
Consis,BAUFI7,2025-06-24T18:00:00Z,0,1
Consis,BAUFI7,2025-06-24T18:30:00Z,0,1
Consis,BAUFI7,2025-06-24T19:00:00Z,0,1
Consis,BAUFI7,2025-06-24T19:30:00Z,0,1
Consis,BAUFI7,2025-06-24T20:00:00Z,0,1
Consis,BAUFI7,2025-06-24T20:30:00Z,0,1
Consis,BAUFI7,2025-06-24T21:00:00Z,0,1
Consis,BAUFI7,2025-06-24T21:30:00Z,0,1
Consis,BAUFI7,2025-06-24T22:00:00Z,0,1
Consis,BAUFI7,2025-06-24T22:30:00Z,0,1
Consis,BAUFI7,2025-06-24T23:00:00Z,0,1
Consis,BAUFI7,2025-06-24T23:30:00Z,0,1
Consis,BAUFI7,2025-06-25T00:00:00Z,0,1
Consis,BAUFI7,2025-06-25T00:30:00Z,0,1
Consis,BAUFI7,2025-06-25T01:00:00Z,0,1
Consis,BAUFI7,2025-06-25T01:30:00Z,0,1
Consis,BAUFI7,2025-06-25T02:00:00Z,0,1
Consis,BAUFI7,2025-06-25T02:30:00Z,0,1
Consis,BAUFI7,2025-06-25T03:00:00Z,0,1
Consis,BAUFI7,2025-06-25T03:30:00Z,0,1
Consis,BAUFI7,2025-06-25T04:00:00Z,0,1
Consis,BAUFI7,2025-06-25T04:30:00Z,0,1
Consis,BAUFI7,2025-06-25T05:00:00Z,0,1
Consis,BAUFI7,2025-06-25T05:30:00Z,0,1
Consis,BAUFI7,2025-06-25T06:00:00Z,0,1
Consis,BAUFI7,2025-06-25T06:30:00Z,1.982,1
Consis,BAUFI7,2025-06-25T07:00:00Z,8.149,1
Consis,BAUFI7,2025-06-25T07:30:00Z,0.91,1
Consis,BAUFI7,2025-06-25T08:00:00Z,0,1
Consis,BAUFI7,2025-06-25T08:30:00Z,0,1
Consis,BAUFI7,2025-06-25T09:00:00Z,0,1
Consis,BAUFI7,2025-06-25T09:30:00Z,0,1
Consis,BAUFI7,2025-06-25T10:00:00Z,0.024,1
Consis,BAUFI7,2025-06-25T10:30:00Z,0,1
Consis,BAUFI7,2025-06-25T11:00:00Z,0,1
Consis,BAUFI7,2025-06-25T11:30:00Z,0,1
Consis,BAUFI7,2025-06-25T12:00:00Z,0,1
Consis,BAUFI7,2025-06-25T12:30:00Z,0,1
Consis,BAUFI7,2025-06-25T13:00:00Z,1.666,1
Consis,BAUFI7,2025-06-25T13:30:00Z,2.445,1
Consis,BAUFI7,2025-06-25T14:00:00Z,5.983,1
Consis,BAUFI7,2025-06-25T14:30:00Z,8.265,1
Consis,BAUFI7,2025-06-25T15:00:00Z,8.278,1
Consis,BAUFI7,2025-06-25T15:30:00Z,10.351,1
Consis,BAUFI7,2025-06-25T16:00:00Z,15.503,1
Consis,BAUFI7,2025-06-25T16:30:00Z,7.731,1
Consis,BAUFI7,2025-06-25T17:00:00Z,2.16,1
Consis,BAUFI7,2025-06-25T17:30:00Z,0,1
Consis,BAUFI7,2025-06-25T18:00:00Z,0,1
Consis,BAUFI7,2025-06-25T18:30:00Z,0,1
Consis,BAUFI7,2025-06-25T19:00:00Z,0,1
Consis,BAUFI7,2025-06-25T19:30:00Z,0,1
Consis,BAUFI7,2025-06-25T20:00:00Z,0,1
Consis,BAUFI7,2025-06-25T20:30:00Z,0,1
Consis,BAUFI7,2025-06-25T21:00:00Z,0,1
Consis,BAUFI7,2025-06-25T21:30:00Z,0,1
Consis,BAUFI7,2025-06-25T22:00:00Z,0,1
Consis,BAUFI7,2025-06-25T22:30:00Z,0,1
Consis,BAUFI7,2025-06-25T23:00:00Z,0,1
Consis,BAUFI7,2025-06-25T23:30:00Z,0,1
Consis,BAUFI7,2025-06-26T00:00:00Z,0,1
Consis,BAUFI7,2025-06-26T00:30:00Z,0,1
Consis,BAUFI7,2025-06-26T01:00:00Z,0,1
Consis,BAUFI7,2025-06-26T01:30:00Z,0,1
Consis,BAUFI7,2025-06-26T02:00:00Z,0,1
Consis,BAUFI7,2025-06-26T02:30:00Z,0,1
Consis,BAUFI7,2025-06-26T03:00:00Z,0,1
Consis,BAUFI7,2025-06-26T03:30:00Z,0,1
Consis,BAUFI7,2025-06-26T04:00:00Z,0,1
Consis,BAUFI7,2025-06-26T04:30:00Z,0,1
Consis,BAUFI7,2025-06-26T05:00:00Z,0,1
Consis,BAUFI7,2025-06-26T05:30:00Z,0,1
Consis,BAUFI7,2025-06-26T06:00:00Z,0.009,1
Consis,BAUFI7,2025-06-26T06:30:00Z,0.391,1
Consis,BAUFI7,2025-06-26T07:00:00Z,0,1
Consis,BAUFI7,2025-06-26T07:30:00Z,0,1
Consis,BAUFI7,2025-06-26T08:00:00Z,0,1
Consis,BAUFI7,2025-06-26T08:30:00Z,0,1
Consis,BAUFI7,2025-06-26T09:00:00Z,0,1
Consis,BAUFI7,2025-06-26T09:30:00Z,0,1
Consis,BAUFI7,2025-06-26T10:00:00Z,0,1
Consis,BAUFI7,2025-06-26T10:30:00Z,0,1
Consis,BAUFI7,2025-06-26T11:00:00Z,0.785,1
Consis,BAUFI7,2025-06-26T11:30:00Z,2.94,1
Consis,BAUFI7,2025-06-26T12:00:00Z,2.6,1
Consis,BAUFI7,2025-06-26T12:30:00Z,2.336,1
Consis,BAUFI7,2025-06-26T13:00:00Z,2.767,1
Consis,BAUFI7,2025-06-26T13:30:00Z,3.119,1
Consis,BAUFI7,2025-06-26T14:00:00Z,3.027,1
Consis,BAUFI7,2025-06-26T14:30:00Z,3.049,1
Consis,BAUFI7,2025-06-26T15:00:00Z,3.899,1
Consis,BAUFI7,2025-06-26T15:30:00Z,4.965,1
Consis,BAUFI7,2025-06-26T16:00:00Z,3.156,1
Consis,BAUFI7,2025-06-26T16:30:00Z,1.734,1
Consis,BAUFI7,2025-06-26T17:00:00Z,0.577,1
Consis,BAUFI7,2025-06-26T17:30:00Z,0,1
Consis,BAUFI7,2025-06-26T18:00:00Z,0,1
Consis,BAUFI7,2025-06-26T18:30:00Z,0,1
Consis,BAUFI7,2025-06-26T19:00:00Z,0,1
Consis,BAUFI7,2025-06-26T19:30:00Z,0,1
Consis,BAUFI7,2025-06-26T20:00:00Z,0,1
Consis,BAUFI7,2025-06-26T20:30:00Z,0,1
Consis,BAUFI7,2025-06-26T21:00:00Z,0,1
Consis,BAUFI7,2025-06-26T21:30:00Z,0,1
Consis,BAUFI7,2025-06-26T22:00:00Z,0,1
Consis,BAUFI7,2025-06-26T22:30:00Z,0,1
Consis,BAUFI7,2025-06-26T23:00:00Z,0,1
Consis,BAUFI7,2025-06-26T23:30:00Z,0,1
Consis,BAUFI7,2025-06-27T00:00:00Z,0,1
Consis,BAUFI7,2025-06-27T00:30:00Z,0,1
Consis,BAUFI7,2025-06-27T01:00:00Z,0,1
Consis,BAUFI7,2025-06-27T01:30:00Z,0,1
Consis,BAUFI7,2025-06-27T02:00:00Z,0,1
Consis,BAUFI7,2025-06-27T02:30:00Z,0,1
Consis,BAUFI7,2025-06-27T03:00:00Z,0,1
Consis,BAUFI7,2025-06-27T03:30:00Z,0,1
Consis,BAUFI7,2025-06-27T04:00:00Z,0,1
Consis,BAUFI7,2025-06-27T04:30:00Z,0,1
Consis,BAUFI7,2025-06-27T05:00:00Z,0,1
Consis,BAUFI7,2025-06-27T05:30:00Z,0,1
Consis,BAUFI7,2025-06-27T06:00:00Z,0,1
Consis,BAUFI7,2025-06-27T06:30:00Z,1.962,1
Consis,BAUFI7,2025-06-27T07:00:00Z,9.132,1
Consis,BAUFI7,2025-06-27T07:30:00Z,17.016,1
Consis,BAUFI7,2025-06-27T08:00:00Z,21.999,1
Consis,BAUFI7,2025-06-27T08:30:00Z,23.413,1
Consis,BAUFI7,2025-06-27T09:00:00Z,23.23,1
Consis,BAUFI7,2025-06-27T09:30:00Z,23.949,1
Consis,BAUFI7,2025-06-27T10:00:00Z,24.246,1
Consis,BAUFI7,2025-06-27T10:30:00Z,23.321,1
Consis,BAUFI7,2025-06-27T11:00:00Z,22.868,1
Consis,BAUFI7,2025-06-27T11:30:00Z,23.593,1
Consis,BAUFI7,2025-06-27T12:00:00Z,23.564,1
Consis,BAUFI7,2025-06-27T12:30:00Z,22.287,1
Consis,BAUFI7,2025-06-27T13:00:00Z,23.688,1
Consis,BAUFI7,2025-06-27T13:30:00Z,24.031,1
Consis,BAUFI7,2025-06-27T14:00:00Z,23.981,1
Consis,BAUFI7,2025-06-27T14:30:00Z,22.575,1
Consis,BAUFI7,2025-06-27T15:00:00Z,21.438,1
Consis,BAUFI7,2025-06-27T15:30:00Z,21.359,1
Consis,BAUFI7,2025-06-27T16:00:00Z,17.068,1
Consis,BAUFI7,2025-06-27T16:30:00Z,9.179,1
Consis,BAUFI7,2025-06-27T17:00:00Z,2.228,1
Consis,BAUFI7,2025-06-27T17:30:00Z,0.041,1
Consis,BAUFI7,2025-06-27T18:00:00Z,0,1
Consis,BAUFI7,2025-06-27T18:30:00Z,0,1
Consis,BAUFI7,2025-06-27T19:00:00Z,0,1
Consis,BAUFI7,2025-06-27T19:30:00Z,0,1
Consis,BAUFI7,2025-06-27T20:00:00Z,0,1
Consis,BAUFI7,2025-06-27T20:30:00Z,0,1
Consis,BAUFI7,2025-06-27T21:00:00Z,0,1
Consis,BAUFI7,2025-06-27T21:30:00Z,0,1
Consis,BAUFI7,2025-06-27T22:00:00Z,0,1
Consis,BAUFI7,2025-06-27T22:30:00Z,0,1
Consis,BAUFI7,2025-06-27T23:00:00Z,0,1
Consis,BAUFI7,2025-06-27T23:30:00Z,0,1
Consis,BAUFI7,2025-06-28T00:00:00Z,0,1
Consis,BAUFI7,2025-06-28T00:30:00Z,0,1
Consis,BAUFI7,2025-06-28T01:00:00Z,0,1
Consis,BAUFI7,2025-06-28T01:30:00Z,0,1
Consis,BAUFI7,2025-06-28T02:00:00Z,0,1
Consis,BAUFI7,2025-06-28T02:30:00Z,0,1
Consis,BAUFI7,2025-06-28T03:00:00Z,0,1
Consis,BAUFI7,2025-06-28T03:30:00Z,0,1
Consis,BAUFI7,2025-06-28T04:00:00Z,0,1
Consis,BAUFI7,2025-06-28T04:30:00Z,0,1
Consis,BAUFI7,2025-06-28T05:00:00Z,0,1
Consis,BAUFI7,2025-06-28T05:30:00Z,0,1
Consis,BAUFI7,2025-06-28T06:00:00Z,0,1
Consis,BAUFI7,2025-06-28T06:30:00Z,1.963,1
Consis,BAUFI7,2025-06-28T07:00:00Z,1.884,1
Consis,BAUFI7,2025-06-28T07:30:00Z,0.124,1
Consis,BAUFI7,2025-06-28T08:00:00Z,0.376,1
Consis,BAUFI7,2025-06-28T08:30:00Z,1.346,1
Consis,BAUFI7,2025-06-28T09:00:00Z,1.358,1
Consis,BAUFI7,2025-06-28T09:30:00Z,1.528,1
Consis,BAUFI7,2025-06-28T10:00:00Z,3.26,1
Consis,BAUFI7,2025-06-28T10:30:00Z,4.234,1
Consis,BAUFI7,2025-06-28T11:00:00Z,4.319,1
Consis,BAUFI7,2025-06-28T11:30:00Z,4.389,1
Consis,BAUFI7,2025-06-28T12:00:00Z,4.403,1
Consis,BAUFI7,2025-06-28T12:30:00Z,4.408,1
Consis,BAUFI7,2025-06-28T13:00:00Z,4.452,1
Consis,BAUFI7,2025-06-28T13:30:00Z,4.387,1
Consis,BAUFI7,2025-06-28T14:00:00Z,4.456,1
Consis,BAUFI7,2025-06-28T14:30:00Z,5.152,1
Consis,BAUFI7,2025-06-28T15:00:00Z,4.312,1
Consis,BAUFI7,2025-06-28T15:30:00Z,6.141,1
Consis,BAUFI7,2025-06-28T16:00:00Z,11.908,1
Consis,BAUFI7,2025-06-28T16:30:00Z,9.527,1
Consis,BAUFI7,2025-06-28T17:00:00Z,2.778,1
Consis,BAUFI7,2025-06-28T17:30:00Z,0,1
Consis,BAUFI7,2025-06-28T18:00:00Z,0,1
Consis,BAUFI7,2025-06-28T18:30:00Z,0,1
Consis,BAUFI7,2025-06-28T19:00:00Z,0,1
Consis,BAUFI7,2025-06-28T19:30:00Z,0,1
Consis,BAUFI7,2025-06-28T20:00:00Z,0,1
Consis,BAUFI7,2025-06-28T20:30:00Z,0,1
Consis,BAUFI7,2025-06-28T21:00:00Z,0,1
Consis,BAUFI7,2025-06-28T21:30:00Z,0,1
Consis,BAUFI7,2025-06-28T22:00:00Z,0,1
Consis,BAUFI7,2025-06-28T22:30:00Z,0,1
Consis,BAUFI7,2025-06-28T23:00:00Z,0,1
Consis,BAUFI7,2025-06-28T23:30:00Z,0,1
Consis,BAUFI7,2025-06-29T00:00:00Z,0,1
Consis,BAUFI7,2025-06-29T00:30:00Z,0,1
Consis,BAUFI7,2025-06-29T01:00:00Z,0,1
Consis,BAUFI7,2025-06-29T01:30:00Z,0,1
Consis,BAUFI7,2025-06-29T02:00:00Z,0,1
Consis,BAUFI7,2025-06-29T02:30:00Z,0,1
Consis,BAUFI7,2025-06-29T03:00:00Z,0,1
Consis,BAUFI7,2025-06-29T03:30:00Z,0,1
Consis,BAUFI7,2025-06-29T04:00:00Z,0,1
Consis,BAUFI7,2025-06-29T04:30:00Z,0,1
Consis,BAUFI7,2025-06-29T05:00:00Z,0,1
Consis,BAUFI7,2025-06-29T05:30:00Z,0,1
Consis,BAUFI7,2025-06-29T06:00:00Z,0,1
Consis,BAUFI7,2025-06-29T06:30:00Z,1.794,1
Consis,BAUFI7,2025-06-29T07:00:00Z,1.524,1
Consis,BAUFI7,2025-06-29T07:30:00Z,1.115,1
Consis,BAUFI7,2025-06-29T08:00:00Z,1.629,1
Consis,BAUFI7,2025-06-29T08:30:00Z,2.052,1
Consis,BAUFI7,2025-06-29T09:00:00Z,1.971,1
Consis,BAUFI7,2025-06-29T09:30:00Z,1.925,1
Consis,BAUFI7,2025-06-29T10:00:00Z,1.895,1
Consis,BAUFI7,2025-06-29T10:30:00Z,2.548,1
Consis,BAUFI7,2025-06-29T11:00:00Z,3.284,1
Consis,BAUFI7,2025-06-29T11:30:00Z,3.133,1
Consis,BAUFI7,2025-06-29T12:00:00Z,3.235,1
Consis,BAUFI7,2025-06-29T12:30:00Z,4.22,1
Consis,BAUFI7,2025-06-29T13:00:00Z,5.031,1
Consis,BAUFI7,2025-06-29T13:30:00Z,7.338,1
Consis,BAUFI7,2025-06-29T14:00:00Z,9.715,1
Consis,BAUFI7,2025-06-29T14:30:00Z,14.062,1
Consis,BAUFI7,2025-06-29T15:00:00Z,12.067,1
Consis,BAUFI7,2025-06-29T15:30:00Z,12.701,1
Consis,BAUFI7,2025-06-29T16:00:00Z,6.024,1
Consis,BAUFI7,2025-06-29T16:30:00Z,8.757,1
Consis,BAUFI7,2025-06-29T17:00:00Z,2.403,1
Consis,BAUFI7,2025-06-29T17:30:00Z,0,1
Consis,BAUFI7,2025-06-29T18:00:00Z,0,1
Consis,BAUFI7,2025-06-29T18:30:00Z,0,1
Consis,BAUFI7,2025-06-29T19:00:00Z,0,1
Consis,BAUFI7,2025-06-29T19:30:00Z,0,1
Consis,BAUFI7,2025-06-29T20:00:00Z,0,1
Consis,BAUFI7,2025-06-29T20:30:00Z,0,1
Consis,BAUFI7,2025-06-29T21:00:00Z,0,1
Consis,BAUFI7,2025-06-29T21:30:00Z,0,1
Consis,BAUFI7,2025-06-29T22:00:00Z,0,1
Consis,BAUFI7,2025-06-29T22:30:00Z,0,1
Consis,BAUFI7,2025-06-29T23:00:00Z,0,1
Consis,BAUFI7,2025-06-29T23:30:00Z,0,1
Consis,BAUFI7,2025-06-30T00:00:00Z,0,1
Consis,BAUFI7,2025-06-30T00:30:00Z,0,1
Consis,BAUFI7,2025-06-30T01:00:00Z,0,1
Consis,BAUFI7,2025-06-30T01:30:00Z,0,1
Consis,BAUFI7,2025-06-30T02:00:00Z,0,1
Consis,BAUFI7,2025-06-30T02:30:00Z,0,1
Consis,BAUFI7,2025-06-30T03:00:00Z,0,1
Consis,BAUFI7,2025-06-30T03:30:00Z,0,1
Consis,BAUFI7,2025-06-30T04:00:00Z,0,1
Consis,BAUFI7,2025-06-30T04:30:00Z,0,1
Consis,BAUFI7,2025-06-30T05:00:00Z,0,1
Consis,BAUFI7,2025-06-30T05:30:00Z,0,1
Consis,BAUFI7,2025-06-30T06:00:00Z,0,1
Consis,BAUFI7,2025-06-30T06:30:00Z,2.01,1
Consis,BAUFI7,2025-06-30T07:00:00Z,9.704,1
Consis,BAUFI7,2025-06-30T07:30:00Z,18.114,1
Consis,BAUFI7,2025-06-30T08:00:00Z,22.724,1
Consis,BAUFI7,2025-06-30T08:30:00Z,19.968,1
Consis,BAUFI7,2025-06-30T09:00:00Z,24.756,1
Consis,BAUFI7,2025-06-30T09:30:00Z,24.921,1
Consis,BAUFI7,2025-06-30T10:00:00Z,24.87,1
Consis,BAUFI7,2025-06-30T10:30:00Z,24.67,1
Consis,BAUFI7,2025-06-30T11:00:00Z,24.574,1
Consis,BAUFI7,2025-06-30T11:30:00Z,24.572,1
Consis,BAUFI7,2025-06-30T12:00:00Z,24.57,1
Consis,BAUFI7,2025-06-30T12:30:00Z,24.405,1
Consis,BAUFI7,2025-06-30T13:00:00Z,24.326,1
Consis,BAUFI7,2025-06-30T13:30:00Z,24.159,1
Consis,BAUFI7,2025-06-30T14:00:00Z,23.903,1
Consis,BAUFI7,2025-06-30T14:30:00Z,23.817,1
Consis,BAUFI7,2025-06-30T15:00:00Z,23.249,1
Consis,BAUFI7,2025-06-30T15:30:00Z,21.909,1
Consis,BAUFI7,2025-06-30T16:00:00Z,17.633,1
Consis,BAUFI7,2025-06-30T16:30:00Z,9.853,1
Consis,BAUFI7,2025-06-30T17:00:00Z,2.505,1
Consis,BAUFI7,2025-06-30T17:30:00Z,0.12,1
Consis,BAUFI7,2025-06-30T18:00:00Z,0,1
Consis,BAUFI7,2025-06-30T18:30:00Z,0,1
Consis,BAUFI7,2025-06-30T19:00:00Z,0,1
Consis,BAUFI7,2025-06-30T19:30:00Z,0,1
Consis,BAUFI7,2025-06-30T20:00:00Z,0,1
Consis,BAUFI7,2025-06-30T20:30:00Z,0,1
Consis,BAUFI7,2025-06-30T21:00:00Z,0,1
Consis,BAUFI7,2025-06-30T21:30:00Z,0,1
Consis,BAUFI7,2025-06-30T22:00:00Z,0,1
Consis,BAUFI7,2025-06-30T22:30:00Z,0,1
Consis,BAUFI7,2025-06-30T23:00:00Z,0,1
Consis,BAUFI7,2025-06-30T23:30:00Z,0,1
Consis,BAUFI7,2025-07-01T00:00:00Z,0,1
Consis,BAUFI7,2025-07-01T00:30:00Z,0,1
Consis,BAUFI7,2025-07-01T01:00:00Z,0,1
Consis,BAUFI7,2025-07-01T01:30:00Z,0,1
Consis,BAUFI7,2025-07-01T02:00:00Z,0,1
Consis,BAUFI7,2025-07-01T02:30:00Z,0,1
Consis,BAUFI7,2025-07-01T03:00:00Z,0,1
Consis,BAUFI7,2025-07-01T03:30:00Z,0,1
Consis,BAUFI7,2025-07-01T04:00:00Z,0,1
Consis,BAUFI7,2025-07-01T04:30:00Z,0,1
Consis,BAUFI7,2025-07-01T05:00:00Z,0,1
Consis,BAUFI7,2025-07-01T05:30:00Z,0,1
Consis,BAUFI7,2025-07-01T06:00:00Z,0,1
Consis,BAUFI7,2025-07-01T06:30:00Z,1.515,1
Consis,BAUFI7,2025-07-01T07:00:00Z,8.622,1
Consis,BAUFI7,2025-07-01T07:30:00Z,16.618,1
Consis,BAUFI7,2025-07-01T08:00:00Z,17.797,1
Consis,BAUFI7,2025-07-01T08:30:00Z,22.492,1
Consis,BAUFI7,2025-07-01T09:00:00Z,22.169,1
Consis,BAUFI7,2025-07-01T09:30:00Z,24.572,1
Consis,BAUFI7,2025-07-01T10:00:00Z,23.845,1
Consis,BAUFI7,2025-07-01T10:30:00Z,23.83,1
Consis,BAUFI7,2025-07-01T11:00:00Z,23.312,1
Consis,BAUFI7,2025-07-01T11:30:00Z,22.41,1
Consis,BAUFI7,2025-07-01T12:00:00Z,23.499,1
Consis,BAUFI7,2025-07-01T12:30:00Z,23.503,1
Consis,BAUFI7,2025-07-01T13:00:00Z,23.643,1
Consis,BAUFI7,2025-07-01T13:30:00Z,22.188,1
Consis,BAUFI7,2025-07-01T14:00:00Z,13.305,1
Consis,BAUFI7,2025-07-01T14:30:00Z,16.283,1
Consis,BAUFI7,2025-07-01T15:00:00Z,14.652,1
Consis,BAUFI7,2025-07-01T15:30:00Z,6.035,1
Consis,BAUFI7,2025-07-01T16:00:00Z,4.153,1
Consis,BAUFI7,2025-07-01T16:30:00Z,1.721,1
Consis,BAUFI7,2025-07-01T17:00:00Z,1.069,1
Consis,BAUFI7,2025-07-01T17:30:00Z,0,1
Consis,BAUFI7,2025-07-01T18:00:00Z,0,1
Consis,BAUFI7,2025-07-01T18:30:00Z,0,1
Consis,BAUFI7,2025-07-01T19:00:00Z,0,1
Consis,BAUFI7,2025-07-01T19:30:00Z,0,1
Consis,BAUFI7,2025-07-01T20:00:00Z,0,1
Consis,BAUFI7,2025-07-01T20:30:00Z,0,1
Consis,BAUFI7,2025-07-01T21:00:00Z,0,1
Consis,BAUFI7,2025-07-01T21:30:00Z,0,1
Consis,BAUFI7,2025-07-01T22:00:00Z,0,1
Consis,BAUFI7,2025-07-01T22:30:00Z,0,1
Consis,BAUFI7,2025-07-01T23:00:00Z,0,1
Consis,BAUFI7,2025-07-01T23:30:00Z,0,1
Consis,BAUFI7,2025-07-02T00:00:00Z,0,1
Consis,BAUFI7,2025-07-02T00:30:00Z,0,1
Consis,BAUFI7,2025-07-02T01:00:00Z,0,1
Consis,BAUFI7,2025-07-02T01:30:00Z,0,1
Consis,BAUFI7,2025-07-02T02:00:00Z,0,1
Consis,BAUFI7,2025-07-02T02:30:00Z,0,1
Consis,BAUFI7,2025-07-02T03:00:00Z,0,1
Consis,BAUFI7,2025-07-02T03:30:00Z,0,1
Consis,BAUFI7,2025-07-02T04:00:00Z,0,1
Consis,BAUFI7,2025-07-02T04:30:00Z,0,1
Consis,BAUFI7,2025-07-02T05:00:00Z,0,1
Consis,BAUFI7,2025-07-02T05:30:00Z,0,1
Consis,BAUFI7,2025-07-02T06:00:00Z,0,1
Consis,BAUFI7,2025-07-02T06:30:00Z,1.684805,1
Consis,BAUFI7,2025-07-02T07:00:00Z,8.512793,1
Consis,BAUFI7,2025-07-02T07:30:00Z,0.5656507,1
Consis,BAUFI7,2025-07-02T08:00:00Z,0,1
Consis,BAUFI7,2025-07-02T08:30:00Z,0,1
Consis,BAUFI7,2025-07-02T09:00:00Z,0,1
Consis,BAUFI7,2025-07-02T09:30:00Z,0,1
Consis,BAUFI7,2025-07-02T10:00:00Z,0.7613123,1
Consis,BAUFI7,2025-07-02T10:30:00Z,0,1
Consis,BAUFI7,2025-07-02T11:00:00Z,0,1
Consis,BAUFI7,2025-07-02T11:30:00Z,0,1
Consis,BAUFI7,2025-07-02T12:00:00Z,0,1
Consis,BAUFI7,2025-07-02T12:30:00Z,0,1
Consis,BAUFI7,2025-07-02T13:00:00Z,2.0092,1
Consis,BAUFI7,2025-07-02T13:30:00Z,6.340896,1
Consis,BAUFI7,2025-07-02T14:00:00Z,19.15191,1
Consis,BAUFI7,2025-07-02T14:30:00Z,22.06682,1
Consis,BAUFI7,2025-07-02T15:00:00Z,22.17264,1
Consis,BAUFI7,2025-07-02T15:30:00Z,21.59513,1
Consis,BAUFI7,2025-07-02T16:00:00Z,17.43753,1
Consis,BAUFI7,2025-07-02T16:30:00Z,9.628823,1
Consis,BAUFI7,2025-07-02T17:00:00Z,2.407736,1
Consis,BAUFI7,2025-07-02T17:30:00Z,0,1
Consis,BAUFI7,2025-07-02T18:00:00Z,0,1
Consis,BAUFI7,2025-07-02T18:30:00Z,0,1
Consis,BAUFI7,2025-07-02T19:00:00Z,0,1
Consis,BAUFI7,2025-07-02T19:30:00Z,0,1
Consis,BAUFI7,2025-07-02T20:00:00Z,0,1
Consis,BAUFI7,2025-07-02T20:30:00Z,0,1
Consis,BAUFI7,2025-07-02T21:00:00Z,0,1
Consis,BAUFI7,2025-07-02T21:30:00Z,0,1
Consis,BAUFI7,2025-07-02T22:00:00Z,0,1
Consis,BAUFI7,2025-07-02T22:30:00Z,0,1
Consis,BAUFI7,2025-07-02T23:00:00Z,0,1
Consis,BAUFI7,2025-07-02T23:30:00Z,0,1
